profile_id,age,annual_income,tax_return_filed,late_filing_count,outstanding_dues,previous_default_count,income_growth_rate,deduction_claim_ratio,transaction_count,total_transaction_value,average_transaction_value,transaction_anomaly_count,transaction_anomaly_ratio,avg_anomaly_score,avg_location_risk_score,avg_device_risk_score,avg_transaction_frequency,std_transaction_amount,max_transaction_amount,income_sources,overall_risk
TAXP04021,24,748200,1,0,0,0,0.132,0.237,40.0,17663.35,441.58,3.0,0.075,0.125475,0.2266,0.240125,3.85,618.7372757093624,3136.02,Multiple,Low
TAXP04414,27,378200,1,1,14500,0,0.267,0.379,29.0,8264.83,284.99,1.0,0.0344827586206896,0.13613793103448277,0.21706896551724136,0.2007931034482759,4.103448275862069,580.9951067381675,2365.53,Salary+Investments,Low
TAXP04597,46,501700,1,4,0,1,0.186,0.279,12.0,5921.33,493.44,1.0,0.0833333333333333,0.14058333333333334,0.2544166666666667,0.21791666666666665,4.166666666666667,443.65870036361656,1427.07,Salary,Low
TAXP02593,49,911600,1,0,24400,0,0.134,0.352,10.0,6500.3,650.03,0.0,0.0,0.11599999999999999,0.20729999999999998,0.1993,4.2,1174.4113446980814,3898.26,Salary,Low
TAXP01747,39,429000,1,0,0,0,0.305,0.399,47.0,22057.08,469.3,1.0,0.0212765957446808,0.12029787234042554,0.21757446808510642,0.18272340425531913,3.765957446808511,908.487371015947,4823.94,Salary,Low
TAXP01126,59,535100,1,0,0,0,0.255,0.352,20.0,7002.13,350.11,0.0,0.0,0.12104999999999999,0.19045,0.17555,3.65,348.9726232102787,1684.94,Multiple,Low
TAXP03036,62,922900,1,0,0,0,0.08,0.06,31.0,15400.42,496.79,1.0,0.032258064516129,0.10370967741935483,0.23687096774193547,0.19151612903225806,3.967741935483871,493.05581854870263,2561.04,Salary+Investments,Low
TAXP03903,44,217200,1,0,0,1,-0.034,0.35,2.0,226.48,113.24,0.0,0.0,0.136,0.2885,0.3175,6.0,86.76200205158939,174.59,Business,Low
TAXP01467,44,257400,1,1,49900,0,-0.015,0.424,35.0,6655.8,190.17,0.0,0.0,0.10537142857142857,0.185,0.17465714285714287,4.3428571428571425,185.33928302195528,751.46,Multiple,Low
TAXP03818,44,741700,1,0,0,0,-0.174,0.096,5.0,3631.0,726.2,1.0,0.2,0.141,0.2318,0.32120000000000004,4.2,654.0218744430495,1505.65,Business,Low
TAXP04992,46,619900,1,0,0,1,0.206,0.371,21.0,12628.89,601.38,3.0,0.1428571428571428,0.1304761904761905,0.22366666666666668,0.18385714285714286,4.095238095238095,1197.3706997399402,4751.21,Salary,Low
TAXP04037,52,3165700,1,1,0,0,0.113,0.071,32.0,92917.51,2903.67,2.0,0.0625,0.1124375,0.26159375,0.1885,3.875,3903.714925543099,15815.01,Salary,Low
TAXP03780,63,167200,1,0,0,0,0.308,0.116,41.0,7973.86,194.48,4.0,0.0975609756097561,0.12087804878048782,0.18280487804878048,0.2129024390243902,4.390243902439025,265.67881884004964,1404.44,Salary,Low
TAXP04189,28,385000,1,0,0,1,0.217,0.271,24.0,5841.57,243.4,2.0,0.0833333333333333,0.12675,0.24979166666666666,0.19395833333333334,3.25,211.53303223009056,801.95,Professional,Low
TAXP01758,61,3326500,1,0,11800,1,0.171,0.174,105.0,254248.55,2421.41,2.0,0.019047619047619,0.11257142857142857,0.21753333333333336,0.19695238095238096,4.038095238095238,2895.450090248723,13084.75,Professional,Low
TAXP01044,56,699500,1,1,0,0,0.05,0.464,18.0,16811.12,933.95,2.0,0.1111111111111111,0.11116666666666666,0.212,0.21155555555555555,3.8333333333333335,1460.916593423413,5761.38,Salary+Investments,Low
TAXP03011,40,3554600,1,1,0,0,0.294,0.203,19.0,54795.32,2883.96,0.0,0.0,0.08521052631578947,0.2513157894736842,0.156,3.6315789473684212,3324.2674921106313,13218.47,Salary+Investments,Low
TAXP01033,24,453400,0,1,0,0,0.098,0.061,4.0,893.6,223.4,0.0,0.0,0.14925,0.306,0.23349999999999999,4.75,150.42205844445377,447.61,Salary,Low
TAXP00503,45,387200,1,1,0,1,0.023,0.061,7.0,10081.58,1440.23,0.0,0.0,0.093,0.2414285714285714,0.11814285714285713,3.4285714285714284,2661.1049418105576,7391.69,Professional,Low
TAXP04998,65,1140300,1,0,0,0,-0.168,0.619,16.0,21191.44,1324.46,1.0,0.0625,0.11025,0.2768125,0.1970625,3.875,2556.7714596915644,10279.75,Business,Low
TAXP00390,59,235000,1,0,0,0,-0.093,0.298,36.0,8409.97,233.61,1.0,0.0277777777777777,0.12675,0.21819444444444444,0.2473611111111111,3.9444444444444446,384.89185365306446,1851.06,Salary,Low
TAXP02298,29,378800,1,0,22600,1,-0.08,0.42,5.0,2349.56,469.91,0.0,0.0,0.1538,0.1968,0.377,3.4,374.06588118939686,896.59,Business,Low
TAXP00665,34,612900,1,2,0,0,0.043,0.198,11.0,4335.72,394.16,0.0,0.0,0.13099999999999998,0.25336363636363635,0.21245454545454548,3.8181818181818183,410.42934798263946,1383.99,Salary+Business,Low
TAXP04294,28,1635200,1,0,7800,0,0.173,0.284,13.0,25230.77,1940.83,0.0,0.0,0.12815384615384615,0.1793076923076923,0.25746153846153846,4.6923076923076925,2936.270388979434,9344.03,Salary+Investments,Low
TAXP00655,31,992100,1,1,0,0,0.09,0.312,5.0,1229.58,245.92,0.0,0.0,0.065,0.1978,0.132,4.2,148.83991846947515,441.56,Salary,Low
TAXP01171,47,284200,0,2,0,0,0.238,0.457,10.0,1913.29,191.33,0.0,0.0,0.0666,0.17250000000000001,0.20739999999999997,3.3,200.73092722182434,656.65,Multiple,Low
TAXP04729,61,821300,1,0,0,0,-0.042,0.112,11.0,5010.09,455.46,2.0,0.1818181818181818,0.14527272727272725,0.2538181818181818,0.24454545454545454,4.454545454545454,376.0721387471002,1226.29,Salary,Low
TAXP00771,36,2257100,1,1,0,1,0.094,0.394,32.0,25528.13,797.75,1.0,0.03125,0.1053125,0.21125,0.19425,3.5625,667.7865450434205,3022.32,Business,Low
TAXP02915,22,840700,1,1,32200,1,-0.04,0.404,10.0,5797.53,579.75,1.0,0.1,0.1479,0.2492,0.24910000000000002,4.6,886.9547443428116,2915.5,Salary+Investments,Medium
TAXP04151,46,488800,1,0,0,0,-0.147,0.262,1.0,905.32,905.32,0.0,0.0,0.144,0.253,0.177,3.0,0.0,905.32,Salary+Business,Low
TAXP04473,21,2351100,1,1,0,0,-0.072,0.422,10.0,17547.32,1754.73,0.0,0.0,0.08449999999999999,0.2352,0.1764,3.8,1930.7802997913102,6457.42,Professional,Low
TAXP00035,52,1012800,1,2,35600,0,0.017,0.369,39.0,62864.62,1611.91,1.0,0.0256410256410256,0.10525641025641026,0.19812820512820514,0.181025641025641,3.871794871794872,4525.352861237704,28008.42,Salary,Low
TAXP00020,60,627000,1,1,0,0,0.052,0.395,10.0,4167.58,416.76,1.0,0.1,0.14079999999999998,0.22749999999999998,0.2767,3.9,465.9791500295075,1608.73,Professional,Low
TAXP01163,33,541100,1,1,0,0,-0.017,0.493,9.0,3302.12,366.9,0.0,0.0,0.11222222222222222,0.23444444444444443,0.1731111111111111,4.111111111111111,328.6580340482253,938.67,Salary,Low
TAXP02282,60,656300,1,1,0,0,0.461,0.333,19.0,18205.64,958.19,1.0,0.0526315789473684,0.11526315789473685,0.221,0.1821578947368421,3.473684210526316,2040.6118115851193,7303.22,Salary,Low
TAXP01774,50,2220200,1,3,0,1,0.17,0.497,12.0,38948.96,3245.75,1.0,0.0833333333333333,0.14991666666666667,0.26608333333333334,0.2593333333333333,4.25,6066.608406158979,17155.11,Salary,Low
TAXP01764,60,303600,1,0,19700,1,0.296,0.219,45.0,12730.64,282.9,1.0,0.0222222222222222,0.11168888888888888,0.2608888888888889,0.20884444444444444,4.177777777777778,599.2221299045738,3109.49,Multiple,Low
TAXP04780,21,664900,1,0,0,1,0.312,0.466,5.0,3835.87,767.17,0.0,0.0,0.1166,0.2698,0.1984,4.2,882.4034190380272,2001.18,Salary,Low
TAXP03485,61,1219900,0,0,0,0,-0.023,0.195,9.0,4299.16,477.68,0.0,0.0,0.09644444444444444,0.215,0.1557777777777778,3.6666666666666665,367.89485254319305,1026.73,Salary,Low
TAXP00713,41,308500,0,1,86500,0,0.171,0.288,11.0,3228.59,293.51,2.0,0.1818181818181818,0.1390909090909091,0.2738181818181818,0.1871818181818182,5.363636363636363,536.2459582471123,1858.65,Professional,High
TAXP01528,61,575000,0,1,0,0,0.203,0.281,5.0,1648.32,329.66,0.0,0.0,0.10200000000000001,0.1868,0.2044,3.4,277.7598514544533,682.91,Salary+Investments,Low
TAXP03302,43,2868300,1,0,0,1,-0.219,0.159,54.0,127752.88,2365.79,2.0,0.037037037037037,0.11592592592592592,0.22274074074074074,0.21385185185185185,3.7037037037037037,4087.14643542481,27634.36,Professional,Low
TAXP03901,53,1032200,1,0,11000,0,0.06,0.569,36.0,26003.8,722.33,3.0,0.0833333333333333,0.11699999999999999,0.22991666666666666,0.21213888888888888,3.9444444444444446,983.1209734052095,5345.8,Multiple,Low
TAXP00721,32,606500,1,1,0,1,-0.004,0.237,36.0,17313.97,480.94,3.0,0.0833333333333333,0.13058333333333333,0.21827777777777777,0.1840277777777778,4.055555555555555,688.3257956319096,3031.6,Salary,Low
TAXP04370,37,1104300,1,0,0,0,0.098,0.286,17.0,10295.5,605.62,0.0,0.0,0.12052941176470588,0.22711764705882354,0.1861764705882353,4.0,691.5078095593842,2670.32,Salary,Low
TAXP01027,22,150000,1,0,0,0,0.283,0.685,5.0,949.37,189.87,0.0,0.0,0.20379999999999998,0.2346,0.24420000000000003,3.8,105.9493153824035,346.54,Salary,Low
TAXP03621,33,823300,1,1,0,0,-0.257,0.374,8.0,4467.01,558.38,1.0,0.125,0.12075,0.26875,0.163,5.125,566.2659073246546,1565.26,Professional,Low
TAXP01167,53,3813600,1,0,0,0,-0.078,0.098,27.0,104251.42,3861.16,1.0,0.037037037037037,0.11729629629629629,0.22351851851851853,0.17351851851851854,4.222222222222222,8104.539146143374,38561.78,Multiple,Low
TAXP03388,42,453300,1,0,0,0,0.075,0.232,10.0,2120.48,212.05,0.0,0.0,0.0857,0.186,0.2024,3.5,170.11509102826696,443.38,Multiple,Low
TAXP03757,37,563300,0,1,0,2,0.028,0.193,1.0,152.27,152.27,0.0,0.0,0.075,0.326,0.09,4.0,0.0,152.27,Professional,Low
TAXP02093,22,714700,1,2,0,1,0.173,0.285,16.0,6163.84,385.24,1.0,0.0625,0.123,0.220375,0.24406250000000002,3.9375,353.4246872343055,1207.29,Professional,Low
TAXP02223,46,691500,1,1,0,0,0.088,0.261,33.0,16054.28,486.49,0.0,0.0,0.10066666666666667,0.23284848484848486,0.22396969696969696,3.787878787878788,735.453080627287,3625.43,Salary,Low
TAXP01378,63,738500,0,2,9200,1,0.372,0.014,6.0,1122.82,187.14,0.0,0.0,0.11516666666666668,0.31866666666666665,0.16749999999999998,3.0,197.30046463875007,556.14,Salary,Low
TAXP04124,62,840300,1,4,0,0,0.25,0.361,5.0,1662.93,332.59,2.0,0.4,0.1518,0.2062,0.2492,3.8,233.78072938118743,655.15,Salary,Medium
TAXP02178,26,936900,1,0,50600,0,0.026,0.41,31.0,25168.71,811.89,1.0,0.032258064516129,0.11058064516129032,0.21674193548387097,0.19103225806451613,4.0,949.8498488627116,4545.75,Salary+Investments,Low
TAXP02285,23,904300,1,0,0,1,0.199,0.2,42.0,21055.0,501.31,2.0,0.0476190476190476,0.09876190476190476,0.21914285714285717,0.1844047619047619,3.6666666666666665,618.1248087245352,2316.11,Salary,Low
TAXP02007,28,607400,0,2,0,0,-0.13,0.033,17.0,4344.87,255.58,2.0,0.1176470588235294,0.10911764705882353,0.25476470588235295,0.19758823529411765,4.529411764705882,221.40774394966937,804.57,Business,Low
TAXP03247,58,354000,1,1,11400,0,-0.249,0.424,32.0,21605.91,675.18,1.0,0.03125,0.10828125,0.20184375000000002,0.17609375,4.0,1518.9751357454154,7520.06,Salary+Business,Low
TAXP02719,45,1373800,0,1,0,0,-0.094,0.072,11.0,11333.02,1030.27,0.0,0.0,0.10227272727272728,0.20427272727272727,0.21018181818181822,3.6363636363636362,831.7316685610047,2089.11,Salary,Low
TAXP03892,28,234900,1,1,0,0,0.195,0.071,54.0,18828.37,348.67,3.0,0.0555555555555555,0.11907407407407407,0.21088888888888888,0.17974074074074073,3.9074074074074074,611.063314448466,2711.65,Salary+Investments,Low
TAXP00081,21,903100,0,0,42400,0,0.315,0.203,36.0,36160.38,1004.46,1.0,0.0277777777777777,0.10791666666666666,0.227,0.16852777777777778,3.4166666666666665,1566.9606774034155,6075.22,Salary,Low
TAXP04179,53,150000,1,1,0,0,0.118,0.464,1.0,50.0,50.0,0.0,0.0,0.071,0.109,0.225,5.0,0.0,50.0,Salary,Low
TAXP02772,42,984600,1,1,0,0,0.019,0.176,12.0,9518.35,793.2,0.0,0.0,0.12383333333333334,0.20791666666666667,0.23358333333333334,3.4166666666666665,638.5312440915171,1988.8,Salary,Low
TAXP01340,63,557300,0,1,14400,1,-0.083,0.076,12.0,6201.32,516.78,1.0,0.0833333333333333,0.11708333333333333,0.23375,0.17800000000000002,4.583333333333333,677.9511488747593,2464.01,Salary,Medium
TAXP01568,32,730400,0,1,78500,2,-0.15,0.179,5.0,2443.72,488.74,0.0,0.0,0.14179999999999998,0.1674,0.30019999999999997,4.6,341.4534905810746,896.21,Business,Medium
TAXP03113,28,2080700,1,0,0,0,-0.147,0.478,2.0,2174.84,1087.42,0.0,0.0,0.1865,0.239,0.28500000000000003,4.0,1368.591032850939,2055.16,Professional,Low
TAXP02022,33,368000,1,1,0,1,0.443,0.235,6.0,1650.63,275.1,0.0,0.0,0.10466666666666667,0.14233333333333334,0.19649999999999998,3.0,316.25292736985057,771.8,Salary+Business,Low
TAXP02411,25,339800,1,1,34800,1,-0.185,0.32,7.0,596.59,85.23,0.0,0.0,0.078,0.214,0.15,4.142857142857143,49.96640595249496,172.53,Salary,Low
TAXP01964,51,548400,1,3,0,0,-0.1,0.206,22.0,23274.03,1057.91,0.0,0.0,0.11681818181818181,0.22390909090909092,0.17663636363636365,3.6818181818181817,2483.5655229959343,11090.46,Professional,Low
TAXP03837,64,985600,1,0,42200,0,0.256,0.457,14.0,14838.64,1059.9,2.0,0.1428571428571428,0.15221428571428572,0.26492857142857146,0.18942857142857145,4.0,2042.401460198748,7663.13,Professional,Medium
TAXP00693,63,1290100,1,3,0,0,0.151,0.168,21.0,25049.75,1192.85,4.0,0.1904761904761904,0.15714285714285714,0.25776190476190475,0.2519523809523809,4.142857142857143,2979.230058130152,13938.55,Salary+Business,Medium
TAXP00385,45,205200,1,0,0,0,-0.301,0.077,46.0,23848.93,518.46,2.0,0.0434782608695652,0.11815217391304347,0.20841304347826087,0.21428260869565216,4.521739130434782,1125.3705740870919,6500.29,Salary,Low
TAXP01012,31,1836200,1,1,0,0,-0.084,0.116,7.0,5613.73,801.96,0.0,0.0,0.105,0.19571428571428573,0.17414285714285713,3.7142857142857144,785.3680777068498,2393.57,Salary+Business,Low
TAXP02784,47,1400300,0,0,0,1,-0.032,0.172,1.0,178.33,178.33,0.0,0.0,0.108,0.319,0.048,1.0,0.0,178.33,Multiple,Low
TAXP04893,56,294000,1,0,0,1,-0.096,0.658,6.0,730.3,121.72,0.0,0.0,0.13566666666666669,0.22583333333333333,0.17633333333333334,3.8333333333333335,121.62345541328229,361.14,Salary,Low
TAXP03322,44,518800,1,1,0,0,0.324,0.416,22.0,8125.14,369.32,0.0,0.0,0.12095454545454545,0.25031818181818183,0.212,4.454545454545454,477.22799144271727,1988.15,Salary,Low
TAXP00297,47,804400,1,1,0,0,-0.027,0.223,32.0,34079.24,1064.98,3.0,0.09375,0.14259375,0.22765625,0.214125,4.6875,2318.568191041201,11317.77,Multiple,Low
TAXP04862,37,997800,1,1,4700,0,0.188,0.258,21.0,10377.84,494.18,0.0,0.0,0.1362857142857143,0.21790476190476193,0.19538095238095238,3.857142857142857,548.7516578940136,1883.88,Multiple,Low
TAXP02785,28,857500,1,0,0,0,-0.059,0.208,10.0,6268.45,626.84,0.0,0.0,0.1044,0.2472,0.1854,4.5,943.1138076870681,3142.99,Salary,Low
TAXP03447,39,479900,1,0,0,0,0.153,0.454,3.0,381.79,127.26,0.0,0.0,0.17466666666666666,0.216,0.10633333333333334,4.0,126.05077402909251,272.72,Business,Low
TAXP02131,31,697500,1,1,53500,0,-0.025,0.236,31.0,21505.27,693.72,0.0,0.0,0.09783870967741935,0.15461290322580645,0.18880645161290321,3.870967741935484,1338.234429856734,6631.72,Business,Low
TAXP04667,53,1662500,1,0,40100,0,-0.023,0.296,20.0,30504.16,1525.21,1.0,0.05,0.11274999999999999,0.19424999999999998,0.1505,4.15,3598.819045449566,16577.16,Salary,Low
TAXP04039,39,394600,1,0,0,0,0.294,0.581,45.0,10444.56,232.1,1.0,0.0222222222222222,0.11386666666666666,0.23002222222222224,0.20562222222222223,4.155555555555556,306.53931797791233,1371.39,Salary,Low
TAXP04228,62,2646700,1,2,46900,0,0.056,0.295,21.0,25332.54,1206.31,1.0,0.0476190476190476,0.10228571428571429,0.19547619047619044,0.17357142857142857,3.8095238095238093,1046.6166415229873,4026.65,Professional,Medium
TAXP04016,24,599200,1,3,2500,1,0.092,0.023,20.0,5827.87,291.39,2.0,0.1,0.12825,0.31684999999999997,0.24015,3.95,335.9066888645527,1392.73,Business,Low
TAXP03942,31,522100,0,0,0,0,0.187,0.252,38.0,19924.24,524.32,4.0,0.1052631578947368,0.13007894736842104,0.2146578947368421,0.21868421052631581,4.157894736842105,575.2760684963674,2726.39,Business,Low
TAXP01234,38,691800,0,2,43100,2,-0.076,0.357,44.0,34761.48,790.03,1.0,0.0227272727272727,0.09352272727272727,0.1940681818181818,0.17854545454545453,4.0227272727272725,1298.0558436245587,7277.27,Salary,Medium
TAXP01484,34,824300,1,0,0,1,0.29,0.486,12.0,4661.12,388.43,0.0,0.0,0.08916666666666667,0.20525000000000002,0.16075,3.6666666666666665,293.39370165308077,804.25,Salary+Business,Low
TAXP00244,31,226000,1,0,0,1,0.191,0.286,20.0,5936.58,296.83,1.0,0.05,0.09240000000000001,0.19395,0.1793,4.25,523.689961803436,1886.19,Salary+Investments,Low
TAXP04896,65,609100,0,0,0,0,0.107,0.588,23.0,13811.85,600.52,0.0,0.0,0.11921739130434783,0.21117391304347827,0.23221739130434785,3.8260869565217392,1343.819617917083,6568.06,Professional,Low
TAXP03914,65,251200,1,0,29800,0,-0.042,0.105,42.0,14961.52,356.23,4.0,0.0952380952380952,0.13647619047619047,0.2245714285714286,0.21195238095238095,4.238095238095238,529.1033441341906,2724.94,Business,Low
TAXP00856,46,656600,1,3,5300,1,0.485,0.368,50.0,28731.76,574.64,3.0,0.06,0.13541999999999998,0.26164000000000004,0.17762,4.22,1523.4176477012172,9895.33,Salary+Business,Low
TAXP02399,50,408800,1,2,0,0,0.227,0.086,4.0,566.7,141.68,0.0,0.0,0.1225,0.31325000000000003,0.1795,5.0,165.24906323486374,388.76,Salary,Low
TAXP00488,24,886100,1,1,8700,0,0.231,0.463,10.0,12821.07,1282.11,0.0,0.0,0.1478,0.2391,0.2467,3.5,1984.8321345536167,6581.44,Business,Low
TAXP04765,39,1548500,1,1,4300,0,0.179,0.256,8.0,10184.51,1273.06,0.0,0.0,0.123375,0.241125,0.179625,3.375,1092.4108623189811,3587.34,Salary+Investments,Low
TAXP03245,39,921700,0,1,83200,3,0.323,0.262,7.0,2527.7,361.1,0.0,0.0,0.11071428571428572,0.28757142857142853,0.16442857142857142,3.2857142857142856,276.83644991221803,920.82,Multiple,Medium
TAXP04256,44,1317300,1,1,0,0,0.283,0.23,6.0,8246.5,1374.42,0.0,0.0,0.09349999999999999,0.24350000000000002,0.23766666666666666,4.5,1711.313371275602,4595.07,Multiple,Low
TAXP04658,41,683800,1,0,14100,0,-0.053,0.122,37.0,14734.85,398.24,2.0,0.054054054054054,0.113,0.21872972972972973,0.22294594594594597,3.72972972972973,477.99016599820436,1994.8,Professional,Low
TAXP03921,33,820200,1,1,21700,0,-0.138,0.241,16.0,8993.98,562.12,1.0,0.0625,0.1153125,0.1983125,0.1739375,4.4375,479.8808277461534,1921.92,Salary,Low
TAXP03710,31,532000,1,3,0,0,0.195,0.458,27.0,7946.6,294.32,0.0,0.0,0.09996296296296298,0.23203703703703701,0.21270370370370373,3.962962962962963,295.4698026963384,1354.17,Salary,Low
TAXP03127,26,630300,1,0,0,0,0.057,0.041,23.0,15207.92,661.21,0.0,0.0,0.10026086956521739,0.18508695652173912,0.22278260869565217,4.043478260869565,817.7594440617447,3058.25,Salary,Low
TAXP02790,36,470300,1,0,0,0,0.345,0.078,41.0,7283.99,177.66,3.0,0.073170731707317,0.10451219512195123,0.1992439024390244,0.18934146341463415,4.365853658536586,157.26658392523248,599.66,Multiple,Low
TAXP03203,45,521400,1,0,0,1,0.425,0.435,38.0,17330.53,456.07,0.0,0.0,0.10544736842105262,0.20076315789473684,0.1955,3.8947368421052633,762.0481696673677,4124.99,Multiple,Low
TAXP02558,65,1189700,1,0,0,1,0.282,0.498,9.0,10856.86,1206.32,0.0,0.0,0.12755555555555553,0.2662222222222222,0.21611111111111111,3.6666666666666665,2291.21012108655,7267.0,Salary+Investments,Low
TAXP02457,35,1331500,1,1,0,1,-0.116,0.676,26.0,29146.14,1121.01,2.0,0.0769230769230769,0.12303846153846153,0.2220769230769231,0.21084615384615385,4.076923076923077,1932.4654869492097,9718.96,Salary,Low
TAXP00031,35,3038000,0,1,0,1,0.046,0.445,43.0,90290.87,2099.79,5.0,0.1162790697674418,0.1198372093023256,0.22948837209302325,0.18693023255813954,4.0,2442.8035202034303,13499.3,Salary,Medium
TAXP01700,45,752600,1,0,0,0,0.198,0.339,51.0,31679.93,621.18,2.0,0.0392156862745098,0.1283921568627451,0.21129411764705883,0.21374509803921568,3.9607843137254903,762.0065175347847,3723.83,Professional,Low
TAXP03732,25,1077000,0,1,9700,0,-0.067,0.077,11.0,11357.72,1032.52,0.0,0.0,0.10518181818181818,0.21245454545454548,0.21,3.272727272727273,1613.0959930084755,5646.49,Salary,Low
TAXP03204,47,1439700,0,4,19500,0,0.203,0.308,9.0,3811.91,423.55,0.0,0.0,0.11155555555555556,0.2676666666666667,0.16255555555555556,4.333333333333333,474.37364521838464,1394.96,Salary+Investments,Low
TAXP01273,53,496200,0,1,13300,0,-0.271,0.231,7.0,1154.55,164.94,0.0,0.0,0.13042857142857142,0.14742857142857144,0.20971428571428571,3.2857142857142856,140.55883380956445,337.7,Salary,Low
TAXP02882,45,1237100,1,0,24700,1,-0.081,0.205,2.0,594.7,297.35,0.0,0.0,0.052500000000000005,0.211,0.3675,3.0,267.18736833914886,486.28,Salary,Low
TAXP01848,48,290600,1,1,0,0,-0.242,0.268,15.0,3997.86,266.52,0.0,0.0,0.11726666666666666,0.2584666666666667,0.16953333333333334,3.6666666666666665,360.10583447885745,1379.9,Business,Low
TAXP01649,33,571500,1,1,14600,0,0.141,0.292,25.0,6658.64,266.35,2.0,0.08,0.1294,0.20204,0.2732,4.08,281.1887294161461,1439.62,Salary,Low
TAXP03174,24,668700,1,1,0,0,0.203,0.208,69.0,63353.41,918.17,2.0,0.0289855072463768,0.11478260869565217,0.23960869565217394,0.1943623188405797,3.782608695652174,1720.1985471677904,7682.47,Professional,Low
TAXP02788,32,624100,1,2,8400,0,-0.221,0.455,6.0,4767.72,794.62,0.0,0.0,0.1275,0.22766666666666668,0.19583333333333333,4.166666666666667,1557.1648305943722,3960.84,Business,Low
TAXP02674,23,921800,1,0,18600,0,-0.007,0.048,13.0,17985.87,1383.53,0.0,0.0,0.09646153846153846,0.2143076923076923,0.2550769230769231,3.923076923076923,2438.09397902626,8960.66,Professional,Low
TAXP01352,29,974400,1,1,0,0,0.337,0.207,5.0,10336.56,2067.31,0.0,0.0,0.095,0.21420000000000003,0.22000000000000003,4.2,2474.1967050277144,5581.65,Multiple,Low
TAXP03392,49,187500,0,0,0,0,-0.273,0.275,8.0,3129.92,391.24,1.0,0.125,0.140375,0.235125,0.213125,2.875,418.025689777896,1247.91,Business,Low
TAXP04467,38,644400,1,4,0,0,0.143,0.254,5.0,3274.84,654.97,1.0,0.2,0.13520000000000001,0.18,0.2976,4.0,777.5437626719155,1860.43,Business,Medium
TAXP03435,24,258800,1,0,0,0,-0.204,0.409,19.0,3729.28,196.28,0.0,0.0,0.10705263157894736,0.2283684210526316,0.20721052631578948,4.157894736842105,259.7370085421651,998.55,Salary,Low
TAXP00455,50,683300,1,0,38300,1,-0.168,0.458,35.0,24089.21,688.26,4.0,0.1142857142857142,0.11834285714285715,0.24000000000000002,0.1653142857142857,4.114285714285714,1589.610643375902,9465.42,Salary,Medium
TAXP01200,28,303400,1,1,0,0,0.137,0.659,22.0,3952.88,179.68,2.0,0.0909090909090909,0.11699999999999999,0.1670909090909091,0.2091818181818182,4.090909090909091,211.45000711741937,880.96,Salary,Low
TAXP04432,25,197400,1,3,0,0,0.242,0.142,49.0,17763.61,362.52,0.0,0.0,0.12377551020408165,0.21310204081632653,0.19579591836734692,3.836734693877551,551.7250393605478,2476.49,Professional,Low
TAXP04990,56,1179200,1,0,0,0,0.094,0.316,29.0,44559.33,1536.53,2.0,0.0689655172413793,0.11544827586206896,0.2189655172413793,0.18548275862068966,4.275862068965517,2886.536944287002,14207.67,Salary,Low
TAXP03387,21,639100,0,0,14700,1,0.195,0.194,7.0,2383.84,340.55,0.0,0.0,0.10728571428571429,0.14785714285714285,0.2347142857142857,3.857142857142857,491.97070117465904,1428.25,Salary,Low
TAXP03795,44,224400,1,0,27800,0,-0.142,0.074,15.0,13240.19,882.68,2.0,0.1333333333333333,0.15059999999999998,0.17286666666666667,0.21439999999999998,3.4,2808.7194695307244,11015.0,Salary,Low
TAXP02612,58,1176200,1,2,0,0,-0.091,0.295,2.0,712.73,356.36,0.0,0.0,0.098,0.2625,0.299,5.5,139.08083279158203,454.71,Salary,Low
TAXP04345,61,434200,1,2,18300,1,0.011,0.262,31.0,8929.4,288.05,1.0,0.032258064516129,0.11432258064516129,0.239741935483871,0.16996774193548386,3.7419354838709675,445.86311504669214,2257.42,Salary,Low
TAXP03137,39,1617000,1,1,0,0,0.06,0.178,54.0,89321.39,1654.1,2.0,0.037037037037037,0.10568518518518519,0.21272222222222223,0.1975740740740741,4.037037037037037,2729.43804484497,13360.15,Salary,Low
TAXP03842,57,610100,1,1,146600,0,0.092,0.122,38.0,18266.14,480.69,3.0,0.0789473684210526,0.1105,0.2258157894736842,0.21423684210526317,4.026315789473684,505.10169256624545,2262.14,Salary+Business,High
TAXP01186,28,241300,1,1,0,0,0.285,0.186,12.0,2014.58,167.88,1.0,0.0833333333333333,0.13675,0.21225000000000002,0.21183333333333332,4.083333333333333,161.82716402122207,560.36,Professional,Low
TAXP03055,36,469700,1,0,0,0,0.333,0.122,5.0,1128.06,225.61,0.0,0.0,0.122,0.23700000000000002,0.23080000000000003,5.2,222.1767957505914,579.45,Salary+Investments,Low
TAXP02620,26,2143700,1,1,0,1,0.116,0.098,11.0,24729.8,2248.16,1.0,0.0909090909090909,0.1300909090909091,0.2041818181818182,0.2138181818181818,4.181818181818182,3380.739344499285,11693.95,Business,Low
TAXP02637,60,512800,1,0,4700,0,0.059,0.116,20.0,4761.25,238.06,1.0,0.05,0.10945,0.22679999999999997,0.1526,4.55,218.4980785143743,856.05,Salary,Low
TAXP04648,42,374700,0,0,0,1,0.196,0.139,2.0,214.03,107.02,0.0,0.0,0.1215,0.19699999999999998,0.22249999999999998,4.0,27.485240584721105,126.45,Professional,Low
TAXP01241,62,1630100,1,0,0,1,0.054,0.326,5.0,9505.65,1901.13,0.0,0.0,0.1632,0.372,0.2558,2.8,3349.815126324138,7868.39,Professional,Low
TAXP00400,57,391400,1,0,0,0,-0.038,0.145,54.0,15401.98,285.22,3.0,0.0555555555555555,0.11312962962962964,0.24166666666666667,0.17146296296296296,4.074074074074074,377.45849606193275,2061.7,Business,Low
TAXP02405,43,348500,1,1,6300,0,0.202,0.097,24.0,12048.92,502.04,2.0,0.0833333333333333,0.13229166666666667,0.21408333333333332,0.19883333333333333,4.375,559.3179307884285,1978.39,Salary,Low
TAXP02787,64,655100,1,1,0,0,0.1,0.284,12.0,3304.97,275.41,0.0,0.0,0.12016666666666666,0.22166666666666668,0.2040833333333333,4.666666666666667,234.10440403835105,860.85,Salary+Investments,Low
TAXP02700,38,349400,1,1,0,2,0.054,0.351,22.0,3633.27,165.15,1.0,0.0454545454545454,0.09513636363636363,0.20640909090909093,0.2070909090909091,4.045454545454546,174.95565253856418,819.87,Professional,Low
TAXP02235,53,334300,1,1,14000,0,0.024,0.532,8.0,2923.53,365.44,1.0,0.125,0.150125,0.28275,0.2105,4.125,478.2678640510238,1519.19,Salary,Low
TAXP00735,33,794100,1,1,0,0,0.09,0.141,9.0,7129.8,792.2,0.0,0.0,0.1322222222222222,0.25933333333333336,0.18533333333333332,3.6666666666666665,769.6861973395391,2619.69,Salary+Investments,Low
TAXP02616,24,398700,1,2,0,0,0.134,0.242,11.0,1957.3,177.94,0.0,0.0,0.1080909090909091,0.17945454545454545,0.18472727272727274,3.909090909090909,193.7541076866618,664.42,Salary+Business,Low
TAXP04472,63,378700,1,0,0,0,-0.066,0.398,43.0,16499.41,383.71,0.0,0.0,0.10195348837209303,0.2125348837209302,0.1882093023255814,4.0,918.6513146152938,5529.14,Salary+Investments,Low
TAXP01477,27,2939800,1,1,0,0,0.23,0.127,28.0,178439.18,6372.83,3.0,0.1071428571428571,0.13471428571428573,0.2159642857142857,0.184,4.571428571428571,15394.510958891558,79785.35,Salary,Low
TAXP01825,59,345000,1,0,80900,1,0.006,0.195,6.0,3973.42,662.24,2.0,0.3333333333333333,0.1751666666666667,0.14633333333333334,0.17933333333333334,6.0,1391.6506480100052,3500.13,Salary+Business,High
TAXP03468,31,166000,1,2,0,1,0.11,0.396,13.0,3525.02,271.16,1.0,0.0769230769230769,0.12676923076923077,0.2510769230769231,0.17761538461538462,4.0,257.0730230438875,822.44,Business,Low
TAXP01213,24,568500,1,0,0,1,0.265,0.15,20.0,18996.64,949.83,2.0,0.1,0.13865,0.2741,0.2172,4.2,2056.2753436239495,8851.94,Business,Low
TAXP00858,44,882700,1,2,0,0,-0.121,0.421,9.0,6859.34,762.15,0.0,0.0,0.08455555555555555,0.14200000000000002,0.186,3.111111111111111,942.0313358302425,3160.98,Salary,Low
TAXP02761,53,394200,1,1,0,2,-0.181,0.405,7.0,2335.02,333.57,0.0,0.0,0.13171428571428573,0.2744285714285714,0.24171428571428571,5.285714285714286,237.39259991675834,770.0,Salary,Low
TAXP00923,39,708300,0,0,0,0,0.089,0.096,35.0,23253.25,664.38,2.0,0.0571428571428571,0.13171428571428573,0.2412857142857143,0.20645714285714287,4.142857142857143,1603.7359118745628,9472.53,Multiple,Low
TAXP00620,21,1847900,1,0,0,1,-0.181,0.131,20.0,29631.84,1481.59,3.0,0.15,0.1426,0.23425,0.2311,4.45,1801.1921571956607,8020.37,Salary+Business,Low
TAXP00696,42,370000,1,0,0,0,0.096,0.131,15.0,5699.6,379.97,2.0,0.1333333333333333,0.13686666666666666,0.24593333333333334,0.2512666666666667,4.266666666666667,529.93797492411,2131.02,Salary,Low
TAXP03521,57,385000,0,1,0,0,-0.132,0.049,19.0,3657.53,192.5,3.0,0.1578947368421052,0.12621052631578947,0.2545263157894737,0.19494736842105265,3.9473684210526314,215.796371951357,776.77,Multiple,Medium
TAXP02543,55,516000,1,1,0,0,-0.107,0.192,11.0,6713.51,610.32,1.0,0.0909090909090909,0.13118181818181818,0.21681818181818183,0.2202727272727273,4.454545454545454,878.3629308600694,2850.44,Multiple,Low
TAXP00114,53,229500,1,1,9500,0,0.087,0.371,33.0,11004.63,333.47,6.0,0.1818181818181818,0.13857575757575757,0.1839090909090909,0.1980909090909091,3.9393939393939394,412.2217591510833,1629.3,Salary+Business,Medium
TAXP00508,53,889000,1,0,0,0,0.254,0.156,9.0,5937.0,659.67,1.0,0.1111111111111111,0.07244444444444445,0.15688888888888888,0.16822222222222222,4.555555555555555,671.4377691752229,1828.93,Salary,Low
TAXP02524,41,177800,1,3,27800,0,-0.127,0.596,14.0,2763.11,197.36,1.0,0.0714285714285714,0.16178571428571428,0.3084285714285714,0.232,4.0,175.4164920652033,597.06,Professional,Low
TAXP01110,46,1190300,1,1,0,0,0.209,0.224,12.0,9071.02,755.92,2.0,0.1666666666666666,0.145,0.30124999999999996,0.23983333333333334,3.25,889.9117778627204,2848.71,Salary+Investments,Low
TAXP04050,23,679200,0,2,0,0,-0.065,0.621,26.0,11655.81,448.3,0.0,0.0,0.10250000000000001,0.24157692307692308,0.17153846153846153,3.730769230769231,500.5741475104823,2219.16,Salary,Low
TAXP00449,64,1450200,1,0,0,2,0.175,0.333,23.0,36227.36,1575.1,1.0,0.0434782608695652,0.12904347826086957,0.22121739130434784,0.18708695652173912,4.086956521739131,2583.675932676713,11892.08,Salary+Investments,Low
TAXP01823,49,1566500,1,0,54100,0,0.106,0.206,15.0,8935.14,595.68,2.0,0.1333333333333333,0.14986666666666668,0.25633333333333336,0.21366666666666667,4.6,510.6713629247567,1455.41,Business,Medium
TAXP03053,38,339100,1,1,0,0,0.068,0.184,23.0,5722.01,248.78,2.0,0.0869565217391304,0.11191304347826087,0.21230434782608695,0.1681304347826087,4.0,291.0029142221273,1370.72,Business,Low
TAXP04322,63,698600,1,0,0,0,0.133,0.146,15.0,9372.24,624.82,0.0,0.0,0.1226,0.1712,0.21139999999999998,3.933333333333333,1392.07076035154,5580.28,Salary+Business,Low
TAXP00340,34,1007600,1,1,0,0,0.205,0.138,21.0,13494.77,642.61,2.0,0.0952380952380952,0.1271904761904762,0.24661904761904763,0.167,4.142857142857143,1025.4571422376414,4495.98,Professional,Low
TAXP02654,32,358400,1,1,2700,0,-0.015,0.356,13.0,2041.45,157.03,1.0,0.0769230769230769,0.12084615384615384,0.21715384615384614,0.2316923076923077,4.230769230769231,104.70948943110686,373.82,Professional,Low
TAXP00560,62,342800,1,0,0,0,0.052,0.181,5.0,1355.63,271.13,0.0,0.0,0.0752,0.10939999999999998,0.1754,3.8,315.0106170909165,725.7,Salary+Investments,Low
TAXP04054,55,440100,1,1,0,0,0.413,0.041,41.0,9525.86,232.34,0.0,0.0,0.11343902439024389,0.18095121951219512,0.21165853658536588,4.146341463414634,241.14851918703036,835.98,Salary+Investments,Low
TAXP01090,49,532600,1,1,0,0,0.28,0.512,5.0,863.45,172.69,0.0,0.0,0.1668,0.233,0.178,5.0,160.82700130885982,450.13,Salary,Low
TAXP04903,63,662200,0,1,0,3,0.265,0.314,8.0,4061.03,507.63,1.0,0.125,0.17325,0.304375,0.1945,3.875,614.8626397227155,1835.5,Multiple,Medium
TAXP04042,49,583000,1,0,17300,0,0.074,0.072,57.0,15695.1,275.35,0.0,0.0,0.1042280701754386,0.19440350877192983,0.218859649122807,3.6842105263157894,334.53207845077276,2270.98,Professional,Low
TAXP00424,46,223900,1,0,34100,1,0.037,0.192,45.0,17518.86,389.31,3.0,0.0666666666666666,0.1267111111111111,0.2336666666666667,0.20957777777777775,4.088888888888889,885.1446677331132,5452.01,Business,Low
TAXP02836,56,601600,0,1,2900,0,0.219,0.154,1.0,59.02,59.02,0.0,0.0,0.093,0.226,0.089,3.0,0.0,59.02,Salary,Low
TAXP03190,60,243800,1,1,3000,1,-0.294,0.504,17.0,5401.43,317.73,2.0,0.1176470588235294,0.1315294117647059,0.22205882352941175,0.22276470588235295,4.117647058823529,429.89789262803953,1501.53,Salary+Investments,Low
TAXP03384,62,401600,0,0,65600,0,0.123,0.281,24.0,7301.28,304.22,2.0,0.0833333333333333,0.14366666666666666,0.23483333333333334,0.19662500000000002,4.458333333333333,425.01186657602256,1547.13,Professional,Medium
TAXP00100,43,338700,1,1,50400,0,0.085,0.167,51.0,15511.69,304.15,1.0,0.0196078431372549,0.11476470588235294,0.22878431372549018,0.21470588235294116,3.823529411764706,432.3358102394163,2822.49,Salary,Medium
TAXP03009,29,535000,1,0,0,0,0.188,0.484,9.0,5490.01,610.0,2.0,0.2222222222222222,0.17988888888888888,0.26588888888888884,0.29733333333333334,3.4444444444444446,787.9909717668795,2345.7,Business,Medium
TAXP02752,21,489600,0,3,0,1,0.006,0.184,20.0,4648.89,232.44,0.0,0.0,0.11984999999999998,0.26135,0.19635,4.35,319.6085952581606,1483.63,Salary,Low
TAXP02381,23,533700,1,2,34100,0,0.31,0.156,11.0,6147.9,558.9,0.0,0.0,0.12399999999999999,0.23345454545454547,0.21,3.272727272727273,1139.852048171165,3963.41,Salary+Business,Low
TAXP00572,56,619000,1,1,84700,1,-0.195,0.01,14.0,39158.75,2797.05,1.0,0.0714285714285714,0.13457142857142856,0.20835714285714288,0.23314285714285712,4.214285714285714,6483.319098214345,23815.34,Business,Medium
TAXP04865,46,347300,1,0,0,0,-0.12,0.111,18.0,7782.37,432.35,1.0,0.0555555555555555,0.12766666666666668,0.20233333333333334,0.16972222222222222,4.388888888888889,604.8849268992154,2306.95,Multiple,Low
TAXP00490,30,1049600,1,0,9300,1,0.107,0.368,22.0,31254.08,1420.64,1.0,0.0454545454545454,0.13172727272727272,0.17736363636363636,0.19327272727272726,4.0,2356.5796078416784,9439.89,Salary,Low
TAXP01471,31,703300,1,2,6500,0,0.097,0.238,77.0,40818.74,530.11,3.0,0.0389610389610389,0.11238961038961039,0.2364285714285714,0.19889610389610388,4.1688311688311686,852.8285975547956,5230.15,Professional,Low
TAXP00801,49,353700,1,0,0,0,-0.023,0.062,6.0,799.76,133.29,0.0,0.0,0.14383333333333334,0.3103333333333333,0.19566666666666666,4.0,100.27417986035422,314.51,Salary,Low
TAXP01042,58,1310500,1,0,0,1,0.045,0.056,10.0,9976.88,997.69,0.0,0.0,0.1387,0.2091,0.22480000000000003,3.9,1752.0188356027077,5891.0,Salary,Low
TAXP03803,48,554500,1,0,16400,1,0.165,0.589,1.0,361.53,361.53,0.0,0.0,0.082,0.339,0.102,5.0,0.0,361.53,Salary,Low
TAXP04235,63,1575100,1,0,9900,0,0.071,0.537,30.0,54146.09,1804.87,3.0,0.1,0.15176666666666666,0.21883333333333335,0.23083333333333333,3.433333333333333,2253.2941943778947,9597.68,Salary,Low
TAXP00695,35,358400,1,1,0,0,-0.014,0.135,111.0,32049.9,288.74,3.0,0.027027027027027,0.12199099099099099,0.23705405405405405,0.21391891891891893,4.027027027027027,376.6248454904922,2403.67,Salary+Business,Low
TAXP03981,29,822800,1,2,0,1,-0.104,0.321,55.0,46632.78,847.87,3.0,0.0545454545454545,0.10672727272727273,0.23147272727272727,0.18409090909090908,3.8727272727272726,1490.5086894152691,10523.06,Business,Low
TAXP03422,30,598200,1,0,13400,1,-0.051,0.047,38.0,13882.09,365.32,1.0,0.0263157894736842,0.11871052631578947,0.2336315789473684,0.2153421052631579,4.315789473684211,633.621271913151,3914.68,Salary,Low
TAXP01606,37,1728200,1,1,3800,0,-0.11,0.082,8.0,27859.59,3482.45,0.0,0.0,0.092875,0.257,0.20075,4.0,5650.225513690171,16792.11,Salary,Low
TAXP02559,64,1826500,1,1,0,1,0.308,0.52,28.0,70534.67,2519.1,3.0,0.1071428571428571,0.13575,0.19164285714285714,0.24010714285714285,4.714285714285714,4388.7830748249835,20530.2,Multiple,Low
TAXP00611,41,308700,1,0,0,1,-0.022,0.16,28.0,7037.12,251.33,1.0,0.0357142857142857,0.12232142857142857,0.17625,0.19453571428571428,3.9642857142857144,594.845291118739,3236.37,Salary+Investments,Low
TAXP04182,23,688200,1,0,0,0,0.374,0.088,55.0,44430.91,807.83,3.0,0.0545454545454545,0.12321818181818182,0.21174545454545457,0.20061818181818183,4.363636363636363,2029.8376863004064,12090.81,Salary,Low
TAXP01922,51,1361500,1,2,60000,1,0.114,0.369,7.0,3735.12,533.59,0.0,0.0,0.11414285714285714,0.21071428571428572,0.17742857142857144,3.7142857142857144,238.12235079391232,953.14,Salary,Low
TAXP03563,36,263100,1,1,15800,0,0.407,0.103,29.0,12885.44,444.33,0.0,0.0,0.11793103448275861,0.2366206896551724,0.20655172413793105,3.9655172413793105,747.3361230186006,3050.66,Salary+Investments,Low
TAXP00370,48,1193800,1,0,0,1,0.319,0.119,6.0,6266.18,1044.36,1.0,0.1666666666666666,0.17883333333333332,0.24266666666666667,0.25333333333333335,5.0,854.054302926147,2507.92,Salary,Low
TAXP00360,32,584500,1,0,0,0,-0.094,0.162,58.0,23003.9,396.62,3.0,0.0517241379310344,0.11800000000000001,0.22998275862068968,0.21527586206896554,4.0,513.5540764320382,3246.88,Salary,Low
TAXP01755,21,1434200,1,2,0,0,0.143,0.489,15.0,6114.46,407.63,1.0,0.0666666666666666,0.11713333333333334,0.20106666666666667,0.2184,3.933333333333333,530.5071497897981,1633.77,Business,Low
TAXP00482,45,1824200,1,0,0,0,0.049,0.096,59.0,153308.04,2598.44,5.0,0.0847457627118644,0.11991525423728813,0.20377966101694914,0.20555932203389832,3.7796610169491527,6237.809524834725,41258.89,Salary+Investments,Low
TAXP02694,37,499500,1,0,0,0,0.315,0.148,21.0,5346.97,254.62,2.0,0.0952380952380952,0.12319047619047618,0.2302857142857143,0.18819047619047619,3.761904761904762,235.99212887095965,944.51,Business,Low
TAXP01832,44,677400,1,0,0,1,0.303,0.121,15.0,10915.53,727.7,0.0,0.0,0.13973333333333335,0.22853333333333334,0.20206666666666664,3.933333333333333,1592.6365318785972,6197.96,Salary,Low
TAXP03725,23,604500,1,3,3100,0,-0.083,0.446,29.0,16802.55,579.4,2.0,0.0689655172413793,0.12510344827586206,0.21196551724137933,0.24055172413793102,3.6551724137931036,1298.857998619966,7043.86,Business,Low
TAXP04509,31,335900,1,0,0,0,0.065,0.243,26.0,8847.04,340.27,1.0,0.0384615384615384,0.1296923076923077,0.2286153846153846,0.22596153846153846,4.6923076923076925,409.52138086232395,1681.89,Professional,Low
TAXP00050,62,682400,1,0,0,0,-0.068,0.141,3.0,1978.39,659.46,0.0,0.0,0.08166666666666665,0.209,0.14566666666666667,3.0,578.6615646760491,1325.74,Salary+Business,Low
TAXP00162,55,385600,1,0,0,0,0.159,0.44,8.0,4126.21,515.78,1.0,0.125,0.09799999999999999,0.236625,0.192,3.125,605.909701804709,1927.11,Multiple,Low
TAXP04563,35,817500,1,1,0,1,0.224,0.095,15.0,3324.46,221.63,0.0,0.0,0.07926666666666667,0.2072,0.18066666666666667,3.933333333333333,219.0062465667089,918.15,Salary,Low
TAXP01431,63,534800,1,1,0,0,0.282,0.627,14.0,4629.72,330.69,0.0,0.0,0.12221428571428572,0.20742857142857143,0.22449999999999998,4.0,303.0707480165262,1092.26,Salary,Low
TAXP00374,26,1191600,1,2,8300,0,0.183,0.078,20.0,11284.42,564.22,0.0,0.0,0.11125,0.2536,0.233,3.9,701.656160252299,2597.21,Salary+Investments,Low
TAXP04378,36,590900,1,1,23200,2,0.177,0.212,11.0,8716.93,792.45,0.0,0.0,0.07809090909090909,0.20199999999999999,0.176,4.363636363636363,804.581565260082,2649.67,Multiple,Low
TAXP03771,44,473700,1,1,0,0,0.045,0.259,4.0,1006.43,251.61,0.0,0.0,0.12225,0.21175,0.162,4.75,58.78670279068217,339.61,Salary+Business,Low
TAXP01543,54,770900,0,3,0,0,0.388,0.305,13.0,5472.17,420.94,0.0,0.0,0.1146923076923077,0.20715384615384616,0.16615384615384615,4.0,456.5385773319793,1504.55,Salary+Investments,Low
TAXP04258,39,1453300,1,0,0,0,0.034,0.064,26.0,39223.06,1508.58,1.0,0.0384615384615384,0.1371153846153846,0.24415384615384614,0.22469230769230772,4.076923076923077,2142.403134833261,8708.71,Salary,Low
TAXP03663,36,477100,1,1,0,0,0.24,0.01,8.0,4246.21,530.78,1.0,0.125,0.123375,0.21125,0.235875,5.375,1061.3722753241607,3149.18,Salary,Low
TAXP04596,49,1214900,0,1,0,1,-0.066,0.067,15.0,42375.77,2825.05,2.0,0.1333333333333333,0.121,0.19506666666666667,0.2104,4.066666666666666,4718.85210053684,15092.7,Salary,Medium
TAXP02638,59,557200,1,1,0,0,-0.097,0.245,24.0,11191.09,466.3,0.0,0.0,0.11741666666666667,0.24650000000000002,0.20420833333333333,4.0,924.3762641158029,4531.58,Salary,Low
TAXP01576,57,261900,1,0,0,0,0.247,0.055,19.0,2224.49,117.08,1.0,0.0526315789473684,0.10278947368421051,0.17926315789473685,0.20257894736842105,4.105263157894737,100.23476278013852,378.34,Salary,Low
TAXP01028,49,667100,1,1,36600,2,0.21,0.104,4.0,666.09,166.52,0.0,0.0,0.08275,0.19825,0.22125,4.5,121.19889228729225,283.38,Salary+Investments,Low
TAXP01002,40,384500,0,2,0,0,0.231,0.31,10.0,3693.11,369.31,1.0,0.1,0.1404,0.27030000000000004,0.1941,3.5,663.9697698849783,2216.08,Professional,Low
TAXP04848,40,1023500,1,0,11500,0,0.28,0.355,19.0,19154.36,1008.12,2.0,0.1052631578947368,0.1386315789473684,0.22347368421052635,0.2045263157894737,4.2105263157894735,1277.86638875256,5476.93,Salary,Low
TAXP03377,56,1019600,1,1,0,2,-0.025,0.668,16.0,22327.95,1395.5,1.0,0.0625,0.12225,0.2315625,0.1769375,3.6875,2219.8610729314237,7931.67,Salary+Investments,Low
TAXP01592,40,235500,1,0,0,0,0.023,0.068,30.0,5440.04,181.33,2.0,0.0666666666666666,0.1175,0.19790000000000002,0.22733333333333333,3.6666666666666665,163.10809730070875,690.79,Salary,Low
TAXP00756,50,1472800,1,0,6500,1,-0.181,0.216,24.0,19048.24,793.68,0.0,0.0,0.09479166666666666,0.16766666666666666,0.19370833333333334,3.8333333333333335,1436.4783974031063,6516.29,Professional,Low
TAXP03316,37,1210100,1,0,0,1,0.183,0.208,3.0,2370.43,790.14,0.0,0.0,0.18000000000000002,0.3313333333333333,0.18099999999999997,6.666666666666667,864.2689688015724,1752.4,Business,Low
TAXP02109,36,365900,1,0,144100,0,0.116,0.067,1.0,116.13,116.13,0.0,0.0,0.093,0.352,0.136,1.0,0.0,116.13,Multiple,Medium
TAXP04700,53,653700,1,2,0,0,0.232,0.381,28.0,14938.86,533.53,0.0,0.0,0.12021428571428572,0.20757142857142857,0.16735714285714284,3.7857142857142856,900.5235694940394,4724.64,Salary+Business,Low
TAXP04712,50,434000,1,1,0,1,0.037,0.189,9.0,4005.49,445.05,1.0,0.1111111111111111,0.13544444444444442,0.3065555555555555,0.13833333333333334,5.333333333333333,898.1742564935703,2830.57,Salary+Business,Low
TAXP01140,60,651800,1,2,0,0,0.338,0.209,14.0,9790.21,699.3,1.0,0.0714285714285714,0.1412857142857143,0.2656428571428571,0.22085714285714286,3.9285714285714284,788.2957266003499,2875.25,Salary+Investments,Low
TAXP03123,21,1066400,1,1,0,2,0.09,0.279,60.0,36410.28,606.84,2.0,0.0333333333333333,0.11375,0.2533666666666667,0.19276666666666667,3.716666666666667,794.1011408105458,4194.89,Salary,Low
TAXP00755,57,2350300,0,0,6000,1,0.087,0.107,77.0,155203.9,2015.64,0.0,0.0,0.10345454545454545,0.20884415584415583,0.17527272727272727,3.935064935064935,3050.9443796050664,19567.23,Business,Low
TAXP01988,50,374100,0,1,0,2,0.084,0.273,3.0,1085.21,361.74,0.0,0.0,0.065,0.17200000000000001,0.11266666666666665,3.3333333333333335,331.35754138593757,725.64,Salary,Low
TAXP03410,33,631400,0,2,44800,0,0.157,0.566,15.0,4023.63,268.24,0.0,0.0,0.12153333333333333,0.20266666666666666,0.2116666666666667,4.466666666666667,228.1089466899534,816.53,Professional,Low
TAXP04583,53,723500,1,0,0,0,0.097,0.292,51.0,43038.49,843.89,1.0,0.0196078431372549,0.11125490196078432,0.24750980392156863,0.18319607843137256,3.6470588235294117,1545.117615275963,10191.43,Salary,Low
TAXP02117,59,680000,1,0,0,0,0.119,0.161,22.0,12792.14,581.46,1.0,0.0454545454545454,0.10672727272727273,0.18604545454545454,0.15772727272727274,4.636363636363637,1209.9794617222271,5342.3,Professional,Low
TAXP02884,40,1477900,1,1,0,0,0.241,0.167,23.0,28024.38,1218.45,1.0,0.0434782608695652,0.12756521739130436,0.1963913043478261,0.1858695652173913,4.391304347826087,1964.2718022146255,9515.73,Salary+Business,Low
TAXP01940,45,365000,1,0,0,0,-0.128,0.038,6.0,1105.45,184.24,2.0,0.3333333333333333,0.1748333333333333,0.21666666666666667,0.20199999999999999,3.6666666666666665,225.21873549211367,639.06,Salary,Medium
TAXP03717,49,1130900,1,0,14200,0,-0.164,0.592,6.0,4754.21,792.37,1.0,0.1666666666666666,0.12,0.21816666666666665,0.28933333333333333,3.3333333333333335,676.3111304249447,1890.62,Salary+Business,Medium
TAXP04663,43,977700,1,1,5800,0,-0.087,0.252,12.0,8084.74,673.73,1.0,0.0833333333333333,0.13608333333333333,0.2081666666666667,0.2008333333333333,3.1666666666666665,631.231417855511,1919.79,Salary,Low
TAXP00677,55,3613600,1,1,0,0,0.139,0.278,91.0,301312.72,3311.13,4.0,0.0439560439560439,0.11860439560439559,0.22006593406593405,0.19930769230769232,4.0,5676.063611020079,27401.84,Salary+Investments,Low
TAXP04827,51,469200,1,0,16400,1,0.004,0.359,12.0,2837.69,236.47,0.0,0.0,0.12708333333333333,0.21941666666666668,0.21916666666666665,3.6666666666666665,247.98690931206735,837.71,Salary,Low
TAXP02798,46,540000,1,1,0,1,0.042,0.462,68.0,29704.63,436.83,1.0,0.0147058823529411,0.11513235294117646,0.21876470588235294,0.16980882352941176,4.220588235294118,692.1027235287816,3924.41,Multiple,Low
TAXP00793,36,939200,1,2,33200,0,0.106,0.506,22.0,14014.45,637.02,0.0,0.0,0.0944090909090909,0.1625,0.1963181818181818,3.727272727272727,666.1987652879674,2283.06,Salary,Low
TAXP04603,64,625200,1,2,0,0,-0.13,0.336,37.0,29725.7,803.4,2.0,0.054054054054054,0.11289189189189189,0.25335135135135134,0.1845945945945946,3.5945945945945947,2119.7087823758675,12576.34,Salary,Low
TAXP03227,31,336500,1,1,22600,1,0.141,0.244,97.0,34539.26,356.07,11.0,0.1134020618556701,0.12404123711340206,0.21903092783505154,0.19662886597938145,4.11340206185567,662.4581318045587,3774.35,Salary,Medium
TAXP00330,29,447600,1,1,52800,1,0.128,0.194,5.0,2784.09,556.82,0.0,0.0,0.1264,0.16360000000000002,0.1634,6.2,780.3940122271571,1923.15,Salary,Low
TAXP04351,43,563000,1,1,0,1,0.092,0.181,15.0,5177.36,345.16,1.0,0.0666666666666666,0.13453333333333334,0.2482666666666667,0.21313333333333334,4.466666666666667,344.4181317913833,1345.58,Salary,Low
TAXP04106,45,1136300,1,0,0,0,-0.174,0.408,42.0,37140.72,884.3,1.0,0.0238095238095238,0.12892857142857142,0.22528571428571428,0.2094047619047619,3.9285714285714284,1144.729815056567,5045.81,Multiple,Low
TAXP04640,58,420300,0,1,131800,0,0.109,0.187,23.0,5950.04,258.7,0.0,0.0,0.11721739130434783,0.22586956521739132,0.19065217391304348,3.9565217391304346,339.10133336937116,1241.26,Salary+Investments,Medium
TAXP02010,35,1019900,0,4,0,0,0.022,0.161,2.0,3510.98,1755.49,0.0,0.0,0.133,0.2355,0.3005,3.5,748.0341216816248,2284.43,Business,Low
TAXP01636,37,1419200,1,0,0,0,-0.3,0.575,33.0,40775.87,1235.63,1.0,0.0303030303030303,0.11945454545454545,0.24203030303030304,0.22372727272727272,4.0606060606060606,1788.7090238458823,9457.3,Salary+Business,Low
TAXP04880,33,294600,1,0,0,1,-0.05,0.317,19.0,5863.45,308.6,2.0,0.1052631578947368,0.11957894736842105,0.19489473684210526,0.2195263157894737,3.8947368421052633,368.1951878471542,1403.89,Salary+Business,Low
TAXP00775,37,655700,1,0,7700,1,-0.128,0.477,27.0,16599.38,614.79,1.0,0.037037037037037,0.12448148148148148,0.20803703703703705,0.1944814814814815,4.37037037037037,844.3257424534182,3670.3,Salary+Business,Low
TAXP03622,47,413700,1,1,0,0,-0.018,0.23,15.0,5801.44,386.76,1.0,0.0666666666666666,0.12893333333333332,0.2840666666666667,0.17026666666666665,4.733333333333333,540.8638830409137,1591.37,Salary,Low
TAXP03885,37,377200,1,0,0,0,0.188,0.084,21.0,8874.28,422.58,3.0,0.1428571428571428,0.11933333333333335,0.23814285714285716,0.16385714285714284,4.190476190476191,680.6963081625979,2978.77,Salary+Business,Low
TAXP03289,44,485200,1,1,27700,0,0.233,0.055,6.0,1034.67,172.45,0.0,0.0,0.09116666666666667,0.2225,0.2315,2.8333333333333335,105.00286486567879,352.56,Professional,Low
TAXP03409,52,927300,1,0,6300,0,-0.307,0.415,8.0,3978.76,497.34,0.0,0.0,0.13849999999999998,0.23175,0.26375,3.375,334.4312097107138,1115.12,Salary,Low
TAXP00786,39,777500,1,2,0,1,-0.22,0.376,17.0,6558.07,385.77,0.0,0.0,0.09005882352941176,0.19158823529411764,0.1998235294117647,4.176470588235294,363.2075830341782,1398.5,Professional,Low
TAXP04356,30,378600,1,2,20100,0,0.091,0.163,26.0,7537.13,289.89,2.0,0.0769230769230769,0.12026923076923078,0.21557692307692308,0.24192307692307694,3.923076923076923,286.8935776134526,1248.86,Business,Low
TAXP01253,35,366200,1,2,0,0,-0.316,0.143,16.0,4642.09,290.13,0.0,0.0,0.07375,0.2021875,0.16025,4.0625,249.60471821044706,798.48,Salary+Business,Low
TAXP02368,55,491600,1,1,0,0,0.37,0.281,12.0,3853.68,321.14,2.0,0.1666666666666666,0.1115,0.23358333333333334,0.2155,3.9166666666666665,421.25247245025696,1439.75,Salary,Low
TAXP01212,53,457100,0,2,0,0,0.295,0.53,8.0,2566.01,320.75,0.0,0.0,0.109375,0.191125,0.15075,3.375,392.18570085529274,1195.01,Business,Low
TAXP02720,49,297400,1,0,28000,1,0.108,0.313,10.0,1511.23,151.12,0.0,0.0,0.0958,0.1802,0.18209999999999998,2.9,137.2585125512359,429.68,Salary+Investments,Low
TAXP03697,29,392900,1,2,0,1,0.387,0.499,32.0,7690.2,240.32,0.0,0.0,0.1031875,0.19409375,0.18496875000000002,3.625,292.83737752514867,1450.56,Salary+Business,Low
TAXP00806,42,1435100,0,0,162900,0,0.241,0.101,11.0,8995.25,817.75,1.0,0.0909090909090909,0.13136363636363638,0.1918181818181818,0.24845454545454546,3.5454545454545454,822.2797721943549,2608.09,Salary+Business,High
TAXP03194,53,277800,1,2,0,0,0.079,0.195,22.0,5518.18,250.83,0.0,0.0,0.13686363636363638,0.23136363636363635,0.24036363636363636,4.181818181818182,184.82851804141396,823.75,Salary,Low
TAXP04590,64,467300,1,0,0,0,0.306,0.264,13.0,6672.13,513.24,1.0,0.0769230769230769,0.1066923076923077,0.1986153846153846,0.2026153846153846,4.230769230769231,928.2502125187075,3145.83,Salary+Business,Low
TAXP00930,51,686400,1,0,10100,1,-0.185,0.348,4.0,2349.87,587.47,0.0,0.0,0.108,0.22275,0.20500000000000002,4.5,857.8536534621353,1871.03,Business,Low
TAXP04964,62,457400,1,2,0,0,-0.14,0.46,2.0,432.27,216.14,0.0,0.0,0.05,0.2515,0.257,3.5,233.42301953749123,381.19,Professional,Low
TAXP02676,61,845700,1,0,37500,0,-0.01,0.223,31.0,17195.47,554.69,0.0,0.0,0.11745161290322581,0.19922580645161292,0.215,4.193548387096774,852.0939241303067,3364.2,Salary,Low
TAXP00294,34,150000,1,0,0,0,0.303,0.221,9.0,2289.83,254.43,0.0,0.0,0.06877777777777777,0.133,0.20833333333333334,3.3333333333333335,315.27152464626073,914.15,Salary+Business,Low
TAXP00109,54,1190300,1,2,0,0,0.331,0.415,38.0,33793.25,889.3,3.0,0.0789473684210526,0.11623684210526315,0.23568421052631577,0.2081052631578947,3.8157894736842106,1085.7825737937903,5308.56,Salary,Low
TAXP02622,22,397500,1,4,0,0,-0.111,0.044,37.0,7212.72,194.94,2.0,0.054054054054054,0.11913513513513514,0.25551351351351353,0.2112972972972973,4.027027027027027,194.6541147567699,769.61,Salary+Business,Low
TAXP01540,34,1936700,1,0,0,1,0.216,0.078,2.0,1022.0,511.0,0.0,0.0,0.0065,0.188,0.0885,3.0,152.3956534813247,618.76,Salary,Low
TAXP02839,62,1538200,1,0,14900,0,-0.29,0.113,25.0,23044.14,921.77,1.0,0.04,0.10704000000000001,0.26748,0.23604,3.76,1523.3077864554052,7802.57,Multiple,Low
TAXP04574,30,890800,1,4,0,0,0.28,0.106,13.0,9912.46,762.5,1.0,0.0769230769230769,0.12246153846153846,0.23476923076923079,0.2113076923076923,3.923076923076923,896.6550443303584,3252.97,Business,Low
TAXP03862,27,1087000,1,0,0,1,0.002,0.68,8.0,6845.68,855.71,0.0,0.0,0.11937500000000001,0.2215,0.223375,4.625,1196.5312884811185,3538.23,Professional,Low
TAXP00660,42,514800,1,1,0,2,0.376,0.128,53.0,18535.29,349.72,3.0,0.0566037735849056,0.11158490566037735,0.22986792452830188,0.1879811320754717,4.09433962264151,464.8511863526685,2207.17,Multiple,Low
TAXP01310,36,506100,1,2,0,0,0.037,0.501,25.0,11846.2,473.85,1.0,0.04,0.125,0.21224,0.20968,4.72,652.6589505630027,2053.55,Salary,Low
TAXP02865,61,297400,1,0,0,1,0.296,0.317,11.0,2314.69,210.43,0.0,0.0,0.07818181818181819,0.21663636363636363,0.12990909090909092,3.0,277.99473499592506,985.32,Salary,Low
TAXP04248,59,932200,1,0,0,1,0.159,0.122,30.0,25262.14,842.07,3.0,0.1,0.13776666666666668,0.2218,0.17773333333333333,3.8666666666666667,1176.2599731783826,5881.31,Salary+Business,Low
TAXP00122,48,739600,1,0,3100,2,0.154,0.292,16.0,6678.91,417.43,1.0,0.0625,0.1096875,0.206375,0.18375,3.375,390.068460405243,1435.23,Salary,Low
TAXP03609,65,1145100,1,1,0,0,-0.155,0.385,12.0,13377.7,1114.81,1.0,0.0833333333333333,0.12691666666666665,0.27125,0.218,4.166666666666667,2496.0712461890016,8994.82,Salary,Low
TAXP04425,27,315500,0,0,58000,0,0.066,0.392,28.0,12163.24,434.4,3.0,0.1071428571428571,0.11832142857142858,0.22132142857142859,0.20225,3.5714285714285716,1080.656358267766,5631.44,Salary,Medium
TAXP03040,53,617200,1,0,0,0,0.074,0.697,6.0,859.04,143.17,0.0,0.0,0.046000000000000006,0.17233333333333334,0.18666666666666668,5.5,136.9996803889216,366.12,Salary,Low
TAXP02810,56,241300,1,1,64300,0,0.137,0.25,7.0,4990.07,712.87,2.0,0.2857142857142857,0.1432857142857143,0.34628571428571425,0.24914285714285714,4.714285714285714,1013.8595725693357,2300.62,Salary,High
TAXP00448,38,512000,1,1,0,1,-0.167,0.4,16.0,6284.13,392.76,0.0,0.0,0.0895,0.2264375,0.1519375,3.0625,749.3924536958255,3167.65,Salary,Low
TAXP00446,63,224400,1,1,0,0,0.271,0.156,28.0,7788.12,278.15,2.0,0.0714285714285714,0.12192857142857143,0.19825,0.18128571428571427,4.392857142857143,571.476620330287,3082.57,Professional,Low
TAXP01386,52,695600,1,0,0,0,-0.002,0.63,11.0,6333.16,575.74,0.0,0.0,0.10054545454545455,0.183,0.22627272727272726,3.727272727272727,527.2360036040441,1719.9,Multiple,Low
TAXP03994,53,395400,1,1,0,0,0.041,0.307,38.0,8661.77,227.94,2.0,0.0526315789473684,0.11552631578947367,0.23055263157894734,0.19823684210526316,4.131578947368421,258.3977083633117,1303.17,Business,Low
TAXP01424,35,1782600,0,1,0,0,0.002,0.081,13.0,14998.74,1153.75,0.0,0.0,0.08507692307692306,0.21246153846153845,0.1630769230769231,4.3076923076923075,1349.4463794982837,3928.57,Salary,Low
TAXP01375,46,638700,1,1,0,1,-0.005,0.173,15.0,5024.0,334.93,1.0,0.0666666666666666,0.1212,0.20153333333333334,0.2204,4.2,309.45258415158736,1028.65,Salary,Low
TAXP03600,54,1776100,1,1,0,1,0.108,0.149,27.0,28807.32,1066.94,2.0,0.074074074074074,0.11477777777777778,0.2187037037037037,0.1824814814814815,4.111111111111111,1798.98353678988,8951.65,Salary+Business,Low
TAXP03700,55,268700,1,0,0,0,-0.148,0.321,7.0,1857.97,265.42,1.0,0.1428571428571428,0.1355714285714286,0.348,0.24742857142857141,4.142857142857143,195.7760356340158,655.08,Salary,Low
TAXP02840,58,686300,0,1,0,0,0.049,0.19,13.0,6164.64,474.2,0.0,0.0,0.07307692307692307,0.215,0.2153076923076923,3.3076923076923075,543.3636962076232,2090.06,Salary,Low
TAXP00073,24,335300,0,1,0,1,0.258,0.229,2.0,124.3,62.15,0.0,0.0,0.0955,0.2735,0.1725,3.0,17.182694782833103,74.3,Professional,Low
TAXP00339,29,1493400,0,2,0,0,0.211,0.268,14.0,9888.71,706.34,2.0,0.1428571428571428,0.1437142857142857,0.23142857142857146,0.25,4.142857142857143,830.7663850335114,3116.72,Salary,Medium
TAXP02226,58,769400,1,1,0,0,-0.131,0.106,30.0,13779.36,459.31,1.0,0.0333333333333333,0.12623333333333334,0.22656666666666667,0.19226666666666667,3.6666666666666665,472.6317223903354,2262.16,Salary,Low
TAXP04094,65,276900,1,0,0,1,-0.171,0.112,16.0,2426.64,151.66,1.0,0.0625,0.111125,0.23700000000000002,0.145125,4.25,153.93572671735433,616.35,Salary,Low
TAXP04437,25,479400,1,0,20700,0,0.197,0.29,4.0,1548.95,387.24,0.0,0.0,0.105,0.25975,0.20975,3.75,264.2192876349744,667.89,Professional,Low
TAXP00456,37,729500,0,1,0,0,0.154,0.276,8.0,2779.9,347.49,0.0,0.0,0.10387500000000001,0.211625,0.144625,3.875,414.9973765407612,1239.62,Multiple,Low
TAXP01509,31,2738500,0,2,0,1,-0.051,0.148,13.0,32980.43,2536.96,0.0,0.0,0.11907692307692308,0.24453846153846157,0.1529230769230769,4.615384615384615,2139.138826699265,8383.11,Professional,Low
TAXP02488,49,1196900,0,0,0,0,0.061,0.291,57.0,47237.94,828.74,4.0,0.0701754385964912,0.1267543859649123,0.23256140350877194,0.192719298245614,4.2631578947368425,1120.1644533424344,6236.37,Salary,Low
TAXP04278,55,547000,1,0,0,0,0.013,0.159,21.0,7757.58,369.41,1.0,0.0476190476190476,0.11590476190476191,0.21857142857142856,0.2049047619047619,3.761904761904762,429.68528567180095,1867.0,Salary+Business,Low
TAXP03229,61,1012500,1,0,0,1,0.131,0.434,1.0,716.89,716.89,0.0,0.0,0.239,0.126,0.225,4.0,0.0,716.89,Salary,Low
TAXP00434,62,173900,1,1,9900,1,-0.122,0.269,5.0,595.65,119.13,0.0,0.0,0.10700000000000001,0.1962,0.1588,3.4,128.5856601647322,345.9,Professional,Low
TAXP00265,61,912800,1,1,0,0,0.023,0.163,5.0,5540.47,1108.09,0.0,0.0,0.0986,0.22560000000000002,0.2656,3.8,809.2237148526976,1871.27,Salary+Business,Low
TAXP03782,23,171300,1,1,0,0,0.144,0.225,15.0,9091.69,606.11,1.0,0.0666666666666666,0.14253333333333332,0.264,0.18626666666666666,3.2666666666666666,1151.7954772098008,4587.29,Salary+Business,Low
TAXP00096,61,229300,1,1,24600,0,0.007,0.418,24.0,5892.47,245.52,1.0,0.0416666666666666,0.09633333333333333,0.21179166666666668,0.20991666666666667,3.7083333333333335,359.90937392481084,1743.65,Salary,Low
TAXP03426,40,851600,0,3,11900,0,0.163,0.398,17.0,17866.11,1050.95,1.0,0.0588235294117647,0.10964705882352942,0.2168235294117647,0.176,3.6470588235294117,1654.428259348715,5628.93,Salary+Business,Medium
TAXP03684,54,470700,0,1,88700,0,0.053,0.382,2.0,577.88,288.94,0.0,0.0,0.14650000000000002,0.27249999999999996,0.198,3.5,180.2132342532035,416.37,Salary+Business,Medium
TAXP02626,59,581300,1,1,0,0,0.395,0.295,5.0,915.25,183.05,1.0,0.2,0.1358,0.25379999999999997,0.21680000000000002,4.2,89.79234237951475,287.47,Business,Medium
TAXP02066,54,573900,0,2,0,2,-0.115,0.553,19.0,4969.38,261.55,1.0,0.0526315789473684,0.1003157894736842,0.23394736842105265,0.19789473684210526,3.263157894736842,258.5051337167112,982.37,Salary,Low
TAXP01661,65,3624900,1,0,0,0,0.288,0.519,6.0,5896.83,982.8,0.0,0.0,0.14616666666666667,0.25616666666666665,0.23950000000000002,5.166666666666667,651.6981192776299,1827.24,Salary,Low
TAXP03775,24,1425300,1,2,0,0,0.43,0.213,17.0,39667.61,2333.39,3.0,0.1764705882352941,0.15964705882352942,0.24794117647058822,0.21582352941176472,4.0,2629.5497397484287,8221.19,Salary,Medium
TAXP00113,44,423800,1,2,0,0,0.246,0.299,32.0,7073.04,221.03,1.0,0.03125,0.1115,0.22643749999999999,0.18478125,3.875,300.1308456807335,1533.06,Salary,Low
TAXP01452,52,938300,1,1,0,1,0.139,0.229,32.0,27419.5,856.86,1.0,0.03125,0.12646875,0.21559375,0.21940625,4.1875,1304.549418693098,6558.75,Professional,Low
TAXP01633,49,722000,1,1,0,0,0.14,0.097,18.0,12697.9,705.44,0.0,0.0,0.12605555555555556,0.245,0.18127777777777776,3.7222222222222223,927.4574875044702,3702.94,Salary+Investments,Low
TAXP02985,58,251000,1,4,0,0,0.108,0.489,10.0,2463.22,246.32,0.0,0.0,0.1427,0.2579,0.209,3.8,284.46530559005686,975.74,Salary,Low
TAXP02519,35,969500,1,0,0,0,0.229,0.311,9.0,5631.59,625.73,1.0,0.1111111111111111,0.157,0.256,0.2843333333333333,4.444444444444445,761.9676147937289,2476.92,Salary,Low
TAXP01133,52,396700,0,0,0,0,-0.124,0.35,6.0,2614.4,435.73,0.0,0.0,0.07316666666666667,0.12583333333333332,0.13249999999999998,4.0,249.62197873317697,746.77,Salary,Low
TAXP01533,55,1317700,1,2,12400,0,0.127,0.269,24.0,26288.63,1095.36,0.0,0.0,0.10545833333333333,0.21366666666666667,0.19920833333333332,4.083333333333333,1253.9544084128738,5418.55,Business,Low
TAXP01031,51,1528500,1,0,36800,1,0.172,0.341,14.0,32779.65,2341.4,3.0,0.2142857142857142,0.14014285714285715,0.21342857142857144,0.18021428571428572,3.642857142857143,2682.2940255558146,7669.47,Salary+Business,Medium
TAXP02862,59,1025200,1,2,0,0,-0.203,0.154,17.0,29047.16,1708.66,1.0,0.0588235294117647,0.12741176470588234,0.21076470588235297,0.21452941176470586,3.7058823529411766,3202.759423598542,12084.64,Multiple,Low
TAXP03062,44,750300,1,0,2900,0,0.022,0.42,19.0,7597.05,399.84,1.0,0.0526315789473684,0.12300000000000001,0.2925263157894737,0.21278947368421053,3.473684210526316,598.2808102143678,2300.61,Business,Low
TAXP01771,40,469600,1,1,0,1,0.309,0.281,18.0,19680.68,1093.37,2.0,0.1111111111111111,0.11394444444444446,0.1716111111111111,0.18133333333333332,3.888888888888889,2102.334542650675,9024.76,Salary,Low
TAXP00510,55,908500,1,0,0,1,-0.001,0.449,33.0,16154.12,489.52,0.0,0.0,0.09233333333333334,0.18563636363636363,0.16054545454545455,3.9696969696969697,624.0125762041858,2801.68,Business,Low
TAXP01980,38,924100,1,2,39500,0,0.075,0.126,23.0,9150.43,397.84,0.0,0.0,0.0892608695652174,0.19621739130434782,0.17117391304347826,3.9565217391304346,421.57481258716723,1530.41,Salary,Low
TAXP01261,31,1334700,1,0,25000,1,0.081,0.404,9.0,2954.34,328.26,0.0,0.0,0.12222222222222223,0.26099999999999995,0.19055555555555553,4.0,234.2326465824096,769.27,Salary+Investments,Low
TAXP00626,43,442700,1,1,0,1,-0.013,0.169,12.0,2657.48,221.46,0.0,0.0,0.1445,0.24958333333333335,0.1645,4.25,220.34012399566322,668.83,Salary,Low
TAXP01069,59,1839900,1,0,0,1,0.074,0.161,26.0,55919.89,2150.76,2.0,0.0769230769230769,0.12680769230769232,0.23426923076923079,0.19315384615384618,4.423076923076923,5763.020874088346,29949.26,Professional,Low
TAXP00502,21,1238300,1,2,13700,0,0.327,0.052,24.0,12450.09,518.75,0.0,0.0,0.10425,0.19491666666666665,0.18716666666666668,4.291666666666667,548.5309326842133,2151.18,Professional,Low
TAXP00833,30,288600,1,0,0,0,0.057,0.273,6.0,652.53,108.76,0.0,0.0,0.1115,0.19466666666666665,0.126,5.333333333333333,54.039779699773014,162.93,Salary,Low
TAXP03342,49,1126800,1,1,0,0,0.073,0.515,17.0,19669.38,1157.02,0.0,0.0,0.12270588235294116,0.271,0.16458823529411765,4.176470588235294,2838.9826867505053,11935.81,Professional,Low
TAXP00899,41,917600,1,0,0,0,0.05,0.312,20.0,30186.19,1509.31,1.0,0.05,0.11750000000000001,0.1816,0.2178,3.95,2301.549435094529,8742.07,Multiple,Low
TAXP04464,41,416900,1,0,0,1,0.353,0.225,10.0,7816.73,781.67,1.0,0.1,0.13979999999999998,0.2012,0.2172,3.9,1700.8348185265438,5594.23,Salary+Business,Low
TAXP00623,49,788900,1,0,0,0,0.24,0.204,14.0,8376.78,598.34,0.0,0.0,0.10750000000000001,0.22264285714285714,0.1777142857142857,4.071428571428571,670.4177616503488,2473.69,Salary+Investments,Low
TAXP02686,34,719500,1,1,0,0,0.194,0.208,16.0,13116.14,819.76,2.0,0.125,0.1450625,0.2223125,0.20550000000000002,4.25,1815.8612967914153,7502.54,Salary+Business,Low
TAXP01642,62,933700,1,0,0,0,0.09,0.396,6.0,3516.16,586.03,0.0,0.0,0.14283333333333334,0.15733333333333333,0.16949999999999998,3.6666666666666665,770.5600676564201,2072.54,Salary+Investments,Low
TAXP01834,41,876100,1,0,33200,0,-0.046,0.186,20.0,18426.43,921.32,1.0,0.05,0.1135,0.23945,0.18685000000000002,4.55,2183.8332599456853,9903.12,Salary+Business,Low
TAXP03406,50,264700,0,2,0,1,0.112,0.083,5.0,1216.56,243.31,1.0,0.2,0.15660000000000002,0.321,0.22599999999999998,3.0,178.41810451857177,472.99,Salary+Investments,Medium
TAXP00825,38,170100,0,1,30600,0,0.097,0.31,4.0,614.63,153.66,0.0,0.0,0.08025,0.20375,0.1275,4.5,138.3158598703224,342.21,Salary,Low
TAXP03582,59,2853300,1,1,0,0,0.2,0.255,8.0,9042.65,1130.33,2.0,0.25,0.15475,0.250375,0.175875,3.5,1307.439386089548,3856.0,Salary,Medium
TAXP00979,47,234400,0,1,0,0,0.0,0.163,19.0,8848.5,465.71,2.0,0.1052631578947368,0.12315789473684209,0.22147368421052632,0.16510526315789473,4.526315789473684,566.9247052737318,2360.99,Salary,Low
TAXP04207,48,654200,1,0,43800,0,0.234,0.521,49.0,28527.08,582.19,2.0,0.0408163265306122,0.11716326530612244,0.2483877551020408,0.18944897959183674,3.857142857142857,1002.3209322078891,5854.32,Salary,Low
TAXP02582,24,1305000,1,0,0,0,0.262,0.217,31.0,43223.66,1394.31,1.0,0.032258064516129,0.13058064516129034,0.193258064516129,0.24287096774193548,4.32258064516129,2189.455927588856,8985.19,Business,Low
TAXP03629,38,1572400,1,0,0,0,0.471,0.03,35.0,42443.48,1212.67,2.0,0.0571428571428571,0.13902857142857142,0.25825714285714285,0.23491428571428571,4.057142857142857,2178.94834605835,12797.34,Business,Low
TAXP01548,51,364500,1,0,0,0,0.316,0.69,22.0,4363.47,198.34,1.0,0.0454545454545454,0.12540909090909091,0.2605909090909091,0.20154545454545456,4.2727272727272725,226.47121247685308,908.8,Salary,Low
TAXP04088,24,188900,1,1,0,0,0.021,0.255,1.0,93.6,93.6,0.0,0.0,0.099,0.191,0.101,2.0,0.0,93.6,Salary,Low
TAXP03810,48,869100,1,2,21300,1,0.092,0.246,38.0,32090.31,844.48,2.0,0.0526315789473684,0.10628947368421052,0.26060526315789473,0.20671052631578946,3.9473684210526314,1619.9614777916624,7865.26,Professional,Low
TAXP03978,21,541400,0,1,0,1,-0.139,0.279,9.0,1870.86,207.87,0.0,0.0,0.12588888888888888,0.2787777777777778,0.17322222222222225,3.6666666666666665,170.50382239117104,455.54,Business,Low
TAXP02756,45,274400,1,0,0,1,-0.032,0.376,2.0,1218.14,609.07,0.0,0.0,0.0605,0.1185,0.20450000000000002,3.5,775.102169265446,1157.15,Professional,Low
TAXP03866,40,296000,1,1,0,0,0.218,0.082,4.0,908.93,227.23,0.0,0.0,0.13325,0.31575,0.1035,3.75,184.0760620640283,389.83,Salary,Low
TAXP02433,44,312200,0,1,0,1,0.182,0.183,6.0,6910.55,1151.76,0.0,0.0,0.11,0.18466666666666667,0.21133333333333335,3.8333333333333335,2649.3149022146586,6559.53,Salary,Low
TAXP04994,42,399100,1,0,30000,2,0.176,0.243,11.0,3463.6,314.87,0.0,0.0,0.127,0.17290909090909093,0.20181818181818184,4.636363636363637,479.5037122502996,1681.03,Salary,Low
TAXP04157,49,843100,1,1,0,1,-0.119,0.112,6.0,8611.44,1435.24,0.0,0.0,0.10166666666666667,0.24616666666666664,0.19699999999999998,3.5,2463.881396512422,6386.35,Salary,Low
TAXP03172,44,1067200,1,0,0,0,0.113,0.397,36.0,31881.61,885.6,1.0,0.0277777777777777,0.1294722222222222,0.23797222222222222,0.194,4.222222222222222,1127.4505528656516,4912.33,Business,Low
TAXP00137,45,814600,1,1,0,0,0.446,0.243,30.0,10752.42,358.41,0.0,0.0,0.11236666666666667,0.24193333333333333,0.23166666666666666,3.8666666666666667,387.7955704927444,1863.51,Business,Low
TAXP04030,44,748700,1,1,0,0,0.033,0.784,1.0,458.43,458.43,0.0,0.0,0.226,0.327,0.207,1.0,0.0,458.43,Salary,Low
TAXP01166,51,349700,0,0,0,0,0.072,0.238,10.0,3465.98,346.6,1.0,0.1,0.13319999999999999,0.2226,0.2113,4.5,406.4161180585457,1344.84,Business,Low
TAXP03401,23,866300,1,0,0,0,0.106,0.338,5.0,2064.8,412.96,0.0,0.0,0.155,0.198,0.16419999999999998,3.0,521.9011337408648,1342.51,Salary,Low
TAXP03122,41,742900,1,0,19300,0,0.047,0.319,10.0,5672.41,567.24,1.0,0.1,0.119,0.2353,0.21149999999999997,3.7,618.5420172461115,2134.1,Multiple,Low
TAXP04627,64,440700,1,1,0,1,-0.009,0.089,6.0,726.61,121.1,0.0,0.0,0.11066666666666668,0.21266666666666667,0.23583333333333334,4.0,93.77559008967454,287.75,Salary+Investments,Low
TAXP03871,30,658300,1,0,0,1,0.03,0.097,45.0,19626.91,436.15,3.0,0.0666666666666666,0.11764444444444445,0.23793333333333336,0.21584444444444448,4.355555555555555,562.9706165639051,2482.93,Salary,Low
TAXP00645,34,509800,0,0,0,0,0.012,0.219,25.0,9699.17,387.97,3.0,0.12,0.12560000000000002,0.17216,0.19096,4.2,622.3806654941974,2782.32,Salary,Low
TAXP02314,26,676700,1,0,0,1,0.043,0.069,54.0,20341.54,376.7,2.0,0.037037037037037,0.12705555555555556,0.22866666666666668,0.21961111111111112,3.8518518518518516,449.76488391049566,1835.16,Salary,Low
TAXP01134,60,1757800,1,1,0,0,0.047,0.187,28.0,32781.36,1170.76,0.0,0.0,0.10939285714285715,0.20367857142857143,0.21707142857142858,4.535714285714286,1336.8290831107745,6155.78,Salary+Investments,Low
TAXP02453,27,959700,1,2,0,0,-0.03,0.231,10.0,6612.35,661.24,0.0,0.0,0.060899999999999996,0.1921,0.1842,4.1,602.2347738078012,1555.57,Salary,Low
TAXP03877,42,289500,1,2,0,0,0.077,0.253,37.0,9520.38,257.31,3.0,0.081081081081081,0.1262162162162162,0.2208918918918919,0.22156756756756757,4.351351351351352,281.27631118810126,1130.5,Business,Low
TAXP00208,54,270300,1,0,14300,0,0.141,0.168,27.0,7156.16,265.04,0.0,0.0,0.10544444444444444,0.1550740740740741,0.1812962962962963,4.074074074074074,387.9857833519044,2026.14,Business,Low
TAXP04487,48,2200600,1,0,0,0,-0.141,0.117,11.0,11373.16,1033.92,1.0,0.0909090909090909,0.1080909090909091,0.11372727272727272,0.1658181818181818,3.909090909090909,1329.7926035534467,4814.34,Business,Low
TAXP01348,27,383600,1,2,7900,0,0.235,0.521,10.0,1595.08,159.51,1.0,0.1,0.1272,0.23479999999999998,0.2556,3.4,97.43420033825676,315.76,Multiple,Low
TAXP02891,53,360800,1,0,0,0,0.049,0.245,22.0,8207.36,373.06,1.0,0.0454545454545454,0.10322727272727272,0.23327272727272727,0.19586363636363638,4.0,644.2186147843231,2842.67,Salary+Business,Low
TAXP00410,21,255600,1,0,0,0,0.344,0.301,44.0,13709.6,311.58,3.0,0.0681818181818181,0.10668181818181818,0.22752272727272727,0.1428409090909091,3.590909090909091,532.059085424414,3251.14,Salary,Low
TAXP00926,42,2520300,1,0,0,1,0.167,0.169,48.0,80440.29,1675.84,2.0,0.0416666666666666,0.09593750000000001,0.1959375,0.189125,4.166666666666667,1832.5478573059481,8357.58,Salary,Low
TAXP03982,40,540700,1,2,10900,1,-0.067,0.163,14.0,3823.26,273.09,0.0,0.0,0.10314285714285713,0.25357142857142856,0.16335714285714284,4.0,213.3127785490304,767.87,Business,Low
TAXP04650,28,548300,1,1,0,0,0.035,0.308,11.0,3497.11,317.92,1.0,0.0909090909090909,0.09090909090909091,0.23736363636363633,0.19236363636363638,3.727272727272727,563.6000490854227,1937.48,Salary,Low
TAXP01076,41,765300,1,0,0,0,-0.045,0.195,12.0,2304.28,192.02,0.0,0.0,0.09949999999999999,0.22833333333333336,0.2050833333333333,3.75,158.89567700128586,514.79,Salary+Business,Low
TAXP00515,63,1148700,1,2,0,0,0.165,0.14,45.0,25068.35,557.07,3.0,0.0666666666666666,0.11331111111111111,0.21255555555555555,0.20246666666666668,4.2,566.6647604326226,2362.66,Professional,Low
TAXP04272,52,298100,1,1,3900,0,0.044,0.139,34.0,11680.7,343.55,3.0,0.088235294117647,0.13926470588235296,0.22844117647058823,0.24820588235294117,3.8823529411764706,431.3148544329831,2127.47,Business,Low
TAXP01367,39,288700,1,2,0,0,0.213,0.392,15.0,6251.46,416.76,0.0,0.0,0.0894,0.1736,0.2226,3.4,641.7122799065459,2488.9,Professional,Low
TAXP04656,57,611900,0,2,9200,0,0.201,0.087,11.0,3772.6,342.96,0.0,0.0,0.12281818181818181,0.20854545454545456,0.17345454545454544,4.181818181818182,328.43224361419595,1013.12,Salary,Low
TAXP03518,48,622500,1,0,0,0,-0.053,0.087,9.0,5952.39,661.38,0.0,0.0,0.1441111111111111,0.27744444444444444,0.22066666666666668,4.444444444444445,663.7213687421853,1890.27,Business,Low
TAXP00188,52,269200,1,0,0,0,0.104,0.256,36.0,11682.02,324.5,1.0,0.0277777777777777,0.12744444444444444,0.22619444444444448,0.17544444444444443,4.055555555555555,524.0242197453116,2666.98,Salary,Low
TAXP00487,44,370800,1,0,60700,0,0.165,0.296,16.0,5577.97,348.62,3.0,0.1875,0.1305625,0.18475,0.2228125,3.875,389.82381231728687,1431.23,Business,Medium
TAXP04769,36,221000,1,0,0,0,0.092,0.296,30.0,5830.84,194.36,1.0,0.0333333333333333,0.10186666666666667,0.23086666666666666,0.20646666666666666,3.3,236.72128563782132,1107.63,Salary+Investments,Low
TAXP01611,38,799900,1,2,0,0,0.074,0.238,21.0,13706.97,652.71,1.0,0.0476190476190476,0.10452380952380952,0.21685714285714286,0.19885714285714287,4.0476190476190474,791.5490507930816,3149.46,Business,Low
TAXP03215,42,1351800,1,2,11800,1,-0.055,0.368,6.0,3069.57,511.6,0.0,0.0,0.11266666666666668,0.18583333333333332,0.20333333333333334,4.333333333333333,542.2110229329537,1261.15,Professional,Low
TAXP03083,23,766800,1,0,0,0,0.127,0.548,20.0,12083.18,604.16,0.0,0.0,0.08814999999999999,0.21115,0.1905,4.15,726.4187811079197,2714.05,Business,Low
TAXP02107,61,1782200,1,1,0,0,0.012,0.146,15.0,14722.8,981.52,1.0,0.0666666666666666,0.12613333333333332,0.2162,0.2905333333333333,5.4,1531.1639980233526,5983.0,Salary,Low
TAXP00752,36,524000,0,2,0,0,0.114,0.026,7.0,3549.36,507.05,1.0,0.1428571428571428,0.1295714285714286,0.21114285714285713,0.171,4.428571428571429,732.9241137941585,2137.13,Salary,Medium
TAXP04276,35,492000,1,1,0,2,0.119,0.225,25.0,12936.78,517.47,2.0,0.08,0.12376,0.19912,0.19524,4.32,1150.687703999656,5776.36,Business,Low
TAXP00180,21,798500,1,1,0,0,0.26,0.35,19.0,9783.13,514.9,0.0,0.0,0.10600000000000001,0.18,0.18626315789473685,4.315789473684211,566.8335411865066,2024.5,Business,Low
TAXP03169,53,335700,0,1,0,2,0.078,0.117,19.0,4914.5,258.66,0.0,0.0,0.10078947368421053,0.16994736842105262,0.21621052631578946,3.210526315789474,261.5535351739454,1068.78,Salary,Low
TAXP03849,24,1212900,0,1,0,0,0.021,0.223,37.0,31731.03,857.6,5.0,0.1351351351351351,0.1454054054054054,0.26640540540540536,0.21032432432432432,3.810810810810811,889.3466713317472,3309.97,Business,Medium
TAXP04870,39,696400,1,0,0,1,0.171,0.042,7.0,2385.59,340.8,0.0,0.0,0.13342857142857142,0.22328571428571428,0.22585714285714284,3.5714285714285716,347.463176918484,1000.69,Salary,Low
TAXP04741,65,534900,1,0,37000,0,-0.0,0.335,17.0,9997.24,588.07,0.0,0.0,0.11223529411764706,0.2398235294117647,0.2064705882352941,4.470588235294118,943.7554290887861,2930.64,Business,Low
TAXP02329,55,734400,1,0,92400,0,0.28,0.243,8.0,2034.76,254.35,1.0,0.125,0.10400000000000001,0.096875,0.195375,2.75,186.5216515199088,492.98,Business,Medium
TAXP02997,47,272000,1,0,0,0,0.285,0.126,32.0,9761.86,305.06,3.0,0.09375,0.13728125,0.25890625,0.20509375,3.8125,409.52310306594194,1638.63,Salary,Low
TAXP04221,52,2091200,0,0,0,0,-0.012,0.049,3.0,3755.06,1251.69,0.0,0.0,0.081,0.16233333333333333,0.12666666666666668,4.333333333333333,1115.620562392668,2534.79,Salary,Low
TAXP00202,53,1790700,1,1,0,0,0.11,0.331,40.0,59599.17,1489.98,2.0,0.05,0.105925,0.1676,0.19872499999999998,3.75,2576.825423055383,14883.53,Salary+Investments,Low
TAXP04076,26,359000,1,0,0,0,-0.034,0.337,6.0,1675.06,279.18,0.0,0.0,0.15933333333333333,0.26733333333333337,0.18466666666666667,5.0,337.31051277223287,799.95,Business,Low
TAXP00445,65,507800,1,1,0,0,0.006,0.567,14.0,1739.13,124.22,2.0,0.1428571428571428,0.15257142857142858,0.2047857142857143,0.22135714285714284,4.714285714285714,87.66445675740785,269.91,Salary,Low
TAXP03403,31,389000,1,0,0,0,0.12,0.589,13.0,2440.45,187.73,1.0,0.0769230769230769,0.13699999999999998,0.23530769230769233,0.20492307692307693,4.3076923076923075,160.63486957406516,480.42,Salary,Low
TAXP02639,35,1048700,1,0,86500,1,0.135,0.264,13.0,11999.35,923.03,1.0,0.0769230769230769,0.10792307692307693,0.1906923076923077,0.2293076923076923,5.230769230769231,1181.0736830626095,3688.53,Business,Medium
TAXP00365,62,594100,0,0,0,1,0.303,0.124,9.0,5345.83,593.98,0.0,0.0,0.08311111111111111,0.15955555555555556,0.21266666666666667,3.5555555555555554,851.7320711415715,2789.39,Salary+Investments,Low
TAXP00301,31,2254500,1,0,27400,1,0.085,0.178,20.0,32122.55,1606.13,0.0,0.0,0.09459999999999999,0.1533,0.24125000000000002,4.1,4565.744911863695,20941.63,Business,Low
TAXP02894,53,403200,0,0,0,2,0.083,0.245,7.0,1332.7,190.39,1.0,0.1428571428571428,0.08585714285714285,0.18742857142857144,0.20885714285714285,3.4285714285714284,239.28478882265952,723.47,Salary,Medium
TAXP04915,36,1538700,1,0,0,0,0.285,0.363,38.0,84205.43,2215.93,4.0,0.1052631578947368,0.14402631578947367,0.22039473684210525,0.22634210526315787,4.342105263157895,5091.734429771574,26773.98,Multiple,Low
TAXP01678,65,845100,1,2,28800,1,0.123,0.178,44.0,18243.08,414.62,3.0,0.0681818181818181,0.1255,0.22840909090909092,0.2056590909090909,4.909090909090909,334.0124798842002,1450.44,Business,Medium
TAXP01619,27,820800,1,0,0,0,-0.126,0.26,5.0,5308.41,1061.68,0.0,0.0,0.081,0.19,0.302,4.0,1469.4157019951842,3391.37,Salary,Low
TAXP00384,46,264000,1,0,0,0,0.099,0.605,24.0,5214.15,217.26,1.0,0.0416666666666666,0.100375,0.21375,0.16691666666666669,3.9166666666666665,275.47812113570205,875.22,Salary+Investments,Low
TAXP00345,59,2081100,1,0,0,0,0.169,0.329,29.0,35029.66,1207.92,0.0,0.0,0.10996551724137932,0.22706896551724137,0.23027586206896553,4.137931034482759,1370.6803418243778,5521.13,Salary+Business,Low
TAXP04966,28,711600,0,0,12800,1,0.244,0.177,3.0,514.68,171.56,0.0,0.0,0.09100000000000001,0.22599999999999998,0.19666666666666666,5.666666666666667,105.17656583098727,240.06,Professional,Low
TAXP00736,65,728400,1,1,76500,1,0.04,0.315,24.0,21343.08,889.3,0.0,0.0,0.10941666666666666,0.2579166666666667,0.17454166666666668,3.875,1215.86905195241,5128.96,Business,Low
TAXP02895,28,403500,1,2,15500,2,0.282,0.119,5.0,659.01,131.8,0.0,0.0,0.1024,0.2688,0.1688,5.4,64.86416784327076,205.83,Salary,Low
TAXP02486,34,598600,1,0,6300,1,0.005,0.49,4.0,1254.55,313.64,0.0,0.0,0.0485,0.14,0.17775000000000002,4.25,485.01987563226044,1040.64,Salary+Business,Low
TAXP03489,53,693300,1,1,0,0,0.207,0.103,21.0,16534.38,787.35,0.0,0.0,0.0976190476190476,0.1933333333333333,0.17261904761904762,4.142857142857143,2292.9527574489744,10748.95,Salary,Low
TAXP00232,57,424800,1,0,157800,0,0.344,0.087,41.0,22956.19,559.91,2.0,0.048780487804878,0.11746341463414633,0.24934146341463417,0.18658536585365854,3.8536585365853657,1515.501210846174,8782.34,Professional,High
TAXP01704,62,150000,1,2,20300,0,0.092,0.143,10.0,2465.49,246.55,0.0,0.0,0.10529999999999999,0.1575,0.159,4.4,403.3283066477399,1372.2,Business,Low
TAXP04280,39,326000,1,0,0,0,-0.054,0.228,4.0,1177.4,294.35,0.0,0.0,0.0805,0.19175000000000003,0.17975000000000002,4.75,204.8424073932609,588.38,Professional,Low
TAXP00914,39,415300,0,0,147700,0,-0.069,0.164,15.0,2714.6,180.97,0.0,0.0,0.1372,0.2508,0.20826666666666668,3.533333333333333,128.63400331764464,465.67,Multiple,Medium
TAXP04774,43,1040900,1,2,41300,0,-0.065,0.159,2.0,347.55,173.78,0.0,0.0,0.0965,0.127,0.202,4.5,110.49957669602179,251.91,Business,Low
TAXP01301,41,675500,1,0,14800,0,0.278,0.175,55.0,45310.12,823.82,4.0,0.0727272727272727,0.11996363636363636,0.23434545454545452,0.19798181818181818,3.9454545454545453,1516.3665815875197,9721.88,Business,Low
TAXP02818,48,1139700,1,0,13000,0,-0.016,0.198,77.0,82260.44,1068.32,3.0,0.0389610389610389,0.12383116883116883,0.222974025974026,0.2173896103896104,4.4935064935064934,3632.9290177255916,31280.69,Salary,Low
TAXP01108,63,366800,0,1,0,1,0.226,0.345,36.0,10874.56,302.07,3.0,0.0833333333333333,0.13041666666666668,0.2187777777777778,0.22380555555555556,4.222222222222222,358.08939097683236,1401.16,Business,Low
TAXP04768,46,1394100,1,1,0,0,0.254,0.426,5.0,8720.92,1744.18,1.0,0.2,0.1736,0.3328,0.22880000000000003,5.0,2023.5131857934605,4896.71,Salary,Medium
TAXP02018,56,404100,1,1,0,0,-0.08,0.531,24.0,4745.74,197.74,1.0,0.0416666666666666,0.12433333333333334,0.22291666666666665,0.2223333333333333,3.2916666666666665,198.6789223173621,711.24,Salary+Business,Low
TAXP04335,25,985000,1,0,0,2,0.246,0.375,3.0,1158.59,386.2,0.0,0.0,0.09200000000000001,0.14866666666666667,0.26433333333333336,4.0,303.57221584547773,717.8,Salary,Low
TAXP03516,23,522000,0,1,8000,0,0.275,0.082,8.0,970.23,121.28,2.0,0.25,0.11875,0.217125,0.139625,3.125,53.16661208946296,200.4,Salary,Medium
TAXP02921,64,386500,1,2,134600,0,-0.018,0.133,24.0,7977.92,332.41,2.0,0.0833333333333333,0.11379166666666667,0.2584166666666667,0.21937500000000001,3.5416666666666665,627.202992268169,3081.56,Salary,Medium
TAXP03082,39,292500,1,1,0,0,0.165,0.569,10.0,1954.07,195.41,0.0,0.0,0.12469999999999999,0.20590000000000003,0.23090000000000002,4.5,238.57904369411827,826.83,Salary,Low
TAXP02852,47,1821200,1,0,0,1,0.05,0.255,3.0,1441.45,480.48,0.0,0.0,0.147,0.19766666666666666,0.2946666666666667,3.6666666666666665,358.1702841293975,796.84,Business,Low
TAXP01573,48,831200,1,0,0,2,0.301,0.22,79.0,64974.85,822.47,2.0,0.0253164556962025,0.11816455696202532,0.22581012658227848,0.21164556962025316,4.405063291139241,1902.490849036275,15395.11,Salary+Business,Low
TAXP03321,22,204500,0,0,0,1,0.03,0.252,34.0,7161.22,210.62,2.0,0.0588235294117647,0.11452941176470588,0.2948529411764706,0.18170588235294116,4.088235294117647,355.4690539326079,1971.17,Salary,Low
TAXP02682,40,554100,1,1,0,0,0.169,0.62,2.0,272.41,136.21,0.0,0.0,0.0595,0.1585,0.2195,3.5,16.666506832566935,147.99,Salary,Low
TAXP00715,54,558500,0,2,0,0,-0.166,0.31,12.0,7844.59,653.72,2.0,0.1666666666666666,0.11358333333333333,0.2125,0.1505,4.416666666666667,976.3168553335198,3634.74,Salary,Medium
TAXP00650,22,490700,1,0,49500,0,0.294,0.257,8.0,1777.16,222.14,0.0,0.0,0.10250000000000001,0.24,0.21712499999999998,4.0,235.81634645872805,640.14,Salary+Business,Low
TAXP03414,29,502300,1,0,0,0,-0.008,0.178,14.0,5292.99,378.07,1.0,0.0714285714285714,0.13242857142857142,0.19357142857142856,0.15257142857142858,4.214285714285714,357.17386663520455,1240.35,Salary+Business,Low
TAXP02397,57,472900,0,2,0,1,0.112,0.079,22.0,8449.45,384.07,1.0,0.0454545454545454,0.1159090909090909,0.23263636363636364,0.19645454545454547,4.7272727272727275,429.1467150349921,1535.64,Professional,Low
TAXP01441,39,402800,1,0,0,1,0.076,0.209,2.0,1252.25,626.12,0.0,0.0,0.097,0.27,0.23299999999999998,3.5,628.130024795822,1070.28,Salary,Low
TAXP04837,34,152400,0,1,0,0,0.199,0.032,23.0,5228.03,227.31,2.0,0.0869565217391304,0.1305217391304348,0.2712608695652174,0.21208695652173915,4.0,251.54338629613792,868.46,Salary,Low
TAXP04396,42,778400,1,0,0,2,-0.019,0.225,14.0,13030.12,930.72,2.0,0.1428571428571428,0.1602857142857143,0.27035714285714285,0.2557142857142857,4.285714285714286,2227.2009323102207,8588.73,Salary+Investments,Low
TAXP01039,53,1161000,1,1,10200,2,0.06,0.268,24.0,22522.68,938.44,1.0,0.0416666666666666,0.10995833333333332,0.20895833333333333,0.16766666666666666,4.166666666666667,2190.4084570076043,11051.39,Multiple,Low
TAXP00246,36,257200,1,0,0,0,-0.221,0.552,40.0,9795.14,244.88,1.0,0.025,0.10915,0.22200000000000003,0.15687500000000001,3.925,290.50310651545226,1283.53,Business,Low
TAXP04873,35,245600,1,2,0,0,0.319,0.449,67.0,21455.5,320.23,3.0,0.044776119402985,0.12204477611940298,0.24335820895522386,0.1896417910447761,4.014925373134329,550.8150400691235,3296.08,Salary,Low
TAXP03182,23,221000,1,1,0,0,0.017,0.059,33.0,6716.79,203.54,0.0,0.0,0.10375757575757576,0.20821212121212124,0.19066666666666665,4.333333333333333,197.494826124693,682.67,Salary,Low
TAXP04818,28,584600,1,0,15700,0,0.058,0.224,27.0,17737.65,656.95,4.0,0.1481481481481481,0.15007407407407405,0.2063333333333333,0.2786666666666667,4.0,848.1325958789154,3347.55,Salary+Business,Medium
TAXP03480,63,658700,1,1,0,0,0.334,0.487,28.0,14080.49,502.87,2.0,0.0714285714285714,0.12346428571428571,0.22882142857142856,0.1942142857142857,4.321428571428571,909.0645003416145,4729.17,Business,Low
TAXP03553,52,1368300,1,1,0,0,0.046,0.138,21.0,11797.14,561.77,2.0,0.0952380952380952,0.11280952380952382,0.18133333333333332,0.1926190476190476,4.333333333333333,799.8329591688862,3732.44,Salary,Low
TAXP01420,55,663200,1,0,0,0,0.047,0.472,28.0,13604.01,485.86,2.0,0.0714285714285714,0.12135714285714286,0.22835714285714287,0.20789285714285713,3.9285714285714284,748.8589939794333,3713.69,Salary+Investments,Low
TAXP01529,60,150000,1,0,0,0,0.072,0.371,8.0,7533.98,941.75,1.0,0.125,0.14525,0.21525,0.17475000000000002,3.375,1801.0638954855067,5344.05,Salary,Low
TAXP00700,31,562400,0,1,0,0,0.198,0.46,15.0,5718.84,381.26,0.0,0.0,0.11466666666666667,0.25866666666666666,0.24466666666666667,3.1333333333333333,624.1930573354003,2135.16,Professional,Low
TAXP03070,47,353700,1,0,0,0,-0.179,0.296,17.0,8900.93,523.58,2.0,0.1176470588235294,0.1254705882352941,0.2964117647058823,0.24494117647058822,4.176470588235294,641.0901536646271,2232.16,Professional,Low
TAXP01189,52,1010600,1,1,0,0,0.107,0.183,9.0,9602.11,1066.9,0.0,0.0,0.1251111111111111,0.18766666666666668,0.16055555555555556,5.222222222222222,1828.4754581443285,5736.95,Salary+Business,Low
TAXP01664,37,2372600,0,2,0,1,0.224,0.125,18.0,27400.33,1522.24,0.0,0.0,0.11888888888888889,0.2511111111111111,0.2095,3.1666666666666665,1603.7396651813985,4405.03,Professional,Low
TAXP00613,48,233200,0,0,0,0,0.277,0.271,13.0,5412.52,416.35,1.0,0.0769230769230769,0.08476923076923076,0.1633076923076923,0.16023076923076923,3.6923076923076925,1042.2256857734308,3832.67,Salary+Investments,Low
TAXP01756,45,1022200,1,0,33600,0,0.012,0.415,33.0,30775.38,932.59,2.0,0.0606060606060606,0.11769696969696969,0.2314848484848485,0.19260606060606061,4.0,1329.1100938886532,6080.4,Salary,Low
TAXP00973,63,763300,1,0,0,0,0.149,0.336,78.0,51402.72,659.01,5.0,0.0641025641025641,0.11417948717948719,0.21473076923076923,0.19514102564102564,3.91025641025641,1566.5348233301083,11150.8,Professional,Low
TAXP03709,65,586800,1,3,0,1,0.422,0.189,11.0,3565.72,324.16,0.0,0.0,0.08890909090909091,0.15654545454545454,0.1771818181818182,3.8181818181818183,297.9281050949281,1045.99,Multiple,Low
TAXP01920,50,226200,1,0,0,1,0.26,0.585,3.0,1154.75,384.92,1.0,0.3333333333333333,0.17366666666666666,0.347,0.19299999999999998,4.333333333333333,390.4070130432257,813.7,Professional,Medium
TAXP01968,60,609800,1,1,0,0,-0.142,0.166,3.0,1160.67,386.89,0.0,0.0,0.18266666666666667,0.2776666666666667,0.3276666666666667,4.333333333333333,328.7146742997641,722.54,Salary,Low
TAXP04403,21,396800,1,0,0,0,0.128,0.605,7.0,632.38,90.34,0.0,0.0,0.08542857142857144,0.20828571428571427,0.12385714285714286,3.0,52.698093893422744,189.16,Business,Low
TAXP03965,39,547100,1,3,0,1,0.038,0.321,25.0,7664.81,306.59,0.0,0.0,0.10644,0.19260000000000002,0.16576000000000002,3.92,375.7781612786991,1744.25,Salary,Low
TAXP04921,32,509800,1,2,0,0,0.267,0.608,6.0,1378.5,229.75,0.0,0.0,0.08633333333333333,0.19566666666666666,0.10666666666666667,4.5,287.568016510877,791.44,Business,Low
TAXP01861,23,1042100,1,1,0,1,0.011,0.389,11.0,8129.68,739.06,0.0,0.0,0.10309090909090908,0.20627272727272727,0.11727272727272728,4.0,1141.973309222402,3914.99,Multiple,Low
TAXP02600,53,1372700,1,0,0,0,0.315,0.271,11.0,18809.7,1709.97,0.0,0.0,0.10263636363636364,0.21854545454545454,0.21036363636363636,4.2727272727272725,2501.2631584105297,7282.18,Salary,Low
TAXP00679,62,859300,1,0,0,0,0.177,0.329,10.0,11643.29,1164.33,1.0,0.1,0.13,0.19319999999999998,0.21590000000000004,3.3,1176.854377194184,3411.85,Salary,Low
TAXP04077,26,150000,1,1,66200,0,0.237,0.348,11.0,4007.46,364.31,1.0,0.0909090909090909,0.1290909090909091,0.2298181818181818,0.21118181818181817,3.909090909090909,339.3752488430362,1070.96,Salary,Medium
TAXP00351,41,847400,1,0,0,1,0.186,0.457,33.0,16321.72,494.6,0.0,0.0,0.10748484848484849,0.2094848484848485,0.23593939393939395,4.0,867.9551922263554,5055.68,Salary,Low
TAXP02530,32,440000,1,1,0,0,0.162,0.44,16.0,4420.19,276.26,2.0,0.125,0.14925,0.25975,0.2089375,4.0625,426.24276070831985,1771.04,Salary+Business,Low
TAXP02871,52,172400,0,1,0,1,0.054,0.251,12.0,2026.3,168.86,0.0,0.0,0.10575,0.20308333333333337,0.2115,3.5,230.13330164111935,850.96,Multiple,Low
TAXP02244,43,1281300,1,2,0,0,-0.266,0.25,37.0,34224.33,924.98,1.0,0.027027027027027,0.11067567567567567,0.20516216216216215,0.2132972972972973,3.6486486486486487,1153.963811438734,3894.66,Salary,Low
TAXP00003,35,1115800,1,0,26800,0,0.144,0.075,27.0,44346.06,1642.45,0.0,0.0,0.1192962962962963,0.19770370370370371,0.2001851851851852,4.777777777777778,5242.594621444614,27081.41,Business,Low
TAXP00902,44,699800,1,1,0,0,-0.045,0.278,18.0,6501.27,361.18,2.0,0.1111111111111111,0.11844444444444445,0.25155555555555553,0.20272222222222222,4.222222222222222,373.7164030345187,1520.29,Salary,Low
TAXP02625,27,436800,1,0,4400,3,0.047,0.158,43.0,12536.62,291.55,0.0,0.0,0.10195348837209303,0.19620930232558137,0.17427906976744187,4.1395348837209305,388.19053515359565,2365.74,Business,Low
TAXP03134,33,414900,1,0,0,1,0.387,0.272,15.0,7128.37,475.22,2.0,0.1333333333333333,0.12093333333333332,0.27326666666666666,0.16693333333333332,3.533333333333333,429.0111080957273,1339.15,Professional,Low
TAXP01921,65,295700,1,4,0,0,0.191,0.231,33.0,6383.6,193.44,2.0,0.0606060606060606,0.09118181818181818,0.21309090909090908,0.1903030303030303,4.515151515151516,250.90116602496965,925.39,Salary,Low
TAXP02187,35,595400,0,0,0,2,0.05,0.107,13.0,21630.49,1663.88,1.0,0.0769230769230769,0.1473846153846154,0.20961538461538462,0.19584615384615386,5.0,4241.726664012228,15088.72,Salary+Business,Low
TAXP04303,62,386400,1,1,0,0,-0.087,0.206,15.0,5444.7,362.98,3.0,0.2,0.15366666666666667,0.2558666666666667,0.195,3.8,319.15666309823456,1016.75,Salary,Low
TAXP01220,44,1687400,1,1,0,0,-0.243,0.261,8.0,7812.95,976.62,0.0,0.0,0.1065,0.19625,0.1975,4.375,1038.8903099040342,3441.3,Salary+Investments,Low
TAXP03968,48,306400,1,1,0,2,0.383,0.194,29.0,5805.74,200.2,2.0,0.0689655172413793,0.12241379310344827,0.28010344827586203,0.1955862068965517,3.896551724137931,174.69049795034053,783.71,Business,Low
TAXP04655,44,721800,1,1,0,0,0.161,0.357,7.0,9151.53,1307.36,1.0,0.1428571428571428,0.12671428571428572,0.229,0.185,4.142857142857143,1168.4927214497113,2992.32,Salary,Low
TAXP03561,52,1089800,1,2,0,0,0.141,0.148,10.0,5670.02,567.0,1.0,0.1,0.0972,0.227,0.1879,3.4,562.1459194076452,1403.66,Professional,Low
TAXP01422,22,559000,0,0,0,0,-0.072,0.271,31.0,9090.24,293.23,3.0,0.0967741935483871,0.12316129032258065,0.24638709677419354,0.20887096774193548,4.193548387096774,359.30428957035275,1492.83,Multiple,Low
TAXP00538,29,1485300,0,2,37100,0,0.019,0.111,19.0,43409.76,2284.72,3.0,0.1578947368421052,0.1434736842105263,0.22052631578947365,0.18442105263157896,4.315789473684211,4807.39651783619,19685.77,Salary,Medium
TAXP04093,57,374600,1,0,0,0,0.06,0.109,34.0,9916.57,291.66,2.0,0.0588235294117647,0.11929411764705883,0.2207941176470588,0.2078823529411765,3.8823529411764706,463.0807786069733,2008.96,Salary,Low
TAXP04302,28,1431100,1,2,0,0,-0.013,0.317,27.0,49808.42,1844.76,1.0,0.037037037037037,0.1295185185185185,0.2152962962962963,0.19281481481481483,4.444444444444445,4393.196856458113,21922.41,Business,Low
TAXP04815,54,737200,1,0,0,0,-0.135,0.165,15.0,7253.94,483.6,1.0,0.0666666666666666,0.14320000000000002,0.26780000000000004,0.21593333333333334,4.2,1024.0061391612846,4111.38,Salary,Low
TAXP01227,45,1098400,1,0,0,0,0.131,0.289,31.0,21526.33,694.4,1.0,0.032258064516129,0.09538709677419355,0.20806451612903226,0.16241935483870967,4.32258064516129,905.0919050929201,4571.07,Salary+Business,Low
TAXP00976,63,307100,1,0,0,0,0.172,0.357,90.0,29154.91,323.94,2.0,0.0222222222222222,0.1313888888888889,0.21955555555555556,0.23279999999999998,3.888888888888889,595.6702982773274,4531.31,Salary,Low
TAXP01791,51,197000,0,2,0,2,0.252,0.181,75.0,19239.14,256.52,6.0,0.08,0.13047999999999998,0.24447999999999998,0.19344,3.7733333333333334,335.8394551000134,1829.8,Professional,Medium
TAXP02806,21,702900,1,2,0,0,0.249,0.2,4.0,3238.21,809.55,1.0,0.25,0.19474999999999998,0.41000000000000003,0.26325,6.25,689.7434520348852,1563.67,Salary,Medium
TAXP00362,46,856600,1,1,0,1,-0.018,0.078,4.0,2687.98,672.0,0.0,0.0,0.11725,0.1775,0.14100000000000001,3.25,867.1673255491123,1932.79,Salary,Low
TAXP03413,51,713500,1,1,30900,0,0.118,0.074,4.0,2848.89,712.22,0.0,0.0,0.12625,0.21525,0.20875,5.0,714.2942672958161,1661.23,Multiple,Low
TAXP01931,28,188500,1,1,0,0,0.294,0.306,7.0,920.79,131.54,1.0,0.1428571428571428,0.1325714285714286,0.18285714285714286,0.2047142857142857,4.142857142857143,110.20201063328675,339.25,Salary,Low
TAXP03041,43,1610000,1,1,0,0,0.042,0.156,6.0,6347.76,1057.96,0.0,0.0,0.10083333333333333,0.204,0.11283333333333334,2.6666666666666665,665.0542552002806,1951.65,Business,Low
TAXP01829,32,345900,1,0,0,0,-0.111,0.343,48.0,14605.45,304.28,5.0,0.1041666666666666,0.12620833333333334,0.24045833333333333,0.20835416666666665,4.020833333333333,368.8771479774203,1874.69,Salary+Investments,Low
TAXP01277,35,422100,1,0,7700,0,0.113,0.363,15.0,5246.16,349.74,1.0,0.0666666666666666,0.09773333333333332,0.25293333333333334,0.16913333333333333,4.2,351.51919615942944,1106.98,Salary,Low
TAXP04951,56,1466400,1,1,0,0,-0.111,0.391,33.0,70564.28,2138.31,1.0,0.0303030303030303,0.11251515151515151,0.21678787878787878,0.2042121212121212,4.090909090909091,5061.6858322315165,23488.57,Salary+Investments,Low
TAXP04823,30,1872800,1,0,14800,0,0.237,0.276,15.0,20885.11,1392.34,0.0,0.0,0.08673333333333333,0.1508,0.20679999999999998,3.8,2087.2977177526063,7893.58,Business,Low
TAXP02759,55,1115500,0,1,0,0,-0.021,0.251,7.0,3594.89,513.56,2.0,0.2857142857142857,0.18157142857142855,0.3261428571428571,0.17114285714285712,3.4285714285714284,505.5940481867886,1259.57,Multiple,Medium
TAXP00161,61,324400,1,3,0,0,0.13,0.158,12.0,1837.69,153.14,0.0,0.0,0.12875,0.1945,0.14583333333333334,3.6666666666666665,116.34514166973847,464.73,Salary,Low
TAXP00760,37,893900,1,2,0,0,0.341,0.388,9.0,8395.53,932.84,0.0,0.0,0.10977777777777778,0.18533333333333332,0.1421111111111111,3.6666666666666665,1321.8034876731865,4376.24,Salary,Low
TAXP00500,31,221500,1,0,7100,0,0.023,0.495,33.0,13883.28,420.71,2.0,0.0606060606060606,0.11103030303030302,0.17236363636363636,0.2056060606060606,3.515151515151515,645.1031410029083,3317.37,Business,Low
TAXP00151,38,579800,1,3,0,1,-0.102,0.242,17.0,10980.01,645.88,1.0,0.0588235294117647,0.13911764705882354,0.2427058823529412,0.18158823529411766,3.4705882352941178,886.9004702668495,2579.68,Salary+Investments,Low
TAXP01427,48,1176800,1,1,0,1,0.37,0.175,34.0,57750.15,1698.53,3.0,0.088235294117647,0.12152941176470587,0.22652941176470587,0.20232352941176468,4.088235294117647,2874.345870538004,10859.46,Business,Low
TAXP02802,23,1306700,0,2,0,2,-0.012,0.299,3.0,10009.17,3336.39,0.0,0.0,0.134,0.2683333333333333,0.11166666666666668,3.0,5353.603437200032,9517.55,Salary+Business,Low
TAXP03851,40,994800,0,0,0,0,0.114,0.245,13.0,5312.24,408.63,0.0,0.0,0.09638461538461539,0.23738461538461536,0.19823076923076924,4.6923076923076925,670.1271681496787,1895.28,Salary,Low
TAXP04153,51,852100,1,1,0,0,0.222,0.269,5.0,2750.77,550.15,0.0,0.0,0.11400000000000002,0.238,0.25780000000000003,3.8,298.636876708152,877.56,Professional,Low
TAXP00556,61,521100,0,1,0,0,0.249,0.364,18.0,17545.04,974.72,1.0,0.0555555555555555,0.12816666666666665,0.19583333333333333,0.20955555555555558,4.055555555555555,1923.6098767290814,8519.96,Salary,Low
TAXP04585,63,525500,1,0,0,0,-0.01,0.065,7.0,2497.13,356.73,0.0,0.0,0.06614285714285714,0.18928571428571428,0.15171428571428572,3.857142857142857,476.86378843838577,1403.53,Salary,Low
TAXP01305,60,542500,0,0,0,0,-0.001,0.151,107.0,48153.22,450.03,6.0,0.0560747663551401,0.12341121495327102,0.2347102803738318,0.20826168224299063,4.158878504672897,1268.9448472079675,11889.38,Salary,Low
TAXP00219,41,581600,1,1,31500,0,0.122,0.466,13.0,10435.78,802.75,1.0,0.0769230769230769,0.11738461538461539,0.17861538461538462,0.18984615384615383,4.0,742.4105703287753,2600.24,Salary,Low
TAXP02783,62,932400,1,1,6400,0,0.183,0.181,10.0,4078.7,407.87,1.0,0.1,0.0993,0.20249999999999999,0.20600000000000002,4.4,362.2974685101855,1151.36,Professional,Low
TAXP00666,29,190400,1,2,12300,1,0.138,0.422,20.0,9338.95,466.95,0.0,0.0,0.098,0.16260000000000002,0.20385,4.3,901.9066440069877,3765.37,Salary+Investments,Low
TAXP00527,39,1853100,1,0,0,0,0.03,0.233,18.0,22146.82,1230.38,1.0,0.0555555555555555,0.13522222222222224,0.22722222222222221,0.19772222222222224,4.277777777777778,1527.1906173828536,6216.62,Salary,Low
TAXP04632,25,210600,1,0,0,0,0.248,0.29,20.0,4111.41,205.57,0.0,0.0,0.1389,0.2883,0.1865,4.05,296.7285144170642,1232.9,Salary,Low
TAXP04049,47,572200,0,1,0,2,0.075,0.194,18.0,5445.18,302.51,2.0,0.1111111111111111,0.11283333333333334,0.24616666666666667,0.20777777777777778,4.777777777777778,516.3465459302673,2304.94,Salary,Low
TAXP03785,46,2418500,1,0,0,0,-0.047,0.328,7.0,6292.54,898.93,0.0,0.0,0.08328571428571428,0.25542857142857145,0.18185714285714286,5.714285714285714,791.9051851464951,2392.36,Salary,Low
TAXP00460,32,638000,1,2,0,0,0.128,0.248,29.0,16554.18,570.83,3.0,0.1034482758620689,0.12486206896551724,0.219,0.17972413793103448,3.7241379310344827,746.571112575036,2820.56,Professional,Low
TAXP00836,44,341400,0,0,0,1,0.153,0.282,12.0,3044.39,253.7,0.0,0.0,0.08691666666666666,0.15533333333333332,0.20708333333333337,4.0,229.7864915903984,785.88,Business,Low
TAXP04716,64,2111600,1,1,0,0,0.004,0.289,14.0,9889.7,706.41,1.0,0.0714285714285714,0.12242857142857143,0.17364285714285715,0.17664285714285713,4.0,746.137552491069,2202.63,Salary,Low
TAXP02128,23,445800,0,4,8400,0,-0.059,0.027,38.0,23225.37,611.19,4.0,0.1052631578947368,0.11157894736842106,0.19344736842105262,0.19486842105263158,3.6578947368421053,1278.131219022818,7045.4,Salary+Business,Medium
TAXP01247,59,483100,1,2,0,0,-0.113,0.478,10.0,5707.36,570.74,0.0,0.0,0.0995,0.1948,0.16219999999999998,4.0,834.6773758524909,2664.36,Salary,Low
TAXP04943,35,537300,0,1,9900,1,0.123,0.423,9.0,2914.45,323.83,0.0,0.0,0.08655555555555555,0.15666666666666665,0.22566666666666668,4.444444444444445,318.42106038144595,1058.77,Salary,Low
TAXP03191,57,233500,1,3,0,0,-0.093,0.348,16.0,5188.7,324.29,0.0,0.0,0.1040625,0.2108125,0.216375,4.3125,315.5405712714822,1001.64,Salary,Low
TAXP00173,39,468400,1,0,0,0,-0.09,0.223,17.0,13231.66,778.33,1.0,0.0588235294117647,0.11794117647058823,0.23270588235294118,0.16776470588235293,4.0,1188.357044982508,4746.08,Professional,Low
TAXP02284,45,793400,1,2,58300,0,-0.015,0.434,19.0,12732.92,670.15,0.0,0.0,0.1261578947368421,0.22321052631578944,0.18305263157894736,3.6315789473684212,1062.883088742912,3965.84,Business,Low
TAXP00621,58,473300,1,0,38300,0,-0.229,0.369,25.0,10853.72,434.15,0.0,0.0,0.12904,0.21248,0.26144,4.4,503.17597398358896,1674.27,Professional,Low
TAXP01290,34,1176600,1,0,0,1,-0.151,0.207,11.0,5041.51,458.32,2.0,0.1818181818181818,0.12509090909090909,0.24045454545454545,0.15681818181818183,4.545454545454546,500.60428820485635,1896.04,Salary,Low
TAXP01878,24,2390800,1,0,0,0,0.119,0.35,2.0,806.98,403.49,0.0,0.0,0.0355,0.0875,0.3345,5.0,54.71592272821505,442.18,Salary+Investments,Low
TAXP00852,47,456800,0,3,0,0,-0.038,0.138,40.0,7698.63,192.47,0.0,0.0,0.10035000000000001,0.20245000000000002,0.2042,4.0,294.4860188478546,1782.04,Business,Low
TAXP00951,59,187900,1,1,0,0,0.044,0.318,20.0,5191.14,259.56,0.0,0.0,0.1083,0.21745,0.17170000000000002,3.6,425.2239809559193,2018.97,Salary,Low
TAXP02913,61,649500,1,0,7500,0,0.256,0.135,1.0,70.15,70.15,0.0,0.0,0.118,0.131,0.183,3.0,0.0,70.15,Salary,Low
TAXP00656,23,818100,1,1,61600,0,0.044,0.404,13.0,8586.08,660.47,3.0,0.2307692307692307,0.1863846153846154,0.28946153846153844,0.19346153846153846,3.8461538461538463,753.2407544863931,2243.7,Salary+Business,Medium
TAXP00240,34,444000,1,3,0,0,0.419,0.626,29.0,9554.33,329.46,1.0,0.0344827586206896,0.12396551724137932,0.21724137931034482,0.19520689655172416,3.9655172413793105,377.4325669051243,1557.84,Professional,Low
TAXP00842,42,666900,1,1,0,0,0.403,0.454,5.0,6369.68,1273.94,0.0,0.0,0.11059999999999999,0.2766,0.1092,3.6,2261.863542718703,5311.27,Business,Low
TAXP00761,52,1598400,1,1,0,1,0.024,0.039,7.0,13739.12,1962.73,0.0,0.0,0.095,0.24100000000000002,0.20657142857142857,4.428571428571429,1963.0448269073277,4839.29,Salary,Low
TAXP04136,27,419200,1,2,0,0,-0.058,0.266,5.0,681.22,136.24,0.0,0.0,0.0848,0.2298,0.1934,3.6,127.78177424812976,334.63,Business,Low
TAXP03764,24,994300,1,0,3200,0,-0.087,0.622,12.0,6423.07,535.26,2.0,0.1666666666666666,0.15216666666666667,0.27191666666666664,0.20099999999999998,3.8333333333333335,686.7444669063707,2535.7,Business,Low
TAXP01251,25,1304300,1,0,0,1,0.03,0.172,2.0,711.48,355.74,0.0,0.0,0.0865,0.1425,0.3005,5.0,48.45095664690223,390.0,Salary,Low
TAXP00697,51,150000,1,1,0,0,0.152,0.286,9.0,2661.75,295.75,2.0,0.2222222222222222,0.18133333333333332,0.30433333333333334,0.18000000000000002,4.0,326.09238863395757,1008.69,Salary,Medium
TAXP03327,40,990600,1,2,0,1,0.166,0.06,4.0,2040.47,510.12,1.0,0.25,0.17125,0.1295,0.30275,3.75,483.5871283353876,1182.74,Professional,Medium
TAXP04325,46,332000,1,0,0,0,0.348,0.427,36.0,7675.46,213.21,1.0,0.0277777777777777,0.1066388888888889,0.19038888888888889,0.22775,3.6944444444444446,248.670555332163,1373.86,Salary,Low
TAXP04977,30,723200,1,0,0,2,-0.257,0.212,23.0,16003.53,695.81,1.0,0.0434782608695652,0.11134782608695652,0.2270434782608696,0.21078260869565216,3.391304347826087,895.6817677096647,2810.48,Multiple,Low
TAXP02916,50,2636200,1,1,0,2,0.034,0.148,11.0,19898.22,1808.93,0.0,0.0,0.10445454545454545,0.28754545454545455,0.17118181818181818,4.454545454545454,2682.4908819694224,9547.5,Business,Low
TAXP03857,47,284200,1,0,0,0,-0.228,0.378,14.0,2810.48,200.75,1.0,0.0714285714285714,0.12285714285714286,0.26171428571428573,0.19121428571428573,4.214285714285714,174.98295520760533,580.0,Salary+Investments,Low
TAXP01496,52,293600,0,0,88500,0,0.26,0.145,3.0,150.0,50.0,1.0,0.3333333333333333,0.14133333333333334,0.3026666666666667,0.19000000000000003,3.3333333333333335,0.0,50.0,Salary,High
TAXP03904,37,550400,1,1,0,0,0.184,0.147,15.0,7712.66,514.18,0.0,0.0,0.1322,0.2624666666666667,0.21473333333333333,3.8,937.8861045264556,2836.74,Salary+Business,Low
TAXP04881,43,440200,1,1,7100,0,0.901,0.292,44.0,13222.98,300.52,4.0,0.0909090909090909,0.12415909090909091,0.2340909090909091,0.1849318181818182,3.8181818181818183,452.1903813242343,1955.33,Salary+Business,Low
TAXP01151,43,742100,1,0,0,1,-0.042,0.257,35.0,15456.45,441.61,2.0,0.0571428571428571,0.11142857142857143,0.21159999999999998,0.1678,4.6,556.1005194290359,2165.56,Salary,Low
TAXP01034,61,921800,0,1,0,0,0.02,0.093,34.0,27211.01,800.32,1.0,0.0294117647058823,0.12458823529411764,0.25026470588235294,0.1866764705882353,4.029411764705882,1043.3762295228996,4341.53,Business,Low
TAXP03551,37,380800,1,0,0,0,0.194,0.42,13.0,3925.12,301.93,0.0,0.0,0.12276923076923077,0.27899999999999997,0.22076923076923077,5.0,436.41143231194593,1589.16,Salary,Low
TAXP04451,63,373700,1,0,23100,0,0.398,0.341,8.0,3523.45,440.43,0.0,0.0,0.108375,0.188,0.20625,4.75,488.45261137121287,1531.96,Professional,Low
TAXP03206,34,507800,1,1,0,0,-0.058,0.173,11.0,7058.09,641.64,0.0,0.0,0.1010909090909091,0.23190909090909093,0.19954545454545453,3.3636363636363638,1010.0949609354918,2748.21,Professional,Low
TAXP04850,55,661600,1,2,0,0,0.138,0.483,4.0,1802.57,450.64,0.0,0.0,0.07150000000000001,0.23199999999999998,0.13475,3.25,295.43195565984394,797.15,Salary+Business,Low
TAXP03200,25,481000,1,1,6600,0,0.198,0.356,6.0,2845.45,474.24,0.0,0.0,0.17783333333333332,0.266,0.149,5.166666666666667,632.9465239154622,1691.01,Salary,Low
TAXP00418,60,1690700,0,0,0,0,-0.086,0.28,8.0,12861.95,1607.74,1.0,0.125,0.1115,0.220875,0.16899999999999998,3.875,2633.8694561420875,7835.97,Salary,Low
TAXP00458,58,353600,1,1,0,0,0.264,0.177,35.0,7547.55,215.64,0.0,0.0,0.11742857142857144,0.1908,0.21102857142857143,4.628571428571429,258.2758922193101,1182.49,Salary+Investments,Low
TAXP02211,25,1148300,1,2,25200,0,-0.063,0.16,30.0,27516.6,917.22,1.0,0.0333333333333333,0.12743333333333334,0.2196,0.21613333333333334,3.7333333333333334,1076.1907863065148,4485.59,Salary+Investments,Low
TAXP00071,34,259400,1,0,0,0,0.204,0.293,11.0,3262.77,296.62,0.0,0.0,0.08163636363636363,0.1901818181818182,0.21554545454545454,3.909090909090909,360.4297157384123,1227.94,Professional,Low
TAXP01215,35,150000,1,1,0,0,0.16,0.349,38.0,14236.6,374.65,5.0,0.131578947368421,0.1395,0.2314736842105263,0.1778157894736842,4.131578947368421,942.3745006033865,5654.01,Salary,Low
TAXP04488,65,305100,1,1,0,0,0.126,0.213,19.0,9581.32,504.28,1.0,0.0526315789473684,0.1278421052631579,0.21063157894736842,0.2006842105263158,4.052631578947368,588.0648835989292,1829.4,Multiple,Low
TAXP00804,21,854100,0,0,15000,1,0.201,0.223,20.0,13261.14,663.06,2.0,0.1,0.11174999999999999,0.2238,0.2091,4.15,1085.1048203507444,4600.64,Business,Medium
TAXP01072,52,291300,1,0,0,2,-0.014,0.199,25.0,5956.76,238.27,1.0,0.04,0.1274,0.21472000000000002,0.22524,3.52,227.88075647291208,1113.56,Salary,Low
TAXP03299,54,473000,1,1,0,0,0.073,0.4,34.0,16936.7,498.14,2.0,0.0588235294117647,0.1275294117647059,0.2036764705882353,0.20882352941176469,3.6176470588235294,879.4890980786604,4810.53,Salary,Low
TAXP01673,48,716400,1,0,0,0,0.276,0.029,4.0,2470.07,617.52,0.0,0.0,0.08625,0.184,0.15875,4.0,740.4719843620013,1712.96,Business,Low
TAXP02283,42,1440200,1,1,0,0,-0.02,0.619,37.0,30965.35,836.9,2.0,0.054054054054054,0.11354054054054052,0.2151081081081081,0.18513513513513513,3.4594594594594597,1205.6571105928597,6304.57,Business,Low
TAXP03212,41,621800,1,0,12200,0,0.16,0.547,23.0,17530.97,762.22,1.0,0.0434782608695652,0.1506086956521739,0.26643478260869563,0.21482608695652172,3.5652173913043477,1782.9706103623275,8547.52,Salary,Low
TAXP03424,47,321300,1,0,0,0,0.085,0.149,48.0,20259.35,422.07,1.0,0.0208333333333333,0.11860416666666666,0.253375,0.209,3.625,592.9188383821738,2359.34,Salary,Low
TAXP03593,49,2377200,1,1,0,0,0.062,0.243,15.0,42106.47,2807.1,0.0,0.0,0.08866666666666667,0.16353333333333336,0.1588,3.533333333333333,5055.629215995911,19787.9,Salary+Business,Low
TAXP04013,27,1065900,1,0,3800,0,0.2,0.607,6.0,1642.15,273.69,0.0,0.0,0.10183333333333333,0.24749999999999997,0.15866666666666668,3.5,184.63088738525488,560.89,Business,Low
TAXP00347,57,424700,1,1,17100,0,-0.085,0.165,22.0,10216.12,464.37,0.0,0.0,0.13363636363636364,0.2169090909090909,0.2129090909090909,3.6363636363636362,701.1569860350826,2849.22,Salary,Low
TAXP03461,35,699400,1,0,13200,0,0.158,0.315,20.0,6522.46,326.12,0.0,0.0,0.119,0.21135,0.23010000000000003,4.35,314.9709653803531,1328.9,Salary,Low
TAXP00369,40,751900,0,1,2000,2,0.289,0.206,22.0,10783.67,490.17,3.0,0.1363636363636363,0.13777272727272727,0.21959090909090911,0.24645454545454545,4.181818181818182,710.5922852059089,2328.6,Salary+Business,Medium
TAXP01248,55,176900,1,0,0,1,-0.124,0.062,44.0,18758.99,426.34,1.0,0.0227272727272727,0.12240909090909091,0.23327272727272727,0.17772727272727273,4.25,757.077853648864,4702.23,Business,Low
TAXP03045,29,751100,1,2,21700,1,0.213,0.089,12.0,5319.07,443.26,0.0,0.0,0.13041666666666665,0.21375,0.30191666666666667,4.25,750.8018113197787,2690.73,Professional,Low
TAXP00380,22,467500,1,2,0,1,0.093,0.246,20.0,5262.84,263.14,1.0,0.05,0.0985,0.24300000000000002,0.13679999999999998,3.8,333.1073398139025,1452.97,Salary,Low
TAXP00053,24,227700,1,1,0,1,0.155,0.542,4.0,700.03,175.01,0.0,0.0,0.11275,0.14925,0.25875000000000004,4.25,99.39599367345411,287.64,Salary,Low
TAXP00523,57,1700600,0,2,0,1,0.2,0.229,14.0,15611.56,1115.11,0.0,0.0,0.10964285714285714,0.23857142857142857,0.22100000000000003,4.428571428571429,1167.0298250875835,3533.56,Salary,Low
TAXP02316,39,846200,1,2,46500,0,0.244,0.233,12.0,1922.87,160.24,2.0,0.1666666666666666,0.08025,0.20074999999999998,0.22558333333333333,3.8333333333333335,118.33912604793005,415.3,Salary,Medium
TAXP03759,62,865100,0,0,0,0,-0.016,0.164,12.0,11468.1,955.68,1.0,0.0833333333333333,0.13425,0.2629166666666667,0.21391666666666667,3.5,1828.8880124247382,6428.25,Business,Low
TAXP01254,58,807900,1,1,0,1,-0.1,0.34,60.0,42079.68,701.33,2.0,0.0333333333333333,0.10553333333333333,0.21513333333333332,0.19223333333333334,3.8333333333333335,847.212697208432,3694.14,Salary,Low
TAXP03674,26,161700,1,0,0,0,-0.147,0.204,2.0,950.76,475.38,0.0,0.0,0.172,0.22799999999999998,0.264,3.5,601.5781651622672,900.76,Business,Low
TAXP02595,55,204200,1,0,0,1,0.077,0.138,4.0,3413.98,853.5,1.0,0.25,0.1335,0.30025,0.1355,4.25,1403.4258659081356,2953.85,Salary,Medium
TAXP02875,33,707100,1,3,32100,1,0.207,0.088,23.0,8567.73,372.51,1.0,0.0434782608695652,0.1151304347826087,0.17617391304347824,0.21500000000000002,4.086956521739131,428.2820656572446,1938.4,Salary,Medium
TAXP02803,64,1219800,1,0,0,0,0.061,0.204,37.0,42139.9,1138.92,2.0,0.054054054054054,0.11256756756756757,0.20035135135135135,0.21154054054054053,3.891891891891892,1646.7488426397283,7316.03,Business,Low
TAXP03797,63,196800,0,2,0,0,0.224,0.221,74.0,20628.87,278.77,8.0,0.1081081081081081,0.13948648648648648,0.2638918918918919,0.17054054054054055,4.04054054054054,342.1962709887149,1544.7,Salary,Medium
TAXP02623,43,1966200,1,0,63000,0,-0.025,0.058,7.0,6931.53,990.22,0.0,0.0,0.10485714285714286,0.18885714285714286,0.27399999999999997,3.2857142857142856,1058.7165191153008,3190.08,Salary+Investments,Low
TAXP03442,59,672100,1,1,0,1,0.039,0.23,13.0,4645.6,357.35,2.0,0.1538461538461538,0.14246153846153847,0.19799999999999998,0.26892307692307693,3.4615384615384617,314.32546652947855,1260.33,Salary+Investments,Low
TAXP00846,55,845700,1,1,0,0,0.108,0.273,5.0,637.0,127.4,1.0,0.2,0.1472,0.29100000000000004,0.2166,5.2,45.96688427553036,173.78,Salary+Business,Medium
TAXP03225,46,781000,1,1,2200,0,0.224,0.45,21.0,15414.16,734.01,1.0,0.0476190476190476,0.12299999999999998,0.20180952380952383,0.21395238095238098,4.619047619047619,714.5907815869497,3079.56,Business,Low
TAXP03991,26,797200,1,0,30300,0,0.01,0.228,15.0,14992.8,999.52,0.0,0.0,0.14146666666666666,0.21926666666666664,0.2184,3.3333333333333335,1944.0906187139087,7832.5,Salary,Low
TAXP01798,51,584300,1,1,0,2,0.056,0.289,35.0,15905.75,454.45,2.0,0.0571428571428571,0.12405714285714285,0.19854285714285713,0.17534285714285716,4.428571428571429,616.1543245667866,3412.11,Salary,Low
TAXP01588,62,1281500,1,1,4400,0,0.084,0.19,11.0,18519.13,1683.56,0.0,0.0,0.1260909090909091,0.23345454545454547,0.20463636363636362,3.909090909090909,2343.5145343611202,7663.38,Professional,Low
TAXP01627,60,150000,1,0,0,0,0.185,0.214,21.0,4299.2,204.72,1.0,0.0476190476190476,0.1148095238095238,0.20442857142857143,0.17442857142857143,4.190476190476191,167.76511381917848,598.64,Business,Low
TAXP00102,35,1656400,1,0,0,1,-0.091,0.038,17.0,12692.53,746.62,2.0,0.1176470588235294,0.11911764705882352,0.2046470588235294,0.20594117647058824,5.0,681.9261502581363,2299.33,Salary,Low
TAXP03873,55,456700,0,1,0,2,0.11,0.31,18.0,5793.24,321.85,1.0,0.0555555555555555,0.1318888888888889,0.2515,0.18727777777777777,4.055555555555555,524.3476284477919,2006.7,Salary,Low
TAXP04727,53,515700,1,1,0,0,0.22,0.521,42.0,19726.79,469.69,4.0,0.0952380952380952,0.1441904761904762,0.22728571428571426,0.22847619047619047,3.857142857142857,852.8860198723332,5431.89,Salary,Low
TAXP00496,43,1274800,1,2,0,1,0.217,0.176,7.0,6816.69,973.81,0.0,0.0,0.11471428571428573,0.23185714285714284,0.25214285714285717,3.4285714285714284,1003.2588474020433,2785.07,Business,Low
TAXP04375,62,1221000,1,1,0,1,0.186,0.388,32.0,23974.45,749.2,0.0,0.0,0.10709375,0.2135,0.1663125,4.03125,840.3037426454385,3264.76,Salary,Low
TAXP01430,24,1111800,1,1,0,0,0.097,0.105,14.0,11478.67,819.9,1.0,0.0714285714285714,0.11071428571428572,0.2665,0.141,4.714285714285714,900.7521084221357,2873.65,Salary+Investments,Low
TAXP00042,58,961100,1,1,244100,0,0.201,0.156,3.0,4550.84,1516.95,0.0,0.0,0.09699999999999999,0.17466666666666666,0.24866666666666667,2.3333333333333335,2015.3010248926419,3843.18,Salary,Medium
TAXP03458,23,329600,1,1,0,0,-0.088,0.173,7.0,882.11,126.02,0.0,0.0,0.12328571428571429,0.2672857142857143,0.20914285714285713,3.5714285714285716,118.87210968896262,302.17,Professional,Low
TAXP02668,54,534600,1,1,0,1,0.054,0.535,39.0,7296.14,187.08,1.0,0.0256410256410256,0.11428205128205128,0.2006666666666667,0.19864102564102565,3.9743589743589745,164.37803709339474,704.07,Business,Low
TAXP02541,39,918500,1,0,7300,0,0.004,0.522,8.0,5161.11,645.14,1.0,0.125,0.11649999999999999,0.256,0.239125,3.25,683.1922419774791,2279.25,Multiple,Low
TAXP04528,46,744600,1,1,0,1,0.09,0.452,47.0,31760.6,675.76,1.0,0.0212765957446808,0.10831914893617021,0.26355319148936174,0.20604255319148934,3.723404255319149,894.2317267461642,4509.03,Salary,Low
TAXP04575,63,1378900,1,0,0,1,-0.098,0.436,13.0,13679.18,1052.24,1.0,0.0769230769230769,0.1353076923076923,0.18130769230769234,0.24561538461538462,4.0,1241.0149112293493,4644.9,Salary,Low
TAXP01088,31,213900,1,1,0,0,0.25,0.392,91.0,29661.88,325.95,5.0,0.0549450549450549,0.1167032967032967,0.19913186813186812,0.16390109890109889,4.010989010989011,639.6716001048951,5455.98,Salary,Low
TAXP00596,21,479100,1,1,0,0,-0.108,0.458,47.0,17682.22,376.22,5.0,0.1063829787234042,0.13746808510638298,0.22397872340425531,0.1976808510638298,4.404255319148936,524.6633511511602,2130.69,Salary+Investments,Low
TAXP01246,57,682600,1,1,0,0,0.034,0.129,23.0,17577.31,764.23,0.0,0.0,0.10995652173913043,0.22026086956521737,0.1882173913043478,4.173913043478261,1480.722832074417,6955.54,Business,Low
TAXP00198,52,489200,1,2,0,0,0.301,0.249,25.0,8994.04,359.76,1.0,0.04,0.12308,0.22576000000000002,0.21924,4.2,459.75395228208754,1894.22,Salary,Low
TAXP00307,40,510900,1,1,3100,1,-0.007,0.297,4.0,844.01,211.0,0.0,0.0,0.10400000000000001,0.1915,0.15625,3.5,278.1214351531839,625.35,Salary+Business,Low
TAXP00765,56,830800,1,0,0,0,-0.045,0.295,14.0,8355.63,596.83,1.0,0.0714285714285714,0.11914285714285713,0.255,0.18807142857142858,4.0,845.49914265038,2931.59,Salary,Low
TAXP04783,42,352400,0,0,16300,0,0.137,0.2,23.0,12227.09,531.61,0.0,0.0,0.11682608695652173,0.22917391304347826,0.18660869565217392,4.0,651.8120835180629,2300.46,Business,Low
TAXP00969,51,1264600,1,1,45500,0,-0.11,0.239,18.0,17698.91,983.27,1.0,0.0555555555555555,0.10833333333333334,0.1845,0.13827777777777778,4.222222222222222,1703.9525658297277,6759.36,Salary+Business,Low
TAXP00299,53,183500,0,2,9400,0,-0.012,0.272,32.0,12403.24,387.6,2.0,0.0625,0.13690625,0.187375,0.21309375,4.03125,704.2354672461614,3751.68,Salary,Low
TAXP01841,34,425900,1,2,0,2,0.155,0.197,16.0,4793.12,299.57,1.0,0.0625,0.1299375,0.2315625,0.178125,4.0,600.9807240280951,2461.12,Salary,Low
TAXP00986,27,1024500,0,1,41800,1,-0.075,0.493,32.0,20574.85,642.96,1.0,0.03125,0.11325,0.229875,0.1639375,4.21875,894.1182355452643,4293.5,Multiple,Medium
TAXP02691,60,258700,1,0,0,0,0.183,0.202,40.0,9628.28,240.71,1.0,0.025,0.109325,0.1965,0.15925,4.3,362.31421371865076,1830.09,Business,Low
TAXP01013,53,453200,1,1,11600,0,0.192,0.112,18.0,4082.04,226.78,0.0,0.0,0.09427777777777778,0.19816666666666669,0.17122222222222222,3.8333333333333335,274.22789863220567,1235.23,Salary,Low
TAXP03841,51,240200,1,2,0,1,-0.163,0.373,27.0,10045.65,372.06,0.0,0.0,0.1365925925925926,0.28540740740740744,0.207,4.111111111111111,633.0474475250245,2849.16,Salary,Low
TAXP02092,21,1022600,1,0,0,0,0.045,0.128,7.0,7082.81,1011.83,0.0,0.0,0.10728571428571429,0.214,0.222,4.285714285714286,1506.1107466362932,4389.87,Professional,Low
TAXP02378,31,392900,0,1,11300,0,0.089,0.449,30.0,7098.84,236.63,2.0,0.0666666666666666,0.12143333333333332,0.1988,0.23076666666666668,4.066666666666666,237.6118781194414,1073.25,Professional,Low
TAXP02177,64,919000,1,1,0,0,0.122,0.322,33.0,32668.39,989.95,1.0,0.0303030303030303,0.13627272727272727,0.2278181818181818,0.21263636363636365,4.878787878787879,2353.0011223790857,13498.94,Salary,Low
TAXP03696,44,368100,1,1,0,0,0.234,0.623,1.0,91.5,91.5,0.0,0.0,0.021,0.265,0.037,4.0,0.0,91.5,Salary+Investments,Low
TAXP02647,39,2117600,0,1,0,0,0.061,0.168,18.0,20851.22,1158.4,1.0,0.0555555555555555,0.12533333333333335,0.2596111111111111,0.18811111111111112,3.7222222222222223,1682.967725054513,6086.93,Salary,Low
TAXP01814,58,646700,1,0,0,0,0.03,0.091,19.0,8012.11,421.69,1.0,0.0526315789473684,0.09705263157894738,0.23578947368421055,0.20084210526315788,3.6315789473684212,481.5319223524484,1956.71,Professional,Low
TAXP03428,33,948700,0,1,0,1,0.299,0.478,9.0,12556.17,1395.13,0.0,0.0,0.08144444444444444,0.16466666666666666,0.16044444444444445,4.0,2124.084837235792,6494.67,Salary+Business,Low
TAXP03625,42,620800,0,2,0,0,0.183,0.486,59.0,20897.86,354.2,3.0,0.0508474576271186,0.13064406779661017,0.24247457627118643,0.19610169491525425,4.0508474576271185,443.5656070576993,2445.36,Salary,Medium
TAXP04738,30,1242500,1,1,0,0,-0.322,0.338,6.0,2274.12,379.02,0.0,0.0,0.12433333333333334,0.22116666666666665,0.20450000000000002,5.166666666666667,326.6344962186327,830.37,Business,Low
TAXP04794,35,606500,1,0,0,1,0.229,0.043,41.0,18834.11,459.37,6.0,0.1463414634146341,0.13214634146341464,0.26209756097560977,0.24041463414634145,3.341463414634146,691.237180957307,2686.98,Salary,Low
TAXP03155,39,419500,1,1,2700,0,0.444,0.208,19.0,3731.6,196.4,1.0,0.0526315789473684,0.0901578947368421,0.1731578947368421,0.1773157894736842,3.8421052631578947,235.3190871278118,977.45,Salary,Low
TAXP02791,43,1886100,1,1,0,1,0.074,0.231,25.0,28657.94,1146.32,1.0,0.04,0.14392,0.21696,0.26839999999999997,4.28,1087.1314674380462,4589.89,Salary,Low
TAXP02009,43,1529800,0,1,0,0,0.122,0.106,4.0,9801.72,2450.43,0.0,0.0,0.14825,0.16699999999999998,0.28275,2.25,1601.5328269712948,3735.5,Salary,Low
TAXP01426,51,337200,0,0,0,0,0.2,0.171,25.0,3438.17,137.53,3.0,0.12,0.13216,0.23384,0.18231999999999998,4.36,112.31107313024245,533.3,Salary,Low
TAXP01950,57,2745400,1,0,0,0,0.485,0.386,11.0,25112.82,2282.98,2.0,0.1818181818181818,0.14445454545454545,0.2611818181818182,0.21818181818181817,3.8181818181818183,1712.638493496352,5871.81,Professional,Medium
TAXP02349,44,1916800,0,2,15100,0,0.196,0.161,12.0,16159.83,1346.65,0.0,0.0,0.10083333333333333,0.14366666666666666,0.16541666666666668,4.5,922.7183705682307,3473.85,Business,Low
TAXP04548,24,1590500,0,1,0,0,-0.168,0.379,30.0,39731.37,1324.38,1.0,0.0333333333333333,0.13236666666666666,0.23636666666666667,0.22843333333333332,4.1,1532.0542855340025,7509.87,Multiple,Low
TAXP02425,64,699000,0,2,34500,1,0.218,0.547,32.0,18873.09,589.78,1.0,0.03125,0.11471875,0.20871875,0.204125,4.09375,981.2696903201628,5373.9,Salary,Medium
TAXP02317,59,528200,1,0,0,0,0.339,0.25,70.0,31497.58,449.97,1.0,0.0142857142857142,0.10277142857142857,0.21568571428571426,0.18854285714285715,3.7714285714285714,893.1374813213909,4454.68,Salary,Low
TAXP02544,52,1145900,1,1,0,0,0.042,0.427,44.0,38085.92,865.59,4.0,0.0909090909090909,0.12618181818181817,0.20877272727272728,0.21404545454545454,4.4772727272727275,1050.369713025378,5700.9,Salary,Low
TAXP01009,28,1120400,0,3,0,0,-0.19,0.351,80.0,90551.69,1131.9,5.0,0.0625,0.1203625,0.2365875,0.21342500000000003,3.7625,3319.9094844392375,28302.53,Salary,Medium
TAXP01650,64,394300,0,1,0,0,-0.021,0.244,9.0,2649.61,294.4,0.0,0.0,0.09444444444444444,0.15388888888888888,0.1867777777777778,4.222222222222222,506.4781343859881,1637.86,Salary,Low
TAXP04731,59,580900,1,0,0,1,-0.072,0.343,53.0,30487.39,575.23,0.0,0.0,0.08573584905660377,0.2338490566037736,0.1738490566037736,3.830188679245283,1404.2654640131623,9103.97,Professional,Low
TAXP04206,53,540100,1,1,0,1,-0.016,0.271,9.0,1118.28,124.25,0.0,0.0,0.10755555555555556,0.20177777777777778,0.21844444444444444,4.555555555555555,117.89824203523987,411.22,Business,Low
TAXP01102,56,1011400,0,0,0,0,0.189,0.496,10.0,3857.87,385.79,0.0,0.0,0.1351,0.2048,0.1915,4.5,320.6384830667294,853.61,Business,Low
TAXP04646,31,356200,1,1,13900,0,0.287,0.094,5.0,1176.52,235.3,1.0,0.2,0.1222,0.24299999999999997,0.2284,3.4,215.6640411148785,574.21,Salary,Medium
TAXP04912,40,932000,1,1,18600,0,0.185,0.197,3.0,1346.37,448.79,0.0,0.0,0.08800000000000001,0.14833333333333334,0.17366666666666664,4.0,231.57408814459362,588.41,Salary+Business,Low
TAXP00354,40,1167800,1,1,21800,1,0.146,0.199,11.0,5873.57,533.96,0.0,0.0,0.11218181818181817,0.2618181818181818,0.1700909090909091,4.454545454545454,801.7750243485332,2816.86,Professional,Low
TAXP00885,53,295800,1,0,0,1,-0.003,0.126,39.0,9733.93,249.59,1.0,0.0256410256410256,0.10433333333333333,0.22223076923076923,0.20210256410256408,3.7435897435897436,376.99094370791823,1927.22,Business,Low
TAXP02445,32,1172500,0,2,0,1,0.131,0.292,7.0,2933.13,419.02,0.0,0.0,0.13299999999999998,0.1832857142857143,0.21614285714285714,4.0,290.73735973833675,855.53,Salary+Investments,Low
TAXP04546,23,660000,1,0,0,1,0.353,0.138,20.0,8210.82,410.54,3.0,0.15,0.13555,0.2638,0.2113,4.3,507.44322952269357,1850.13,Multiple,Low
TAXP02258,44,776300,1,1,0,0,-0.102,0.702,27.0,17481.57,647.47,2.0,0.074074074074074,0.1404074074074074,0.24633333333333332,0.18174074074074073,4.555555555555555,1143.72594278973,5270.08,Business,Low
TAXP02108,47,305800,1,1,0,0,0.053,0.354,2.0,393.03,196.52,0.0,0.0,0.07700000000000001,0.117,0.0475,3.0,207.203500091094,343.03,Salary,Low
TAXP03649,37,1739800,1,0,0,0,-0.002,0.232,38.0,66346.25,1745.95,2.0,0.0526315789473684,0.12713157894736843,0.24839473684210525,0.20642105263157895,3.9473684210526314,2081.344565728943,9267.87,Salary,Low
TAXP01054,57,3780000,1,1,0,0,0.172,0.349,25.0,104770.43,4190.82,1.0,0.04,0.13964000000000001,0.2278,0.19524,4.16,14331.011745965608,72344.98,Business,Low
TAXP04079,22,488900,1,0,0,0,0.058,0.17,8.0,3165.29,395.66,0.0,0.0,0.1255,0.21537499999999998,0.17125,4.625,642.9866024473494,1873.97,Business,Low
TAXP04494,30,323300,1,1,0,0,0.502,0.558,122.0,42486.08,348.25,3.0,0.0245901639344262,0.11182786885245902,0.20197540983606557,0.20700000000000002,3.9918032786885247,871.9138819318141,8598.32,Salary,Low
TAXP04032,42,466200,1,0,0,0,0.112,0.11,4.0,1999.84,499.96,0.0,0.0,0.12325,0.2955,0.14700000000000002,4.5,350.70039112229875,889.05,Business,Low
TAXP00936,27,993700,0,1,6200,0,-0.166,0.021,31.0,36054.18,1163.04,2.0,0.064516129032258,0.12080645161290322,0.2753548387096774,0.18693548387096773,4.516129032258065,2332.5308136520143,12369.88,Salary,Low
TAXP02391,27,158400,1,0,33000,0,0.138,0.339,4.0,555.77,138.94,0.0,0.0,0.07125,0.219,0.15625,5.5,120.85479424361561,314.81,Business,Low
TAXP02908,57,659400,1,1,9200,0,0.038,0.341,9.0,1359.2,151.02,0.0,0.0,0.08933333333333333,0.22455555555555554,0.18922222222222224,3.888888888888889,101.78723505157434,325.7,Multiple,Low
TAXP04965,56,407200,1,3,0,0,0.152,0.366,3.0,802.78,267.59,0.0,0.0,0.074,0.10866666666666665,0.18333333333333335,3.6666666666666665,77.21917270557444,312.65,Salary+Business,Low
TAXP03679,23,396400,1,1,0,1,0.058,0.315,87.0,37395.42,429.83,5.0,0.057471264367816,0.12443678160919541,0.2238735632183908,0.20218390804597702,3.9770114942528734,1226.7640880703143,10874.34,Salary,Low
TAXP01992,28,962600,0,1,0,0,0.096,0.133,6.0,2077.39,346.23,0.0,0.0,0.11033333333333332,0.25416666666666665,0.22733333333333336,4.5,354.33146184987106,1012.56,Professional,Low
TAXP03531,55,2000200,1,0,6500,2,0.062,0.282,5.0,1609.43,321.89,0.0,0.0,0.1142,0.21799999999999997,0.3266,4.4,130.69307873793468,448.96,Multiple,Low
TAXP03176,41,182900,0,0,54400,1,0.166,0.093,38.0,11734.65,308.81,2.0,0.0526315789473684,0.10839473684210525,0.1805,0.1665,3.8684210526315788,390.4471773823162,1705.02,Professional,Medium
TAXP04400,41,261100,1,2,0,0,0.172,0.353,21.0,3343.84,159.23,0.0,0.0,0.09747619047619048,0.22242857142857145,0.20595238095238097,4.0,121.99633480052549,474.89,Salary+Investments,Low
TAXP01046,64,350100,1,2,0,0,0.072,0.414,21.0,13909.97,662.38,2.0,0.0952380952380952,0.16247619047619047,0.2674285714285714,0.22685714285714287,4.095238095238095,1055.909053046124,3470.82,Professional,Low
TAXP01651,50,451300,1,0,0,1,0.311,0.057,36.0,14015.36,389.32,1.0,0.0277777777777777,0.12008333333333335,0.23750000000000002,0.16736111111111113,3.388888888888889,733.6157822123998,4202.11,Business,Low
TAXP01724,27,2595400,1,0,0,1,0.202,0.147,11.0,14614.48,1328.59,2.0,0.1818181818181818,0.13554545454545455,0.2159090909090909,0.21972727272727274,3.4545454545454546,1460.083748875074,5085.4,Professional,Medium
TAXP02949,61,1096300,1,0,0,0,0.008,0.631,10.0,9730.94,973.09,0.0,0.0,0.11410000000000001,0.1722,0.15960000000000002,4.1,1390.981851141288,4627.74,Multiple,Low
TAXP04587,22,935600,1,2,0,0,0.015,0.036,33.0,52231.99,1582.79,3.0,0.0909090909090909,0.11278787878787878,0.2625454545454545,0.18915151515151515,4.03030303030303,4509.5825668195375,24284.56,Multiple,Low
TAXP03820,29,523600,1,1,0,0,-0.001,0.444,40.0,27305.25,682.63,1.0,0.025,0.126425,0.239175,0.2116,4.175,1641.5957659126987,8202.13,Salary,Low
TAXP01173,55,597500,1,2,0,0,0.246,0.104,18.0,10233.22,568.51,1.0,0.0555555555555555,0.13066666666666665,0.22349999999999998,0.17983333333333335,4.0,1269.5594485469246,5381.02,Multiple,Low
TAXP03089,55,726300,0,2,0,0,0.066,0.041,24.0,11109.59,462.9,1.0,0.0416666666666666,0.12904166666666667,0.243,0.21329166666666666,3.7083333333333335,590.0387402423466,2327.22,Multiple,Low
TAXP01635,63,796900,1,0,41400,1,0.222,0.099,7.0,9115.85,1302.26,0.0,0.0,0.11285714285714286,0.19,0.11371428571428573,4.142857142857143,2021.951209861876,5753.82,Salary,Low
TAXP00843,57,2297600,0,1,0,0,-0.014,0.339,9.0,21690.67,2410.07,0.0,0.0,0.0971111111111111,0.2657777777777778,0.18811111111111112,3.6666666666666665,3667.684553809498,11600.71,Salary,Low
TAXP04681,55,2077900,1,1,10800,0,0.271,0.138,17.0,40734.05,2396.12,2.0,0.1176470588235294,0.1255294117647059,0.23817647058823532,0.18588235294117647,3.9411764705882355,3644.7228503078095,13385.15,Professional,Low
TAXP01726,27,697300,1,1,0,1,-0.075,0.163,67.0,32167.36,480.11,7.0,0.1044776119402985,0.11598507462686566,0.21161194029850747,0.20964179104477612,4.358208955223881,551.6806417130173,2701.12,Salary,Medium
TAXP02631,42,693600,1,0,0,0,0.226,0.42,6.0,2902.98,483.83,0.0,0.0,0.13,0.329,0.22333333333333336,4.666666666666667,394.9905987741987,1069.5,Salary,Low
TAXP01405,47,427900,1,1,0,0,0.042,0.242,25.0,6909.77,276.39,0.0,0.0,0.10679999999999999,0.21332,0.22096,3.48,305.7590073887167,1244.59,Multiple,Low
TAXP02799,25,982200,1,1,0,0,-0.022,0.26,19.0,15252.62,802.77,1.0,0.0526315789473684,0.12521052631578947,0.2503684210526316,0.16378947368421054,4.2105263157894735,1461.2192000193752,6458.92,Business,Low
TAXP03723,47,1274400,1,0,0,3,0.003,0.182,10.0,2709.68,270.97,1.0,0.1,0.1491,0.21259999999999998,0.26339999999999997,4.8,197.0276490918639,635.62,Business,Low
TAXP03610,36,632000,1,1,0,0,-0.094,0.38,37.0,27114.34,732.82,0.0,0.0,0.10908108108108107,0.18791891891891893,0.17702702702702702,3.72972972972973,1718.7174461078691,10327.83,Salary,Low
TAXP01061,35,581900,1,0,17800,0,0.146,0.361,21.0,6540.65,311.46,0.0,0.0,0.12161904761904761,0.22314285714285714,0.22928571428571431,4.095238095238095,414.55494959626515,1557.25,Business,Low
TAXP01148,55,492900,1,1,0,0,0.069,0.333,3.0,4356.46,1452.15,0.0,0.0,0.13699999999999998,0.18633333333333332,0.214,5.0,2171.1797477945793,3953.09,Salary,Low
TAXP02463,57,581500,1,1,0,0,0.033,0.072,20.0,19170.15,958.51,1.0,0.05,0.1159,0.20884999999999998,0.21475,4.65,1091.151661444168,3440.87,Salary+Business,Low
TAXP02692,40,309200,1,2,34300,0,0.336,0.315,25.0,7247.7,289.91,1.0,0.04,0.10980000000000001,0.2198,0.17224,4.12,354.2215049701716,1529.47,Salary+Business,Low
TAXP04160,59,902600,1,1,0,0,-0.016,0.263,1.0,542.14,542.14,0.0,0.0,0.038,0.456,0.044,3.0,0.0,542.14,Multiple,Low
TAXP04874,34,274200,1,1,0,0,0.154,0.405,16.0,5090.78,318.17,0.0,0.0,0.1220625,0.1975,0.19087500000000002,3.5625,382.44468413745795,1378.59,Salary,Low
TAXP04957,59,688600,0,1,0,2,0.03,0.301,9.0,9180.29,1020.03,0.0,0.0,0.13455555555555557,0.24633333333333335,0.24233333333333335,4.111111111111111,1491.6736886277927,3721.65,Salary,Low
TAXP01037,61,1322100,1,1,0,0,0.125,0.055,18.0,19282.14,1071.23,1.0,0.0555555555555555,0.10233333333333333,0.19294444444444445,0.25383333333333336,3.611111111111111,1904.784720780185,8007.46,Salary,Low
TAXP04336,63,351200,0,2,0,0,0.051,0.326,15.0,3448.06,229.87,0.0,0.0,0.11946666666666667,0.23606666666666667,0.20393333333333336,4.333333333333333,243.1729914063727,754.94,Salary,Low
TAXP04538,54,807100,1,0,0,1,0.228,0.289,16.0,15496.21,968.51,1.0,0.0625,0.106125,0.19037500000000002,0.16125,3.5,1860.6330016160944,7283.22,Multiple,Low
TAXP01653,48,956300,1,1,0,0,0.206,0.125,30.0,22415.36,747.18,1.0,0.0333333333333333,0.11309999999999999,0.2467,0.2123,4.033333333333333,1434.4231454532355,7637.09,Multiple,Low
TAXP02055,31,846300,1,2,0,0,-0.112,0.285,44.0,34715.01,788.98,0.0,0.0,0.12227272727272727,0.22063636363636363,0.18611363636363637,3.75,1354.0719915647458,8176.31,Salary,Low
TAXP02268,42,557100,0,1,0,1,0.02,0.381,10.0,2696.33,269.63,2.0,0.2,0.13640000000000002,0.24380000000000002,0.2387,4.1,310.74896703323446,912.44,Salary,Medium
TAXP04165,43,552600,1,0,0,1,0.011,0.191,16.0,7334.0,458.38,1.0,0.0625,0.11106250000000001,0.253875,0.2175,4.5,709.2787364170262,2637.16,Salary,Low
TAXP01561,45,490100,1,1,16000,0,0.043,0.421,81.0,35330.42,436.18,1.0,0.0123456790123456,0.10040740740740739,0.20312345679012345,0.1898395061728395,3.8395061728395063,1108.575398595445,9129.92,Salary+Investments,Low
TAXP02549,44,186400,0,2,0,0,-0.027,0.132,16.0,4070.93,254.43,1.0,0.0625,0.105,0.1424375,0.1861875,3.75,416.53247365551624,1735.67,Business,Low
TAXP02073,30,156500,1,1,0,0,0.136,0.417,11.0,2743.47,249.41,2.0,0.1818181818181818,0.12954545454545455,0.228,0.23272727272727273,3.1818181818181817,280.33662979613376,1014.77,Business,Low
TAXP02484,60,633400,1,3,0,2,0.211,0.101,21.0,6177.26,294.16,1.0,0.0476190476190476,0.11242857142857143,0.23057142857142857,0.23642857142857143,3.380952380952381,401.2565383469664,1821.0,Salary+Investments,Low
TAXP02459,25,172500,0,0,0,0,0.003,0.431,37.0,11841.83,320.05,1.0,0.027027027027027,0.1308918918918919,0.24340540540540542,0.20510810810810812,4.324324324324325,576.2643936305334,3385.17,Salary,Low
TAXP00609,40,193100,1,0,55900,0,0.509,0.206,19.0,10255.08,539.74,1.0,0.0526315789473684,0.1163157894736842,0.1848421052631579,0.18373684210526317,4.684210526315789,821.8542711717662,2926.76,Salary,Low
TAXP04970,54,830000,0,1,0,0,0.113,0.13,28.0,9472.89,338.32,5.0,0.1785714285714285,0.13892857142857143,0.21925,0.2087142857142857,4.142857142857143,409.6020275523548,2094.29,Professional,Medium
TAXP00768,55,435500,1,3,0,0,0.183,0.283,4.0,788.45,197.11,0.0,0.0,0.08625,0.26225,0.11224999999999999,3.25,40.5104557491026,231.56,Salary+Investments,Low
TAXP03508,43,897200,1,1,0,0,0.167,0.32,2.0,1270.54,635.27,1.0,0.5,0.146,0.1955,0.3235,5.5,308.0157138848601,853.07,Salary,Medium
TAXP01790,46,1350400,1,1,0,1,-0.212,0.148,20.0,17307.6,865.38,0.0,0.0,0.1136,0.23945,0.19035,4.05,1532.9279869067907,6075.27,Salary+Business,Low
TAXP03025,55,574900,0,4,0,0,0.197,0.038,36.0,9784.36,271.79,2.0,0.0555555555555555,0.114,0.19977777777777778,0.21050000000000002,4.277777777777778,319.73919900096354,1321.34,Business,Low
TAXP03861,47,271100,0,2,0,0,-0.014,0.277,16.0,13364.73,835.3,0.0,0.0,0.114125,0.25425,0.1656875,4.4375,2044.1318552186362,8293.15,Business,Low
TAXP03537,26,1276600,1,0,0,0,0.092,0.083,9.0,14538.55,1615.39,0.0,0.0,0.15466666666666667,0.189,0.20833333333333334,5.222222222222222,2286.1657985812794,5657.72,Business,Low
TAXP03869,55,815500,0,1,0,0,0.028,0.353,14.0,12921.81,922.99,1.0,0.0714285714285714,0.12,0.22614285714285715,0.21271428571428572,3.2142857142857144,1279.1425106423512,4851.59,Salary,Low
TAXP01416,48,351900,0,3,0,1,0.052,0.17,20.0,4536.21,226.81,1.0,0.05,0.12155,0.2178,0.24299999999999997,4.65,292.7244737484651,1207.18,Salary,Low
TAXP04501,54,222600,0,0,0,1,0.238,0.369,21.0,3979.1,189.48,2.0,0.0952380952380952,0.13252380952380952,0.23976190476190476,0.24795238095238095,3.4761904761904763,216.85630398733542,820.47,Salary+Business,Low
TAXP03943,48,355600,1,0,0,0,0.281,0.556,54.0,19005.48,351.95,4.0,0.074074074074074,0.13077777777777777,0.22627777777777777,0.20751851851851852,3.8333333333333335,629.8172059010905,2974.77,Salary+Business,Low
TAXP04517,45,1163900,1,0,0,0,-0.017,0.125,94.0,113897.34,1211.67,5.0,0.0531914893617021,0.12125531914893617,0.2570212765957447,0.19509574468085106,4.202127659574468,2956.66651575436,23143.48,Salary+Business,Low
TAXP04318,50,440000,1,1,0,0,0.195,0.081,23.0,10069.74,437.81,0.0,0.0,0.12791304347826088,0.26943478260869563,0.2147391304347826,4.0,779.089605074524,3635.18,Business,Low
TAXP02271,55,877200,1,1,27200,0,0.082,0.128,21.0,10566.54,503.17,1.0,0.0476190476190476,0.13466666666666666,0.24133333333333334,0.21428571428571427,4.428571428571429,673.7029297567714,3154.19,Salary,Low
TAXP01971,28,548500,1,0,0,0,0.329,0.459,4.0,1879.25,469.81,0.0,0.0,0.1335,0.17225000000000001,0.20375,5.25,661.2302528557406,1440.4,Business,Low
TAXP04941,61,848800,1,1,28700,0,-0.233,0.179,16.0,13928.59,870.54,2.0,0.125,0.113625,0.27825,0.1988125,3.6875,2588.302887272453,10560.14,Business,Medium
TAXP01063,30,467900,1,2,0,1,0.22,0.146,15.0,4418.58,294.57,0.0,0.0,0.13373333333333334,0.18926666666666667,0.193,4.0,348.8120913738104,1223.03,Professional,Low
TAXP01161,56,276500,1,1,0,1,0.01,0.145,25.0,4888.57,195.54,2.0,0.08,0.133,0.20036,0.19136,3.92,188.81422859784692,832.56,Salary,Low
TAXP00320,51,278300,1,0,0,0,-0.037,0.133,26.0,13986.58,537.95,0.0,0.0,0.12357692307692308,0.21200000000000002,0.2133846153846154,3.5384615384615383,1047.9959810351593,5109.12,Salary,Low
TAXP02216,51,656500,1,1,0,1,-0.044,0.279,22.0,14287.27,649.42,0.0,0.0,0.11059090909090909,0.1911818181818182,0.23195454545454544,3.9545454545454546,969.9901316449194,3989.06,Professional,Low
TAXP04205,23,1767700,0,1,19200,0,0.137,0.118,22.0,15727.0,714.86,1.0,0.0454545454545454,0.10836363636363636,0.22777272727272727,0.20650000000000002,3.8181818181818183,883.0026029490053,3696.16,Business,Low
TAXP01944,51,150000,1,0,0,0,0.127,0.189,7.0,1910.99,273.0,0.0,0.0,0.15142857142857144,0.2515714285714286,0.29842857142857143,3.5714285714285716,417.1536884422243,1206.84,Salary,Low
TAXP00624,33,416100,0,1,0,1,0.157,0.163,17.0,10045.93,590.94,0.0,0.0,0.09952941176470588,0.16223529411764706,0.1926470588235294,3.4705882352941178,1612.7880894423356,6819.85,Professional,Low
TAXP00795,32,179600,1,2,0,2,-0.265,0.592,38.0,15903.41,418.51,5.0,0.131578947368421,0.13442105263157897,0.24584210526315792,0.19989473684210526,4.921052631578948,646.5295298930159,2922.5,Business,Medium
TAXP01601,59,624800,0,1,27400,0,0.106,0.432,69.0,37494.86,543.4,6.0,0.0869565217391304,0.1223623188405797,0.21718840579710147,0.19657971014492753,4.086956521739131,680.7233522729407,3587.1,Salary,Medium
TAXP00001,44,809500,1,2,0,0,-0.085,0.101,23.0,12387.97,538.61,1.0,0.0434782608695652,0.1303913043478261,0.23534782608695654,0.17391304347826086,4.260869565217392,961.690800504353,3697.64,Salary,Low
TAXP04282,42,150000,1,2,0,2,0.086,0.159,3.0,485.36,161.79,0.0,0.0,0.057666666666666665,0.14933333333333332,0.12966666666666668,4.666666666666667,131.02411317514552,305.97,Business,Low
TAXP04227,35,865200,0,0,0,0,0.154,0.103,9.0,4649.63,516.63,0.0,0.0,0.10988888888888888,0.21455555555555555,0.23944444444444443,4.222222222222222,378.67870834360065,1183.81,Salary+Investments,Low
TAXP01320,41,1531600,0,0,25100,1,0.075,0.309,21.0,15649.37,745.21,0.0,0.0,0.10742857142857141,0.2042857142857143,0.2145238095238095,3.5238095238095237,1130.6515001918983,4510.03,Business,Low
TAXP04020,44,652400,1,0,8500,1,0.129,0.27,15.0,8124.52,541.63,1.0,0.0666666666666666,0.14126666666666668,0.23866666666666667,0.2197333333333333,3.6666666666666665,805.4563248855242,3204.77,Business,Low
TAXP04841,28,743900,1,1,0,1,0.279,0.268,5.0,3008.53,601.71,0.0,0.0,0.10540000000000001,0.172,0.1656,3.0,903.3248441341575,2211.93,Business,Low
TAXP03769,39,1267500,1,0,0,0,0.206,0.136,53.0,51219.01,966.4,1.0,0.0188679245283018,0.11886792452830189,0.2030188679245283,0.2348679245283019,3.8867924528301887,1749.179718052584,11462.24,Salary,Low
TAXP03039,37,356300,1,2,9200,2,-0.054,0.088,33.0,13119.09,397.55,2.0,0.0606060606060606,0.13621212121212123,0.24239393939393938,0.2232727272727273,3.8484848484848486,611.1494805970884,2886.42,Salary,Low
TAXP04002,53,1238300,1,2,0,0,-0.11,0.055,34.0,23503.43,691.28,2.0,0.0588235294117647,0.11011764705882353,0.21205882352941177,0.23388235294117646,3.6470588235294117,725.9276878767706,3728.79,Salary+Investments,Low
TAXP03580,61,248100,1,0,41000,1,0.182,0.066,14.0,3835.55,273.97,2.0,0.1428571428571428,0.1447857142857143,0.31985714285714284,0.22728571428571429,3.2857142857142856,234.511948167927,752.54,Salary,Medium
TAXP02606,26,340600,1,0,0,0,0.039,0.427,1.0,322.43,322.43,0.0,0.0,0.008,0.267,0.058,2.0,0.0,322.43,Salary,Low
TAXP00353,59,430900,1,0,0,0,0.406,0.278,10.0,4947.95,494.79,0.0,0.0,0.1315,0.1947,0.1936,5.1,579.3074905101014,2025.53,Salary,Low
TAXP03966,48,364300,1,0,0,0,0.054,0.194,117.0,22529.65,192.56,0.0,0.0,0.09997435897435897,0.1973760683760684,0.18847008547008548,4.136752136752137,212.5545369886149,1290.51,Salary,Low
TAXP03558,63,873100,1,1,0,0,0.088,0.389,14.0,8742.19,624.44,1.0,0.0714285714285714,0.09035714285714284,0.177,0.15578571428571428,3.5,1016.8884340377122,3230.25,Salary+Business,Low
TAXP02993,35,622900,1,0,0,1,-0.087,0.049,13.0,3341.38,257.03,1.0,0.0769230769230769,0.10646153846153845,0.21792307692307694,0.165,3.769230769230769,213.38455451998468,739.75,Salary+Business,Low
TAXP03577,21,830100,1,0,40100,1,0.034,0.162,56.0,39357.66,702.82,5.0,0.0892857142857142,0.13823214285714286,0.2214642857142857,0.18696428571428572,4.178571428571429,1034.2900923329255,5803.68,Salary,Medium
TAXP00464,46,150000,1,0,0,0,0.142,0.388,15.0,5137.15,342.48,0.0,0.0,0.11333333333333333,0.20553333333333335,0.16853333333333334,4.066666666666666,487.6064676951027,1949.71,Salary+Business,Low
TAXP02883,26,1117300,1,0,0,0,0.018,0.116,47.0,51883.49,1103.9,2.0,0.0425531914893617,0.11804255319148936,0.24770212765957444,0.19240425531914893,4.25531914893617,1983.0111358965748,9803.0,Salary,Low
TAXP02085,57,1357100,1,0,0,0,0.078,0.415,9.0,18916.61,2101.85,0.0,0.0,0.11544444444444443,0.227,0.2167777777777778,3.5555555555555554,2937.0635122223316,9028.96,Salary,Low
TAXP04901,53,150000,1,2,0,0,0.095,0.355,26.0,5552.96,213.58,3.0,0.1153846153846153,0.1245,0.22873076923076924,0.20446153846153844,3.8846153846153846,304.0416155624854,1278.83,Salary,Low
TAXP01624,53,1515300,0,1,0,0,0.384,0.308,44.0,50338.36,1144.05,2.0,0.0454545454545454,0.12411363636363637,0.23425,0.15761363636363637,4.818181818181818,1791.4879083276403,8200.39,Salary,Low
TAXP03094,61,369600,1,0,0,0,0.057,0.22,13.0,2116.92,162.84,1.0,0.0769230769230769,0.10392307692307692,0.22253846153846155,0.1489230769230769,4.230769230769231,179.63933751640627,664.56,Salary,Low
TAXP04533,32,2365700,1,1,0,0,-0.3,0.1,11.0,11055.98,1005.09,0.0,0.0,0.09936363636363636,0.19063636363636363,0.1981818181818182,4.2727272727272725,748.7567123900063,2252.37,Professional,Low
TAXP02912,36,2530800,0,0,0,2,0.186,0.186,66.0,174719.47,2647.26,3.0,0.0454545454545454,0.11634848484848485,0.22356060606060607,0.18606060606060604,3.803030303030303,4559.38148766769,24329.57,Business,Low
TAXP02588,63,1794200,1,1,0,2,0.347,0.436,98.0,149477.79,1525.28,5.0,0.0510204081632653,0.11551020408163265,0.21618367346938774,0.19899999999999998,4.051020408163265,3094.264017000759,22158.77,Salary,Low
TAXP01174,45,316900,1,1,6000,0,0.06,0.229,20.0,4915.33,245.77,2.0,0.1,0.1365,0.25795,0.25375000000000003,3.9,523.8808626242683,2392.05,Salary,Low
TAXP02704,22,1526900,1,0,0,0,-0.131,0.197,11.0,5929.93,539.08,0.0,0.0,0.10563636363636363,0.2049090909090909,0.26590909090909093,4.0,716.2619722610384,2482.72,Multiple,Low
TAXP00040,21,1038400,1,0,26300,0,-0.086,0.569,5.0,1423.49,284.7,0.0,0.0,0.0376,0.2022,0.1522,4.0,268.78452330816964,749.56,Multiple,Low
TAXP02535,51,573100,0,2,42900,1,-0.013,0.328,5.0,2618.21,523.64,1.0,0.2,0.1222,0.1588,0.2008,5.0,379.7671239983788,1163.22,Salary+Business,Medium
TAXP04347,28,341500,0,1,60100,1,0.034,0.218,3.0,806.24,268.75,0.0,0.0,0.07866666666666666,0.27599999999999997,0.328,3.3333333333333335,266.70232663652064,565.85,Professional,Low
TAXP01446,57,801000,1,2,10800,0,0.127,0.066,1.0,5486.63,5486.63,0.0,0.0,0.199,0.443,0.236,4.0,0.0,5486.63,Business,Low
TAXP04241,45,664700,1,4,0,2,-0.01,0.062,21.0,12038.83,573.28,1.0,0.0476190476190476,0.09342857142857143,0.22223809523809523,0.17795238095238095,4.714285714285714,1072.9668852574378,4856.43,Business,Low
TAXP00507,34,3713300,0,1,0,0,0.108,0.161,13.0,19037.51,1464.42,0.0,0.0,0.08315384615384615,0.21861538461538463,0.1413846153846154,4.076923076923077,1145.4486941481236,4288.56,Salary+Business,Low
TAXP00661,51,192200,0,1,0,0,0.114,0.119,28.0,9557.28,341.33,1.0,0.0357142857142857,0.12221428571428572,0.1992857142857143,0.20960714285714285,3.7142857142857144,684.0863597026453,3479.51,Multiple,Low
TAXP02277,23,259000,1,2,0,0,-0.159,0.254,39.0,9362.33,240.06,3.0,0.0769230769230769,0.11207692307692309,0.2131282051282051,0.18892307692307694,3.7948717948717947,305.21010370327537,1290.78,Salary,Low
TAXP02849,56,1144900,1,0,0,0,0.013,0.059,19.0,33321.42,1753.76,1.0,0.0526315789473684,0.09178947368421053,0.19815789473684212,0.1718421052631579,3.9473684210526314,4505.535636882818,19303.11,Salary,Low
TAXP04134,28,617500,0,0,31200,0,-0.13,0.505,32.0,17974.62,561.71,0.0,0.0,0.1065,0.192875,0.2266875,4.0,666.3758215003317,3602.97,Salary+Investments,Low
TAXP02507,58,1944200,1,0,14300,0,-0.102,0.417,6.0,27560.33,4593.39,0.0,0.0,0.123,0.2563333333333333,0.15816666666666668,4.0,7624.469602445581,19362.9,Salary+Investments,Low
TAXP04760,54,438600,1,1,0,1,0.184,0.149,12.0,3027.0,252.25,0.0,0.0,0.09008333333333333,0.22016666666666665,0.22824999999999998,3.8333333333333335,279.0116733954138,1041.54,Salary,Low
TAXP00346,36,150000,0,1,48000,0,0.263,0.188,7.0,800.22,114.32,0.0,0.0,0.13028571428571428,0.24871428571428572,0.2347142857142857,4.0,105.9398254850815,336.74,Salary+Business,Low
TAXP00197,23,1032900,1,0,0,0,0.043,0.19,9.0,9360.52,1040.06,1.0,0.1111111111111111,0.09855555555555556,0.17322222222222222,0.21133333333333332,3.7777777777777777,1437.1820741452507,4366.72,Salary+Investments,Low
TAXP02140,39,1609300,1,1,5500,0,0.171,0.272,2.0,680.77,340.38,0.0,0.0,0.1225,0.2615,0.432,4.5,300.81029578456923,553.09,Salary+Investments,Low
TAXP00481,44,763300,1,1,0,0,-0.132,0.162,15.0,5694.17,379.61,0.0,0.0,0.1062,0.2216,0.22253333333333333,4.2,239.75945966342022,809.2,Salary,Low
TAXP00970,26,666400,1,0,0,0,0.404,0.521,18.0,9910.62,550.59,0.0,0.0,0.12305555555555554,0.20933333333333334,0.2368888888888889,3.9444444444444446,734.4580023391399,3144.86,Salary,Low
TAXP00191,22,2248500,1,2,0,0,-0.008,0.496,19.0,15730.32,827.91,0.0,0.0,0.10331578947368421,0.24573684210526314,0.2135263157894737,4.052631578947368,753.0556218298824,3036.82,Salary,Low
TAXP00712,42,1077300,1,2,0,0,-0.165,0.4,19.0,25070.97,1319.52,0.0,0.0,0.10505263157894737,0.24789473684210525,0.16542105263157894,3.736842105263158,1675.5463774687164,7254.6,Salary,Low
TAXP01849,46,492800,1,0,0,0,0.246,0.217,22.0,7852.78,356.94,1.0,0.0454545454545454,0.11563636363636363,0.21813636363636366,0.168,4.136363636363637,357.40242572160633,1183.44,Business,Low
TAXP03444,49,496800,1,1,0,0,-0.014,0.234,12.0,2610.58,217.55,1.0,0.0833333333333333,0.12658333333333335,0.32508333333333334,0.23,3.4166666666666665,165.29908737763435,506.8,Salary,Low
TAXP02782,65,403800,1,0,0,1,0.114,0.034,52.0,18863.98,362.77,1.0,0.0192307692307692,0.12011538461538461,0.23078846153846153,0.21073076923076922,4.038461538461538,485.74991972047354,2385.02,Multiple,Low
TAXP01539,53,332700,1,1,104900,0,0.24,0.332,13.0,2935.09,225.78,1.0,0.0769230769230769,0.11623076923076923,0.274,0.19453846153846152,4.846153846153846,223.5009357750157,787.15,Business,Medium
TAXP01795,30,171300,1,0,15600,0,-0.064,0.066,9.0,2926.14,325.13,0.0,0.0,0.13033333333333333,0.19999999999999998,0.259,3.7777777777777777,462.7192473033729,1460.34,Salary+Investments,Low
TAXP03102,49,446300,1,0,0,1,0.227,0.096,27.0,16301.92,603.77,6.0,0.2222222222222222,0.17729629629629629,0.20403703703703704,0.24503703703703703,4.444444444444445,1193.1956807999986,6204.15,Salary,Medium
TAXP00212,54,250100,1,2,0,1,0.161,0.296,7.0,2717.01,388.14,0.0,0.0,0.1122857142857143,0.2601428571428571,0.16271428571428573,3.7142857142857144,694.9785382982975,1940.88,Salary,Low
TAXP01962,25,409900,1,0,0,0,0.294,0.327,1.0,114.4,114.4,0.0,0.0,0.106,0.126,0.332,4.0,0.0,114.4,Salary+Business,Low
TAXP01711,52,427800,1,0,0,1,-0.125,0.272,21.0,9934.39,473.07,1.0,0.0476190476190476,0.11752380952380952,0.2087142857142857,0.18633333333333332,4.619047619047619,878.5012783398564,3997.06,Professional,Low
TAXP04073,22,579100,1,0,22600,0,-0.5,0.341,6.0,2133.26,355.54,0.0,0.0,0.10833333333333334,0.1575,0.2285,3.8333333333333335,358.75249053723195,919.48,Salary,Low
TAXP02603,45,610200,1,1,0,0,0.088,0.109,23.0,7328.18,318.62,0.0,0.0,0.11482608695652174,0.18147826086956523,0.1756086956521739,4.391304347826087,439.6672980748542,2031.13,Salary,Low
TAXP00589,48,770100,1,0,0,0,0.251,0.129,14.0,14638.88,1045.63,0.0,0.0,0.12257142857142857,0.23735714285714285,0.16285714285714284,4.142857142857143,3012.434113985449,11498.66,Professional,Low
TAXP00944,48,1542600,1,1,0,0,0.12,0.254,3.0,26507.71,8835.9,0.0,0.0,0.12133333333333333,0.20966666666666667,0.17900000000000002,5.333333333333333,14304.848462393209,25353.5,Salary,Low
TAXP03391,33,300000,1,0,25100,0,-0.051,0.247,6.0,983.89,163.98,1.0,0.1666666666666666,0.12833333333333333,0.22599999999999998,0.14333333333333334,4.333333333333333,181.82788855581714,460.52,Business,Low
TAXP01084,65,679600,0,1,0,0,0.048,0.284,7.0,14282.61,2040.37,0.0,0.0,0.13614285714285715,0.3101428571428571,0.24357142857142858,3.4285714285714284,4551.157245751584,12316.9,Salary,Low
TAXP00094,58,613700,1,0,0,0,0.065,0.01,21.0,11598.95,552.33,3.0,0.1428571428571428,0.13204761904761905,0.24323809523809525,0.257,4.428571428571429,687.7374530000875,3292.19,Salary,Low
TAXP04279,51,495000,1,1,0,0,0.073,0.29,17.0,5821.67,342.45,1.0,0.0588235294117647,0.11876470588235295,0.24723529411764708,0.208,3.5294117647058822,431.38589331192713,1605.5,Professional,Low
TAXP01409,29,645900,0,1,0,2,0.022,0.316,26.0,8418.43,323.79,1.0,0.0384615384615384,0.0935,0.2078846153846154,0.17015384615384616,4.346153846153846,258.7348115453052,855.11,Salary,Low
TAXP00344,59,875700,1,1,0,0,0.144,0.194,3.0,1870.11,623.37,0.0,0.0,0.09133333333333332,0.2363333333333333,0.18333333333333335,4.666666666666667,491.5882058186507,1190.88,Salary,Low
TAXP04436,53,1196800,1,2,0,1,0.264,0.171,61.0,43717.26,716.68,3.0,0.0491803278688524,0.12331147540983607,0.22121311475409836,0.20001639344262295,4.508196721311475,753.5049355932863,2960.87,Salary,Low
TAXP03450,42,632600,1,1,23200,0,-0.079,0.361,5.0,4621.85,924.37,0.0,0.0,0.083,0.1994,0.2158,4.6,1567.9854747892277,3725.0,Professional,Low
TAXP02716,56,682400,1,1,0,1,0.004,0.087,59.0,43417.59,735.89,5.0,0.0847457627118644,0.12689830508474575,0.24693220338983052,0.22049152542372882,4.0508474576271185,1318.7776945788926,6733.05,Salary,Low
TAXP01828,59,1996800,1,1,0,0,0.507,0.396,38.0,61297.38,1613.09,3.0,0.0789473684210526,0.14455263157894738,0.26452631578947366,0.2016315789473684,3.710526315789474,1438.921707162974,4915.83,Salary+Business,Low
TAXP04748,49,268100,1,0,53700,0,0.085,0.285,5.0,1140.32,228.06,0.0,0.0,0.0846,0.1874,0.2184,4.0,383.5155002473824,913.81,Salary,Low
TAXP04906,32,1588000,0,1,0,0,0.115,0.373,10.0,36770.46,3677.05,2.0,0.2,0.14179999999999998,0.2415,0.2193,3.7,8305.94854903293,26890.11,Multiple,Medium
TAXP02295,31,1503800,1,0,0,0,-0.058,0.551,14.0,21675.52,1548.25,0.0,0.0,0.10521428571428572,0.20971428571428571,0.1862857142857143,3.0,2820.9361343188,10953.35,Salary+Investments,Low
TAXP03838,47,588500,1,0,0,0,0.166,0.495,34.0,16604.67,488.37,2.0,0.0588235294117647,0.13041176470588237,0.22070588235294117,0.2016470588235294,4.411764705882353,871.6885608327783,4564.72,Salary,Low
TAXP01056,32,1875900,1,0,14100,0,0.031,0.195,16.0,30905.69,1931.61,1.0,0.0625,0.136,0.2521875,0.248125,3.25,4173.009760622771,16983.52,Salary+Business,Low
TAXP00166,42,339300,0,2,0,0,-0.072,0.05,19.0,3475.5,182.92,0.0,0.0,0.10031578947368422,0.22231578947368422,0.18405263157894736,4.157894736842105,149.84069733089268,516.68,Salary+Business,Low
TAXP03691,63,1090300,1,0,38200,0,0.148,0.346,62.0,41828.57,674.65,3.0,0.0483870967741935,0.11353225806451613,0.2240967741935484,0.19270967741935485,4.209677419354839,1000.5204192108093,5400.54,Multiple,Low
TAXP03834,44,372100,1,0,0,1,0.186,0.105,8.0,4686.02,585.75,0.0,0.0,0.12225,0.206625,0.207125,2.875,1146.3712028926009,3354.8,Business,Low
TAXP04720,59,726600,1,0,3600,0,0.261,0.103,10.0,3540.2,354.02,0.0,0.0,0.1036,0.1874,0.1661,3.5,321.87239635192907,1071.57,Business,Low
TAXP02579,22,1617600,1,0,19500,0,-0.164,0.212,30.0,56633.35,1887.78,0.0,0.0,0.11906666666666667,0.2782,0.1588,3.7666666666666666,2959.5724704226,12842.81,Business,Low
TAXP02978,21,594000,1,2,0,0,0.095,0.038,31.0,14075.51,454.05,1.0,0.032258064516129,0.10838709677419354,0.17900000000000002,0.18577419354838712,4.483870967741935,569.4990429886132,2042.53,Business,Low
TAXP01278,61,2086900,1,1,16800,0,0.063,0.215,14.0,36594.75,2613.91,0.0,0.0,0.10628571428571429,0.17314285714285713,0.19392857142857145,4.357142857142857,5271.969372674933,20478.5,Business,Low
TAXP01175,47,611500,1,1,37500,0,-0.072,0.412,8.0,3435.73,429.47,2.0,0.25,0.180375,0.2535,0.21625,4.375,412.25619454542027,1396.27,Salary+Business,Medium
TAXP02057,44,455800,1,2,0,0,-0.293,0.114,1.0,50.0,50.0,0.0,0.0,0.13,0.283,0.15,3.0,0.0,50.0,Multiple,Low
TAXP00738,49,1162100,0,1,98300,0,0.079,0.073,10.0,4316.88,431.69,0.0,0.0,0.09609999999999999,0.22210000000000002,0.16040000000000001,3.5,404.4342271426152,1405.34,Business,Medium
TAXP04070,25,150000,1,1,0,0,0.142,0.064,11.0,2703.96,245.81,0.0,0.0,0.11872727272727274,0.23109090909090907,0.21554545454545454,3.8181818181818183,364.3812904736915,1155.48,Business,Low
TAXP03648,29,489800,1,0,0,1,-0.028,0.1,5.0,626.59,125.32,0.0,0.0,0.081,0.1572,0.1568,2.6,119.34496834806234,336.33,Business,Low
TAXP02075,44,677000,1,0,0,0,0.168,0.375,26.0,21913.63,842.83,2.0,0.0769230769230769,0.14450000000000002,0.2723846153846154,0.20515384615384613,3.5,1479.0327216691842,5960.35,Multiple,Low
TAXP04237,25,753000,1,0,11700,0,-0.121,0.423,7.0,13756.76,1965.25,0.0,0.0,0.07371428571428572,0.13814285714285715,0.22528571428571428,3.857142857142857,4085.9055660421577,11197.79,Professional,Low
TAXP02718,59,730400,0,2,0,0,0.002,0.533,26.0,23570.75,906.57,0.0,0.0,0.11684615384615385,0.2531923076923077,0.18407692307692305,3.769230769230769,1276.4103434571743,5386.45,Salary+Business,Low
TAXP04301,43,472400,1,3,0,1,0.014,0.062,23.0,15704.56,682.81,2.0,0.0869565217391304,0.10647826086956522,0.184,0.21891304347826088,4.695652173913044,1316.118028865175,6174.93,Salary,Low
TAXP02088,58,464100,1,0,0,0,0.309,0.256,10.0,4154.92,415.49,0.0,0.0,0.1,0.20099999999999998,0.1868,3.6,322.43994203227646,1202.21,Salary,Low
TAXP04838,50,312300,0,2,0,0,0.189,0.161,20.0,4920.35,246.02,1.0,0.05,0.12055,0.20964999999999998,0.22549999999999998,4.3,343.33927509059725,1361.78,Business,Low
TAXP04474,31,1230900,1,1,0,0,0.013,0.174,29.0,36869.75,1271.37,2.0,0.0689655172413793,0.10741379310344829,0.22827586206896552,0.23044827586206895,4.103448275862069,2757.907292935729,14810.65,Business,Low
TAXP00447,22,1401600,1,1,0,0,-0.126,0.202,6.0,4190.63,698.44,0.0,0.0,0.0845,0.20033333333333334,0.15716666666666665,4.5,1046.442812358452,2817.86,Salary,Low
TAXP03635,42,574500,1,2,0,0,0.538,0.227,44.0,26731.78,607.54,1.0,0.0227272727272727,0.10959090909090909,0.18313636363636362,0.21040909090909093,4.0,1322.6359163743848,8254.82,Salary,Low
TAXP01447,21,3468700,1,1,0,0,-0.062,0.262,15.0,24008.94,1600.6,0.0,0.0,0.10880000000000001,0.2216,0.1366,4.533333333333333,2327.233044109924,8862.51,Business,Low
TAXP01708,48,783700,1,1,0,0,0.248,0.237,19.0,17861.55,940.08,1.0,0.0526315789473684,0.09431578947368421,0.21889473684210525,0.17810526315789474,4.2105263157894735,1137.540534893217,3306.65,Professional,Low
TAXP00726,50,1861300,1,1,0,0,0.123,0.453,3.0,1899.68,633.23,0.0,0.0,0.08566666666666667,0.21533333333333335,0.19666666666666666,2.3333333333333335,384.50364658002053,868.49,Multiple,Low
TAXP01843,22,1223900,1,0,0,0,-0.039,0.287,4.0,842.11,210.53,0.0,0.0,0.13574999999999998,0.20775,0.17525000000000002,5.5,190.39584735930208,475.45,Salary,Low
TAXP00908,57,259200,1,0,0,0,-0.14,0.11,6.0,9104.69,1517.45,0.0,0.0,0.08950000000000001,0.1765,0.162,3.5,3353.6485423813674,8359.45,Multiple,Low
TAXP03460,26,1133400,1,3,21000,0,-0.043,0.306,12.0,5946.19,495.52,0.0,0.0,0.05991666666666667,0.16949999999999998,0.10766666666666667,3.8333333333333335,518.2049653363449,1766.72,Business,Low
TAXP00014,63,1463500,1,1,8300,1,0.115,0.494,46.0,78156.59,1699.06,2.0,0.0434782608695652,0.12510869565217392,0.25882608695652176,0.18354347826086956,4.043478260869565,2156.626023184629,11423.24,Salary+Investments,Low
TAXP03449,44,441200,1,2,10200,0,0.022,0.16,2.0,1372.83,686.42,0.0,0.0,0.14300000000000002,0.31,0.263,3.0,482.0700480739287,1027.29,Salary+Business,Low
TAXP02795,39,1435500,1,1,0,0,-0.086,0.32,8.0,13283.27,1660.41,1.0,0.125,0.11525,0.19325,0.16725,3.25,2032.8669571844835,5834.56,Multiple,Low
TAXP01101,51,1466500,0,0,0,0,0.128,0.349,89.0,98693.72,1108.92,4.0,0.0449438202247191,0.11242696629213483,0.2627752808988764,0.1782696629213483,3.696629213483146,2090.2536472082006,17147.62,Salary,Low
TAXP04515,34,694200,1,0,0,0,-0.053,0.232,49.0,30785.88,628.28,1.0,0.0204081632653061,0.10779591836734694,0.22455102040816327,0.17846938775510207,4.0,815.3926296611851,3203.07,Salary,Low
TAXP02728,33,575300,1,1,15300,0,-0.154,0.43,15.0,4682.49,312.17,1.0,0.0666666666666666,0.11486666666666667,0.2548666666666667,0.19513333333333333,4.0,282.2228051127589,968.32,Salary,Low
TAXP02121,58,969400,1,0,9600,1,-0.031,0.127,16.0,15639.6,977.47,2.0,0.125,0.112375,0.213625,0.174375,3.6875,1377.0053837367523,5237.62,Salary,Low
TAXP02047,53,1045800,1,1,0,1,0.047,0.266,8.0,2018.82,252.35,1.0,0.125,0.159625,0.21675,0.1795,4.75,283.2576289099983,921.03,Salary,Low
TAXP02942,31,1616300,1,0,0,0,-0.453,0.422,23.0,23624.62,1027.16,0.0,0.0,0.11413043478260869,0.20469565217391306,0.17778260869565216,3.608695652173913,1436.5121388254554,5193.48,Business,Low
TAXP00037,63,598800,1,0,20500,1,0.186,0.293,3.0,557.9,185.97,0.0,0.0,0.083,0.2253333333333333,0.13366666666666668,4.666666666666667,141.62385721810196,332.64,Business,Low
TAXP01939,51,399100,1,2,0,2,-0.037,0.273,21.0,5492.83,261.56,1.0,0.0476190476190476,0.10947619047619048,0.19699999999999998,0.22342857142857145,3.1904761904761907,237.34926071789928,1028.77,Salary,Low
TAXP00095,60,192900,1,1,14000,1,0.098,0.098,29.0,10591.57,365.23,2.0,0.0689655172413793,0.11779310344827586,0.20948275862068966,0.1933103448275862,4.379310344827586,837.2188100929166,4060.8,Business,Low
TAXP03791,35,461100,1,1,0,0,-0.186,0.054,26.0,12847.71,494.14,3.0,0.1153846153846153,0.1371923076923077,0.23396153846153847,0.19607692307692307,3.3846153846153846,661.9958012951906,2808.28,Business,Low
TAXP01121,41,898900,1,0,0,0,0.165,0.225,7.0,1595.74,227.96,1.0,0.1428571428571428,0.15185714285714286,0.13014285714285714,0.15414285714285714,4.571428571428571,161.7554771575794,405.62,Salary,Low
TAXP02920,43,1253500,1,0,0,0,0.03,0.126,9.0,23394.67,2599.41,1.0,0.1111111111111111,0.13422222222222221,0.22577777777777777,0.196,3.5555555555555554,4208.852525872633,13161.8,Salary,Low
TAXP03024,31,375500,0,1,0,1,-0.028,0.248,6.0,924.99,154.16,0.0,0.0,0.075,0.221,0.123,3.1666666666666665,121.80077220609071,352.62,Professional,Low
TAXP01594,48,384400,0,1,0,0,0.141,0.187,10.0,4242.23,424.22,0.0,0.0,0.1322,0.2985,0.20459999999999998,3.8,307.3200226709032,1024.78,Professional,Low
TAXP04233,52,325400,1,0,0,0,-0.118,0.233,3.0,279.81,93.27,0.0,0.0,0.048999999999999995,0.25366666666666665,0.134,3.0,74.94583844350531,179.81,Salary+Business,Low
TAXP02110,43,756900,1,0,0,0,0.349,0.197,33.0,21177.27,641.74,1.0,0.0303030303030303,0.11478787878787879,0.23812121212121212,0.1573939393939394,4.212121212121212,1209.1473532335992,6760.25,Salary,Low
TAXP02771,34,1304700,1,0,0,1,-0.079,0.263,6.0,19743.83,3290.64,0.0,0.0,0.14583333333333334,0.20750000000000002,0.264,4.333333333333333,6694.069606917503,16943.12,Salary+Investments,Low
TAXP02517,23,655200,1,1,0,0,0.107,0.178,7.0,1021.57,145.94,0.0,0.0,0.08085714285714285,0.21971428571428572,0.23557142857142857,2.7142857142857144,141.46865841692892,429.69,Multiple,Low
TAXP00513,37,698300,0,0,0,0,0.241,0.237,26.0,12567.23,483.35,2.0,0.0769230769230769,0.1126923076923077,0.2785769230769231,0.1691923076923077,3.8076923076923075,606.0500995148833,2852.89,Salary,Low
TAXP01091,45,423200,1,1,0,0,-0.119,0.237,14.0,12356.41,882.6,3.0,0.2142857142857142,0.16264285714285714,0.2533571428571429,0.2105,3.7142857142857144,2050.2498938739686,7886.38,Salary+Business,Medium
TAXP04942,60,446500,0,0,0,1,0.14,0.427,9.0,1323.91,147.1,0.0,0.0,0.10377777777777779,0.18744444444444444,0.26211111111111113,3.4444444444444446,120.01294913929543,401.1,Salary+Business,Low
TAXP02443,23,322900,0,0,0,1,0.07,0.274,3.0,1043.18,347.73,0.0,0.0,0.066,0.29033333333333333,0.15666666666666665,3.0,397.81090939456817,799.53,Business,Low
TAXP04763,27,807400,1,1,0,0,-0.004,0.558,25.0,14937.63,597.51,2.0,0.08,0.09731999999999999,0.23648,0.17,4.08,935.2866629057283,4578.77,Salary,Low
TAXP02431,26,217200,1,2,0,0,0.203,0.138,9.0,4016.51,446.28,1.0,0.1111111111111111,0.116,0.14244444444444446,0.1842222222222222,4.333333333333333,821.1186144133569,2590.43,Professional,Low
TAXP01404,29,456200,1,0,7900,0,-0.15,0.27,14.0,3942.93,281.64,1.0,0.0714285714285714,0.13857142857142857,0.29864285714285715,0.19171428571428573,2.7142857142857144,371.84932068655837,1499.14,Salary,Low
TAXP03231,21,470500,1,1,0,0,0.126,0.032,18.0,3291.99,182.89,0.0,0.0,0.1065,0.21883333333333332,0.1691111111111111,3.5555555555555554,150.3205624559023,453.54,Salary+Investments,Low
TAXP05000,53,341800,1,0,0,0,0.355,0.092,14.0,2497.86,178.42,0.0,0.0,0.1262142857142857,0.23428571428571426,0.1727857142857143,3.5714285714285716,135.14958259175378,575.5,Salary,Low
TAXP01334,27,789500,1,2,0,0,-0.112,0.242,35.0,17345.97,495.6,1.0,0.0285714285714285,0.11974285714285714,0.2267142857142857,0.20582857142857142,4.3428571428571425,431.50437826400827,1665.36,Professional,Low
TAXP00086,45,923000,1,0,67100,0,0.113,0.149,10.0,3486.56,348.66,0.0,0.0,0.1022,0.20540000000000003,0.175,4.0,380.033647960575,989.84,Salary,Low
TAXP00473,35,529700,1,0,35800,1,0.248,0.235,9.0,3949.3,438.81,0.0,0.0,0.11411111111111112,0.2582222222222222,0.16411111111111112,3.6666666666666665,619.3676299146664,2030.54,Salary,Low
TAXP00220,44,393800,1,0,0,0,-0.286,0.179,31.0,6716.8,216.67,1.0,0.032258064516129,0.10135483870967742,0.2204193548387097,0.17203225806451614,3.838709677419355,234.27047876837918,864.41,Salary,Low
TAXP02094,60,1172000,1,1,0,0,0.042,0.248,12.0,6722.51,560.21,0.0,0.0,0.09208333333333334,0.16866666666666666,0.22624999999999998,3.75,601.393828662872,2366.97,Salary+Business,Low
TAXP02765,56,440000,1,0,0,0,0.109,0.432,25.0,9971.75,398.87,1.0,0.04,0.11436,0.27108,0.20292000000000002,3.8,471.0033875143575,1921.7,Salary,Low
TAXP03910,65,221300,1,2,0,0,0.308,0.175,38.0,11865.61,312.25,0.0,0.0,0.12623684210526315,0.25097368421052635,0.20960526315789474,3.6052631578947367,557.1899725282111,3317.45,Salary,Low
TAXP00318,65,393400,1,0,0,0,0.189,0.151,2.0,960.14,480.07,0.0,0.0,0.16899999999999998,0.15050000000000002,0.23049999999999998,5.0,608.210826769797,910.14,Multiple,Low
TAXP00408,30,1181100,1,0,0,2,0.269,0.614,9.0,5792.22,643.58,0.0,0.0,0.10122222222222223,0.13611111111111113,0.2222222222222222,4.333333333333333,1013.8093347000708,3079.86,Multiple,Low
TAXP02930,64,519400,1,0,0,0,0.298,0.368,8.0,4010.0,501.25,0.0,0.0,0.09625,0.206,0.189625,3.75,694.6972546779947,2078.47,Salary,Low
TAXP01131,30,341400,1,1,0,2,0.277,0.549,6.0,1786.94,297.82,0.0,0.0,0.10633333333333334,0.20483333333333334,0.09250000000000001,3.8333333333333335,435.0826024408085,1159.09,Salary,Low
TAXP00548,50,314500,1,1,0,0,0.027,0.355,3.0,7092.76,2364.25,1.0,0.3333333333333333,0.16733333333333333,0.148,0.30133333333333334,3.6666666666666665,3187.9032508897344,6025.85,Professional,Medium
TAXP00216,23,1338000,1,0,0,0,0.005,0.323,2.0,859.94,429.97,0.0,0.0,0.03,0.2155,0.1605,5.0,228.70661730697697,591.69,Professional,Low
TAXP02957,55,952800,1,3,0,1,-0.002,0.448,10.0,4878.72,487.87,0.0,0.0,0.1022,0.1724,0.1705,3.3,452.42226197313596,1232.78,Salary,Low
TAXP03539,32,1210000,1,0,0,3,0.026,0.238,24.0,16005.03,666.88,1.0,0.0416666666666666,0.094625,0.23270833333333332,0.202875,4.0,1017.9486577418185,4759.52,Business,Low
TAXP01924,29,1465300,1,0,0,0,0.003,0.411,10.0,21377.61,2137.76,1.0,0.1,0.1352,0.24370000000000003,0.18109999999999998,5.0,2529.485146772626,7987.59,Multiple,Low
TAXP03078,65,187700,1,0,0,0,-0.069,0.54,22.0,6818.01,309.91,1.0,0.0454545454545454,0.11,0.1934090909090909,0.17968181818181816,4.181818181818182,572.7469989485282,2313.99,Business,Low
TAXP02554,53,150000,1,1,0,1,0.01,0.324,24.0,3373.19,140.55,0.0,0.0,0.1145,0.25025000000000003,0.19966666666666666,4.5,146.43570307340164,654.87,Business,Low
TAXP01401,65,1522900,1,0,0,1,0.111,0.329,23.0,14965.75,650.68,2.0,0.0869565217391304,0.14126086956521738,0.22326086956521737,0.21408695652173915,4.434782608695652,711.1109562308413,3013.4,Business,Low
TAXP00938,46,610100,1,0,0,1,0.175,0.511,11.0,4548.61,413.51,1.0,0.0909090909090909,0.107,0.21036363636363636,0.1829090909090909,4.090909090909091,404.65972804320427,1343.16,Salary+Business,Low
TAXP04812,53,492000,1,2,0,0,0.003,0.165,3.0,2384.39,794.8,0.0,0.0,0.12966666666666668,0.11233333333333334,0.17266666666666666,2.6666666666666665,1186.1166342452725,2162.6,Business,Low
TAXP02689,23,1641700,0,1,0,0,0.246,0.245,38.0,66046.08,1738.05,4.0,0.1052631578947368,0.12836842105263158,0.21573684210526317,0.17163157894736844,4.473684210526316,3689.5848716687933,18338.77,Salary,Medium
TAXP01346,64,3429100,1,0,0,0,0.01,0.336,21.0,93386.28,4446.97,0.0,0.0,0.12928571428571428,0.23933333333333331,0.19961904761904764,3.8095238095238093,10528.248315257184,49610.74,Salary,Low
TAXP01437,63,473500,1,1,0,0,-0.04,0.261,13.0,4814.66,370.36,1.0,0.0769230769230769,0.12176923076923077,0.16292307692307692,0.16453846153846155,4.0,478.93141213619435,1665.73,Salary,Low
TAXP01391,49,400700,1,0,0,1,0.354,0.186,15.0,6866.41,457.76,2.0,0.1333333333333333,0.14659999999999998,0.30366666666666664,0.21473333333333333,4.2,692.8990393522263,2164.15,Salary,Low
TAXP03562,40,705300,1,1,23700,0,0.26,0.108,19.0,8909.84,468.94,2.0,0.1052631578947368,0.13136842105263158,0.2318421052631579,0.18821052631578947,3.8421052631578947,531.8312189856094,2398.88,Salary+Business,Low
TAXP02779,58,908800,1,0,70500,2,0.174,0.217,19.0,13938.23,733.59,0.0,0.0,0.1314736842105263,0.22910526315789473,0.22599999999999998,3.6315789473684212,1463.105483790841,6580.59,Salary,Low
TAXP02025,31,248900,0,1,0,0,0.064,0.296,10.0,2525.42,252.54,0.0,0.0,0.12079999999999999,0.21800000000000003,0.1938,2.7,326.95674341145224,1074.28,Salary+Business,Low
TAXP03557,57,558200,1,1,31200,0,0.323,0.212,4.0,2252.94,563.24,0.0,0.0,0.1175,0.1945,0.20775,3.75,773.7968093541524,1721.1,Professional,Low
TAXP00326,63,1100100,1,0,0,1,0.028,0.456,36.0,27896.88,774.91,1.0,0.0277777777777777,0.11425000000000002,0.23252777777777778,0.19261111111111112,4.194444444444445,1115.4606230995848,5823.72,Salary+Investments,Low
TAXP03033,38,268200,1,0,0,0,0.162,0.062,43.0,19267.34,448.08,2.0,0.0465116279069767,0.10765116279069767,0.19995348837209304,0.18511627906976744,3.953488372093023,717.1838005030415,3729.29,Salary+Investments,Low
TAXP01860,27,237700,1,2,80600,2,0.136,0.645,20.0,3070.69,153.53,2.0,0.1,0.123,0.2218,0.1974,4.25,129.10463261593185,478.73,Multiple,Medium
TAXP01788,64,206600,1,0,0,0,0.042,0.458,53.0,17317.38,326.74,1.0,0.0188679245283018,0.1171132075471698,0.22518867924528302,0.188188679245283,4.132075471698113,498.18685847004207,2823.5,Multiple,Low
TAXP04770,23,2058200,1,0,0,0,0.149,0.375,25.0,62904.18,2516.17,0.0,0.0,0.11116,0.22588,0.15288000000000002,3.56,7051.16852265963,35776.82,Business,Low
TAXP01710,33,577600,0,1,0,0,-0.071,0.092,33.0,8924.09,270.43,0.0,0.0,0.11948484848484849,0.20827272727272728,0.17403030303030304,3.3636363636363638,274.4552239606314,1210.64,Business,Low
TAXP02864,46,5883100,1,1,0,0,-0.16,0.395,16.0,43161.19,2697.57,0.0,0.0,0.121125,0.170875,0.2170625,4.1875,4657.21712630618,19726.22,Salary+Business,Low
TAXP04588,49,1916300,1,3,0,1,0.236,0.608,2.0,1813.8,906.9,0.0,0.0,0.1215,0.2755,0.14049999999999999,4.5,176.1827256004402,1031.48,Salary+Business,Low
TAXP04975,28,471300,0,3,12300,0,0.112,0.585,68.0,31502.28,463.27,4.0,0.0588235294117647,0.1255735294117647,0.24161764705882352,0.20247058823529412,4.029411764705882,710.1128466355217,4077.62,Professional,Medium
TAXP04872,24,740100,1,0,17100,0,-0.173,0.254,19.0,7535.07,396.58,0.0,0.0,0.12268421052631578,0.2414736842105263,0.19636842105263158,4.368421052631579,401.1516880715948,1451.78,Salary,Low
TAXP02465,39,391900,1,2,30800,0,0.066,0.459,53.0,17918.69,338.09,1.0,0.0188679245283018,0.1109433962264151,0.20573584905660378,0.24858490566037736,4.056603773584905,415.33731624194616,1963.64,Salary,Low
TAXP02627,32,1721900,1,1,0,0,-0.049,0.337,12.0,9016.23,751.35,0.0,0.0,0.09075,0.17691666666666664,0.1748333333333333,3.3333333333333335,742.4755684517352,2317.69,Professional,Low
TAXP04755,64,2349900,1,1,6600,0,0.418,0.217,3.0,14449.45,4816.48,0.0,0.0,0.11699999999999999,0.24000000000000002,0.24833333333333338,5.333333333333333,2572.0208082815607,6881.58,Salary,Low
TAXP03198,65,560200,1,0,0,1,0.141,0.294,19.0,7145.7,376.09,1.0,0.0526315789473684,0.11947368421052632,0.2149473684210526,0.19947368421052633,3.6315789473684212,495.3294591310322,1891.02,Salary,Low
TAXP02592,55,3075500,1,0,0,1,0.126,0.074,19.0,21897.82,1152.52,2.0,0.1052631578947368,0.10852631578947368,0.20789473684210524,0.1936315789473684,3.8947368421052633,1184.982557724668,5417.04,Business,Low
TAXP04661,40,202100,1,2,0,0,0.261,0.23,27.0,5353.19,198.27,1.0,0.037037037037037,0.11533333333333333,0.20133333333333334,0.19896296296296295,4.555555555555555,148.9271880728749,668.57,Business,Low
TAXP00511,54,211300,1,1,19300,0,0.043,0.193,12.0,5917.58,493.13,1.0,0.0833333333333333,0.13108333333333333,0.21358333333333335,0.23633333333333337,3.0,576.3113862682433,1986.26,Salary,Low
TAXP03870,46,974800,1,0,0,2,0.178,0.439,19.0,18675.67,982.93,0.0,0.0,0.12221052631578948,0.22010526315789475,0.22936842105263155,3.8421052631578947,1221.4071803138468,4435.74,Salary+Investments,Low
TAXP00769,44,258700,1,0,0,0,-0.133,0.098,3.0,1197.66,399.22,0.0,0.0,0.14033333333333334,0.29866666666666664,0.16666666666666666,5.333333333333333,438.99087587329194,904.96,Salary,Low
TAXP04832,34,160000,1,3,0,0,0.047,0.167,6.0,1808.99,301.5,0.0,0.0,0.16,0.20033333333333334,0.2848333333333333,4.0,418.19104205693674,1085.35,Salary+Business,Low
TAXP02492,28,392200,0,0,0,1,0.092,0.217,11.0,2698.31,245.3,2.0,0.1818181818181818,0.12136363636363635,0.14354545454545453,0.14909090909090908,3.272727272727273,374.28081832908686,1289.53,Professional,Medium
TAXP04905,25,2961500,1,2,4100,0,0.192,0.268,22.0,51949.47,2361.34,0.0,0.0,0.12727272727272726,0.2172272727272727,0.18972727272727272,3.5,2317.0880755265653,8124.14,Salary,Low
TAXP02201,37,440800,0,2,15200,1,0.25,0.177,1.0,831.19,831.19,1.0,1.0,0.284,0.317,0.33,8.0,0.0,831.19,Salary,Medium
TAXP03878,43,818200,1,0,0,1,0.065,0.391,41.0,19838.59,483.87,3.0,0.073170731707317,0.12609756097560976,0.25970731707317074,0.19358536585365854,3.7560975609756095,612.0088309216604,2654.17,Multiple,Low
TAXP00029,32,874900,0,1,0,1,0.045,0.226,6.0,1650.28,275.05,1.0,0.1666666666666666,0.15566666666666665,0.3458333333333334,0.18066666666666667,3.8333333333333335,198.36919535720926,559.77,Salary,Medium
TAXP04644,40,641200,0,1,0,0,0.183,0.537,6.0,5999.75,999.96,0.0,0.0,0.07116666666666667,0.2021666666666667,0.19816666666666669,3.6666666666666665,1997.3896186014051,5071.86,Business,Low
TAXP04099,28,889900,1,0,0,1,0.069,0.419,11.0,16103.59,1463.96,1.0,0.0909090909090909,0.13254545454545455,0.20245454545454544,0.12518181818181817,3.909090909090909,2577.325231607726,8412.49,Salary,Low
TAXP04289,60,591800,1,1,0,0,0.059,0.216,24.0,21763.06,906.79,1.0,0.0416666666666666,0.09733333333333333,0.20995833333333333,0.18808333333333335,4.25,2314.878229019959,11472.03,Professional,Low
TAXP02048,27,930300,1,0,0,0,0.067,0.219,3.0,1839.42,613.14,0.0,0.0,0.07533333333333332,0.19533333333333333,0.20833333333333334,2.6666666666666665,291.2761989933266,880.99,Business,Low
TAXP00454,46,2899800,1,1,3600,0,0.226,0.352,14.0,23174.81,1655.34,0.0,0.0,0.105,0.2504285714285714,0.183,3.7142857142857144,1823.1313275857901,6541.78,Salary,Low
TAXP01472,49,1461200,1,0,5900,0,-0.011,0.276,14.0,11351.87,810.85,0.0,0.0,0.1255,0.19014285714285714,0.19585714285714287,3.5714285714285716,837.2706679368163,2518.43,Business,Low
TAXP02485,26,604700,1,1,46800,0,0.224,0.221,13.0,3157.53,242.89,0.0,0.0,0.11738461538461539,0.24992307692307694,0.1943846153846154,4.6923076923076925,266.0315643986823,831.41,Multiple,Low
TAXP02365,57,4023600,1,0,28000,1,0.184,0.29,52.0,120795.93,2323.0,6.0,0.1153846153846153,0.13151923076923078,0.2253076923076923,0.2008076923076923,3.6346153846153846,2358.004528576726,9770.48,Salary+Business,Medium
TAXP00907,50,552600,1,1,0,0,0.02,0.371,13.0,2874.78,221.14,0.0,0.0,0.09153846153846154,0.223,0.13923076923076924,4.384615384615385,238.42168540859893,909.88,Salary,Low
TAXP04927,39,1537800,1,0,8100,0,0.063,0.439,20.0,26601.1,1330.05,1.0,0.05,0.10400000000000001,0.19935,0.1598,3.9,1598.317380666964,6147.91,Business,Low
TAXP02973,24,635800,1,0,0,0,0.419,0.101,25.0,14292.32,571.69,1.0,0.04,0.13252,0.22924,0.21884,3.44,783.305518829871,3588.79,Multiple,Low
TAXP03495,58,1834200,1,1,27200,0,0.017,0.551,7.0,2187.51,312.5,1.0,0.1428571428571428,0.13871428571428573,0.141,0.2925714285714286,4.571428571428571,263.66195025882234,773.98,Professional,Medium
TAXP02825,56,654300,1,2,0,0,0.104,0.645,15.0,8563.51,570.9,1.0,0.0666666666666666,0.13726666666666668,0.19546666666666665,0.2108,3.4,483.6454254405016,1470.11,Salary,Low
TAXP02449,58,1130700,1,1,0,0,0.197,0.11,9.0,1923.12,213.68,0.0,0.0,0.11033333333333334,0.25066666666666665,0.1811111111111111,3.5555555555555554,137.08936847910562,440.09,Multiple,Low
TAXP02679,25,181300,1,0,10100,0,0.042,0.211,13.0,1679.83,129.22,0.0,0.0,0.13623076923076924,0.2476153846153846,0.16023076923076923,4.076923076923077,78.6658766719351,260.06,Salary,Low
TAXP03026,27,656200,1,0,0,0,0.242,0.473,3.0,2020.48,673.49,0.0,0.0,0.18133333333333335,0.211,0.23666666666666666,4.0,948.8317864792123,1768.48,Salary,Low
TAXP02008,63,292100,1,1,29600,2,-0.063,0.369,17.0,5428.43,319.32,1.0,0.0588235294117647,0.12211764705882354,0.23394117647058824,0.211,4.352941176470588,706.8149852548985,2986.04,Salary+Investments,Low
TAXP04759,62,319400,1,2,6400,1,0.018,0.178,6.0,2455.14,409.19,0.0,0.0,0.1055,0.17766666666666667,0.1865,3.6666666666666665,342.80868063688234,1087.83,Salary,Low
TAXP01887,37,302200,0,2,0,1,0.344,0.46,19.0,7971.58,419.56,1.0,0.0526315789473684,0.10426315789473685,0.22252631578947368,0.16410526315789473,4.157894736842105,518.4367343707709,2036.16,Salary,Low
TAXP03347,23,781900,1,2,109400,0,-0.144,0.16,6.0,1384.84,230.81,0.0,0.0,0.155,0.21716666666666665,0.19416666666666668,3.5,133.08570301375977,475.93,Business,Medium
TAXP03266,46,863900,1,2,0,0,0.221,0.334,4.0,894.68,223.67,0.0,0.0,0.1275,0.2345,0.12175,4.5,205.90828265678547,521.02,Multiple,Low
TAXP01727,37,330200,1,0,0,0,0.098,0.333,15.0,2906.16,193.74,2.0,0.1333333333333333,0.1304,0.29606666666666664,0.21946666666666664,3.6666666666666665,175.41196932609,662.03,Salary,Low
TAXP01332,54,299800,1,0,0,0,0.346,0.247,7.0,6299.04,899.86,0.0,0.0,0.13514285714285715,0.2092857142857143,0.18757142857142858,4.857142857142857,1260.2347599252328,3490.69,Business,Low
TAXP02335,62,456300,1,0,0,0,-0.026,0.356,41.0,20797.8,507.26,9.0,0.2195121951219512,0.15582926829268293,0.20902439024390246,0.23473170731707318,4.317073170731708,879.669719876755,4694.85,Business,Medium
TAXP01006,47,830400,1,0,0,1,0.135,0.318,6.0,15471.09,2578.52,1.0,0.1666666666666666,0.1435,0.21583333333333332,0.19383333333333333,3.3333333333333335,4419.162349797753,11343.03,Salary,Low
TAXP04447,47,882200,1,0,0,1,0.087,0.099,41.0,32171.51,784.67,0.0,0.0,0.09824390243902441,0.22239024390243903,0.19590243902439025,3.682926829268293,1902.4160777019902,12200.18,Salary+Business,Low
TAXP00217,25,957600,1,1,0,0,0.069,0.119,45.0,35965.61,799.24,1.0,0.0222222222222222,0.10533333333333333,0.20915555555555557,0.19962222222222223,4.266666666666667,1455.963416149547,8896.58,Professional,Low
TAXP03996,24,398700,1,2,6300,0,0.303,0.167,77.0,27800.93,361.05,4.0,0.0519480519480519,0.10967532467532468,0.21907792207792207,0.19523376623376623,3.9740259740259742,571.8590137750288,3233.81,Salary,Low
TAXP00133,65,1026900,1,1,0,0,0.148,0.236,14.0,8821.03,630.07,1.0,0.0714285714285714,0.08092857142857143,0.15714285714285717,0.1829285714285714,4.142857142857143,693.1489897296157,2479.23,Salary+Business,Low
TAXP01953,52,180900,1,0,0,0,-0.166,0.244,54.0,12585.2,233.06,5.0,0.0925925925925925,0.11407407407407408,0.23472222222222225,0.1899814814814815,3.814814814814815,454.83002935930705,3190.42,Business,Low
TAXP00646,48,586800,1,1,0,0,0.191,0.477,26.0,11522.62,443.18,1.0,0.0384615384615384,0.12965384615384615,0.21973076923076923,0.17934615384615385,3.9615384615384617,670.0049266404402,3296.49,Salary,Low
TAXP03427,42,855100,1,0,0,0,0.082,0.107,6.0,3710.23,618.37,0.0,0.0,0.11783333333333335,0.2316666666666667,0.17616666666666667,4.166666666666667,733.5510871757104,1644.77,Business,Low
TAXP01696,48,873300,1,0,0,0,-0.032,0.102,30.0,36850.01,1228.33,0.0,0.0,0.12403333333333334,0.23336666666666667,0.19606666666666667,3.966666666666667,2915.4192299783354,13261.93,Professional,Low
TAXP04652,51,1327600,1,2,0,0,-0.095,0.25,22.0,18168.77,825.85,3.0,0.1363636363636363,0.1324090909090909,0.2547727272727273,0.2046818181818182,3.1818181818181817,796.681393426664,2491.22,Salary+Business,Low
TAXP01618,37,180800,1,2,0,0,0.424,0.478,12.0,6006.92,500.58,1.0,0.0833333333333333,0.16325,0.23199999999999998,0.15308333333333332,4.416666666666667,1135.419225615354,4087.35,Salary+Business,Low
TAXP02969,56,2806200,0,1,0,1,0.016,0.166,30.0,170323.69,5677.46,3.0,0.1,0.13553333333333334,0.23776666666666665,0.19883333333333333,3.6666666666666665,15917.164977081313,86422.95,Salary,Medium
TAXP01905,39,1015100,1,1,148900,0,-0.095,0.394,10.0,7559.02,755.9,0.0,0.0,0.10290000000000002,0.2172,0.21989999999999998,3.8,1101.2103325664498,3742.88,Business,Medium
TAXP02184,35,315800,1,2,0,0,0.08,0.217,1.0,458.22,458.22,0.0,0.0,0.12,0.164,0.178,4.0,0.0,458.22,Business,Low
TAXP02545,57,629000,1,0,0,0,0.017,0.236,18.0,5526.31,307.02,0.0,0.0,0.10188888888888889,0.21522222222222223,0.1785,3.8333333333333335,259.1338380929269,762.55,Business,Low
TAXP03110,30,362000,1,0,0,1,-0.022,0.434,8.0,1302.3,162.79,0.0,0.0,0.09625,0.178,0.216625,3.875,122.81911435114648,445.61,Salary,Low
TAXP04145,54,1806900,1,0,0,1,-0.017,0.344,19.0,33222.45,1748.55,1.0,0.0526315789473684,0.13942105263157895,0.2475263157894737,0.2413684210526316,4.7368421052631575,3979.3273702250517,17302.86,Salary+Business,Low
TAXP00281,25,918400,1,2,17600,1,0.447,0.408,8.0,7915.97,989.5,1.0,0.125,0.13525,0.222,0.167375,4.625,1736.6316641454225,5208.63,Salary,Medium
TAXP00394,43,904800,1,1,0,1,-0.005,0.249,13.0,7544.03,580.31,0.0,0.0,0.13123076923076923,0.2443846153846154,0.18453846153846154,3.923076923076923,603.1009351123022,2344.38,Salary,Low
TAXP02831,44,336300,1,0,119000,0,0.142,0.142,1.0,258.32,258.32,0.0,0.0,0.068,0.187,0.114,5.0,0.0,258.32,Professional,Low
TAXP02571,39,3339300,1,2,0,0,0.316,0.221,32.0,107757.31,3367.42,5.0,0.15625,0.1469375,0.23221875,0.240375,3.84375,5370.070821697258,26158.74,Business,Low
TAXP01885,46,153100,0,0,1800,2,0.33,0.075,30.0,8520.21,284.01,1.0,0.0333333333333333,0.1094,0.21306666666666668,0.18603333333333333,3.966666666666667,436.7307203659702,2182.84,Business,Low
TAXP01271,45,1965700,0,0,0,0,-0.101,0.267,28.0,45668.57,1631.02,1.0,0.0357142857142857,0.12292857142857143,0.23542857142857146,0.17071428571428574,3.9285714285714284,2528.078392820922,9366.69,Professional,Low
TAXP02163,59,1658700,0,1,17700,2,-0.276,0.417,15.0,31386.81,2092.45,0.0,0.0,0.1086,0.24173333333333333,0.21593333333333334,4.533333333333333,4926.416838161963,19757.15,Salary,Low
TAXP04211,42,666200,1,0,0,0,0.187,0.21,49.0,17122.87,349.45,1.0,0.0204081632653061,0.10873469387755103,0.24253061224489797,0.2042857142857143,4.020408163265306,535.5934000001536,3108.05,Salary,Low
TAXP00587,35,278600,1,0,0,0,0.174,0.208,33.0,9255.82,280.48,0.0,0.0,0.11706060606060606,0.22942424242424242,0.21048484848484847,4.303030303030303,372.5196499510075,2027.64,Salary+Investments,Low
TAXP01784,51,320200,1,2,0,0,0.013,0.452,48.0,10025.76,208.87,1.0,0.0208333333333333,0.1141875,0.205,0.19118749999999998,3.75,531.2652864343885,3748.99,Business,Low
TAXP01086,56,484400,1,0,66000,2,0.446,0.115,20.0,9217.15,460.86,1.0,0.05,0.1234,0.26485,0.22145,3.8,733.6823542699559,3243.22,Salary,Medium
TAXP00698,32,324800,1,2,0,0,0.071,0.443,25.0,13085.76,523.43,1.0,0.04,0.14076,0.20472,0.22027999999999998,3.68,1438.7867015518088,7243.29,Salary,Low
TAXP02473,42,823000,1,0,0,0,0.103,0.362,4.0,1596.91,399.23,0.0,0.0,0.10275000000000001,0.29975,0.20875,2.75,106.81113499225319,469.17,Salary+Business,Low
TAXP02479,60,1125200,1,0,0,0,0.26,0.48,15.0,10158.33,677.22,1.0,0.0666666666666666,0.13366666666666666,0.20986666666666667,0.21626666666666666,3.7333333333333334,1165.9412093987783,4650.07,Business,Low
TAXP02375,46,503500,0,4,0,0,0.228,0.135,20.0,4063.05,203.15,1.0,0.05,0.09795000000000001,0.1609,0.1928,4.15,181.9607467465963,664.56,Salary+Business,Low
TAXP00516,44,833100,1,0,39000,0,0.077,0.098,38.0,36233.15,953.5,2.0,0.0526315789473684,0.13826315789473687,0.2428421052631579,0.20463157894736841,4.2368421052631575,2258.5941523704155,13976.95,Salary,Low
TAXP04427,25,735000,1,0,0,1,0.009,0.119,15.0,17155.65,1143.71,2.0,0.1333333333333333,0.13806666666666664,0.25786666666666663,0.22553333333333334,3.8666666666666667,2444.5421871034614,9451.12,Professional,Low
TAXP00892,28,435000,0,0,31400,0,0.38,0.246,31.0,6902.5,222.66,0.0,0.0,0.10990322580645161,0.22935483870967743,0.22561290322580643,3.774193548387097,226.0992282272238,753.4,Salary,Low
TAXP04787,42,251500,1,0,0,0,0.078,0.151,15.0,2824.22,188.28,1.0,0.0666666666666666,0.10313333333333333,0.23126666666666665,0.20126666666666668,3.6666666666666665,161.06570238200783,556.27,Salary+Business,Low
TAXP03695,60,1636900,1,4,23100,0,0.169,0.069,15.0,9137.94,609.2,0.0,0.0,0.12546666666666667,0.1848,0.2164,4.333333333333333,585.1630776580882,1723.66,Salary,Low
TAXP01981,54,735000,1,0,0,1,0.236,0.26,13.0,7243.42,557.19,0.0,0.0,0.11984615384615385,0.20653846153846153,0.21076923076923076,4.384615384615385,552.7562855445195,2106.79,Salary,Low
TAXP04511,29,538100,1,1,0,1,0.141,0.113,37.0,14148.37,382.39,1.0,0.027027027027027,0.10756756756756757,0.2251891891891892,0.2144864864864865,4.405405405405405,526.8261226255117,2592.32,Multiple,Low
TAXP04267,30,365600,1,1,13800,0,0.032,0.302,36.0,9044.37,251.23,5.0,0.1388888888888889,0.13175,0.2093611111111111,0.2216111111111111,4.5,283.60558541119843,1422.9,Salary+Business,Low
TAXP02804,59,320500,1,0,8900,0,0.084,0.296,42.0,8671.07,206.45,2.0,0.0476190476190476,0.10502380952380952,0.22697619047619047,0.20083333333333334,3.9285714285714284,244.8982829672155,1094.94,Salary+Investments,Low
TAXP01545,24,1735300,1,0,0,0,0.003,0.235,18.0,42564.62,2364.7,0.0,0.0,0.12011111111111111,0.20955555555555558,0.20888888888888887,3.7222222222222223,3461.7110556586435,14471.97,Salary+Business,Low
TAXP01626,43,1468600,1,2,7100,0,0.058,0.117,5.0,1297.8,259.56,0.0,0.0,0.11679999999999999,0.19140000000000001,0.1744,3.0,192.71924177414147,479.45,Professional,Low
TAXP03623,47,344100,1,1,0,0,0.172,0.469,24.0,7605.21,316.88,0.0,0.0,0.112,0.20554166666666665,0.1857916666666667,3.7916666666666665,549.7638920150966,2671.85,Salary+Business,Low
TAXP01520,25,161400,1,1,7300,0,0.094,0.226,16.0,2616.61,163.54,2.0,0.125,0.12025,0.25,0.1723125,4.25,168.4100732624091,646.53,Salary,Low
TAXP00123,59,761600,1,0,9200,0,0.173,0.085,8.0,7767.63,970.95,0.0,0.0,0.156875,0.247125,0.222,3.75,848.9461227383632,2282.83,Salary,Low
TAXP02866,26,262900,1,1,7100,0,-0.105,0.45,28.0,14673.71,524.06,4.0,0.1428571428571428,0.12417857142857143,0.20485714285714285,0.23567857142857143,3.7142857142857144,936.1903133734962,4201.46,Multiple,Medium
TAXP02303,27,150000,1,3,0,0,-0.063,0.122,2.0,249.42,124.71,0.0,0.0,0.1555,0.2705,0.193,1.5,57.27564927611035,165.21,Business,Low
TAXP03238,53,1108400,1,0,0,0,-0.033,0.469,10.0,7442.65,744.26,1.0,0.1,0.1169,0.1765,0.1762,3.8,621.2811156750577,1605.9,Salary+Investments,Low
TAXP00181,43,1664500,0,2,0,0,-0.35,0.24,7.0,8348.69,1192.67,0.0,0.0,0.1207142857142857,0.1362857142857143,0.25985714285714284,3.857142857142857,1299.688704139059,3602.47,Professional,Low
TAXP04717,37,1214800,1,1,0,0,-0.021,0.209,7.0,4058.39,579.77,0.0,0.0,0.11,0.15771428571428572,0.23642857142857143,4.714285714285714,556.3388176881662,1616.71,Business,Low
TAXP00336,43,270700,0,1,6400,0,0.026,0.206,17.0,7790.76,458.28,1.0,0.0588235294117647,0.14811764705882355,0.23294117647058823,0.16023529411764706,4.0588235294117645,885.438833432327,3702.05,Salary,Low
TAXP01313,25,399800,1,1,4900,0,0.15,0.404,44.0,22876.85,519.93,3.0,0.0681818181818181,0.11047727272727272,0.19368181818181818,0.20525000000000002,4.25,925.7574726172683,5371.03,Salary+Investments,Low
TAXP01999,49,443500,1,0,0,0,0.19,0.222,27.0,16643.02,616.41,2.0,0.074074074074074,0.12481481481481482,0.23362962962962963,0.15081481481481482,4.037037037037037,1309.6240970776457,6441.38,Professional,Low
TAXP02006,24,1458700,1,2,0,1,0.008,0.137,38.0,40065.47,1054.35,0.0,0.0,0.10581578947368421,0.19757894736842105,0.22157894736842104,4.131578947368421,1371.0227759590155,5545.54,Salary,Low
TAXP03969,65,416500,1,0,0,0,0.135,0.362,8.0,1178.8,147.35,0.0,0.0,0.12887500000000002,0.29812500000000003,0.2425,4.25,78.68538728015878,251.87,Business,Low
TAXP00312,54,891700,1,0,0,1,-0.014,0.387,8.0,7035.67,879.46,1.0,0.125,0.11699999999999999,0.25475000000000003,0.236875,3.875,1354.876878912804,4022.42,Professional,Low
TAXP00058,51,1907100,1,0,0,0,0.251,0.052,21.0,19480.77,927.66,2.0,0.0952380952380952,0.12438095238095238,0.2123809523809524,0.19380952380952382,4.333333333333333,1422.2103538139897,5432.62,Business,Low
TAXP02683,60,1331200,1,1,19400,0,0.184,0.221,6.0,2692.78,448.8,0.0,0.0,0.11816666666666666,0.18383333333333332,0.16566666666666666,4.0,493.71163594416805,1313.22,Business,Low
TAXP01993,63,768000,1,0,0,0,0.149,0.129,7.0,3273.56,467.65,1.0,0.1428571428571428,0.1442857142857143,0.2722857142857143,0.306,3.0,501.42995746925527,1553.68,Business,Low
TAXP01260,35,459300,1,2,0,0,0.026,0.107,6.0,4418.13,736.36,0.0,0.0,0.12833333333333333,0.20333333333333334,0.2705,3.6666666666666665,855.242294575052,2140.57,Salary+Business,Low
TAXP00264,61,435800,0,2,39500,1,0.023,0.116,28.0,10461.48,373.62,4.0,0.1428571428571428,0.1305,0.2365357142857143,0.19125,3.642857142857143,732.2090951180168,3651.07,Salary,Medium
TAXP04096,33,182400,1,1,0,0,0.487,0.425,36.0,13482.56,374.52,2.0,0.0555555555555555,0.13752777777777778,0.22691666666666668,0.18525,4.611111111111111,546.77891558495,2546.68,Multiple,Low
TAXP00358,65,789700,1,1,0,1,0.162,0.162,4.0,2143.86,535.96,1.0,0.25,0.18725,0.34550000000000003,0.2985,3.75,345.4707177653894,968.62,Business,Medium
TAXP01524,55,567600,1,0,57300,1,0.169,0.359,13.0,7011.17,539.32,1.0,0.0769230769230769,0.10330769230769231,0.20776923076923076,0.14769230769230768,3.6153846153846154,628.3054566910049,2234.41,Professional,Medium
TAXP00894,58,668300,0,1,0,1,-0.095,0.104,20.0,16404.43,820.22,1.0,0.05,0.11684999999999998,0.21284999999999998,0.20205,3.95,1797.6704107590704,8189.52,Salary,Low
TAXP00603,23,1627100,1,0,0,0,0.421,0.21,11.0,7030.63,639.15,0.0,0.0,0.11027272727272729,0.19254545454545455,0.2489090909090909,4.7272727272727275,302.80879141194634,1093.24,Salary+Investments,Low
TAXP01824,65,1033900,0,2,0,0,0.161,0.061,7.0,10359.37,1479.91,1.0,0.1428571428571428,0.08957142857142857,0.18157142857142855,0.14942857142857144,3.7142857142857144,2976.22154907303,8182.31,Salary,Medium
TAXP02052,26,269100,1,2,0,0,0.129,0.33,5.0,994.66,198.93,0.0,0.0,0.0868,0.1106,0.1464,4.2,167.3423749980859,467.33,Salary+Business,Low
TAXP04083,62,687500,0,2,0,0,0.2,0.467,5.0,1457.01,291.4,0.0,0.0,0.1116,0.23399999999999999,0.142,3.6,453.4854562938044,1100.21,Salary,Low
TAXP03163,56,969200,1,1,53200,1,0.038,0.375,4.0,364.52,91.13,0.0,0.0,0.143,0.20174999999999998,0.1755,4.75,78.91619985782387,209.45,Business,Low
TAXP02859,38,509000,1,1,0,0,-0.045,0.479,29.0,8013.53,276.33,0.0,0.0,0.11034482758620691,0.20613793103448275,0.18468965517241379,4.344827586206897,272.9518159299515,1166.45,Business,Low
TAXP01976,40,1131500,1,1,0,1,0.078,0.154,9.0,10952.39,1216.93,0.0,0.0,0.1111111111111111,0.20433333333333334,0.14766666666666667,3.7777777777777777,1487.7049586760959,4852.11,Business,Low
TAXP02407,50,801400,1,0,0,0,0.186,0.286,28.0,15273.91,545.5,1.0,0.0357142857142857,0.10350000000000001,0.18060714285714288,0.17335714285714285,4.0,787.2282717044448,3610.36,Salary+Business,Low
TAXP03168,26,416100,1,0,0,1,0.432,0.455,5.0,999.67,199.93,0.0,0.0,0.1062,0.23700000000000002,0.32859999999999995,3.6,208.28632379491458,474.49,Salary,Low
TAXP03324,47,1138800,1,1,22000,0,0.473,0.074,37.0,34094.25,921.47,1.0,0.027027027027027,0.11810810810810811,0.19759459459459458,0.16878378378378378,3.810810810810811,1716.313308042288,10153.51,Salary+Investments,Low
TAXP04736,60,648300,0,1,0,0,-0.012,0.083,35.0,18337.9,523.94,0.0,0.0,0.11571428571428571,0.19014285714285714,0.22285714285714286,4.0285714285714285,716.0572489436204,3631.86,Professional,Low
TAXP03724,41,1252700,1,1,1800,0,-0.076,0.253,5.0,17794.35,3558.87,0.0,0.0,0.11399999999999999,0.1252,0.2624,4.6,6941.151375816551,15958.39,Salary+Business,Low
TAXP04098,48,1171100,1,2,11400,0,0.209,0.587,20.0,16150.73,807.54,1.0,0.05,0.16575,0.2821,0.21015,4.35,921.143740462024,3554.09,Salary+Business,Low
TAXP02323,42,1477300,1,2,28600,0,0.227,0.293,8.0,17838.33,2229.79,0.0,0.0,0.065125,0.212125,0.213625,4.125,4665.406329088412,13620.79,Salary,Low
TAXP00649,52,731700,1,2,191300,0,0.365,0.082,15.0,5102.14,340.14,1.0,0.0666666666666666,0.12173333333333332,0.214,0.15933333333333335,3.6,499.01650912379165,2046.83,Salary+Business,High
TAXP03343,64,2190800,1,1,0,0,0.103,0.182,4.0,9744.43,2436.11,1.0,0.25,0.162,0.14024999999999999,0.248,4.25,1197.1637087821364,3241.01,Salary+Investments,Medium
TAXP01557,63,384700,1,2,0,0,0.266,0.173,40.0,7608.64,190.22,1.0,0.025,0.11065,0.209,0.18780000000000002,3.85,198.50862408185642,1133.96,Salary+Investments,Low
TAXP00077,61,477900,0,1,0,1,0.222,0.287,17.0,5664.02,333.18,0.0,0.0,0.07352941176470588,0.15188235294117647,0.15629411764705883,3.8823529411764706,439.4622865293649,1746.15,Salary,Low
TAXP03865,29,189000,1,1,0,0,-0.183,0.148,1.0,3457.32,3457.32,0.0,0.0,0.219,0.094,0.092,7.0,0.0,3457.32,Salary+Business,Low
TAXP04348,50,150000,1,1,0,0,0.038,0.447,7.0,670.63,95.8,0.0,0.0,0.1227142857142857,0.27199999999999996,0.23185714285714284,3.4285714285714284,78.28113797016982,262.25,Business,Low
TAXP04162,54,249900,1,0,0,0,-0.033,0.26,19.0,4230.08,222.64,0.0,0.0,0.07436842105263158,0.19657894736842105,0.16294736842105265,3.3157894736842106,402.11435853105536,1803.22,Business,Low
TAXP02590,54,1018800,0,1,0,0,0.164,0.112,24.0,23539.65,980.82,0.0,0.0,0.11525,0.22245833333333334,0.1834583333333333,3.5,1326.2912454015536,6134.13,Business,Low
TAXP04916,33,699700,1,2,0,1,-0.15,0.137,8.0,3615.09,451.89,0.0,0.0,0.1265,0.196625,0.120125,4.625,322.5386307732322,914.75,Salary+Investments,Low
TAXP01877,42,1099300,1,0,6100,0,0.399,0.197,24.0,17063.86,710.99,1.0,0.0416666666666666,0.11249999999999999,0.231125,0.198375,4.208333333333333,661.2568985152881,2197.27,Salary,Low
TAXP03419,23,717200,1,1,42600,1,0.081,0.158,17.0,9422.49,554.26,0.0,0.0,0.0951764705882353,0.24094117647058824,0.1572941176470588,4.352941176470588,698.7907019188473,2749.29,Salary,Low
TAXP00263,54,768300,1,0,0,0,0.235,0.479,40.0,28139.23,703.48,1.0,0.025,0.116075,0.21949999999999997,0.176175,4.225,1120.2496122267996,4745.25,Salary,Low
TAXP01748,59,814800,0,1,0,0,0.083,0.118,31.0,13449.8,433.86,1.0,0.032258064516129,0.10093548387096775,0.17616129032258065,0.19512903225806452,3.903225806451613,471.50070807892195,2279.9,Professional,Low
TAXP04462,43,625500,0,1,0,0,0.149,0.301,27.0,28787.86,1066.22,1.0,0.037037037037037,0.13211111111111112,0.21581481481481482,0.21437037037037038,4.074074074074074,2128.618641824235,10551.38,Salary,Low
TAXP01249,65,574500,1,1,0,0,0.332,0.503,42.0,17472.08,416.0,4.0,0.0952380952380952,0.12854761904761905,0.22016666666666668,0.20223809523809524,4.214285714285714,586.7178435772114,3625.65,Salary+Business,Low
TAXP04762,24,5086500,1,4,0,0,0.056,0.286,24.0,69982.0,2915.92,1.0,0.0416666666666666,0.12970833333333334,0.19216666666666668,0.22991666666666666,4.541666666666667,2981.4974424136003,12340.38,Professional,Low
TAXP01087,40,237500,0,0,14100,2,0.22,0.104,16.0,3983.92,249.0,1.0,0.0625,0.1293125,0.2225625,0.174,3.5,400.4017695432094,1635.14,Salary,Low
TAXP02245,36,926500,1,0,8400,0,0.056,0.139,43.0,27518.6,639.97,1.0,0.0232558139534883,0.11606976744186046,0.24493023255813953,0.18427906976744188,4.023255813953488,1038.9588748703538,5178.55,Salary,Low
TAXP04791,64,187600,0,3,0,0,0.039,0.158,39.0,8667.66,222.25,3.0,0.0769230769230769,0.13446153846153847,0.26256410256410256,0.19215384615384615,4.153846153846154,182.29416693127067,662.31,Professional,Medium
TAXP03088,53,338700,1,0,0,0,0.169,0.064,29.0,10992.6,379.06,2.0,0.0689655172413793,0.11565517241379311,0.2450689655172414,0.17686206896551726,4.103448275862069,707.3386881201794,3126.75,Professional,Low
TAXP01581,39,1530700,1,0,0,1,-0.005,0.325,5.0,3123.86,624.77,0.0,0.0,0.0676,0.269,0.1248,5.2,209.8773059909051,917.7,Professional,Low
TAXP01717,61,427000,1,3,0,1,-0.002,0.248,11.0,1929.75,175.43,1.0,0.0909090909090909,0.10818181818181817,0.2648181818181818,0.1950909090909091,3.6363636363636362,160.38330566603133,489.68,Professional,Low
TAXP00745,50,698000,1,2,0,1,0.421,0.475,25.0,7550.79,302.03,0.0,0.0,0.11444000000000001,0.23236,0.18908000000000003,4.28,480.94647470447956,2363.33,Salary,Low
TAXP02645,54,1842500,0,0,67400,0,0.25,0.281,24.0,35139.35,1464.14,1.0,0.0416666666666666,0.12495833333333334,0.22945833333333332,0.206125,3.9583333333333335,3645.601413097444,18218.83,Salary,Medium
TAXP03084,34,446200,1,0,0,0,0.339,0.483,9.0,7453.23,828.14,0.0,0.0,0.1488888888888889,0.26211111111111113,0.22355555555555556,5.222222222222222,1485.1385480065487,4484.5,Salary,Low
TAXP00206,52,627600,0,1,0,0,0.33,0.206,12.0,4144.38,345.36,1.0,0.0833333333333333,0.13858333333333334,0.23616666666666666,0.23191666666666666,2.75,350.42215121712314,1249.09,Professional,Low
TAXP03831,42,323900,0,3,41200,0,0.144,0.11,15.0,4925.29,328.35,0.0,0.0,0.14353333333333335,0.24906666666666666,0.23500000000000001,4.933333333333334,241.38164128517272,813.5,Business,Low
TAXP01525,53,478800,1,1,0,0,0.005,0.187,15.0,12684.24,845.62,0.0,0.0,0.0996,0.2196,0.18906666666666666,3.3333333333333335,2072.2207729452266,8273.8,Salary,Low
TAXP03439,48,529800,1,0,0,0,0.16,0.068,2.0,1280.41,640.21,0.0,0.0,0.193,0.106,0.1645,4.0,368.09857708228105,900.49,Salary+Investments,Low
TAXP00043,51,402500,1,2,0,0,0.14,0.488,48.0,15735.81,327.83,5.0,0.1041666666666666,0.12579166666666666,0.24591666666666667,0.21039583333333334,3.8958333333333335,626.8508370822079,3639.93,Salary,Low
TAXP02003,35,888400,1,0,0,1,0.172,0.244,8.0,2662.93,332.87,0.0,0.0,0.11887500000000001,0.255125,0.1625,3.0,381.73656765357,1203.73,Salary+Investments,Low
TAXP01482,55,975100,1,0,11900,0,0.401,0.249,22.0,13408.07,609.46,4.0,0.1818181818181818,0.1353181818181818,0.2551818181818182,0.22322727272727275,4.181818181818182,684.0146348610624,2714.37,Salary,Medium
TAXP04616,65,2146000,1,0,6400,0,0.081,0.493,29.0,76433.93,2635.65,1.0,0.0344827586206896,0.10710344827586206,0.2553103448275862,0.17589655172413793,3.8620689655172415,4139.030649897643,16869.84,Salary,Low
TAXP03283,42,435200,1,0,0,1,0.14,0.35,5.0,3598.28,719.66,2.0,0.4,0.19119999999999998,0.22640000000000002,0.1726,3.6,529.3684449700417,1488.18,Salary+Investments,Medium
TAXP01214,48,388900,1,1,0,0,0.317,0.106,23.0,7768.87,337.78,0.0,0.0,0.11852173913043478,0.20395652173913043,0.21330434782608698,4.260869565217392,608.6308771813159,2826.35,Salary+Business,Low
TAXP00622,49,665200,0,1,55200,1,0.222,0.33,20.0,12460.37,623.02,0.0,0.0,0.10185,0.26095,0.17465,4.0,749.1937775844882,2861.63,Salary+Business,Low
TAXP01096,29,1571700,1,1,0,1,0.149,0.141,4.0,11712.71,2928.18,0.0,0.0,0.09825,0.2135,0.154,6.5,4597.850385940334,9759.37,Business,Low
TAXP03957,41,376100,0,1,0,1,0.078,0.237,40.0,10042.33,251.06,4.0,0.1,0.125975,0.20739999999999997,0.225075,4.05,276.52693898432113,1196.56,Professional,Low
TAXP01105,24,295000,0,0,0,0,0.079,0.378,5.0,937.64,187.53,0.0,0.0,0.1344,0.1502,0.2618,3.4,147.93734913807265,434.15,Salary,Low
TAXP04514,60,379100,1,0,0,0,-0.033,0.051,37.0,10642.62,287.64,1.0,0.027027027027027,0.12102702702702701,0.2252702702702703,0.19516216216216217,4.0,458.46417298842886,2470.88,Professional,Low
TAXP02961,65,260700,1,1,0,0,0.138,0.141,22.0,8648.54,393.12,1.0,0.0454545454545454,0.1378181818181818,0.19986363636363638,0.18931818181818183,4.363636363636363,545.5042624575058,2045.44,Professional,Low
TAXP01941,60,259600,1,0,0,0,0.08,0.328,27.0,6355.23,235.38,0.0,0.0,0.10507407407407408,0.20585185185185184,0.1972962962962963,4.296296296296297,338.0789387717396,1550.15,Salary,Low
TAXP03944,34,1078300,1,2,5400,0,0.273,0.428,31.0,26625.25,858.88,2.0,0.064516129032258,0.12812903225806452,0.2383225806451613,0.22319354838709676,3.5483870967741935,1072.7104407383347,3651.13,Salary,Low
TAXP00313,26,2281500,0,0,0,1,0.225,0.552,22.0,82658.15,3757.19,1.0,0.0454545454545454,0.12390909090909091,0.26231818181818184,0.20609090909090907,3.8181818181818183,7813.282213808859,33937.54,Business,Low
TAXP01233,60,277100,1,1,0,0,-0.121,0.238,16.0,3504.8,219.05,1.0,0.0625,0.1294375,0.2109375,0.217625,3.9375,210.14796723578684,891.35,Business,Low
TAXP03197,44,254600,1,1,60400,3,-0.091,0.092,19.0,2883.9,151.78,1.0,0.0526315789473684,0.10605263157894737,0.20763157894736842,0.22352631578947368,3.8421052631578947,209.33296226919845,968.88,Salary+Investments,Medium
TAXP01351,56,541800,1,2,0,1,0.208,0.174,7.0,3264.99,466.43,0.0,0.0,0.07214285714285715,0.28828571428571426,0.1902857142857143,4.857142857142857,489.61463157992205,1344.83,Professional,Low
TAXP04192,40,1174700,1,1,0,0,0.143,0.177,16.0,23980.37,1498.77,0.0,0.0,0.1283125,0.224875,0.2048125,4.125,2287.2753752786853,7069.88,Salary,Low
TAXP03781,32,851500,1,0,32000,0,0.048,0.431,8.0,8002.32,1000.29,1.0,0.125,0.11499999999999999,0.200125,0.22749999999999998,3.375,2066.013231059832,6074.63,Salary+Investments,Low
TAXP00676,38,835900,1,1,0,0,0.193,0.332,22.0,11184.97,508.41,0.0,0.0,0.10354545454545455,0.21459090909090908,0.20068181818181818,4.545454545454546,510.4427570810399,1720.29,Business,Low
TAXP04948,49,839000,1,2,0,1,-0.211,0.11,30.0,36260.42,1208.68,3.0,0.1,0.14093333333333333,0.2514,0.22506666666666666,3.9,2082.967653833535,8984.02,Salary,Low
TAXP00931,27,652800,1,0,0,1,0.158,0.212,5.0,1116.84,223.37,1.0,0.2,0.1258,0.2468,0.19060000000000002,3.8,140.48007552674508,396.39,Business,Medium
TAXP03890,40,385400,1,0,0,0,0.214,0.219,3.0,349.97,116.66,0.0,0.0,0.15233333333333332,0.17733333333333334,0.22866666666666666,5.333333333333333,115.45273332984945,249.97,Business,Low
TAXP03278,47,150000,1,0,0,1,-0.112,0.2,9.0,1117.89,124.21,0.0,0.0,0.107,0.32355555555555554,0.15344444444444444,3.7777777777777777,111.39289957174111,342.32,Multiple,Low
TAXP01808,31,649700,1,1,0,0,-0.112,0.285,1.0,105.96,105.96,0.0,0.0,0.041,0.262,0.383,6.0,0.0,105.96,Salary,Low
TAXP00034,51,361800,1,1,0,0,-0.033,0.271,17.0,1782.83,104.87,0.0,0.0,0.07994117647058824,0.24311764705882352,0.17529411764705882,3.764705882352941,97.79716020477102,428.07,Salary,Low
TAXP00528,55,714500,1,2,0,0,0.009,0.299,29.0,14217.95,490.27,0.0,0.0,0.1279655172413793,0.2453103448275862,0.20120689655172413,4.413793103448276,796.2828952501619,3798.89,Business,Low
TAXP00066,36,1150800,1,2,12100,1,0.238,0.257,15.0,14065.04,937.67,0.0,0.0,0.09606666666666668,0.17613333333333334,0.1858,3.7333333333333334,945.262859461904,3707.18,Salary,Low
TAXP00195,32,292900,1,0,0,1,0.228,0.514,3.0,449.83,149.94,0.0,0.0,0.12766666666666668,0.219,0.19766666666666666,3.0,87.58062704350395,246.61,Salary,Low
TAXP02734,60,466000,0,0,0,1,0.255,0.224,1.0,122.6,122.6,0.0,0.0,0.149,0.156,0.284,3.0,0.0,122.6,Salary,Low
TAXP04246,58,637500,1,0,0,1,0.389,0.179,2.0,1100.22,550.11,0.0,0.0,0.144,0.21300000000000002,0.3335,5.0,693.9970214633488,1040.84,Salary+Business,Low
TAXP04146,38,172700,1,1,0,0,-0.015,0.353,22.0,4294.63,195.21,1.0,0.0454545454545454,0.12790909090909092,0.24177272727272728,0.2094090909090909,3.909090909090909,204.43841327791873,954.39,Business,Low
TAXP00386,65,366900,0,1,0,0,-0.067,0.311,4.0,392.9,98.22,0.0,0.0,0.1195,0.19825,0.21875,4.25,58.699283641284744,169.19,Salary,Low
TAXP04212,21,807100,1,0,80300,0,-0.053,0.313,77.0,54355.55,705.92,7.0,0.0909090909090909,0.13827272727272727,0.22046753246753245,0.2064155844155844,4.2727272727272725,952.6454913514302,5622.73,Salary,Medium
TAXP02643,47,323400,1,1,0,1,0.227,0.673,4.0,565.56,141.39,0.0,0.0,0.156,0.23124999999999998,0.34975,4.25,78.8923359184317,230.58,Salary,Low
TAXP01659,22,1116800,1,0,0,0,-0.228,0.272,16.0,15386.48,961.66,0.0,0.0,0.0994375,0.25325000000000003,0.1700625,3.6875,1787.0403422269646,7183.18,Salary+Business,Low
TAXP04683,59,415000,0,3,0,0,0.085,0.437,9.0,1359.28,151.03,1.0,0.1111111111111111,0.11544444444444443,0.27711111111111114,0.16011111111111112,3.7777777777777777,110.44246120089461,320.31,Salary+Business,Low
TAXP04996,33,1412000,1,3,0,0,0.069,0.521,40.0,94528.78,2363.22,6.0,0.15,0.150875,0.23215,0.2332,3.95,4881.299676914005,26154.68,Multiple,Medium
TAXP03120,39,264500,1,0,0,0,0.306,0.259,9.0,1359.66,151.07,0.0,0.0,0.128,0.23377777777777778,0.19044444444444444,5.444444444444445,289.07026273900954,921.18,Salary,Low
TAXP04782,30,1572800,1,1,5000,0,0.074,0.144,19.0,29612.88,1558.57,2.0,0.1052631578947368,0.12510526315789472,0.19821052631578948,0.20678947368421052,4.2631578947368425,2277.636498336335,7483.13,Salary+Business,Low
TAXP00097,27,250800,1,0,0,1,0.02,0.462,35.0,16827.69,480.79,2.0,0.0571428571428571,0.11705714285714285,0.1754,0.23977142857142855,4.057142857142857,1082.4317876559553,6298.11,Salary,Low
TAXP00450,58,856600,0,1,0,1,0.002,0.19,7.0,8363.52,1194.79,0.0,0.0,0.11414285714285713,0.3552857142857143,0.16157142857142856,3.7142857142857144,1999.4749116074497,5586.6,Salary,Low
TAXP03352,43,879700,1,0,0,0,0.206,0.39,5.0,25118.42,5023.68,1.0,0.2,0.177,0.24580000000000002,0.2454,5.0,8804.102112903392,20695.17,Salary,Medium
TAXP04519,23,527900,1,0,27400,0,-0.139,0.044,22.0,6054.65,275.21,1.0,0.0454545454545454,0.13713636363636364,0.25872727272727275,0.20422727272727273,4.2272727272727275,343.13420856645604,1500.3,Salary,Low
TAXP00008,28,517600,1,1,65600,0,0.041,0.411,35.0,9507.9,271.65,0.0,0.0,0.1207142857142857,0.2346,0.19245714285714285,4.514285714285714,307.03480302139457,1267.3,Salary+Investments,Low
TAXP04786,52,211900,1,1,0,0,0.114,0.163,20.0,6044.77,302.24,0.0,0.0,0.10735000000000001,0.19585000000000002,0.19544999999999998,3.85,378.1860103215014,1204.81,Business,Low
TAXP03728,29,1024800,1,2,18000,0,0.069,0.137,13.0,11397.19,876.71,2.0,0.1538461538461538,0.13176923076923078,0.28592307692307695,0.1663076923076923,4.076923076923077,1381.0899407134002,4646.26,Salary+Business,Medium
TAXP00539,44,150000,0,0,0,1,-0.012,0.146,63.0,18204.11,288.95,2.0,0.0317460317460317,0.11417460317460318,0.21584126984126986,0.17734920634920634,4.380952380952381,563.7935594233136,3968.24,Salary+Business,Low
TAXP04884,54,531900,1,1,18000,0,0.06,0.336,9.0,4714.1,523.79,1.0,0.1111111111111111,0.119,0.12955555555555553,0.25244444444444447,5.222222222222222,713.787475801524,2327.65,Salary,Low
TAXP03333,49,167200,1,1,0,0,0.081,0.086,60.0,23794.98,396.58,4.0,0.0666666666666666,0.12115000000000001,0.2205,0.20206666666666667,4.166666666666667,1369.9164335719568,9475.1,Multiple,Low
TAXP03591,45,627200,0,3,111400,2,0.031,0.054,22.0,16459.0,748.14,1.0,0.0454545454545454,0.10431818181818181,0.19790909090909092,0.20545454545454547,3.5454545454545454,1049.192686926683,4574.0,Salary,High
TAXP03708,25,999000,0,1,0,0,0.014,0.267,33.0,21461.66,650.35,1.0,0.0303030303030303,0.12542424242424244,0.242969696969697,0.20554545454545453,4.515151515151516,729.8519793067061,3632.26,Salary,Low
TAXP02269,56,172000,1,2,23100,1,-0.231,0.05,43.0,35098.86,816.25,3.0,0.0697674418604651,0.12262790697674418,0.18830232558139534,0.22046511627906978,4.023255813953488,2522.876600523123,16187.17,Salary,Medium
TAXP02685,48,223000,1,0,0,0,-0.32,0.247,32.0,6113.36,191.04,2.0,0.0625,0.11834375,0.18446875,0.20956249999999998,3.90625,170.52848665630714,633.63,Professional,Low
TAXP00517,46,1051700,1,0,0,2,0.242,0.437,34.0,29816.09,876.94,3.0,0.088235294117647,0.1396176470588235,0.234,0.19852941176470587,4.0588235294117645,1203.991121388321,4755.11,Salary+Business,Low
TAXP04417,54,1582700,1,0,0,0,0.435,0.293,13.0,24087.43,1852.88,0.0,0.0,0.13315384615384615,0.24153846153846154,0.17200000000000001,3.230769230769231,2951.0652952153323,11011.33,Salary,Low
TAXP00337,44,400900,0,1,0,1,0.627,0.359,7.0,1179.48,168.5,0.0,0.0,0.1112857142857143,0.30885714285714283,0.1362857142857143,3.7142857142857144,154.4229800163915,465.02,Professional,Low
TAXP04057,30,1212400,1,0,0,1,0.172,0.394,18.0,37888.32,2104.91,1.0,0.0555555555555555,0.11422222222222222,0.19205555555555553,0.1936111111111111,3.2777777777777777,3345.687590012658,13419.07,Business,Low
TAXP02032,59,455600,1,4,0,0,0.29,0.294,18.0,6677.79,370.99,2.0,0.1111111111111111,0.12638888888888888,0.1513888888888889,0.17677777777777778,3.8333333333333335,481.13101207406265,2140.28,Multiple,Low
TAXP01361,57,495200,0,1,3500,1,0.263,0.201,7.0,2529.05,361.29,0.0,0.0,0.09271428571428572,0.314,0.16814285714285715,3.2857142857142856,401.11725956858237,1240.86,Business,Low
TAXP02628,44,1868000,1,1,0,0,-0.081,0.134,6.0,3011.99,502.0,0.0,0.0,0.1415,0.2333333333333333,0.25366666666666665,2.6666666666666665,297.97943952002237,1022.0,Salary,Low
TAXP01014,23,197400,1,0,0,0,-0.138,0.113,27.0,8936.17,330.97,4.0,0.1481481481481481,0.14625925925925928,0.255,0.1617777777777778,3.5185185185185186,317.55143622031386,1197.13,Salary,Low
TAXP00654,24,293600,1,0,6700,1,-0.103,0.171,43.0,16803.75,390.78,1.0,0.0232558139534883,0.11839534883720931,0.20937209302325582,0.18311627906976743,3.883720930232558,409.1216633074887,1587.03,Salary,Low
TAXP02816,55,442100,1,1,0,0,0.143,0.145,4.0,1936.82,484.2,0.0,0.0,0.13524999999999998,0.1835,0.1785,5.5,516.6061859547044,1241.37,Salary,Low
TAXP02500,28,1578000,1,1,0,0,0.219,0.362,29.0,25486.05,878.83,2.0,0.0689655172413793,0.10472413793103448,0.2614137931034483,0.17579310344827587,4.275862068965517,1091.0947350087401,4930.94,Salary,Low
TAXP03891,46,270900,1,0,0,0,0.05,0.277,3.0,805.49,268.5,0.0,0.0,0.082,0.07233333333333333,0.26533333333333337,4.0,339.5647464524746,659.7,Professional,Low
TAXP00115,42,684600,1,0,0,0,-0.137,0.529,27.0,15085.95,558.74,2.0,0.074074074074074,0.11781481481481482,0.1865185185185185,0.21751851851851853,3.6666666666666665,1120.7702880688569,5796.72,Professional,Low
TAXP01974,41,2205100,1,1,0,1,0.099,0.115,9.0,12536.53,1392.95,0.0,0.0,0.08244444444444445,0.16844444444444445,0.17788888888888887,4.111111111111111,1157.8221808181274,3426.15,Professional,Low
TAXP00687,54,1148700,1,1,0,0,0.086,0.1,41.0,36596.97,892.61,1.0,0.024390243902439,0.1053658536585366,0.20504878048780487,0.21234146341463414,3.7560975609756095,1270.5182243336867,4933.85,Salary+Investments,Low
TAXP01154,48,433900,1,0,0,0,0.396,0.363,35.0,10265.15,293.29,0.0,0.0,0.10071428571428571,0.22877142857142857,0.21280000000000002,3.657142857142857,395.0950696239785,1623.35,Salary,Low
TAXP04492,62,339200,1,0,0,0,0.03,0.261,21.0,10126.97,482.24,0.0,0.0,0.11042857142857143,0.2396666666666667,0.19442857142857145,4.380952380952381,1338.6461744028306,6279.06,Professional,Low
TAXP04498,31,150000,1,0,42800,0,0.112,0.102,41.0,8955.98,218.44,3.0,0.073170731707317,0.14465853658536584,0.2293658536585366,0.2334878048780488,3.902439024390244,280.9244270489928,1334.57,Business,Low
TAXP01007,65,1053000,0,0,55200,0,0.091,0.267,27.0,31210.13,1155.93,2.0,0.074074074074074,0.1305925925925926,0.272,0.1434814814814815,4.555555555555555,1627.481867402063,6857.45,Salary,Medium
TAXP00853,23,1250300,1,0,0,0,-0.017,0.37,3.0,2039.04,679.68,0.0,0.0,0.153,0.45566666666666666,0.22566666666666665,2.6666666666666665,524.4395176757755,1105.8,Multiple,Low
TAXP01688,45,777000,1,1,5500,0,0.411,0.609,19.0,7545.42,397.13,0.0,0.0,0.10973684210526316,0.22673684210526315,0.18910526315789475,3.5789473684210527,409.6095879932785,1597.23,Business,Low
TAXP03758,48,260100,1,2,0,0,-0.102,0.286,38.0,14405.7,379.1,2.0,0.0526315789473684,0.1275526315789474,0.24360526315789474,0.189,3.789473684210526,743.9766828723549,3468.94,Salary,Low
TAXP02986,55,471100,1,1,17100,0,0.326,0.101,21.0,6227.35,296.54,1.0,0.0476190476190476,0.1348095238095238,0.2598095238095238,0.22404761904761905,3.857142857142857,387.9718138663709,1623.43,Salary,Low
TAXP00817,52,486600,1,1,0,0,-0.235,0.325,17.0,8221.95,483.64,1.0,0.0588235294117647,0.11394117647058824,0.23288235294117648,0.15870588235294117,3.6470588235294117,764.1158403676338,3097.51,Salary,Low
TAXP01284,30,1152800,0,1,92200,0,-0.018,0.327,70.0,68780.41,982.58,3.0,0.0428571428571428,0.12257142857142857,0.21877142857142856,0.1871,3.857142857142857,1304.288250989534,6133.06,Salary,Medium
TAXP04349,39,871400,1,1,6600,0,0.287,0.105,28.0,34083.69,1217.27,1.0,0.0357142857142857,0.13642857142857143,0.23264285714285715,0.24232142857142858,4.0,2193.6469867433125,10856.76,Salary,Low
TAXP04657,60,348000,1,1,0,0,-0.03,0.086,10.0,2746.52,274.65,0.0,0.0,0.0892,0.2656,0.202,4.1,394.69448564117994,1202.65,Professional,Low
TAXP04939,21,1075700,1,0,0,0,-0.166,0.508,12.0,6967.13,580.59,1.0,0.0833333333333333,0.109,0.22633333333333336,0.16316666666666665,3.6666666666666665,520.4468124158201,1467.61,Multiple,Low
TAXP01629,61,851500,1,0,0,1,0.534,0.195,7.0,3723.28,531.9,1.0,0.1428571428571428,0.10642857142857143,0.28600000000000003,0.1684285714285714,4.0,663.0049672441952,1949.43,Professional,Low
TAXP01435,60,770900,1,1,0,0,-0.129,0.258,8.0,4491.19,561.4,1.0,0.125,0.152875,0.26675,0.279125,3.25,541.68430762464,1364.28,Salary,Low
TAXP01494,23,300500,1,0,58600,0,-0.197,0.29,20.0,3893.36,194.67,0.0,0.0,0.11935,0.2459,0.1998,3.85,162.77955010575369,543.1,Multiple,Low
TAXP04798,30,1195400,1,0,0,0,0.061,0.239,49.0,61231.59,1249.62,1.0,0.0204081632653061,0.11042857142857142,0.22951020408163267,0.22248979591836734,4.1020408163265305,2652.199125503368,15335.72,Salary,Low
TAXP02360,43,2014900,1,0,0,0,0.2,0.425,19.0,23710.3,1247.91,1.0,0.0526315789473684,0.10547368421052632,0.18821052631578947,0.19857894736842105,3.8947368421052633,1175.5919357756839,3828.73,Business,Low
TAXP02548,60,2784500,1,1,0,0,0.116,0.322,1.0,5057.29,5057.29,0.0,0.0,0.117,0.011,0.196,1.0,0.0,5057.29,Professional,Low
TAXP03139,51,957100,1,0,0,0,-0.065,0.196,12.0,13728.46,1144.04,0.0,0.0,0.15191666666666667,0.19283333333333333,0.17816666666666667,4.083333333333333,1415.7431049377526,4673.28,Business,Low
TAXP03816,36,383700,1,0,0,0,0.146,0.305,7.0,1105.28,157.9,0.0,0.0,0.11357142857142856,0.21885714285714286,0.18514285714285714,3.857142857142857,108.37259673833381,322.9,Salary,Low
TAXP00540,51,368900,1,0,0,1,-0.057,0.335,29.0,7083.23,244.25,1.0,0.0344827586206896,0.11589655172413792,0.21475862068965518,0.23944827586206896,3.8275862068965516,253.9884663991519,847.94,Salary,Low
TAXP04592,62,1978300,1,0,0,1,0.194,0.205,13.0,20953.14,1611.78,1.0,0.0769230769230769,0.12053846153846154,0.2793846153846154,0.15715384615384617,4.230769230769231,3212.2928836087367,12057.24,Salary+Investments,Low
TAXP04440,41,325100,0,1,0,2,0.032,0.262,8.0,1121.44,140.18,0.0,0.0,0.0475,0.14825,0.16975,4.375,176.00208050718362,568.71,Professional,Low
TAXP01287,23,250100,1,2,27700,0,-0.085,0.157,11.0,3548.39,322.58,2.0,0.1818181818181818,0.13254545454545455,0.2772727272727273,0.2373636363636364,4.545454545454546,510.0885258159518,1784.43,Salary,Medium
TAXP04855,39,548900,1,0,0,0,0.004,0.197,40.0,17140.08,428.5,2.0,0.05,0.12065000000000001,0.23137500000000003,0.197125,4.225,394.7775332773039,1618.35,Salary,Low
TAXP01597,25,818900,1,0,0,0,-0.215,0.12,3.0,1351.11,450.37,0.0,0.0,0.13933333333333334,0.2476666666666667,0.13266666666666668,2.0,297.2146397807483,669.12,Salary+Investments,Low
TAXP03396,23,1002000,1,1,0,0,0.25,0.245,16.0,14912.56,932.04,0.0,0.0,0.0999375,0.2751875,0.154375,3.8125,1273.2352379352371,4149.47,Multiple,Low
TAXP00953,34,916700,1,0,0,0,0.06,0.147,21.0,16110.04,767.14,1.0,0.0476190476190476,0.11823809523809524,0.25885714285714284,0.2017142857142857,5.0,1776.3709430229349,8370.33,Salary,Low
TAXP01693,46,240300,1,0,65600,0,-0.016,0.131,40.0,22567.69,564.19,5.0,0.125,0.12845,0.22435,0.22075,4.125,1317.0417767656763,7042.55,Salary,Medium
TAXP00799,33,1360500,0,0,297600,1,0.034,0.287,22.0,23661.26,1075.51,0.0,0.0,0.0939090909090909,0.20259090909090907,0.20386363636363639,4.454545454545454,1860.123810458495,8496.56,Salary,Medium
TAXP01558,25,1132800,1,0,0,0,0.043,0.16,13.0,5908.34,454.49,0.0,0.0,0.09723076923076923,0.17169230769230767,0.2107692307692308,3.769230769230769,571.1821998882938,2245.66,Salary,Low
TAXP00551,29,857700,1,0,73500,0,0.068,0.208,36.0,29780.98,827.25,2.0,0.0555555555555555,0.12863888888888889,0.2401111111111111,0.20372222222222222,4.0,1349.1258811116911,5786.7,Salary+Investments,Medium
TAXP00341,23,150000,1,1,0,0,0.113,0.205,10.0,1839.97,184.0,1.0,0.1,0.10640000000000001,0.2853,0.22200000000000003,4.5,177.0550329417382,527.29,Salary,Low
TAXP04930,35,1390900,1,1,3000,1,0.229,0.327,21.0,29996.62,1428.41,0.0,0.0,0.1275238095238095,0.16933333333333334,0.22628571428571428,4.0,1817.3620780584044,6272.57,Salary,Low
TAXP04454,28,870800,0,2,311100,0,0.161,0.518,5.0,2368.17,473.63,1.0,0.2,0.1626,0.19419999999999998,0.2374,4.0,537.2230480722136,1410.01,Salary,High
TAXP00708,38,971800,0,0,115600,0,0.137,0.229,16.0,9689.31,605.58,2.0,0.125,0.115375,0.2421875,0.1438125,4.375,733.705563680861,2875.29,Business,High
TAXP00237,52,150000,1,2,0,2,0.046,0.333,1.0,51.78,51.78,0.0,0.0,0.094,0.074,0.264,5.0,0.0,51.78,Salary,Low
TAXP01906,35,281800,1,0,0,0,0.332,0.295,11.0,2690.41,244.58,0.0,0.0,0.10727272727272727,0.19554545454545458,0.23354545454545453,3.6363636363636362,214.73555025150864,664.7,Business,Low
TAXP01865,38,800900,1,0,0,1,0.025,0.212,23.0,8202.96,356.65,0.0,0.0,0.12739130434782608,0.2096086956521739,0.17226086956521738,4.3478260869565215,293.7761831035547,1404.55,Professional,Low
TAXP01721,60,1381700,1,1,0,0,-0.033,0.034,16.0,14305.35,894.08,1.0,0.0625,0.1168125,0.2169375,0.1751875,4.375,1388.026718469875,5095.68,Multiple,Low
TAXP04631,63,183100,1,2,0,0,0.056,0.472,13.0,4804.91,369.61,1.0,0.0769230769230769,0.1303076923076923,0.2316923076923077,0.21315384615384614,4.076923076923077,514.5364381953616,1749.1,Salary+Investments,Low
TAXP03232,58,1927700,1,1,25700,1,-0.039,0.226,8.0,27943.64,3492.96,1.0,0.125,0.137375,0.178125,0.16849999999999998,4.625,5520.027078150458,16592.8,Salary+Business,Medium
TAXP03662,40,868500,0,0,0,0,0.052,0.169,14.0,12020.47,858.6,1.0,0.0714285714285714,0.11657142857142858,0.17450000000000002,0.21557142857142855,4.714285714285714,1501.7787306122132,5890.68,Multiple,Low
TAXP01679,36,385400,1,0,0,0,-0.055,0.318,32.0,11014.74,344.21,0.0,0.0,0.1181875,0.22846875,0.2200625,4.1875,645.2133748635582,3137.44,Salary,Low
TAXP01010,51,853800,1,1,0,0,0.399,0.285,44.0,28451.77,646.63,3.0,0.0681818181818181,0.11256818181818183,0.21659090909090908,0.18540909090909088,4.204545454545454,1006.0902811429531,4947.76,Salary,Low
TAXP03357,42,415500,1,1,0,0,0.344,0.347,9.0,2320.42,257.82,1.0,0.1111111111111111,0.14588888888888887,0.2768888888888889,0.17600000000000002,3.888888888888889,286.3490402075372,874.11,Business,Low
TAXP00474,50,742800,0,1,0,0,0.085,0.233,5.0,1285.07,257.01,0.0,0.0,0.0914,0.29359999999999997,0.16799999999999998,4.4,275.3010786938547,737.27,Business,Low
TAXP03669,55,186500,1,0,0,0,0.189,0.404,15.0,2996.4,199.76,2.0,0.1333333333333333,0.11246666666666667,0.17140000000000002,0.18993333333333334,4.0,328.277971542411,1356.65,Salary+Business,Low
TAXP03915,29,150000,1,0,0,1,-0.066,0.298,65.0,17437.34,268.27,5.0,0.0769230769230769,0.12412307692307692,0.23404615384615382,0.2098307692307692,4.0,391.66007870388904,2472.76,Salary,Low
TAXP03358,34,445600,1,3,0,0,-0.155,0.397,3.0,1351.12,450.37,0.0,0.0,0.14166666666666666,0.2663333333333333,0.16033333333333333,3.3333333333333335,589.2126412708177,1126.95,Salary,Low
TAXP00980,30,894700,1,1,0,0,-0.038,0.276,14.0,12124.95,866.07,1.0,0.0714285714285714,0.10778571428571428,0.16742857142857143,0.20914285714285713,3.7857142857142856,838.2120380830632,3010.47,Business,Low
TAXP03949,30,624600,1,1,17800,0,0.401,0.355,6.0,2003.85,333.98,0.0,0.0,0.10583333333333333,0.1625,0.2065,4.0,447.70979755864175,1223.24,Salary,Low
TAXP04043,62,635500,1,1,0,0,0.263,0.217,21.0,7119.92,339.04,1.0,0.0476190476190476,0.11623809523809525,0.222,0.18433333333333332,4.190476190476191,349.55693269446385,1392.43,Business,Low
TAXP00478,52,285700,1,0,4700,0,-0.096,0.125,7.0,1809.9,258.56,0.0,0.0,0.10471428571428572,0.19999999999999998,0.23285714285714285,3.7142857142857144,338.9026838545389,932.12,Business,Low
TAXP04781,62,505800,1,2,0,0,0.198,0.218,31.0,10637.85,343.16,1.0,0.032258064516129,0.11893548387096774,0.22025806451612903,0.19841935483870968,4.129032258064516,427.0865177810259,1964.93,Salary,Low
TAXP00543,47,776900,1,2,0,0,-0.176,0.163,30.0,14764.49,492.15,2.0,0.0666666666666666,0.10813333333333333,0.18316666666666667,0.24630000000000002,3.966666666666667,783.9742813580809,4080.27,Salary,Low
TAXP04933,39,2261100,1,1,8700,0,0.169,0.15,12.0,24269.07,2022.42,0.0,0.0,0.11516666666666668,0.24008333333333334,0.229,3.9166666666666665,2837.598616971512,10577.18,Salary,Low
TAXP03547,65,2065100,1,1,0,0,-0.092,0.178,12.0,33755.11,2812.93,1.0,0.0833333333333333,0.13475,0.283,0.18300000000000002,4.0,2443.8149899564014,5670.31,Professional,Low
TAXP01830,61,552200,1,0,0,0,0.532,0.352,12.0,4189.74,349.14,0.0,0.0,0.1195,0.23983333333333334,0.20858333333333334,3.9166666666666665,443.35321653179744,1595.94,Business,Low
TAXP02278,33,2527600,1,1,0,0,0.353,0.325,11.0,31274.77,2843.16,1.0,0.0909090909090909,0.11372727272727272,0.19518181818181815,0.2006363636363636,3.4545454545454546,4899.182279294076,16480.61,Multiple,Low
TAXP02773,43,545100,1,1,14400,2,-0.056,0.082,24.0,9584.67,399.36,3.0,0.125,0.136375,0.24554166666666666,0.21275,4.458333333333333,434.5998963595837,1531.48,Salary,Medium
TAXP04935,39,492300,1,0,0,0,0.003,0.23,3.0,323.99,108.0,1.0,0.3333333333333333,0.12433333333333334,0.24666666666666667,0.17733333333333334,4.333333333333333,8.756856361350993,117.67,Salary,Medium
TAXP01556,22,413500,1,0,37500,0,0.458,0.48,29.0,16109.12,555.49,2.0,0.0689655172413793,0.13151724137931034,0.2183793103448276,0.20644827586206896,4.241379310344827,1169.525126267994,6275.15,Business,Low
TAXP02400,36,993100,1,1,0,0,0.063,0.144,13.0,7084.96,545.0,0.0,0.0,0.10261538461538462,0.21838461538461537,0.14107692307692307,3.8461538461538463,385.1393993821071,1319.67,Salary,Low
TAXP04234,32,1791100,0,0,26800,2,0.296,0.304,24.0,48825.47,2034.39,3.0,0.125,0.13258333333333333,0.19725,0.1845416666666667,3.8333333333333335,3850.5256017824922,17742.03,Professional,Medium
TAXP01773,47,255800,1,1,0,0,0.102,0.366,35.0,9657.72,275.93,2.0,0.0571428571428571,0.12405714285714287,0.21371428571428572,0.18314285714285714,4.0,341.6538986818939,1800.86,Salary,Low
TAXP04102,58,735100,1,0,0,0,0.139,0.316,4.0,1560.3,390.08,1.0,0.25,0.08625,0.1885,0.06874999999999999,4.5,352.3324445747227,895.07,Salary,Medium
TAXP02410,36,442000,1,1,0,0,-0.272,0.135,12.0,4863.54,405.3,0.0,0.0,0.09325,0.24408333333333332,0.22158333333333333,4.166666666666667,354.68864808704853,1126.65,Salary,Low
TAXP04914,65,296900,1,1,0,0,0.347,0.29,10.0,3436.17,343.62,1.0,0.1,0.1651,0.2732,0.248,4.0,325.5936789944042,946.12,Multiple,Low
TAXP01986,40,527600,1,0,0,0,-0.147,0.183,21.0,8950.79,426.23,0.0,0.0,0.0849047619047619,0.19442857142857145,0.24309523809523811,4.238095238095238,555.6187722766308,2231.47,Professional,Low
TAXP00584,26,300400,1,0,0,0,0.358,0.257,12.0,2686.83,223.9,2.0,0.1666666666666666,0.12083333333333333,0.27525,0.20483333333333334,4.166666666666667,177.89444112757127,526.6,Business,Low
TAXP01698,39,3592800,1,0,2000,0,-0.257,0.354,31.0,92266.78,2976.35,3.0,0.0967741935483871,0.12241935483870968,0.19203225806451613,0.18574193548387097,4.032258064516129,4051.83044286218,18669.25,Salary,Low
TAXP04973,39,1324900,1,1,0,0,0.179,0.255,12.0,26481.86,2206.82,1.0,0.0833333333333333,0.09383333333333334,0.209,0.19841666666666666,3.75,2556.7614245114264,7742.53,Professional,Low
TAXP02122,21,671000,1,1,39100,0,-0.026,0.667,18.0,8505.19,472.51,0.0,0.0,0.08472222222222221,0.1663888888888889,0.16283333333333333,5.111111111111111,430.1969563771271,1563.88,Salary+Business,Low
TAXP02237,50,632000,1,2,37200,0,0.082,0.278,20.0,11440.11,572.01,1.0,0.05,0.08635,0.21484999999999999,0.15925,3.35,704.3685245775298,3156.05,Salary,Low
TAXP04622,59,630700,0,1,114400,0,-0.086,0.16,31.0,16585.07,535.0,4.0,0.1290322580645161,0.14106451612903226,0.25683870967741934,0.23903225806451614,4.161290322580645,899.6143961857942,3690.94,Business,High
TAXP04323,51,221400,1,3,0,0,0.117,0.198,5.0,1260.24,252.05,1.0,0.2,0.1708,0.3458,0.1966,4.2,302.6855304932828,787.44,Salary,Medium
TAXP02113,58,1252700,0,1,0,2,0.031,0.236,17.0,8615.2,506.78,0.0,0.0,0.10623529411764707,0.2444705882352941,0.24111764705882355,4.235294117647059,545.681190576755,1691.75,Salary,Low
TAXP02755,33,1413500,1,1,0,0,0.071,0.18,23.0,28058.04,1219.91,2.0,0.0869565217391304,0.131,0.1791304347826087,0.18021739130434786,4.260869565217392,1978.4071301586157,7319.7,Salary,Low
TAXP03542,27,837500,1,0,0,0,0.139,0.527,26.0,22055.71,848.3,1.0,0.0384615384615384,0.11353846153846153,0.23657692307692307,0.2053846153846154,3.423076923076923,1735.8738048416822,8962.4,Multiple,Low
TAXP02847,49,431900,1,1,0,0,-0.012,0.197,26.0,5581.68,214.68,1.0,0.0384615384615384,0.11092307692307692,0.22426923076923075,0.18615384615384614,4.3076923076923075,341.626056652592,1218.35,Salary+Investments,Low
TAXP01542,31,1190000,1,0,0,1,-0.016,0.182,2.0,2042.39,1021.2,1.0,0.5,0.2115,0.10400000000000001,0.4385,8.0,99.6667008082439,1091.67,Salary,Medium
TAXP04557,53,842200,1,1,0,0,0.032,0.333,24.0,9712.6,404.69,0.0,0.0,0.09491666666666666,0.18641666666666667,0.158125,4.625,314.85890058145463,1069.69,Salary+Business,Low
TAXP00427,42,1159300,1,0,0,0,0.223,0.292,32.0,30277.16,946.16,3.0,0.09375,0.1241875,0.23725,0.21006249999999999,4.0625,1781.8796438932031,9255.87,Professional,Low
TAXP01928,35,312500,1,2,0,0,0.419,0.147,22.0,3996.45,181.66,3.0,0.1363636363636363,0.14545454545454548,0.30436363636363634,0.19368181818181818,4.409090909090909,178.94194787260352,778.74,Business,Low
TAXP03125,59,774100,1,1,0,0,0.089,0.427,6.0,3118.28,519.71,0.0,0.0,0.1605,0.2961666666666667,0.36800000000000005,4.833333333333333,420.8224845070266,1183.01,Salary,Low
TAXP02199,44,556700,0,1,52700,0,0.018,0.356,23.0,8495.97,369.39,2.0,0.0869565217391304,0.13143478260869565,0.20078260869565218,0.2255217391304348,4.826086956521739,433.70034857554066,1639.73,Salary,Medium
TAXP03478,44,553700,1,2,0,0,0.229,0.245,47.0,13612.99,289.64,2.0,0.0425531914893617,0.10131914893617022,0.21248936170212765,0.16587234042553192,4.0638297872340425,312.5612946818751,1252.91,Business,Low
TAXP03007,22,156900,1,0,0,1,-0.035,0.228,18.0,4320.56,240.03,0.0,0.0,0.13777777777777778,0.23805555555555558,0.1495,3.9444444444444446,373.8503843532139,1610.62,Professional,Low
TAXP04747,55,1118000,0,0,38300,3,-0.135,0.337,48.0,34274.5,714.05,0.0,0.0,0.11635416666666666,0.2226041666666667,0.2060833333333333,3.5833333333333335,763.6944576034913,3863.83,Salary+Business,Medium
TAXP03064,46,734900,1,0,0,0,0.193,0.234,17.0,12390.21,728.84,0.0,0.0,0.11923529411764706,0.15558823529411764,0.21911764705882353,3.9411764705882355,1015.2192345194387,3527.18,Salary,Low
TAXP04529,43,391500,0,0,0,0,0.078,0.329,20.0,4007.95,200.4,0.0,0.0,0.07825,0.1794,0.2028,3.85,271.2580166533041,1206.06,Business,Low
TAXP04194,36,315600,1,2,3000,1,-0.075,0.146,34.0,7907.96,232.59,0.0,0.0,0.1095,0.24255882352941177,0.2137058823529412,4.147058823529412,272.657115123466,1164.09,Salary,Low
TAXP04297,23,538500,1,1,0,0,-0.317,0.482,14.0,3469.34,247.81,2.0,0.1428571428571428,0.11850000000000001,0.24771428571428572,0.21135714285714285,4.071428571428571,277.25678536470343,920.08,Salary+Business,Low
TAXP03114,63,1139400,1,1,0,0,-0.111,0.167,33.0,35604.25,1078.92,0.0,0.0,0.09624242424242424,0.21475757575757576,0.19303030303030302,4.151515151515151,2116.845009019417,11050.86,Salary+Investments,Low
TAXP02959,28,742300,0,1,0,1,0.003,0.189,24.0,14379.43,599.14,3.0,0.125,0.13208333333333333,0.2504166666666667,0.22783333333333333,3.875,673.4983214560871,2721.41,Multiple,Medium
TAXP00056,39,410300,1,0,11100,0,0.099,0.243,4.0,1634.04,408.51,0.0,0.0,0.068,0.22,0.23299999999999998,3.5,262.76797864275625,648.68,Salary,Low
TAXP03908,46,305700,0,0,0,2,0.293,0.43,21.0,4264.53,203.07,0.0,0.0,0.11885714285714286,0.2208095238095238,0.21095238095238095,3.619047619047619,264.80364159397163,1167.32,Salary,Low
TAXP02706,24,572500,1,0,0,0,-0.021,0.431,17.0,8184.08,481.42,0.0,0.0,0.125,0.21558823529411764,0.19041176470588236,3.5294117647058822,608.98142278666,2298.65,Salary+Business,Low
TAXP00203,48,693800,1,0,0,1,-0.085,0.204,22.0,12848.4,584.02,1.0,0.0454545454545454,0.10622727272727274,0.19204545454545452,0.17236363636363639,3.8636363636363638,1344.1130732608854,6389.42,Salary,Low
TAXP04326,33,472700,1,0,7200,1,-0.093,0.15,10.0,5874.39,587.44,0.0,0.0,0.12389999999999998,0.19390000000000002,0.1674,4.4,866.4067426952411,2861.52,Business,Low
TAXP01187,36,517700,1,0,0,0,0.019,0.351,35.0,12564.12,358.97,5.0,0.1428571428571428,0.12517142857142857,0.225,0.18677142857142856,3.8857142857142857,362.0423416687728,1303.48,Salary+Investments,Low
TAXP04017,49,1926100,1,0,0,0,0.241,0.156,12.0,21455.39,1787.95,0.0,0.0,0.10258333333333335,0.2315,0.19041666666666668,3.9166666666666665,2066.0755943155896,6524.55,Professional,Low
TAXP02044,53,375100,0,0,6200,0,-0.065,0.277,14.0,7448.51,532.04,1.0,0.0714285714285714,0.12328571428571429,0.2857142857142857,0.13942857142857143,3.5714285714285716,702.1454966097416,1897.42,Multiple,Low
TAXP01144,24,439600,1,1,0,1,-0.15,0.491,19.0,7626.67,401.4,1.0,0.0526315789473684,0.09373684210526316,0.20594736842105263,0.1803157894736842,4.368421052631579,427.2630384748763,1558.56,Business,Low
TAXP01816,43,466000,1,1,0,1,0.222,0.464,8.0,1807.47,225.93,0.0,0.0,0.125125,0.25025000000000003,0.15275,5.0,238.6107972612364,758.17,Salary+Investments,Low
TAXP04969,62,511600,1,0,0,0,0.038,0.145,20.0,5931.38,296.57,2.0,0.1,0.12469999999999999,0.2447,0.20905,4.05,200.0009288636325,778.6,Business,Low
TAXP00593,51,2412200,1,0,0,0,0.044,0.142,4.0,6246.6,1561.65,0.0,0.0,0.0895,0.15025,0.14975000000000002,4.75,1552.5793679122064,3850.17,Professional,Low
TAXP01179,29,846100,1,1,0,0,0.11,0.429,17.0,42988.94,2528.76,0.0,0.0,0.11258823529411764,0.2177058823529412,0.25182352941176467,4.0,8563.24295562572,35738.03,Multiple,Low
TAXP03912,40,3718700,1,0,6400,0,-0.025,0.372,25.0,87023.28,3480.93,3.0,0.12,0.13,0.26956,0.20516,4.76,4249.600001423977,17138.0,Salary,Low
TAXP02274,36,1250100,1,1,0,1,-0.126,0.575,15.0,42355.5,2823.7,2.0,0.1333333333333333,0.11906666666666667,0.189,0.228,4.066666666666666,7290.358619249908,28677.15,Salary+Investments,Low
TAXP01585,63,596500,1,1,0,0,-0.08,0.475,1.0,397.73,397.73,0.0,0.0,0.075,0.094,0.056,6.0,0.0,397.73,Business,Low
TAXP02078,32,675600,1,1,0,1,0.199,0.027,1.0,50.0,50.0,0.0,0.0,0.097,0.263,0.032,5.0,0.0,50.0,Salary+Business,Low
TAXP00329,35,279500,1,0,0,1,-0.113,0.083,29.0,4656.72,160.58,1.0,0.0344827586206896,0.11065517241379311,0.21444827586206897,0.22510344827586207,3.8620689655172415,140.7571997721066,545.9,Business,Low
TAXP00156,49,2321300,1,1,0,0,0.041,0.27,17.0,31691.47,1864.2,2.0,0.1176470588235294,0.15641176470588233,0.24911764705882355,0.23176470588235293,3.7058823529411766,1793.7180462939918,5418.68,Business,Low
TAXP04260,24,498200,1,0,0,0,-0.135,0.315,24.0,7574.93,315.62,0.0,0.0,0.10225000000000001,0.21058333333333334,0.20233333333333334,3.6666666666666665,438.7112240859006,1941.93,Business,Low
TAXP01978,37,760100,1,0,0,1,0.084,0.291,8.0,2722.12,340.26,1.0,0.125,0.12937500000000002,0.22775,0.23575000000000002,3.5,304.7651191608758,831.0,Salary,Low
TAXP01229,42,972500,1,0,0,0,0.174,0.351,53.0,32853.48,619.88,0.0,0.0,0.10437735849056604,0.2268679245283019,0.18320754716981133,4.018867924528302,732.5183866124635,3688.16,Professional,Low
TAXP01274,42,850300,0,1,0,0,0.066,0.564,10.0,3757.88,375.79,1.0,0.1,0.1025,0.2803,0.13440000000000002,4.5,406.39919837519363,1352.45,Professional,Low
TAXP04024,35,214100,1,0,0,0,0.06,0.16,45.0,10106.59,224.59,4.0,0.0888888888888888,0.1166888888888889,0.20411111111111113,0.21480000000000002,4.2444444444444445,240.39389473625292,1144.88,Salary,Low
TAXP04429,32,567400,1,4,46700,1,0.166,0.167,30.0,13123.75,437.46,1.0,0.0333333333333333,0.13166666666666668,0.2682333333333334,0.16679999999999998,4.266666666666667,606.603194376819,3035.1,Salary,Medium
TAXP03742,32,376700,1,0,26100,0,-0.043,0.215,47.0,13070.61,278.1,4.0,0.0851063829787234,0.12693617021276596,0.233468085106383,0.2144255319148936,4.212765957446808,344.8432540497853,1553.31,Salary+Investments,Low
TAXP03840,24,575300,1,0,25200,0,0.033,0.308,4.0,741.76,185.44,0.0,0.0,0.11775,0.28075,0.20249999999999999,5.75,135.7286388349931,373.9,Salary,Low
TAXP01049,29,326700,1,4,0,1,0.067,0.225,29.0,9173.57,316.33,1.0,0.0344827586206896,0.10106896551724139,0.18982758620689655,0.17113793103448277,4.172413793103448,325.3815207348357,1224.4,Professional,Low
TAXP04715,55,427000,1,2,0,1,0.039,0.21,7.0,1043.61,149.09,0.0,0.0,0.084,0.2227142857142857,0.19199999999999998,4.857142857142857,79.02949822994066,263.98,Salary,Low
TAXP04904,49,741500,1,0,202700,0,0.249,0.071,12.0,6357.56,529.8,2.0,0.1666666666666666,0.14991666666666667,0.22875,0.21050000000000002,3.75,473.8810721791882,1420.55,Salary,High
TAXP00832,52,2000600,1,1,6600,0,0.177,0.317,33.0,29328.44,888.74,1.0,0.0303030303030303,0.12572727272727272,0.20463636363636364,0.21378787878787878,3.6666666666666665,1015.8223603715716,4463.51,Business,Low
TAXP03379,45,324500,1,1,0,1,0.049,0.214,31.0,7932.87,255.9,0.0,0.0,0.12393548387096774,0.23361290322580644,0.18748387096774194,4.451612903225806,330.8854494771551,1798.47,Salary,Low
TAXP03389,63,213000,1,2,15400,0,0.076,0.124,53.0,13666.68,257.86,1.0,0.0188679245283018,0.11398113207547171,0.21558490566037736,0.17641509433962263,3.792452830188679,365.84472192688014,2124.59,Salary+Investments,Low
TAXP04926,54,1458600,1,1,0,1,0.06,0.506,15.0,10840.31,722.69,0.0,0.0,0.10273333333333333,0.2404666666666667,0.29560000000000003,4.2,1090.7745956525355,3959.36,Professional,Low
TAXP03306,50,942400,0,2,0,0,0.032,0.149,6.0,3718.57,619.76,1.0,0.1666666666666666,0.10033333333333333,0.269,0.22683333333333333,3.5,427.4388534242841,1126.06,Salary+Business,Medium
TAXP04647,26,623100,1,3,0,0,0.078,0.178,12.0,4948.04,412.34,1.0,0.0833333333333333,0.08741666666666666,0.16033333333333333,0.1755,4.666666666666667,470.2380392241075,1425.02,Professional,Low
TAXP03983,52,502500,1,0,0,0,0.267,0.414,7.0,2924.29,417.76,1.0,0.1428571428571428,0.14542857142857143,0.25985714285714284,0.268,3.5714285714285716,728.709873883453,2047.27,Salary+Business,Low
TAXP01538,23,192900,1,1,0,0,-0.015,0.28,6.0,2453.26,408.88,0.0,0.0,0.11283333333333334,0.25833333333333336,0.17400000000000002,4.666666666666667,387.53784742482463,955.03,Salary+Business,Low
TAXP00395,38,1077500,1,0,11700,1,0.225,0.143,9.0,10348.41,1149.82,0.0,0.0,0.10966666666666666,0.19677777777777777,0.23366666666666663,4.777777777777778,1002.6301714241398,3105.34,Multiple,Low
TAXP01765,30,304800,1,0,15900,0,0.216,0.2,3.0,1968.29,656.1,0.0,0.0,0.1376666666666667,0.3116666666666667,0.3253333333333333,4.0,961.7093761804205,1764.98,Multiple,Low
TAXP01322,48,434100,1,1,0,1,-0.179,0.22,5.0,1309.43,261.89,0.0,0.0,0.0656,0.16499999999999998,0.22880000000000003,3.8,271.5318909078637,726.03,Salary+Investments,Low
TAXP03628,60,333700,1,0,7200,0,-0.025,0.29,10.0,2352.74,235.27,0.0,0.0,0.1038,0.2031,0.2081,4.2,209.69121320010845,614.87,Salary+Business,Low
TAXP03344,50,1141500,1,0,0,0,0.3,0.323,32.0,22719.26,709.98,1.0,0.03125,0.10946875,0.199,0.2076875,3.84375,1166.7199044783838,5721.75,Professional,Low
TAXP02150,48,712400,0,0,0,2,0.13,0.194,10.0,9819.98,982.0,0.0,0.0,0.133,0.24220000000000003,0.1639,4.0,1092.3889628577056,3611.38,Salary+Investments,Low
TAXP04169,28,607400,1,0,0,1,-0.188,0.06,22.0,14653.07,666.05,0.0,0.0,0.11513636363636363,0.18936363636363635,0.1925,3.727272727272727,1219.5302509779876,5470.62,Salary,Low
TAXP01901,39,436000,1,0,0,0,-0.038,0.259,9.0,2224.84,247.2,1.0,0.1111111111111111,0.09822222222222222,0.17822222222222223,0.18188888888888888,4.111111111111111,279.40855736318775,916.55,Multiple,Low
TAXP01552,34,385800,1,2,0,0,0.025,0.145,10.0,1171.49,117.15,0.0,0.0,0.1387,0.2479,0.22269999999999998,4.3,99.77398118302743,355.73,Business,Low
TAXP03090,50,1306300,1,1,0,0,0.13,0.468,2.0,2622.61,1311.3,0.0,0.0,0.034,0.2395,0.054,4.5,978.1054550762921,2002.93,Business,Low
TAXP04710,52,967000,1,1,0,0,0.191,0.249,9.0,7481.8,831.31,0.0,0.0,0.11122222222222221,0.197,0.21699999999999997,3.888888888888889,1152.2731220987112,3607.97,Salary+Business,Low
TAXP03329,36,400100,1,3,0,0,0.235,0.245,28.0,7238.44,258.52,1.0,0.0357142857142857,0.10392857142857144,0.2175,0.1982142857142857,3.9642857142857144,281.36393166184547,1265.93,Salary+Business,Low
TAXP03397,64,339100,1,0,0,0,0.021,0.179,12.0,1859.16,154.93,1.0,0.0833333333333333,0.11158333333333333,0.1875,0.16499999999999998,4.25,149.93091039178375,450.29,Salary,Low
TAXP02899,30,349200,0,1,0,1,0.13,0.395,4.0,794.82,198.7,0.0,0.0,0.11574999999999999,0.20600000000000002,0.14400000000000002,3.0,73.35886063273702,265.88,Professional,Low
TAXP03313,52,573400,1,1,0,0,0.236,0.249,1.0,279.19,279.19,0.0,0.0,0.085,0.285,0.226,2.0,0.0,279.19,Professional,Low
TAXP00233,24,815800,1,0,0,1,0.291,0.133,20.0,19122.98,956.15,2.0,0.1,0.15330000000000002,0.2664,0.2222,3.4,1566.8802555090836,5943.99,Professional,Low
TAXP00272,60,816400,1,0,0,0,-0.007,0.128,33.0,20166.69,611.11,1.0,0.0303030303030303,0.11754545454545455,0.22590909090909092,0.19190909090909092,3.8484848484848486,869.091151712,3839.16,Multiple,Low
TAXP02137,46,777600,1,1,19300,0,-0.065,0.19,6.0,1764.95,294.16,0.0,0.0,0.1785,0.22583333333333333,0.19466666666666665,4.833333333333333,186.67131899857213,529.62,Salary+Investments,Low
TAXP04113,22,409200,1,1,0,0,0.052,0.487,32.0,10175.95,318.0,1.0,0.03125,0.12578125,0.27328125,0.2039375,4.15625,308.7359031663332,1131.82,Salary+Investments,Low
TAXP04504,27,1153700,1,2,0,0,-0.135,0.196,8.0,11393.95,1424.24,1.0,0.125,0.117375,0.208,0.152375,3.625,885.9460885716226,2486.88,Salary+Business,Low
TAXP00125,33,1185900,1,1,0,0,0.172,0.315,5.0,4117.59,823.52,0.0,0.0,0.094,0.1296,0.1918,5.8,938.9403579408014,2299.05,Professional,Low
TAXP00398,39,766600,0,1,0,0,0.108,0.1,27.0,9789.36,362.57,2.0,0.074074074074074,0.11314814814814815,0.1962962962962963,0.2071851851851852,4.148148148148148,278.0669036585556,1264.15,Salary,Low
TAXP04824,37,426300,1,0,48300,0,0.262,0.28,38.0,10782.54,283.75,4.0,0.1052631578947368,0.13671052631578948,0.2359473684210526,0.23186842105263158,4.026315789473684,321.6686278109523,1678.56,Salary,Medium
TAXP04402,39,464900,1,0,0,0,0.279,0.1,33.0,8339.13,252.7,2.0,0.0606060606060606,0.13272727272727272,0.20312121212121212,0.2094242424242424,4.2727272727272725,247.77438153695942,982.73,Salary,Low
TAXP03643,37,609100,1,0,0,0,0.188,0.265,3.0,410.51,136.84,0.0,0.0,0.077,0.10266666666666667,0.08366666666666667,4.333333333333333,81.8952723503215,212.68,Professional,Low
TAXP04909,40,449300,1,1,0,1,-0.221,0.251,2.0,1302.54,651.27,0.0,0.0,0.0915,0.201,0.15,5.5,849.2776706119147,1251.8,Professional,Low
TAXP00224,36,297700,1,0,0,0,0.039,0.469,64.0,24015.58,375.24,4.0,0.0625,0.12725,0.22914062500000001,0.18790625,3.703125,844.0873351248405,6442.84,Salary,Low
TAXP03509,43,963000,0,1,0,0,0.135,0.252,10.0,5908.38,590.84,0.0,0.0,0.10940000000000001,0.20950000000000002,0.23289999999999997,3.4,547.4844380497648,1733.3,Salary+Investments,Low
TAXP04028,60,1026600,0,2,22400,2,-0.127,0.323,20.0,11791.06,589.55,0.0,0.0,0.08904999999999999,0.2183,0.21230000000000002,4.4,587.1594744647184,2121.19,Salary,Low
TAXP04374,58,2327300,1,2,35500,0,-0.147,0.2,8.0,65819.49,8227.44,1.0,0.125,0.13025,0.19525,0.152125,3.5,18819.822916421275,54589.46,Salary,Medium
TAXP04853,30,2817800,1,2,0,1,0.066,0.082,21.0,53976.81,2570.32,1.0,0.0476190476190476,0.11152380952380953,0.20857142857142857,0.20376190476190476,4.380952380952381,3007.029666499104,11140.03,Salary,Low
TAXP04257,50,186100,1,1,0,0,0.23,0.098,19.0,2920.34,153.7,0.0,0.0,0.11805263157894737,0.22599999999999998,0.19,3.9473684210526314,196.9043621654078,732.83,Salary,Low
TAXP04178,27,828300,1,0,0,0,0.411,0.436,27.0,23535.56,871.69,1.0,0.037037037037037,0.11814814814814814,0.19855555555555554,0.21788888888888888,4.148148148148148,923.8692652334637,3534.13,Professional,Low
TAXP00471,55,834900,1,1,0,0,-0.007,0.181,29.0,15745.39,542.94,1.0,0.0344827586206896,0.12375862068965517,0.24196551724137932,0.1673448275862069,4.137931034482759,818.9016711101793,4091.19,Salary+Business,Low
TAXP02990,27,1760300,1,2,0,1,0.094,0.098,37.0,55637.17,1503.71,1.0,0.027027027027027,0.1115945945945946,0.2118648648648649,0.18983783783783784,4.5675675675675675,1609.601387691735,7350.88,Salary,Low
TAXP00022,25,398100,1,2,0,0,-0.091,0.155,38.0,13533.03,356.13,3.0,0.0789473684210526,0.14342105263157895,0.2210526315789474,0.2338684210526316,4.052631578947368,541.8564518066656,2362.21,Salary,Low
TAXP04321,59,388200,1,1,27000,0,-0.093,0.111,20.0,5644.23,282.21,0.0,0.0,0.1329,0.1991,0.20750000000000002,4.0,389.20991810366695,1642.28,Multiple,Low
TAXP04174,35,379800,1,0,0,0,0.073,0.256,23.0,7774.19,338.01,1.0,0.0434782608695652,0.1312173913043478,0.22934782608695653,0.19895652173913042,3.869565217391304,523.1536783137452,2098.13,Salary,Low
TAXP01211,21,1230800,1,1,0,0,0.108,0.163,38.0,37836.66,995.7,1.0,0.0263157894736842,0.11973684210526316,0.18081578947368424,0.24607894736842106,3.5526315789473686,1532.9752793841278,7267.06,Multiple,Low
TAXP01686,52,1030600,1,0,31900,0,0.022,0.227,4.0,1241.45,310.36,0.0,0.0,0.06575,0.33525,0.197,4.75,255.9098150227927,595.43,Business,Low
TAXP02854,36,774500,1,1,0,1,-0.186,0.087,5.0,2533.51,506.7,0.0,0.0,0.08280000000000001,0.21600000000000003,0.16219999999999998,3.0,424.86892416367664,1162.19,Salary+Business,Low
TAXP03677,40,305800,1,0,0,1,0.344,0.657,14.0,1824.19,130.3,0.0,0.0,0.1197142857142857,0.2045,0.21721428571428572,3.5,117.53213527596388,393.33,Professional,Low
TAXP01048,49,960700,1,1,900,0,-0.229,0.378,18.0,32213.78,1789.65,1.0,0.0555555555555555,0.10627777777777778,0.20438888888888887,0.1821111111111111,3.9444444444444446,3407.7507076563015,13967.66,Salary,Low
TAXP03749,37,385100,0,3,0,1,-0.013,0.048,29.0,6822.87,235.27,1.0,0.0344827586206896,0.10858620689655173,0.22693103448275864,0.1983793103448276,3.8620689655172415,358.4240192019596,1469.88,Professional,Low
TAXP01019,48,510000,1,0,0,0,0.285,0.204,9.0,10325.55,1147.28,1.0,0.1111111111111111,0.15133333333333335,0.24566666666666664,0.2198888888888889,4.222222222222222,1981.7622775322977,6057.53,Business,Low
TAXP02428,25,429100,1,1,0,0,0.264,0.388,30.0,7857.81,261.93,4.0,0.1333333333333333,0.12296666666666667,0.23466666666666666,0.17963333333333334,4.233333333333333,476.4639863160771,2502.42,Salary,Low
TAXP03441,33,2708600,1,0,0,0,0.096,0.128,3.0,2163.64,721.21,0.0,0.0,0.119,0.264,0.20666666666666667,5.0,601.6849719191376,1390.68,Salary,Low
TAXP02466,27,372300,1,0,0,2,0.023,0.202,12.0,2154.81,179.57,0.0,0.0,0.1245,0.23566666666666666,0.1775,3.6666666666666665,238.92629525841036,918.31,Salary,Low
TAXP03201,22,430100,0,0,0,0,-0.183,0.226,12.0,2695.98,224.66,0.0,0.0,0.09208333333333334,0.22133333333333335,0.18666666666666665,3.9166666666666665,259.8664055555539,795.68,Business,Low
TAXP04390,37,2052500,1,0,3000,1,0.238,0.22,13.0,13353.4,1027.18,0.0,0.0,0.10261538461538462,0.19423076923076923,0.178,3.230769230769231,914.0626581332319,2598.82,Business,Low
TAXP02502,40,777600,1,1,0,1,0.197,0.131,22.0,10451.07,475.05,1.0,0.0454545454545454,0.10586363636363637,0.2115909090909091,0.18581818181818183,4.0,780.8498309643792,3829.02,Salary,Low
TAXP04566,38,707700,1,2,37100,0,0.067,0.107,34.0,15217.94,447.59,3.0,0.088235294117647,0.10670588235294118,0.2256470588235294,0.16091176470588237,3.911764705882353,406.3468714369039,1464.69,Salary+Investments,Low
TAXP04643,41,1225700,1,0,4600,0,0.018,0.475,97.0,80727.18,832.24,9.0,0.0927835051546391,0.1295979381443299,0.2512783505154639,0.2105154639175258,3.9690721649484537,1279.0425180127293,7701.01,Salary,Low
TAXP03320,23,1134800,1,1,13800,0,0.03,0.375,8.0,5291.03,661.38,0.0,0.0,0.091625,0.252875,0.17074999999999999,4.75,432.4743394348882,1285.07,Salary+Business,Low
TAXP04449,45,1781500,1,2,0,1,-0.015,0.399,11.0,24062.45,2187.5,0.0,0.0,0.07881818181818182,0.17736363636363636,0.2161818181818182,4.181818181818182,2867.048681373805,8107.71,Professional,Low
TAXP01965,61,383100,1,0,10900,0,0.177,0.181,18.0,3586.74,199.26,1.0,0.0555555555555555,0.09288888888888888,0.1521111111111111,0.1575,3.9444444444444446,217.81799652867232,905.36,Salary+Business,Low
TAXP00118,50,660300,1,2,0,0,0.391,0.149,15.0,5075.57,338.37,0.0,0.0,0.10666666666666667,0.19873333333333332,0.1592666666666667,4.533333333333333,281.15881899399,857.25,Business,Low
TAXP02207,27,468000,1,0,0,0,0.384,0.376,26.0,5337.54,205.29,1.0,0.0384615384615384,0.11623076923076923,0.25296153846153846,0.16988461538461538,4.153846153846154,233.14306811054882,1136.39,Business,Low
TAXP00270,34,650000,1,0,0,0,0.073,0.458,10.0,4726.87,472.69,0.0,0.0,0.1382,0.198,0.2098,3.9,623.9189197688715,1779.1,Business,Low
TAXP01657,32,859800,1,0,18100,0,0.082,0.269,9.0,5230.67,581.19,0.0,0.0,0.11288888888888889,0.21933333333333332,0.17522222222222222,4.111111111111111,444.7589146692596,1551.81,Business,Low
TAXP01507,48,150000,1,1,0,1,0.169,0.489,7.0,1873.71,267.67,0.0,0.0,0.1347142857142857,0.21514285714285714,0.24328571428571427,4.285714285714286,187.11651786291574,514.22,Business,Low
TAXP03375,52,646100,1,0,0,0,-0.147,0.624,24.0,16122.48,671.77,0.0,0.0,0.08600000000000001,0.178625,0.19720833333333332,3.625,976.4848668521722,4024.22,Business,Low
TAXP04526,35,276500,1,1,0,0,-0.036,0.178,29.0,9895.51,341.22,1.0,0.0344827586206896,0.12141379310344827,0.20527586206896553,0.19517241379310346,4.172413793103448,391.11092660692833,1416.29,Business,Low
TAXP02338,31,1185400,1,1,0,0,0.132,0.037,7.0,6198.2,885.46,1.0,0.1428571428571428,0.14714285714285716,0.254,0.277,4.0,442.82665042182083,1670.04,Salary,Low
TAXP01530,31,1013800,1,1,18700,0,0.084,0.262,7.0,4076.96,582.42,0.0,0.0,0.12114285714285714,0.2532857142857143,0.271,4.571428571428571,751.855520156949,1960.16,Professional,Low
TAXP02550,51,931500,1,0,0,0,-0.162,0.27,17.0,4899.88,288.23,0.0,0.0,0.10658823529411765,0.2555294117647059,0.21905882352941178,4.176470588235294,179.19353801251086,652.38,Multiple,Low
TAXP02243,47,238300,1,0,0,0,0.12,0.401,27.0,4032.68,149.36,2.0,0.074074074074074,0.122,0.21303703703703702,0.2127777777777778,4.407407407407407,137.75035076609547,571.16,Salary+Investments,Low
TAXP01534,59,281000,1,1,0,0,-0.022,0.257,16.0,5388.05,336.75,4.0,0.25,0.16018749999999998,0.222375,0.261,4.3125,581.9651923236047,2393.82,Business,Medium
TAXP03351,36,681100,1,0,0,0,-0.095,0.128,11.0,8208.02,746.18,1.0,0.0909090909090909,0.1280909090909091,0.3310909090909091,0.13336363636363638,4.545454545454546,771.5382782762334,2233.92,Salary+Business,Low
TAXP01654,57,492400,1,0,0,0,0.142,0.463,35.0,23041.09,658.32,7.0,0.2,0.14557142857142857,0.23925714285714286,0.25802857142857144,4.0285714285714285,1656.8888960830661,9539.63,Business,Medium
TAXP03929,28,231400,1,1,0,0,0.267,0.071,15.0,6627.97,441.86,0.0,0.0,0.10233333333333333,0.20066666666666666,0.2142,4.266666666666667,690.8192383670964,2442.21,Salary,Low
TAXP01223,34,873800,1,0,0,0,0.204,0.526,25.0,14591.7,583.67,0.0,0.0,0.08564,0.195,0.19036,3.6,1197.5344973632282,6108.45,Business,Low
TAXP02290,27,208300,1,1,54800,0,0.392,0.414,13.0,2721.95,209.38,0.0,0.0,0.1103076923076923,0.22053846153846154,0.17730769230769228,3.5384615384615383,200.51380640168475,778.69,Salary+Business,Low
TAXP04046,27,583700,1,2,0,0,-0.069,0.339,26.0,15383.09,591.66,3.0,0.1153846153846153,0.13934615384615384,0.22611538461538463,0.2311923076923077,3.576923076923077,588.485608745415,2268.02,Professional,Low
TAXP03559,43,987800,0,0,5300,1,0.104,0.143,19.0,14986.18,788.75,1.0,0.0526315789473684,0.10278947368421051,0.22684210526315793,0.21657894736842107,3.473684210526316,1057.8897666119751,4518.38,Professional,Low
TAXP04418,46,813400,0,1,0,1,0.278,0.14,29.0,28998.17,999.94,1.0,0.0344827586206896,0.12762068965517243,0.2306896551724138,0.2016206896551724,3.6206896551724137,2413.7181655844092,12462.87,Salary+Business,Low
TAXP03773,38,879700,1,2,0,1,0.212,0.264,17.0,13247.81,779.28,1.0,0.0588235294117647,0.14270588235294118,0.2262941176470588,0.21758823529411764,3.764705882352941,978.2951750287634,4134.9,Salary,Low
TAXP00157,23,713900,1,0,9400,2,0.118,0.344,58.0,36283.67,625.58,1.0,0.0172413793103448,0.11858620689655172,0.22398275862068964,0.21591379310344827,4.137931034482759,1451.2493603757264,10413.42,Salary+Business,Low
TAXP03463,30,252200,1,0,0,0,0.282,0.198,52.0,26553.09,510.64,4.0,0.0769230769230769,0.13217307692307692,0.24423076923076922,0.20592307692307693,4.538461538461538,1579.8375791213584,10933.09,Salary,Low
TAXP01842,35,655200,1,1,16200,0,-0.045,0.289,72.0,21245.63,295.08,1.0,0.0138888888888888,0.09334722222222222,0.2056527777777778,0.1701666666666667,3.9583333333333335,278.7162232189337,1283.1,Business,Low
TAXP04728,47,303500,1,1,0,1,0.132,0.048,69.0,19387.01,280.97,1.0,0.0144927536231884,0.09418840579710144,0.21330434782608695,0.17368115942028986,3.6956521739130435,415.82139419373823,2670.04,Salary,Low
TAXP00633,31,485500,1,1,0,0,0.017,0.267,2.0,2166.83,1083.42,0.0,0.0,0.16949999999999998,0.128,0.1905,2.0,141.38600089825027,1183.39,Salary+Business,Low
TAXP01268,50,1047000,1,0,4600,0,0.141,0.405,17.0,16996.66,999.8,0.0,0.0,0.13158823529411764,0.2424705882352941,0.2066470588235294,4.235294117647059,1148.0394877950691,4614.53,Multiple,Low
TAXP04960,54,339000,0,0,0,0,0.127,0.034,17.0,5770.95,339.47,1.0,0.0588235294117647,0.13405882352941176,0.22694117647058823,0.2320588235294118,3.9411764705882355,627.3458640627334,2688.97,Business,Low
TAXP01433,25,347900,1,1,36800,0,0.131,0.37,3.0,976.4,325.47,0.0,0.0,0.15566666666666665,0.22,0.14833333333333334,6.0,188.285865729038,438.07,Salary,Low
TAXP02215,30,348300,0,1,0,0,0.038,0.148,23.0,5220.83,226.99,0.0,0.0,0.11778260869565217,0.2653913043478261,0.2008695652173913,3.869565217391304,274.945179498112,1192.58,Salary+Investments,Low
TAXP02743,55,357200,1,1,21300,0,-0.078,0.309,17.0,3550.35,208.84,1.0,0.0588235294117647,0.11535294117647059,0.2097058823529412,0.19058823529411764,4.0588235294117645,395.4984234649176,1688.79,Business,Low
TAXP00021,55,569000,0,1,51500,1,0.101,0.404,2.0,383.39,191.7,0.0,0.0,0.048999999999999995,0.1815,0.1805,3.5,200.3869907204557,333.39,Business,Low
TAXP04238,55,764900,1,1,21800,0,0.051,0.262,32.0,33859.69,1058.12,2.0,0.0625,0.1370625,0.2365,0.1768125,3.6875,2324.2137950005517,10139.09,Professional,Low
TAXP04264,55,1214100,1,1,50100,0,-0.013,0.108,4.0,1597.43,399.36,0.0,0.0,0.105,0.19675,0.20925,5.5,517.3018972434439,1169.99,Business,Low
TAXP01935,43,245900,1,2,28100,0,-0.28,0.098,15.0,4393.71,292.91,1.0,0.0666666666666666,0.09993333333333333,0.17479999999999998,0.1944,4.533333333333333,334.1404414057915,1055.93,Salary,Low
TAXP01579,32,150000,1,1,79500,0,0.206,0.296,23.0,4045.24,175.88,0.0,0.0,0.10856521739130434,0.2083913043478261,0.16847826086956522,3.9130434782608696,171.96430752815064,607.35,Business,Low
TAXP00088,25,655900,1,1,0,2,-0.145,0.273,3.0,4032.01,1344.0,0.0,0.0,0.18066666666666667,0.26899999999999996,0.2006666666666667,2.3333333333333335,1508.0853810157212,3081.16,Salary,Low
TAXP01553,34,427600,0,2,0,1,0.116,0.041,4.0,1203.01,300.75,1.0,0.25,0.094,0.11875,0.242,4.75,200.67896690568577,553.53,Business,Medium
TAXP03716,32,349800,1,0,0,0,0.124,0.25,17.0,3028.92,178.17,1.0,0.0588235294117647,0.10158823529411765,0.22394117647058823,0.2566470588235294,3.8823529411764706,299.74939258143826,1196.93,Professional,Low
TAXP00439,41,405800,1,4,0,0,0.342,0.405,6.0,1462.93,243.82,0.0,0.0,0.10183333333333333,0.1645,0.14316666666666666,6.166666666666667,162.81563996332375,540.13,Salary,Low
TAXP04522,39,817500,1,3,0,0,-0.021,0.194,32.0,18482.02,577.56,3.0,0.09375,0.115625,0.19078125,0.2204375,4.1875,744.1466110334038,3752.04,Salary+Investments,Low
TAXP02917,45,2021600,1,1,0,1,0.166,0.228,13.0,18015.58,1385.81,2.0,0.1538461538461538,0.12146153846153845,0.2083846153846154,0.2703846153846154,3.769230769230769,1691.2715468769766,5163.21,Business,Low
TAXP00018,38,325900,0,0,19400,0,0.009,0.135,5.0,655.23,131.05,1.0,0.2,0.1578,0.2544,0.2824,3.6,95.77016878966018,281.73,Salary,Medium
TAXP02038,28,1332100,1,1,0,1,-0.147,0.495,19.0,22126.1,1164.53,0.0,0.0,0.1331578947368421,0.24152631578947367,0.25157894736842107,4.105263157894737,2587.0886163585146,11721.2,Salary,Low
TAXP04377,49,218600,1,1,0,1,0.059,0.222,37.0,35507.24,959.66,3.0,0.081081081081081,0.15086486486486486,0.2267027027027027,0.20145945945945945,4.4324324324324325,2612.534933721378,11965.69,Salary,Low
TAXP03050,29,1811500,1,0,0,2,-0.032,0.066,20.0,16528.19,826.41,0.0,0.0,0.10774999999999998,0.2103,0.21105000000000002,3.7,806.3097107940531,2896.07,Multiple,Low
TAXP03506,21,2129400,0,2,32300,0,0.246,0.395,22.0,43216.96,1964.41,1.0,0.0454545454545454,0.14200000000000002,0.27745454545454545,0.19754545454545455,4.045454545454546,2775.425764755454,13418.64,Salary,Medium
TAXP03693,61,160900,0,0,0,0,0.141,0.091,14.0,2665.13,190.37,1.0,0.0714285714285714,0.12407142857142858,0.15114285714285716,0.174,3.357142857142857,139.83021834777637,529.34,Multiple,Low
TAXP02777,48,969900,1,2,48400,0,0.113,0.218,30.0,15855.48,528.52,1.0,0.0333333333333333,0.11043333333333334,0.23016666666666669,0.17173333333333335,3.966666666666667,704.9528939635514,3488.31,Salary,Low
TAXP00090,63,896500,1,1,0,0,0.003,0.194,12.0,16090.9,1340.91,2.0,0.1666666666666666,0.11141666666666666,0.24766666666666667,0.1605,3.6666666666666665,2526.547507107218,8258.69,Business,Low
TAXP01541,22,538700,1,0,0,0,-0.056,0.135,9.0,2496.8,277.42,0.0,0.0,0.10855555555555556,0.2578888888888889,0.28588888888888886,3.7777777777777777,332.66391158261285,1057.38,Salary+Investments,Low
TAXP02611,34,195600,1,0,0,0,0.344,0.236,38.0,12212.23,321.37,8.0,0.2105263157894736,0.1429736842105263,0.24768421052631576,0.21347368421052632,3.8684210526315788,859.8900879314104,5400.02,Business,Medium
TAXP00667,25,203100,1,0,0,0,0.102,0.164,65.0,29784.96,458.23,5.0,0.0769230769230769,0.1252923076923077,0.23635384615384614,0.18295384615384613,4.030769230769231,1186.9411566981908,6864.99,Salary+Business,Low
TAXP03672,55,949700,1,0,0,0,0.075,0.32,9.0,5088.28,565.36,0.0,0.0,0.07511111111111111,0.1968888888888889,0.19088888888888889,3.888888888888889,603.715383067864,1692.8,Salary,Low
TAXP00465,59,290700,1,0,0,1,0.381,0.02,17.0,3556.39,209.2,1.0,0.0588235294117647,0.14111764705882354,0.2081764705882353,0.21088235294117647,3.588235294117647,294.0460408139895,1126.94,Multiple,Low
TAXP04589,63,190200,1,1,0,0,0.191,0.492,3.0,4604.07,1534.69,0.0,0.0,0.08766666666666667,0.10266666666666667,0.15033333333333335,2.3333333333333335,2389.154508942442,4293.43,Professional,Low
TAXP01984,25,542100,1,1,14900,3,-0.061,0.134,31.0,12511.42,403.59,1.0,0.032258064516129,0.12080645161290322,0.20180645161290323,0.18854838709677418,4.32258064516129,523.6139057026286,2238.1,Salary,Low
TAXP00571,25,229100,1,1,16700,1,0.399,0.121,10.0,2468.27,246.83,0.0,0.0,0.1072,0.1513,0.1927,3.2,328.12708662786264,1044.98,Salary,Low
TAXP03027,22,1104000,1,0,0,0,0.097,0.029,7.0,3743.91,534.84,1.0,0.1428571428571428,0.13142857142857142,0.26057142857142856,0.2527142857142857,4.571428571428571,656.898689470889,1853.9,Salary,Low
TAXP01779,48,289900,1,0,0,0,0.118,0.109,27.0,16925.57,626.87,0.0,0.0,0.12781481481481483,0.2117777777777778,0.19666666666666666,3.2962962962962963,2048.095218402877,10806.48,Multiple,Low
TAXP01706,39,2558200,1,2,46700,1,0.35,0.295,16.0,10756.53,672.28,0.0,0.0,0.10175000000000001,0.1678125,0.2338125,3.875,609.978112598791,2445.41,Salary,Low
TAXP01192,43,1342600,0,1,0,0,-0.065,0.278,7.0,15093.41,2156.2,0.0,0.0,0.15514285714285717,0.29471428571428576,0.25042857142857144,4.285714285714286,4164.895419661133,11531.07,Multiple,Low
TAXP01947,42,378200,1,1,0,1,0.443,0.296,13.0,7385.51,568.12,1.0,0.0769230769230769,0.11253846153846155,0.18546153846153846,0.1797692307692308,4.384615384615385,1139.3608210274335,4311.57,Multiple,Low
TAXP02722,49,1645400,1,0,0,0,0.182,0.191,21.0,18489.09,880.43,0.0,0.0,0.12138095238095238,0.20657142857142857,0.20766666666666667,4.190476190476191,1206.0912563904228,5142.6,Salary,Low
TAXP04659,40,415700,1,0,27200,2,0.113,0.361,5.0,2559.55,511.91,1.0,0.2,0.1214,0.40540000000000004,0.2226,2.4,539.7258826478493,1441.84,Salary+Business,Medium
TAXP01583,35,966000,1,1,0,0,0.15,0.208,1.0,211.98,211.98,0.0,0.0,0.136,0.451,0.26,3.0,0.0,211.98,Salary,Low
TAXP04665,39,3991300,1,2,0,0,0.15,0.045,25.0,92155.17,3686.21,0.0,0.0,0.09932,0.16632000000000002,0.22636,4.12,5128.031308761612,24120.49,Professional,Low
TAXP03835,52,1821400,1,1,5100,1,0.049,0.144,7.0,24140.74,3448.68,0.0,0.0,0.1,0.22542857142857145,0.2052857142857143,2.7142857142857144,3528.243422831982,9982.96,Salary,Low
TAXP00895,63,519300,1,1,0,0,0.066,0.199,12.0,2834.54,236.21,1.0,0.0833333333333333,0.14475000000000002,0.23224999999999998,0.18841666666666668,4.666666666666667,177.91417220024087,550.13,Salary,Low
TAXP02362,65,316800,1,2,21800,1,0.068,0.232,2.0,478.08,239.04,0.0,0.0,0.118,0.322,0.155,4.0,82.57592990696502,297.43,Business,Low
TAXP01735,34,448100,1,1,10200,0,0.2,0.053,36.0,9731.53,270.32,1.0,0.0277777777777777,0.12663888888888888,0.19819444444444445,0.22316666666666668,4.388888888888889,395.0042243281246,1893.93,Salary,Low
TAXP02224,23,367000,1,0,0,0,0.036,0.182,15.0,7323.31,488.22,0.0,0.0,0.12846666666666667,0.2174,0.22840000000000002,3.6666666666666665,639.8650140957932,2522.71,Salary,Low
TAXP03832,43,3042000,1,3,17000,1,0.054,0.451,29.0,74269.29,2561.01,3.0,0.1034482758620689,0.11048275862068967,0.22765517241379313,0.17920689655172414,4.413793103448276,4114.601270316828,19751.2,Salary,Medium
TAXP02173,65,523900,1,0,0,1,0.069,0.197,7.0,2063.87,294.84,0.0,0.0,0.11342857142857143,0.25214285714285717,0.22185714285714284,4.428571428571429,312.3061666286558,902.72,Salary,Low
TAXP00112,25,771300,1,0,0,0,0.149,0.355,5.0,1941.56,388.31,0.0,0.0,0.136,0.32619999999999993,0.207,3.2,397.6009471442441,1011.94,Salary,Low
TAXP04269,39,1496200,1,3,0,0,0.23,0.323,29.0,43482.79,1499.41,1.0,0.0344827586206896,0.12355172413793104,0.26775862068965517,0.23868965517241378,4.482758620689655,2454.173026792872,12244.42,Salary,Low
TAXP01687,56,441100,1,1,0,0,0.126,0.417,37.0,14930.08,403.52,1.0,0.027027027027027,0.13094594594594594,0.2228378378378378,0.219,3.891891891891892,475.1293087473986,1966.84,Multiple,Low
TAXP01763,53,412900,1,1,17300,1,0.214,0.74,28.0,9174.5,327.66,0.0,0.0,0.10864285714285715,0.25039285714285714,0.179,3.7142857142857144,694.4027608694931,3094.87,Salary+Business,Low
TAXP01875,50,302000,1,4,0,0,0.418,0.279,25.0,9635.72,385.43,2.0,0.08,0.13012,0.242,0.14888,3.44,596.6059978070396,2559.54,Salary+Investments,Low
TAXP04772,52,150000,1,1,0,0,0.026,0.149,5.0,616.36,123.27,0.0,0.0,0.11779999999999999,0.29100000000000004,0.1836,3.0,98.2689639204566,236.62,Salary,Low
TAXP00747,57,2371400,1,0,0,0,0.222,0.103,17.0,35036.44,2060.97,3.0,0.1764705882352941,0.14352941176470588,0.2297058823529412,0.2754117647058823,3.764705882352941,2961.0546396908244,9999.07,Salary+Business,Low
TAXP02096,53,1143600,1,0,9300,0,-0.03,0.181,48.0,43326.73,902.64,2.0,0.0416666666666666,0.11879166666666667,0.19662500000000002,0.22620833333333334,4.270833333333333,1450.3432082206855,7396.96,Professional,Low
TAXP02434,42,699800,0,2,0,1,0.348,0.067,15.0,6834.94,455.66,1.0,0.0666666666666666,0.1262,0.2202,0.19133333333333333,4.0,647.9001268875878,2243.46,Professional,Low
TAXP03640,45,246600,1,0,7300,0,-0.258,0.596,44.0,19259.82,437.72,4.0,0.0909090909090909,0.1225,0.24213636363636362,0.1928409090909091,3.6363636363636362,975.1098822297921,4732.3,Business,Low
TAXP04816,50,150000,1,1,0,2,0.33,0.42,22.0,8242.9,374.68,0.0,0.0,0.11104545454545454,0.19154545454545457,0.23481818181818184,4.318181818181818,462.57969635287935,1886.17,Salary,Low
TAXP00199,40,647600,1,0,112400,0,0.264,0.158,25.0,13290.69,531.63,0.0,0.0,0.13344,0.22988,0.19736,3.84,603.6238728040831,2058.99,Salary,Medium
TAXP00277,56,375200,1,0,0,0,0.285,0.209,51.0,14887.86,291.92,1.0,0.0196078431372549,0.11950980392156862,0.2116862745098039,0.2503529411764706,3.627450980392157,670.0055619878003,4664.98,Salary,Low
TAXP00316,23,525000,1,1,9800,0,-0.156,0.074,8.0,5474.26,684.28,1.0,0.125,0.11762500000000001,0.27975,0.224625,3.875,779.5536206014677,2116.9,Salary+Investments,Low
TAXP04707,47,880900,1,0,27800,0,0.22,0.363,46.0,61179.83,1330.0,0.0,0.0,0.11691304347826087,0.22717391304347825,0.20026086956521738,4.173913043478261,3069.233933266924,19653.88,Business,Low
TAXP00425,48,342900,0,1,9600,1,0.254,0.314,13.0,2635.02,202.69,1.0,0.0769230769230769,0.10523076923076924,0.267,0.1696923076923077,4.769230769230769,127.67814943171635,406.42,Salary,Low
TAXP01690,26,1218700,1,0,6900,0,0.192,0.3,64.0,60627.48,947.3,2.0,0.03125,0.12015625,0.213265625,0.198171875,4.09375,1528.52377961042,9869.24,Salary,Low
TAXP02736,31,486400,1,0,0,1,-0.027,0.132,10.0,3550.14,355.01,0.0,0.0,0.0955,0.23079999999999998,0.2383,4.2,638.8551200424431,2151.95,Salary,Low
TAXP04117,45,1463200,1,0,47300,1,0.106,0.173,10.0,9988.52,998.85,0.0,0.0,0.1,0.23650000000000002,0.20929999999999999,3.7,866.0770218866218,2615.23,Professional,Low
TAXP04999,48,673700,0,0,0,1,-0.001,0.111,2.0,604.06,302.03,0.0,0.0,0.086,0.2505,0.1725,1.5,235.56555308448648,468.6,Salary,Low
TAXP02946,51,765500,1,0,0,0,-0.023,0.368,30.0,21283.7,709.46,3.0,0.1,0.13146666666666668,0.23323333333333332,0.19899999999999998,4.333333333333333,1072.94212222453,4733.21,Salary,Low
TAXP03984,54,242800,1,2,28800,1,0.204,0.071,8.0,4666.66,583.33,0.0,0.0,0.143625,0.185875,0.195375,4.875,985.6943991891488,2818.16,Salary+Business,Low
TAXP02452,54,486200,0,2,0,0,0.374,0.407,23.0,10317.26,448.58,1.0,0.0434782608695652,0.13386956521739132,0.24830434782608696,0.23260869565217393,3.9565217391304346,830.7478577851552,3469.18,Salary,Low
TAXP04757,47,733700,0,1,0,0,0.092,0.456,36.0,27800.08,772.22,2.0,0.0555555555555555,0.10825000000000001,0.20227777777777778,0.18583333333333335,3.8333333333333335,1836.520592875007,9775.73,Salary+Investments,Low
TAXP02076,29,257500,1,1,0,0,0.253,0.457,22.0,9951.41,452.34,1.0,0.0454545454545454,0.11554545454545453,0.23136363636363635,0.13072727272727272,4.2727272727272725,800.3847266122435,3085.72,Salary,Low
TAXP03008,58,1394700,1,0,0,0,0.301,0.308,9.0,15148.87,1683.21,0.0,0.0,0.07333333333333333,0.2544444444444445,0.1978888888888889,4.111111111111111,2311.4251047123385,6076.32,Professional,Low
TAXP04831,31,252100,1,0,0,0,0.015,0.6,30.0,9788.69,326.29,1.0,0.0333333333333333,0.12856666666666666,0.2119,0.1805,4.266666666666667,429.7086088749728,1513.47,Multiple,Low
TAXP01876,63,174300,1,2,0,1,0.478,0.31,9.0,4739.56,526.62,1.0,0.1111111111111111,0.14044444444444446,0.17555555555555555,0.2167777777777778,4.444444444444445,872.7212360309817,2752.54,Salary+Business,Low
TAXP02999,61,1172600,1,0,25600,0,0.095,0.35,73.0,95897.74,1313.67,3.0,0.0410958904109589,0.10452054794520547,0.22386301369863013,0.1836027397260274,4.36986301369863,2947.8800028657693,22664.53,Salary+Business,Low
TAXP02672,31,1827800,1,1,12300,0,0.28,0.367,22.0,17165.23,780.24,0.0,0.0,0.1275909090909091,0.23299999999999998,0.23081818181818184,3.772727272727273,1123.0477540537022,4640.76,Salary,Low
TAXP02526,45,1062400,1,1,0,0,0.092,0.13,12.0,11583.17,965.26,1.0,0.0833333333333333,0.14366666666666666,0.23399999999999999,0.21424999999999997,4.416666666666667,952.903460067353,2937.1,Salary,Low
TAXP01259,22,2274500,0,0,0,0,-0.006,0.096,7.0,19224.61,2746.37,0.0,0.0,0.12385714285714286,0.158,0.1827142857142857,5.428571428571429,6763.716483777524,18080.84,Business,Low
TAXP04988,28,792700,1,3,0,1,0.283,0.04,10.0,6498.23,649.82,1.0,0.1,0.1409,0.19970000000000002,0.2028,3.8,1084.485566647974,3606.96,Salary+Investments,Low
TAXP04466,48,957800,1,0,10400,0,0.283,0.076,3.0,5072.72,1690.91,0.0,0.0,0.11166666666666665,0.308,0.13899999999999998,3.3333333333333335,1463.3218239448672,3347.18,Salary,Low
TAXP03698,35,576900,1,1,0,0,-0.076,0.276,49.0,23221.28,473.9,4.0,0.0816326530612244,0.11212244897959184,0.2145918367346939,0.19855102040816328,3.816326530612245,944.9513597903112,6245.52,Salary+Business,Low
TAXP04209,43,1458100,1,3,0,0,0.242,0.28,3.0,1444.32,481.44,0.0,0.0,0.061,0.078,0.32366666666666666,3.0,104.31475878321343,590.21,Professional,Low
TAXP02941,31,2121100,1,1,64200,2,0.393,0.589,26.0,43861.26,1686.97,1.0,0.0384615384615384,0.12223076923076923,0.21315384615384614,0.18603846153846154,4.115384615384615,2467.615916676973,12544.88,Salary,Medium
TAXP01772,57,684600,1,2,0,0,-0.097,0.062,44.0,20054.55,455.79,1.0,0.0227272727272727,0.10875,0.2550227272727273,0.1945681818181818,3.5454545454545454,582.4565288559515,2595.37,Salary,Low
TAXP00082,46,403600,0,2,0,0,0.081,0.245,18.0,7128.13,396.01,1.0,0.0555555555555555,0.12666666666666668,0.16744444444444442,0.17933333333333334,3.888888888888889,453.21634817880954,1897.85,Salary,Low
TAXP03142,54,5766600,1,0,0,0,-0.007,0.359,10.0,189034.89,18903.49,0.0,0.0,0.10669999999999999,0.21500000000000002,0.2105,4.3,47016.09259779924,152236.76,Salary+Investments,Low
TAXP04847,35,1244700,0,1,13400,0,0.021,0.294,15.0,12814.67,854.31,2.0,0.1333333333333333,0.12906666666666666,0.22653333333333334,0.1804,5.333333333333333,1121.1070769993808,3413.05,Professional,Medium
TAXP00576,50,228000,1,0,0,0,0.317,0.257,10.0,6721.76,672.18,2.0,0.2,0.1487,0.1921,0.3009,3.9,1243.16206860838,3840.0,Salary,Medium
TAXP01806,55,163000,1,0,0,0,0.259,0.226,4.0,5684.79,1421.2,2.0,0.5,0.20750000000000002,0.3385,0.176,3.5,2714.5492922690373,5492.98,Salary,Medium
TAXP03887,26,320700,1,0,0,0,0.0,0.141,7.0,1872.74,267.53,0.0,0.0,0.10985714285714286,0.193,0.08114285714285716,4.285714285714286,279.32443584818134,633.6,Business,Low
TAXP03149,44,2336000,1,0,46600,0,0.17,0.352,2.0,1518.75,759.38,0.0,0.0,0.13849999999999998,0.3,0.186,3.5,284.0094386635769,960.2,Salary,Low
TAXP01715,40,313500,0,3,7000,0,0.192,0.308,3.0,318.06,106.02,0.0,0.0,0.10633333333333334,0.246,0.316,3.3333333333333335,39.09732983209978,136.64,Salary,Low
TAXP02051,44,1129000,1,0,0,0,0.344,0.252,16.0,24689.0,1543.06,1.0,0.0625,0.1136875,0.2723125,0.1778125,4.0,1534.6691898799122,5499.97,Business,Low
TAXP02286,33,844200,1,1,26600,0,-0.016,0.112,37.0,24124.37,652.01,1.0,0.027027027027027,0.10405405405405406,0.18516216216216216,0.17772972972972975,3.945945945945946,888.5086771664078,4181.88,Multiple,Low
TAXP01864,60,1358800,1,0,5900,2,0.002,0.454,4.0,9164.91,2291.23,0.0,0.0,0.116,0.21550000000000002,0.17125,3.25,3598.3974540932804,7654.33,Salary,Low
TAXP03704,63,370400,1,0,0,0,0.033,0.454,12.0,1820.95,151.75,0.0,0.0,0.11349999999999999,0.19675,0.23174999999999998,3.5833333333333335,133.98324871268818,463.29,Salary+Investments,Low
TAXP03152,53,337800,1,0,0,0,0.219,0.552,8.0,2469.21,308.65,0.0,0.0,0.153,0.26387499999999997,0.190375,4.5,391.43890559383595,1143.97,Multiple,Low
TAXP02632,36,319500,0,1,0,1,0.068,0.463,7.0,4815.18,687.88,2.0,0.2857142857142857,0.16342857142857145,0.24500000000000002,0.27014285714285713,4.857142857142857,786.4758665022571,2380.87,Salary+Investments,Medium
TAXP04358,27,500600,1,1,9900,1,0.113,0.074,8.0,2526.3,315.79,0.0,0.0,0.13974999999999999,0.313,0.231375,4.0,213.97110871397035,636.12,Salary,Low
TAXP00873,45,1094900,1,2,0,0,0.02,0.16,69.0,43261.38,626.98,4.0,0.0579710144927536,0.10489855072463769,0.2220144927536232,0.17939130434782607,3.8550724637681157,961.9579286887424,4931.54,Salary+Investments,Low
TAXP01103,60,1000000,1,0,7500,0,0.213,0.467,31.0,25434.11,820.46,2.0,0.064516129032258,0.11903225806451613,0.2166774193548387,0.19151612903225806,4.161290322580645,2334.6080837503487,13161.06,Salary,Low
TAXP04540,37,1068700,1,1,10500,1,0.104,0.093,26.0,30959.63,1190.76,1.0,0.0384615384615384,0.1286923076923077,0.23046153846153847,0.19176923076923075,3.6923076923076925,2564.556385394168,12458.35,Salary,Low
TAXP03895,22,1021200,1,0,0,1,0.161,0.361,6.0,4010.2,668.37,0.0,0.0,0.15016666666666667,0.19999999999999998,0.21033333333333334,3.0,877.573087091136,2406.91,Salary+Investments,Low
TAXP01667,21,763700,1,3,19300,0,0.152,0.559,13.0,27374.67,2105.74,2.0,0.1538461538461538,0.14415384615384613,0.1992307692307692,0.22230769230769232,3.6923076923076925,4532.126070415772,16548.42,Salary+Business,Medium
TAXP00662,61,641800,1,0,0,0,-0.308,0.071,1.0,1254.54,1254.54,0.0,0.0,0.134,0.147,0.225,4.0,0.0,1254.54,Business,Low
TAXP04804,63,1310600,1,2,4800,0,-0.016,0.171,29.0,31692.93,1092.86,1.0,0.0344827586206896,0.10182758620689655,0.19131034482758622,0.19493103448275864,3.793103448275862,2303.0880244816067,12363.75,Salary,Low
TAXP00236,37,405900,1,0,0,0,0.317,0.195,29.0,6981.89,240.75,2.0,0.0689655172413793,0.1263103448275862,0.2463448275862069,0.2130689655172414,4.137931034482759,289.46870122717553,1281.59,Business,Low
TAXP02569,62,176600,1,4,0,0,0.1,0.297,2.0,163.49,81.74,0.0,0.0,0.1675,0.2555,0.2695,5.5,44.894209537533904,113.49,Salary,Low
TAXP00669,46,446100,1,1,0,0,-0.205,0.274,31.0,12303.4,396.88,1.0,0.032258064516129,0.12251612903225807,0.20761290322580644,0.21661290322580645,3.806451612903226,627.6274411234605,2349.12,Business,Low
TAXP01775,56,1455400,1,1,0,0,0.002,0.357,7.0,6061.92,865.99,0.0,0.0,0.11085714285714286,0.24657142857142858,0.23600000000000002,4.142857142857143,1251.0396739835842,3533.45,Salary,Low
TAXP04922,29,1179800,1,0,0,0,0.152,0.278,7.0,5800.63,828.66,0.0,0.0,0.09242857142857143,0.2372857142857143,0.07414285714285715,3.2857142857142856,727.1365976080095,2018.63,Professional,Low
TAXP01899,55,470100,1,0,0,0,0.169,0.222,35.0,10018.05,286.23,3.0,0.0857142857142857,0.13488571428571428,0.21834285714285714,0.21734285714285714,4.457142857142857,478.56500269648046,2526.89,Business,Low
TAXP04059,45,993100,1,1,0,0,0.183,0.057,28.0,16742.54,597.95,3.0,0.1071428571428571,0.12960714285714287,0.223,0.16467857142857142,4.464285714285714,927.59164405128,4668.21,Salary,Low
TAXP03096,41,287300,0,1,0,0,0.393,0.382,30.0,10970.94,365.7,0.0,0.0,0.11806666666666667,0.23486666666666667,0.2174333333333333,4.0,506.92319636179127,2155.27,Salary+Investments,Low
TAXP04419,50,846600,1,1,30500,1,0.107,0.333,46.0,29546.22,642.31,2.0,0.0434782608695652,0.11763043478260869,0.20832608695652174,0.17673913043478262,3.8043478260869565,868.9930465693577,3972.63,Salary,Low
TAXP00116,33,444000,1,0,17000,0,0.152,0.105,11.0,4154.99,377.73,0.0,0.0,0.089,0.2009090909090909,0.17063636363636364,4.181818181818182,503.7187273721859,1688.7,Salary,Low
TAXP00569,26,964700,1,1,0,0,0.534,0.365,10.0,3333.24,333.32,0.0,0.0,0.0919,0.1768,0.1859,4.8,354.3134571784958,1285.81,Salary+Investments,Low
TAXP01521,31,260900,1,1,0,1,0.05,0.327,28.0,9243.24,330.12,1.0,0.0357142857142857,0.115,0.2322857142857143,0.19846428571428573,4.071428571428571,665.7230779715508,3322.67,Salary+Business,Low
TAXP04633,56,340900,1,0,0,1,-0.172,0.357,58.0,15541.84,267.96,1.0,0.0172413793103448,0.10701724137931035,0.2205,0.1976551724137931,3.6724137931034484,369.6936391159345,1888.21,Salary,Low
TAXP02660,58,898600,0,1,79900,0,-0.028,0.387,29.0,12582.64,433.88,0.0,0.0,0.10641379310344827,0.18824137931034482,0.1657241379310345,4.379310344827586,496.6243140911968,1915.73,Salary+Business,Medium
TAXP04844,24,286200,1,3,0,0,0.249,0.376,14.0,2707.56,193.4,0.0,0.0,0.12307142857142857,0.26285714285714284,0.19735714285714284,4.071428571428571,240.28157816735225,985.1,Salary,Low
TAXP03222,37,691200,1,1,0,2,0.373,0.233,1.0,233.37,233.37,0.0,0.0,0.113,0.281,0.042,3.0,0.0,233.37,Professional,Low
TAXP04461,58,855600,1,1,0,0,0.105,0.492,32.0,13696.24,428.01,2.0,0.0625,0.1216875,0.21515625,0.21540625,3.46875,534.5086731364277,2241.4,Salary,Low
TAXP02344,28,567500,1,0,23900,2,-0.016,0.223,3.0,345.86,115.29,0.0,0.0,0.09400000000000001,0.239,0.108,3.3333333333333335,70.12383356130306,189.41,Multiple,Low
TAXP03825,27,512900,1,1,1500,1,0.032,0.519,18.0,8862.82,492.38,1.0,0.0555555555555555,0.11827777777777777,0.2005,0.18177777777777776,3.5555555555555554,579.8508772687001,1836.3,Professional,Low
TAXP01854,41,1054600,1,0,0,0,-0.146,0.436,6.0,2583.46,430.58,0.0,0.0,0.10183333333333333,0.29083333333333333,0.19116666666666668,3.1666666666666665,239.8219500101412,837.64,Business,Low
TAXP03986,28,415400,0,1,0,0,-0.003,0.602,42.0,14420.96,343.36,1.0,0.0238095238095238,0.12057142857142858,0.23333333333333334,0.1813095238095238,4.119047619047619,590.4959776982537,3229.82,Salary,Low
TAXP02576,44,855300,1,0,0,1,-0.118,0.615,6.0,3487.04,581.17,0.0,0.0,0.153,0.14683333333333334,0.2005,4.333333333333333,790.0448154039534,2163.09,Salary,Low
TAXP04505,41,392400,1,1,10900,0,0.174,0.205,21.0,7256.4,345.54,0.0,0.0,0.09323809523809523,0.22747619047619047,0.17776190476190476,3.6666666666666665,487.2134754206092,1775.54,Salary+Business,Low
TAXP00553,39,804600,1,0,0,0,0.15,0.225,9.0,5134.7,570.52,1.0,0.1111111111111111,0.10155555555555557,0.1608888888888889,0.2511111111111111,4.222222222222222,553.0792781730703,1727.05,Business,Low
TAXP02923,65,259900,1,3,0,0,-0.012,0.1,3.0,504.94,168.31,0.0,0.0,0.15166666666666664,0.24366666666666667,0.12333333333333334,4.0,76.47652079778038,247.86,Business,Low
TAXP03271,37,1416000,1,0,0,2,-0.107,0.159,7.0,1854.84,264.98,0.0,0.0,0.1317142857142857,0.18557142857142855,0.2265714285714286,5.142857142857143,161.65035371796395,529.49,Business,Low
TAXP04983,64,189600,1,1,12500,0,-0.372,0.454,40.0,7986.37,199.66,3.0,0.075,0.134775,0.24955,0.215625,3.75,322.0856092868471,1857.43,Salary+Business,Low
TAXP03014,65,708000,0,0,9600,1,0.033,0.211,13.0,4219.81,324.6,1.0,0.0769230769230769,0.12046153846153847,0.241,0.20169230769230767,4.384615384615385,334.8403122500221,1318.49,Salary,Low
TAXP02097,39,1216800,1,0,24000,0,0.409,0.597,4.0,8722.98,2180.74,0.0,0.0,0.128,0.29525,0.10325000000000001,5.0,1974.5650048132968,5055.56,Salary+Business,Low
TAXP01371,22,218400,1,1,0,3,0.228,0.072,56.0,12373.22,220.95,2.0,0.0357142857142857,0.12310714285714286,0.2584821428571428,0.18294642857142857,4.375,403.0589224823059,2935.32,Professional,Low
TAXP02589,31,812200,1,0,0,0,0.104,0.068,16.0,10613.78,663.36,0.0,0.0,0.104125,0.262375,0.2191875,3.625,850.1381618527271,2913.43,Professional,Low
TAXP00153,40,194600,1,1,0,0,0.143,0.23,49.0,12926.24,263.8,4.0,0.0816326530612244,0.14179591836734695,0.26587755102040816,0.21681632653061225,4.1020408163265305,302.930549403357,1174.56,Salary+Investments,Low
TAXP03824,55,558500,1,0,8600,1,-0.121,0.149,22.0,22547.87,1024.9,1.0,0.0454545454545454,0.10327272727272727,0.21704545454545457,0.19795454545454547,3.6363636363636362,1854.6426072411243,6505.71,Salary+Business,Low
TAXP00428,29,2243800,1,0,0,0,0.254,0.344,18.0,34239.91,1902.22,1.0,0.0555555555555555,0.13533333333333333,0.20627777777777778,0.1746111111111111,4.222222222222222,2435.520542164158,9496.68,Professional,Low
TAXP04621,23,293100,0,0,15300,0,-0.01,0.341,36.0,22636.9,628.8,7.0,0.1944444444444444,0.15222222222222223,0.2096111111111111,0.213,4.222222222222222,1254.5286416581469,7046.05,Salary,Medium
TAXP04767,26,318900,1,1,0,1,0.198,0.455,35.0,15286.02,436.74,0.0,0.0,0.1068,0.3153142857142857,0.16937142857142856,3.6285714285714286,675.5124964749219,3334.37,Salary+Business,Low
TAXP03164,30,1058000,1,1,0,1,0.209,0.229,14.0,16959.12,1211.37,1.0,0.0714285714285714,0.11407142857142857,0.3189285714285714,0.20092857142857143,4.142857142857143,1743.7540550058804,5590.64,Salary,Low
TAXP01956,28,310900,0,0,0,0,0.199,0.248,30.0,10089.66,336.32,1.0,0.0333333333333333,0.11266666666666666,0.21783333333333335,0.18326666666666666,3.966666666666667,408.41687573124227,2027.32,Salary,Low
TAXP03933,52,837100,1,0,0,0,0.24,0.208,37.0,39630.54,1071.1,1.0,0.027027027027027,0.10802702702702702,0.18621621621621623,0.17797297297297296,3.972972972972973,2046.1699797270837,7764.8,Salary+Business,Low
TAXP03948,43,157400,0,1,0,0,0.003,0.26,14.0,2372.99,169.5,0.0,0.0,0.1262142857142857,0.24871428571428572,0.1995,3.5714285714285716,110.01484910014409,337.78,Professional,Low
TAXP01283,38,152400,1,1,0,0,0.334,0.061,54.0,21710.95,402.05,3.0,0.0555555555555555,0.13503703703703704,0.21007407407407405,0.19331481481481483,4.166666666666667,1209.3921078130227,8531.9,Business,Low
TAXP00463,32,207000,1,0,0,0,0.06,0.233,43.0,15028.02,349.49,1.0,0.0232558139534883,0.12304651162790699,0.18604651162790697,0.22781395348837208,3.953488372093023,508.5803997880923,2248.22,Salary+Business,Low
TAXP03960,27,357900,0,3,5000,0,0.339,0.261,6.0,1562.92,260.49,0.0,0.0,0.0555,0.18966666666666665,0.2041666666666667,3.8333333333333335,292.35480414500915,648.16,Business,Low
TAXP02843,36,987200,1,1,0,0,0.108,0.594,25.0,21375.24,855.01,2.0,0.08,0.13232,0.23224,0.20251999999999998,3.96,1009.6764191416311,4028.31,Salary+Business,Low
TAXP03115,32,799400,1,1,0,0,0.231,0.291,4.0,2292.09,573.02,1.0,0.25,0.1825,0.3085,0.2635,2.75,547.811923405287,1381.68,Salary,Medium
TAXP03576,39,165700,1,0,0,0,0.229,0.191,62.0,25553.12,412.15,6.0,0.0967741935483871,0.15348387096774194,0.2454516129032258,0.23780645161290323,3.9193548387096775,784.8969389825775,5488.11,Salary,Low
TAXP00033,40,449500,1,0,0,0,0.233,0.232,13.0,3478.92,267.61,1.0,0.0769230769230769,0.1316923076923077,0.22707692307692307,0.23123076923076924,4.923076923076923,244.97415719015274,781.95,Salary,Low
TAXP01055,35,241100,1,0,8700,0,0.385,0.223,43.0,14127.98,328.56,2.0,0.0465116279069767,0.12209302325581395,0.21902325581395346,0.1875581395348837,3.883720930232558,531.7847222766407,2815.13,Multiple,Low
TAXP01913,58,967100,0,0,7300,0,-0.048,0.061,12.0,10118.58,843.22,0.0,0.0,0.08316666666666667,0.20125,0.23683333333333334,2.5,1178.596876687005,3855.0,Salary,Low
TAXP02196,44,170800,1,1,0,0,-0.058,0.134,7.0,968.78,138.4,1.0,0.1428571428571428,0.17885714285714285,0.2711428571428572,0.196,4.571428571428571,78.66395441248504,300.18,Salary+Investments,Low
TAXP00828,28,597200,1,1,0,0,0.313,0.253,11.0,4327.31,393.39,0.0,0.0,0.10727272727272727,0.22354545454545455,0.14554545454545453,4.636363636363637,252.32820293491497,860.77,Salary,Low
TAXP02212,34,1315900,1,0,0,1,-0.075,0.366,54.0,74153.84,1373.22,2.0,0.037037037037037,0.11962962962962963,0.2439814814814815,0.18064814814814817,4.296296296296297,2017.5025007469496,11073.38,Salary,Low
TAXP04902,62,683900,1,0,52500,0,0.212,0.121,19.0,22768.8,1198.36,1.0,0.0526315789473684,0.10436842105263158,0.21173684210526314,0.19715789473684212,4.2631578947368425,1673.105656690837,6150.02,Salary,Low
TAXP02746,28,1498500,1,0,0,0,-0.25,0.137,7.0,17268.34,2466.91,0.0,0.0,0.121,0.13757142857142857,0.18757142857142856,4.285714285714286,3056.1621797545217,9051.04,Salary,Low
TAXP01503,49,1687600,1,2,28700,0,0.192,0.395,38.0,52711.45,1387.14,3.0,0.0789473684210526,0.13555263157894737,0.24436842105263157,0.1986315789473684,4.342105263157895,1590.8751371311432,5859.36,Business,Medium
TAXP04386,42,494300,1,1,0,1,0.068,0.528,14.0,12979.25,927.09,1.0,0.0714285714285714,0.124,0.22957142857142857,0.19678571428571429,3.5,1519.1209097139767,4641.55,Business,Low
TAXP03804,35,807400,1,0,26800,2,0.19,0.344,11.0,8808.78,800.8,0.0,0.0,0.12345454545454547,0.299,0.12381818181818183,3.727272727272727,666.8433220302679,1920.11,Business,Low
TAXP02503,57,1343700,1,0,36000,0,0.246,0.59,21.0,19407.08,924.15,4.0,0.1904761904761904,0.13195238095238096,0.27614285714285713,0.23038095238095238,3.857142857142857,2095.754642247831,9898.88,Salary,Medium
TAXP02214,53,2338700,1,0,6700,0,-0.046,0.205,30.0,63725.84,2124.19,2.0,0.0666666666666666,0.1270666666666667,0.17416666666666666,0.21430000000000002,4.5,3716.914083263652,16660.76,Salary,Low
TAXP00143,48,150000,1,1,0,0,0.212,0.238,23.0,5514.78,239.77,1.0,0.0434782608695652,0.10939130434782608,0.22630434782608697,0.19334782608695653,3.652173913043478,408.854874068302,1524.92,Salary+Investments,Low
TAXP00302,59,215400,0,1,0,2,-0.034,0.064,22.0,8554.91,388.86,1.0,0.0454545454545454,0.13577272727272727,0.2245909090909091,0.21031818181818182,4.136363636363637,568.8662779723097,2127.61,Salary+Business,Low
TAXP00601,50,942100,1,0,0,1,0.125,0.186,21.0,28018.65,1334.22,1.0,0.0476190476190476,0.13214285714285715,0.23423809523809527,0.21033333333333332,3.9047619047619047,2924.9483813638244,13356.6,Salary,Low
TAXP04362,41,829700,1,1,0,0,0.135,0.074,17.0,14374.22,845.54,2.0,0.1176470588235294,0.10352941176470588,0.20711764705882352,0.12247058823529411,3.8823529411764706,1772.2935593515872,7526.64,Multiple,Low
TAXP03336,55,530800,1,0,0,2,0.307,0.122,61.0,21359.58,350.16,6.0,0.0983606557377049,0.1315901639344262,0.22419672131147542,0.247,3.9508196721311477,510.6288111643795,3153.94,Multiple,Low
TAXP00996,64,837900,1,0,0,0,0.402,0.148,5.0,678.83,135.77,0.0,0.0,0.123,0.3236,0.1784,3.4,65.34784717188471,211.13,Salary,Low
TAXP04778,51,253800,1,2,0,0,0.239,0.371,15.0,10752.61,716.84,2.0,0.1333333333333333,0.12873333333333334,0.18073333333333333,0.2122,4.533333333333333,1715.5952735690257,6860.37,Professional,Low
TAXP03514,22,1410200,1,1,19900,1,0.536,0.126,6.0,9103.64,1517.27,0.0,0.0,0.09216666666666666,0.24083333333333334,0.2051666666666667,3.0,2281.639488785787,5888.22,Salary,Low
TAXP02299,35,451100,0,1,0,1,-0.28,0.552,37.0,15623.55,422.26,2.0,0.054054054054054,0.10943243243243242,0.20091891891891892,0.20494594594594595,3.72972972972973,671.687512347478,3615.37,Salary,Low
TAXP02468,41,1684400,1,1,0,0,-0.072,0.218,18.0,21721.91,1206.77,2.0,0.1111111111111111,0.1411111111111111,0.17966666666666667,0.20127777777777778,4.5,2502.96185288034,10635.94,Professional,Low
TAXP01897,48,212800,1,1,0,2,0.267,0.281,37.0,15922.26,430.33,5.0,0.1351351351351351,0.15364864864864863,0.23316216216216218,0.18856756756756757,3.891891891891892,608.7946790410365,2811.77,Salary,Medium
TAXP01850,57,1046500,0,1,39200,1,0.21,0.325,20.0,15860.42,793.02,2.0,0.1,0.12150000000000001,0.2251,0.1882,4.15,1074.64394580325,3390.92,Salary+Business,Medium
TAXP01889,23,211200,0,1,0,0,0.013,0.283,21.0,5243.1,249.67,3.0,0.1428571428571428,0.12152380952380952,0.2424761904761905,0.21357142857142858,3.9047619047619047,339.7325548028289,1600.05,Business,Medium
TAXP01812,21,156900,1,2,0,1,-0.252,0.127,5.0,1402.29,280.46,0.0,0.0,0.121,0.20800000000000002,0.3124,4.0,371.8395598507507,923.72,Business,Low
TAXP02030,62,460700,0,2,0,1,0.01,0.344,31.0,14641.57,472.31,0.0,0.0,0.10090322580645161,0.19609677419354837,0.20716129032258063,3.967741935483871,946.1789603091019,4072.51,Business,Low
TAXP01449,48,521300,0,4,0,0,0.231,0.169,35.0,19613.89,560.4,3.0,0.0857142857142857,0.12445714285714285,0.19965714285714287,0.2095142857142857,3.857142857142857,749.8816328742722,3474.56,Salary+Investments,Medium
TAXP01871,28,1217800,1,1,0,0,0.325,0.274,26.0,29789.38,1145.75,2.0,0.0769230769230769,0.11773076923076922,0.1936153846153846,0.22684615384615384,3.923076923076923,1510.5403030630614,6401.8,Salary,Low
TAXP03590,57,438400,1,3,0,0,0.258,0.124,10.0,2773.26,277.33,0.0,0.0,0.11850000000000001,0.2122,0.14250000000000002,3.6,239.58210066697387,740.59,Salary+Business,Low
TAXP01836,45,692500,1,0,0,1,0.021,0.152,9.0,5553.22,617.02,0.0,0.0,0.08833333333333333,0.1618888888888889,0.1668888888888889,4.222222222222222,992.9233290026868,3185.31,Salary,Low
TAXP00491,61,1420000,1,0,11000,0,0.043,0.312,13.0,6833.59,525.66,0.0,0.0,0.10546153846153847,0.228,0.24007692307692308,3.6923076923076925,569.7466039311036,2177.3,Salary+Business,Low
TAXP00566,47,1106900,1,1,5700,0,0.068,0.355,33.0,29121.54,882.47,2.0,0.0606060606060606,0.11678787878787879,0.23957575757575758,0.19454545454545455,3.6666666666666665,1842.6972448837796,8182.25,Salary,Low
TAXP01462,39,385800,1,0,27100,0,0.288,0.132,3.0,266.99,89.0,0.0,0.0,0.04633333333333334,0.21833333333333335,0.146,3.3333333333333335,11.098614027586205,101.5,Salary+Business,Low
TAXP01701,32,288500,1,0,0,0,0.296,0.42,22.0,8352.29,379.65,2.0,0.0909090909090909,0.12031818181818182,0.22454545454545458,0.1565909090909091,3.3636363636363638,864.686455226497,3874.15,Multiple,Low
TAXP02995,60,458300,0,1,4800,0,0.033,0.516,18.0,4754.48,264.14,1.0,0.0555555555555555,0.11572222222222223,0.2035,0.20994444444444443,3.9444444444444446,515.9819257727764,2292.62,Multiple,Low
TAXP02889,52,488300,1,1,15400,0,0.187,0.021,63.0,26418.92,419.35,3.0,0.0476190476190476,0.10442857142857143,0.2354126984126984,0.20147619047619048,3.9365079365079363,922.9898283369191,7160.35,Business,Low
TAXP00957,32,458700,1,0,0,0,0.354,0.338,13.0,6742.87,518.68,1.0,0.0769230769230769,0.12553846153846154,0.1849230769230769,0.22876923076923078,3.6153846153846154,726.2080405108195,2664.54,Salary,Low
TAXP01478,43,227700,1,0,0,0,-0.001,0.214,18.0,4664.97,259.17,1.0,0.0555555555555555,0.12983333333333336,0.18416666666666667,0.18727777777777777,4.111111111111111,359.9583095508505,1133.0,Salary,Low
TAXP02310,36,784600,1,2,0,0,0.134,0.165,41.0,27812.52,678.35,1.0,0.024390243902439,0.11487804878048781,0.22778048780487806,0.20197560975609757,4.073170731707317,761.4202729996609,4043.73,Salary+Investments,Low
TAXP04636,45,274100,1,1,0,1,0.416,0.208,27.0,11016.16,408.01,2.0,0.074074074074074,0.12192592592592592,0.2658888888888889,0.18992592592592594,4.185185185185185,928.3494092339755,4903.43,Salary+Business,Low
TAXP01648,63,1508800,1,0,0,0,-0.109,0.145,36.0,51540.79,1431.69,1.0,0.0277777777777777,0.11905555555555554,0.20977777777777779,0.19727777777777777,4.333333333333333,2579.5040099757302,12282.47,Salary+Business,Low
TAXP00890,40,190600,1,2,32600,1,0.205,0.09,17.0,11597.37,682.2,3.0,0.1764705882352941,0.13835294117647057,0.21247058823529413,0.25170588235294117,4.411764705882353,1516.7726642539221,6471.3,Salary+Business,Medium
TAXP04654,48,470800,1,1,0,1,0.034,0.086,5.0,1505.19,301.04,0.0,0.0,0.1066,0.22640000000000002,0.1842,3.8,409.87106767860547,1024.73,Salary+Business,Low
TAXP00253,58,2256600,1,1,16600,2,0.133,0.134,32.0,63452.06,1982.88,2.0,0.0625,0.12078125,0.20409375000000002,0.17284375,4.1875,5407.931504047305,30552.75,Business,Low
TAXP01421,41,555900,1,0,0,1,0.037,0.36,14.0,4018.75,287.05,0.0,0.0,0.12514285714285714,0.1945714285714286,0.2227857142857143,3.7857142857142856,311.36461546422845,1123.71,Salary,Low
TAXP00165,43,1188800,1,1,0,0,0.019,0.293,7.0,4752.45,678.92,0.0,0.0,0.15257142857142858,0.24671428571428572,0.27799999999999997,3.4285714285714284,394.9064047521712,1179.55,Salary,Low
TAXP04319,57,328500,1,3,7800,1,-0.014,0.216,41.0,11676.35,284.79,2.0,0.048780487804878,0.123,0.19658536585365854,0.20953658536585365,4.195121951219512,476.3963508036397,2620.46,Salary,Low
TAXP02960,59,2648200,0,0,0,0,-0.176,0.156,8.0,16498.37,2062.3,0.0,0.0,0.125875,0.207625,0.18275,3.875,2718.378992156578,7789.31,Salary,Low
TAXP03264,48,2074700,0,1,0,1,0.474,0.267,10.0,12948.13,1294.81,1.0,0.1,0.1368,0.2792,0.2953,3.5,1534.6411184019541,5085.01,Salary,Low
TAXP01307,53,317200,1,1,0,0,0.172,0.358,11.0,4846.44,440.59,1.0,0.0909090909090909,0.11236363636363636,0.24981818181818183,0.1491818181818182,3.909090909090909,671.0329808789377,2043.97,Salary,Low
TAXP02922,55,763900,1,1,97600,0,0.241,0.288,17.0,7197.95,423.41,1.0,0.0588235294117647,0.1211764705882353,0.28258823529411764,0.19564705882352942,4.117647058823529,825.448219521388,3472.73,Salary+Investments,Medium
TAXP04581,25,504100,0,3,62000,0,0.063,0.572,29.0,9646.22,332.63,2.0,0.0689655172413793,0.12455172413793104,0.2423103448275862,0.19406896551724137,4.206896551724138,494.5671886542311,2350.75,Salary,Medium
TAXP02972,49,625500,1,0,0,1,0.063,0.255,34.0,13116.93,385.79,3.0,0.088235294117647,0.12926470588235292,0.24252941176470588,0.22020588235294117,4.0588235294117645,474.0173185480796,2045.09,Salary,Low
TAXP03265,65,456600,1,1,0,0,0.062,0.48,13.0,3832.96,294.84,0.0,0.0,0.13546153846153847,0.29123076923076924,0.2006153846153846,3.769230769230769,322.446174407053,1036.03,Salary,Low
TAXP00098,27,317000,1,2,18000,0,0.067,0.175,52.0,17106.42,328.97,4.0,0.0769230769230769,0.13003846153846152,0.2309230769230769,0.20692307692307693,4.423076923076923,479.44360017510803,2875.25,Salary,Low
TAXP02062,27,2246400,1,0,5100,1,0.079,0.314,28.0,49310.39,1761.09,0.0,0.0,0.094,0.18860714285714283,0.18592857142857144,3.642857142857143,2904.9913547898154,12611.41,Professional,Low
TAXP01641,32,225400,1,1,0,1,0.103,0.227,10.0,3265.51,326.55,1.0,0.1,0.13240000000000002,0.22949999999999998,0.2346,3.5,377.18493349343163,1123.59,Business,Low
TAXP01300,22,324400,1,0,57100,0,-0.043,0.191,1.0,52.61,52.61,0.0,0.0,0.141,0.174,0.284,4.0,0.0,52.61,Salary,Low
TAXP03404,56,1386200,1,1,0,0,0.053,0.5,5.0,5183.51,1036.7,1.0,0.2,0.1368,0.227,0.27240000000000003,5.6,438.88558340414875,1485.71,Salary,Medium
TAXP00640,34,948200,1,0,11700,1,0.134,0.447,16.0,12240.38,765.02,1.0,0.0625,0.1036875,0.23575000000000002,0.19325,4.3125,960.9005729132439,2815.03,Salary,Low
TAXP02420,48,150000,1,2,0,0,-0.136,0.217,3.0,298.13,99.38,2.0,0.6666666666666666,0.24666666666666667,0.3833333333333333,0.18533333333333335,4.333333333333333,19.27022660306135,114.4,Multiple,Medium
TAXP02695,29,1780000,1,2,0,0,0.316,0.409,8.0,12615.25,1576.91,0.0,0.0,0.099125,0.269875,0.199375,3.75,1197.4768128973462,4144.95,Salary,Low
TAXP01384,34,577300,1,1,0,0,0.133,0.148,5.0,1316.87,263.37,0.0,0.0,0.1512,0.198,0.1814,3.6,173.28447861825364,496.75,Salary+Business,Low
TAXP03784,61,1720200,1,0,0,0,0.149,0.241,13.0,9313.21,716.4,1.0,0.0769230769230769,0.11538461538461539,0.2156153846153846,0.20176923076923076,3.1538461538461537,566.0851010443209,1810.8,Multiple,Low
TAXP01959,53,528900,1,0,0,0,0.243,0.308,2.0,188.26,94.13,0.0,0.0,0.0375,0.13749999999999998,0.33999999999999997,7.5,7.283199846221443,99.28,Multiple,Low
TAXP01942,31,695900,1,0,18900,0,-0.037,0.041,12.0,8743.91,728.66,0.0,0.0,0.11558333333333333,0.27025,0.18283333333333332,3.3333333333333335,843.7834165714925,3083.42,Salary,Low
TAXP03988,49,892200,1,0,0,0,0.179,0.072,47.0,42355.65,901.18,4.0,0.0851063829787234,0.12540425531914895,0.25059574468085105,0.1885531914893617,4.127659574468085,1073.8020726426093,4843.65,Salary+Business,Low
TAXP00189,33,242700,1,0,0,0,-0.044,0.32,12.0,4734.93,394.58,1.0,0.0833333333333333,0.11825000000000001,0.22983333333333333,0.19291666666666665,3.1666666666666665,679.8010858683056,2481.63,Salary,Low
TAXP02870,40,981400,1,1,8100,0,0.053,0.34,25.0,8102.57,324.1,1.0,0.04,0.11496,0.23088,0.22039999999999998,4.24,338.59035442945907,1597.0,Business,Low
TAXP02934,30,1390700,1,2,0,0,-0.101,0.23,9.0,15090.04,1676.67,0.0,0.0,0.11577777777777779,0.21077777777777776,0.23222222222222222,3.3333333333333335,1630.9946132149275,4524.17,Multiple,Low
TAXP04159,46,1386700,0,2,14800,0,0.322,0.24,40.0,35014.09,875.35,1.0,0.025,0.10992500000000001,0.2392,0.17965,4.0,1308.4422586605242,7972.88,Multiple,Low
TAXP03897,63,242700,1,0,0,0,-0.318,0.294,18.0,3719.75,206.65,0.0,0.0,0.09016666666666667,0.16649999999999998,0.15155555555555555,4.333333333333333,168.7710511072028,731.98,Salary,Low
TAXP04250,46,1867300,1,1,0,0,-0.038,0.14,1.0,476.94,476.94,0.0,0.0,0.144,0.281,0.216,3.0,0.0,476.94,Salary+Investments,Low
TAXP01122,58,651500,1,0,0,0,0.107,0.023,16.0,6678.02,417.38,1.0,0.0625,0.1276875,0.241625,0.153,3.3125,562.2596780951544,2332.02,Salary,Low
TAXP02680,43,901300,1,1,45200,0,0.249,0.305,12.0,10205.05,850.42,2.0,0.1666666666666666,0.12566666666666668,0.2831666666666667,0.1815,3.75,1168.2385976289909,3981.58,Salary,Medium
TAXP03614,54,465600,1,2,4300,1,-0.051,0.153,11.0,3178.96,289.0,2.0,0.1818181818181818,0.16936363636363636,0.221,0.2731818181818182,4.636363636363637,252.59672750345467,958.87,Salary+Business,Medium
TAXP03438,21,698600,1,1,0,0,0.171,0.136,11.0,4343.97,394.91,2.0,0.1818181818181818,0.17663636363636365,0.2681818181818182,0.19390909090909092,3.6363636363636362,530.0515158411064,1805.96,Salary,Medium
TAXP04705,56,1095800,1,0,0,1,0.035,0.113,24.0,29514.63,1229.78,0.0,0.0,0.114375,0.20941666666666667,0.15154166666666666,3.2916666666666665,2357.0603994268363,11131.4,Salary,Low
TAXP04019,22,515900,1,0,38000,0,0.231,0.022,16.0,71802.38,4487.65,0.0,0.0,0.096375,0.186,0.1640625,4.0625,16909.624993941125,67892.24,Salary,Low
TAXP04808,50,420600,1,1,0,0,0.232,0.332,17.0,4873.1,286.65,0.0,0.0,0.09535294117647058,0.214,0.13476470588235293,4.117647058823529,387.34227208898704,1487.7,Salary+Business,Low
TAXP04608,31,1653800,1,0,12100,0,0.097,0.141,6.0,6732.28,1122.05,0.0,0.0,0.06216666666666667,0.19333333333333336,0.11866666666666666,5.0,871.1744554259305,2460.52,Professional,Low
TAXP01856,37,395000,1,0,0,1,-0.15,0.083,21.0,3319.51,158.07,1.0,0.0476190476190476,0.11552380952380953,0.18752380952380954,0.21961904761904763,4.0,130.59295779708214,524.15,Salary+Investments,Low
TAXP01115,48,699500,1,2,0,0,0.072,0.238,12.0,5754.31,479.53,0.0,0.0,0.07433333333333333,0.21424999999999997,0.19583333333333333,3.0833333333333335,675.2928478338906,1965.2,Salary,Low
TAXP03750,57,1656600,0,1,0,1,0.062,0.348,16.0,31615.88,1975.99,1.0,0.0625,0.1381875,0.2383125,0.2545625,4.9375,2126.954644742885,6314.55,Business,Low
TAXP04864,49,937300,1,0,0,0,0.192,0.135,55.0,47949.89,871.82,2.0,0.0363636363636363,0.11038181818181818,0.18469090909090907,0.18999999999999997,4.290909090909091,1340.5112680484194,8233.13,Professional,Low
TAXP02476,30,667300,1,1,8900,0,0.041,0.236,16.0,4508.54,281.78,1.0,0.0625,0.105,0.169125,0.1575625,3.5,322.4909495965223,1248.93,Salary,Low
TAXP00138,30,1188500,0,2,32200,0,0.286,0.37,4.0,3036.15,759.04,0.0,0.0,0.18575,0.147,0.1735,5.25,904.2618183680727,2088.85,Business,Low
TAXP01222,22,1646100,1,1,18400,0,0.18,0.58,15.0,17280.56,1152.04,0.0,0.0,0.09413333333333333,0.23546666666666666,0.17693333333333333,4.0,2388.734518157101,9723.16,Salary+Investments,Low
TAXP01333,24,1221800,1,3,0,0,-0.039,0.472,7.0,9810.15,1401.45,0.0,0.0,0.09214285714285715,0.302,0.13799999999999998,3.5714285714285716,2420.794535884173,6773.06,Salary,Low
TAXP00671,59,1143700,1,1,0,0,0.302,0.129,2.0,452.16,226.08,0.0,0.0,0.0395,0.2175,0.1275,3.0,215.78070534688686,378.66,Professional,Low
TAXP02001,24,469500,1,1,0,0,-0.036,0.205,23.0,4971.15,216.14,0.0,0.0,0.11526086956521739,0.2296086956521739,0.16456521739130434,4.173913043478261,215.45039147277208,682.94,Salary,Low
TAXP02991,61,1031000,1,0,0,0,0.129,0.264,10.0,5624.05,562.4,1.0,0.1,0.11480000000000001,0.2318,0.1625,3.6,340.6933919148483,1253.32,Salary,Low
TAXP02861,22,225800,1,1,0,0,-0.041,0.404,6.0,2848.06,474.68,0.0,0.0,0.13066666666666668,0.22366666666666668,0.18499999999999997,3.0,576.1200886852208,1606.94,Salary+Investments,Low
TAXP04641,35,1941100,1,0,0,2,-0.015,0.094,15.0,24326.07,1621.74,2.0,0.1333333333333333,0.11553333333333334,0.22266666666666665,0.18706666666666666,4.266666666666667,2560.1467962046913,10148.7,Salary,Low
TAXP04595,60,1121100,1,0,0,1,-0.038,0.085,11.0,2803.41,254.86,0.0,0.0,0.08545454545454546,0.22772727272727272,0.19954545454545453,4.636363636363637,262.95834949145984,955.13,Business,Low
TAXP01172,65,164500,1,1,0,0,0.424,0.173,26.0,4069.25,156.51,2.0,0.0769230769230769,0.134,0.29250000000000004,0.1868076923076923,4.076923076923077,126.69493440483781,535.85,Salary+Investments,Low
TAXP00958,61,3267800,1,1,0,0,0.098,0.295,21.0,33122.33,1577.25,0.0,0.0,0.10385714285714286,0.19028571428571428,0.189,3.6666666666666665,2046.8973344881667,7410.65,Salary,Low
TAXP03570,53,1199400,1,0,0,0,0.12,0.176,37.0,40061.54,1082.74,3.0,0.081081081081081,0.1138918918918919,0.22372972972972974,0.1938108108108108,3.891891891891892,1561.1218201567967,6647.88,Business,Low
TAXP00922,39,348200,1,2,0,0,-0.097,0.371,3.0,427.17,142.39,0.0,0.0,0.17700000000000002,0.2776666666666667,0.17233333333333334,3.3333333333333335,144.19963696209504,308.55,Salary+Business,Low
TAXP03269,55,518800,1,0,0,1,0.07,0.238,56.0,13981.95,249.68,2.0,0.0357142857142857,0.11058928571428571,0.22135714285714286,0.19080357142857143,3.732142857142857,322.032825740658,1558.96,Business,Low
TAXP01745,44,1053900,1,0,0,1,0.049,0.401,5.0,2654.95,530.99,1.0,0.2,0.1676,0.24220000000000003,0.21080000000000002,4.4,547.1967972768116,1468.55,Salary,Medium
TAXP04163,36,954200,1,1,31000,0,0.36,0.331,18.0,9563.93,531.33,0.0,0.0,0.11411111111111112,0.14933333333333335,0.2683333333333333,3.4444444444444446,558.8330747977508,1912.86,Salary,Low
TAXP02387,60,204100,1,1,0,1,0.212,0.41,18.0,5479.38,304.41,1.0,0.0555555555555555,0.14016666666666666,0.23055555555555557,0.1955,3.5,686.986318863689,3024.22,Salary+Investments,Low
TAXP03010,34,1107100,1,2,15900,0,0.142,0.437,3.0,1106.33,368.78,0.0,0.0,0.13033333333333333,0.296,0.17400000000000002,4.666666666666667,375.51773198257007,801.4,Professional,Low
TAXP00789,41,298200,1,1,0,0,0.086,0.282,9.0,2473.97,274.89,0.0,0.0,0.11911111111111111,0.17333333333333334,0.15777777777777777,4.555555555555555,206.6497019784393,723.15,Salary,Low
TAXP00055,39,463300,1,0,0,0,-0.199,0.43,22.0,7013.97,318.82,1.0,0.0454545454545454,0.09731818181818182,0.24813636363636363,0.16113636363636363,3.9545454545454546,373.2845631161601,1309.56,Salary,Low
TAXP04095,49,967200,0,1,23100,1,0.155,0.457,4.0,6081.1,1520.28,0.0,0.0,0.10425,0.23525000000000001,0.19775,2.5,948.1126449425724,2581.28,Salary+Business,Low
TAXP00215,40,513400,1,1,0,0,0.031,0.415,30.0,11233.43,374.45,4.0,0.1333333333333333,0.14636666666666667,0.21786666666666665,0.18713333333333332,3.7333333333333334,431.2570320920583,1669.19,Salary+Business,Low
TAXP04550,37,360400,1,1,0,1,-0.005,0.356,15.0,6088.36,405.89,0.0,0.0,0.07959999999999999,0.18833333333333335,0.1888,3.1333333333333333,631.1826858985402,2120.3,Salary,Low
TAXP04671,28,150000,1,0,2700,1,0.336,0.183,9.0,3906.23,434.03,2.0,0.2222222222222222,0.15566666666666668,0.285,0.19444444444444445,3.888888888888889,631.0584637755665,2031.18,Salary,Medium
TAXP03477,56,150000,0,1,60900,1,0.173,0.341,13.0,1575.16,121.17,0.0,0.0,0.126,0.15792307692307692,0.21838461538461537,3.6923076923076925,93.47001359959081,361.32,Professional,Low
TAXP02404,44,393400,1,1,0,0,-0.097,0.193,17.0,9286.0,546.24,1.0,0.0588235294117647,0.124,0.1847058823529412,0.19829411764705882,4.352941176470588,1628.5689549498575,6850.63,Salary,Low
TAXP01663,52,603700,1,1,0,0,0.065,0.142,34.0,42642.13,1254.18,3.0,0.088235294117647,0.11941176470588234,0.20594117647058824,0.1995,3.5588235294117645,4099.124558781912,22864.47,Salary,Low
TAXP00407,36,597300,1,1,18500,0,-0.073,0.23,28.0,7988.88,285.32,1.0,0.0357142857142857,0.10778571428571428,0.2302857142857143,0.167,4.25,301.1642610105869,1455.05,Salary,Low
TAXP02962,26,637300,0,1,0,1,0.239,0.348,4.0,5498.34,1374.58,0.0,0.0,0.122,0.33375,0.14300000000000002,3.25,1519.4459472781516,3563.61,Salary,Low
TAXP03796,47,574600,0,1,0,0,-0.041,0.07,15.0,5040.37,336.02,2.0,0.1333333333333333,0.13193333333333335,0.2378,0.2168,4.066666666666666,479.69595577178836,1764.15,Business,Medium
TAXP02893,53,607500,1,1,0,0,0.076,0.565,18.0,8771.27,487.29,0.0,0.0,0.10127777777777777,0.21077777777777779,0.13505555555555557,3.4444444444444446,672.3018866096456,2643.96,Salary,Low
TAXP01839,42,1884300,1,0,10000,2,0.044,0.011,41.0,57538.35,1403.37,0.0,0.0,0.09534146341463415,0.24553658536585365,0.17285365853658535,3.951219512195122,1511.5275044719644,6096.34,Salary+Investments,Low
TAXP01844,54,221200,1,0,27800,2,0.253,0.023,27.0,6517.73,241.4,1.0,0.037037037037037,0.10881481481481481,0.242,0.16544444444444448,4.222222222222222,292.9539523751996,1273.91,Salary,Low
TAXP04721,64,150000,0,1,83400,1,0.138,0.343,58.0,18493.93,318.86,2.0,0.0344827586206896,0.1061551724137931,0.19844827586206895,0.1833448275862069,4.103448275862069,644.8031360968218,3369.14,Salary,Medium
TAXP01794,39,523400,1,0,0,0,0.209,0.11,11.0,8404.63,764.06,0.0,0.0,0.14427272727272727,0.1630909090909091,0.2087272727272727,4.0,1036.8763371404605,2773.64,Salary+Business,Low
TAXP01725,53,1463600,1,1,0,0,0.072,0.225,26.0,70112.85,2696.65,1.0,0.0384615384615384,0.11842307692307691,0.2293846153846154,0.2025769230769231,3.5384615384615383,4235.251746229987,20967.23,Salary,Low
TAXP01407,54,781500,1,0,0,0,0.254,0.357,7.0,18611.72,2658.82,1.0,0.1428571428571428,0.11057142857142857,0.3282857142857143,0.23557142857142857,3.4285714285714284,6460.338894345286,17307.51,Salary,Low
TAXP02432,32,1362200,1,0,11000,0,0.266,0.282,13.0,21102.69,1623.28,0.0,0.0,0.10146153846153846,0.11800000000000001,0.2213846153846154,3.6923076923076925,1573.188231620417,5687.11,Salary,Low
TAXP03515,29,840400,1,1,0,0,0.317,0.379,16.0,4326.74,270.42,0.0,0.0,0.10725,0.1955625,0.1785625,5.0625,186.64957768949452,738.91,Business,Low
TAXP03065,30,527500,1,0,0,0,0.011,0.344,5.0,2022.92,404.58,0.0,0.0,0.148,0.11539999999999999,0.327,3.8,549.9039155434339,1370.26,Multiple,Low
TAXP02138,36,1195500,1,1,0,1,0.161,0.309,6.0,4513.93,752.32,0.0,0.0,0.11183333333333334,0.2065,0.16833333333333333,4.833333333333333,641.0229167640316,1577.59,Salary+Business,Low
TAXP01646,41,675500,1,0,0,0,0.06,0.434,46.0,23686.36,514.92,1.0,0.0217391304347826,0.1065,0.21471739130434783,0.19976086956521738,3.8043478260869565,780.638475804193,4192.97,Salary+Investments,Low
TAXP04784,32,814400,1,2,0,0,0.143,0.371,22.0,13495.77,613.44,0.0,0.0,0.12990909090909092,0.24177272727272728,0.21304545454545457,3.6363636363636362,691.7272366754529,3018.1,Business,Low
TAXP00231,48,226600,1,0,0,0,0.137,0.559,16.0,5365.61,335.35,1.0,0.0625,0.1218125,0.249875,0.161875,4.3125,456.426585779411,1865.49,Salary+Business,Low
TAXP02151,23,620900,1,0,20100,0,0.181,0.073,5.0,1474.64,294.93,0.0,0.0,0.17120000000000002,0.2826,0.2894,3.2,346.110294299375,889.09,Salary+Investments,Low
TAXP02395,29,343100,1,1,0,0,0.104,0.338,41.0,13851.97,337.85,3.0,0.073170731707317,0.12480487804878049,0.24012195121951221,0.2061219512195122,4.365853658536586,681.6210174035274,3800.58,Business,Low
TAXP03211,51,669600,1,1,0,0,0.145,0.353,9.0,3042.72,338.08,0.0,0.0,0.13966666666666666,0.2573333333333333,0.20966666666666667,4.0,260.6224878056381,745.96,Professional,Low
TAXP00026,59,504400,0,0,27800,1,0.058,0.195,23.0,11529.1,501.27,0.0,0.0,0.08952173913043479,0.18782608695652175,0.19556521739130436,3.4347826086956523,1068.8261585576001,4509.51,Salary+Investments,Low
TAXP04130,38,321600,1,0,0,2,0.255,0.137,27.0,5698.65,211.06,0.0,0.0,0.10655555555555554,0.24066666666666667,0.20122222222222222,4.2592592592592595,254.9098347430282,857.85,Salary,Low
TAXP02815,62,653400,1,0,0,0,0.169,0.185,2.0,892.64,446.32,0.0,0.0,0.11599999999999999,0.122,0.152,3.5,463.48021079653444,774.05,Salary,Low
TAXP00083,36,500500,1,1,0,1,0.23,0.061,16.0,3837.14,239.82,0.0,0.0,0.121,0.23424999999999999,0.22868750000000002,3.6875,192.33486710682487,609.83,Business,Low
TAXP03003,50,2677400,0,2,0,0,0.138,0.177,7.0,10218.27,1459.75,0.0,0.0,0.08928571428571429,0.21142857142857144,0.2167142857142857,4.142857142857143,1154.9683943830714,3954.32,Salary,Low
TAXP00785,25,655400,1,0,2200,0,0.085,0.346,21.0,9591.7,456.75,2.0,0.0952380952380952,0.1028095238095238,0.2236190476190476,0.1686190476190476,4.428571428571429,436.8948093180412,1585.6,Salary+Investments,Low
TAXP01716,44,712000,1,0,0,0,-0.027,0.546,11.0,4988.74,453.52,0.0,0.0,0.10854545454545454,0.21327272727272728,0.18281818181818182,3.3636363636363638,429.29006487032007,1658.37,Salary,Low
TAXP02574,37,741500,1,1,0,0,0.065,0.235,18.0,17954.85,997.49,1.0,0.0555555555555555,0.13244444444444445,0.2656111111111111,0.18266666666666664,4.0,2616.5841253126628,11363.39,Salary,Low
TAXP04111,39,971900,1,1,0,0,-0.008,0.026,13.0,5304.57,408.04,1.0,0.0769230769230769,0.14600000000000002,0.2716923076923077,0.1886153846153846,3.6153846153846154,374.4778602832318,1270.9,Salary+Business,Low
TAXP01342,57,884500,1,1,0,0,-0.019,0.613,63.0,55760.15,885.08,0.0,0.0,0.1173968253968254,0.21787301587301589,0.2083809523809524,4.2063492063492065,1385.2268459185136,7478.87,Salary+Business,Low
TAXP04883,60,413500,1,2,5100,1,0.313,0.107,5.0,1449.95,289.99,1.0,0.2,0.1484,0.1724,0.146,4.6,207.56432773961907,634.02,Salary,Medium
TAXP03858,52,654900,0,0,13300,1,0.149,0.235,5.0,638.78,127.76,0.0,0.0,0.089,0.1816,0.1978,2.6,110.80096312758299,301.97,Salary+Business,Low
TAXP00929,32,549900,0,1,119800,0,0.004,0.176,32.0,14424.18,450.76,3.0,0.09375,0.12928125000000001,0.2374375,0.2071875,4.46875,834.1402198746323,4740.07,Business,High
TAXP00484,29,987500,1,0,0,0,0.116,0.252,72.0,111744.45,1552.01,3.0,0.0416666666666666,0.12355555555555557,0.21072222222222223,0.17344444444444443,3.861111111111111,5185.206853355859,41594.65,Business,Low
TAXP03683,22,717300,1,0,0,0,0.353,0.42,20.0,45429.12,2271.46,3.0,0.15,0.1474,0.1916,0.21715,4.7,4256.899852152601,18704.46,Salary,Low
TAXP00254,38,319400,1,0,0,0,-0.104,0.528,8.0,2226.88,278.36,0.0,0.0,0.074625,0.16812500000000002,0.147875,4.125,355.4219812721613,1026.64,Professional,Low
TAXP04126,49,610000,1,0,0,1,0.19,0.358,23.0,15713.62,683.2,2.0,0.0869565217391304,0.10882608695652174,0.2406086956521739,0.18778260869565216,4.043478260869565,833.5990308454552,3705.47,Business,Low
TAXP00185,21,885100,1,0,0,0,0.024,0.543,23.0,20479.72,890.42,0.0,0.0,0.10269565217391305,0.1947826086956522,0.23060869565217393,4.304347826086956,1215.0848535772657,4896.21,Professional,Low
TAXP00839,44,2440300,1,1,51700,0,0.289,0.124,51.0,134953.59,2646.15,3.0,0.0588235294117647,0.10874509803921568,0.21023529411764705,0.23823529411764707,4.372549019607843,6570.472434879747,43270.85,Salary,Medium
TAXP03282,42,1130400,1,0,5500,0,-0.095,0.376,9.0,6892.36,765.82,1.0,0.1111111111111111,0.11677777777777777,0.25033333333333335,0.14677777777777778,4.222222222222222,746.110498163271,2349.73,Business,Low
TAXP01831,38,1113200,1,0,0,0,-0.052,0.598,16.0,14169.49,885.59,0.0,0.0,0.099875,0.242125,0.19137500000000002,3.75,905.8227604906584,2971.31,Multiple,Low
TAXP04834,45,362400,1,2,0,1,-0.016,0.446,18.0,2381.1,132.28,1.0,0.0555555555555555,0.11088888888888888,0.23972222222222225,0.1805,4.388888888888889,96.53179756523996,372.18,Professional,Low
TAXP02257,62,825500,1,0,3200,0,0.049,0.429,23.0,14997.21,652.05,0.0,0.0,0.11895652173913042,0.23152173913043478,0.1885217391304348,4.130434782608695,1386.7076510872052,6732.62,Multiple,Low
TAXP02651,39,303600,1,0,0,2,0.279,0.057,29.0,5842.63,201.47,2.0,0.0689655172413793,0.11124137931034482,0.2553793103448276,0.18951724137931036,3.0689655172413794,229.64663071771812,870.06,Salary,Low
TAXP01904,60,591900,1,2,0,1,0.011,0.259,24.0,10338.12,430.75,3.0,0.125,0.10945833333333334,0.19125,0.18625,4.208333333333333,707.1583464088167,2957.66,Salary,Low
TAXP03733,43,5042100,0,0,4200,2,0.113,0.095,8.0,17675.34,2209.42,0.0,0.0,0.10500000000000001,0.17625,0.157375,3.75,1836.0922948849043,5774.05,Business,Low
TAXP00172,44,896200,1,1,0,0,-0.148,0.259,3.0,4606.47,1535.49,0.0,0.0,0.028,0.05466666666666667,0.2173333333333333,4.0,1351.6224500946998,3016.23,Salary+Investments,Low
TAXP02064,31,854400,0,0,0,1,0.207,0.424,38.0,18071.77,475.57,2.0,0.0526315789473684,0.10605263157894737,0.22615789473684214,0.17639473684210527,4.2105263157894735,529.1898829235979,2672.35,Salary,Low
TAXP04415,43,577300,1,1,0,0,0.255,0.238,22.0,6005.52,272.98,0.0,0.0,0.10677272727272728,0.19013636363636363,0.19540909090909092,4.136363636363637,363.1317121223617,1570.89,Salary,Low
TAXP02313,44,1741500,1,1,0,2,0.127,0.206,4.0,19739.05,4934.76,1.0,0.25,0.15625,0.21,0.25725,3.25,7849.548453235489,16654.71,Salary,Medium
TAXP04479,30,1122000,1,0,6200,0,0.185,0.133,14.0,13265.29,947.52,0.0,0.0,0.11878571428571429,0.21271428571428572,0.17500000000000002,3.7142857142857144,2037.263524419514,7815.08,Business,Low
TAXP03902,28,1047300,1,0,0,0,0.088,0.269,3.0,10871.84,3623.95,0.0,0.0,0.06666666666666667,0.14633333333333334,0.30966666666666665,6.0,5708.54165034585,10214.3,Salary+Investments,Low
TAXP03498,30,1413900,1,1,0,0,0.261,0.106,73.0,113749.7,1558.22,4.0,0.0547945205479452,0.10290410958904109,0.21376712328767125,0.1998904109589041,3.9863013698630136,2666.5590656870077,15430.0,Salary,Low
TAXP04852,59,562300,0,0,0,0,0.139,0.158,29.0,7913.25,272.87,1.0,0.0344827586206896,0.14531034482758623,0.2426551724137931,0.22910344827586207,3.7241379310344827,496.0511067271412,2687.93,Multiple,Low
TAXP00647,63,1012300,0,2,0,2,-0.058,0.048,8.0,3733.72,466.72,1.0,0.125,0.11875,0.2495,0.10075,3.75,401.6440915252494,1123.43,Professional,Medium
TAXP03924,35,1049800,1,1,8400,1,-0.157,0.137,15.0,10171.45,678.1,0.0,0.0,0.0926,0.2064,0.1488,3.466666666666667,481.1560392380398,1915.36,Salary,Low
TAXP02318,34,870100,1,0,0,2,-0.087,0.502,19.0,11929.5,627.87,1.0,0.0526315789473684,0.10542105263157896,0.19715789473684212,0.1941578947368421,4.368421052631579,705.4383353180186,2480.81,Salary,Low
TAXP00818,43,774900,1,0,0,1,0.072,0.216,28.0,14737.11,526.33,3.0,0.1071428571428571,0.112,0.21067857142857144,0.20489285714285715,3.9642857142857144,607.4252551151619,2383.37,Professional,Low
TAXP02583,23,610600,1,1,27400,0,0.159,0.449,21.0,5828.17,277.53,1.0,0.0476190476190476,0.13157142857142856,0.25161904761904763,0.19023809523809523,4.142857142857143,245.04969001447537,1215.95,Professional,Low
TAXP00512,46,524700,1,0,0,0,0.178,0.207,26.0,13859.0,533.04,1.0,0.0384615384615384,0.11488461538461539,0.2138846153846154,0.21207692307692308,3.5384615384615383,1259.8428622512963,6497.59,Business,Low
TAXP04607,65,303500,1,2,0,1,0.094,0.212,32.0,9977.76,311.8,1.0,0.03125,0.11875,0.24653125,0.22015625,3.5625,678.4625643462983,3890.64,Salary,Low
TAXP04222,62,960600,1,0,0,0,0.162,0.272,30.0,18557.72,618.59,1.0,0.0333333333333333,0.11043333333333334,0.23593333333333336,0.16983333333333334,4.266666666666667,881.7750644323713,3597.2,Salary+Investments,Low
TAXP03997,47,1346600,1,1,0,0,0.339,0.128,11.0,10256.43,932.4,0.0,0.0,0.09727272727272727,0.2050909090909091,0.18100000000000002,3.1818181818181817,1165.2686121499275,3345.97,Business,Low
TAXP03592,56,1714800,1,3,42500,0,0.175,0.25,49.0,94257.02,1923.61,1.0,0.0204081632653061,0.11136734693877551,0.21053061224489797,0.2069387755102041,4.1020408163265305,3369.3416904776414,17869.96,Salary+Business,Low
TAXP00325,52,2411100,1,0,16300,0,0.114,0.191,79.0,164983.52,2088.4,3.0,0.0379746835443038,0.11578481012658229,0.23153164556962025,0.2019873417721519,3.6582278481012658,3774.0565273295056,22862.4,Salary,Low
TAXP03893,51,150000,0,1,20000,0,0.102,0.231,29.0,13042.88,449.75,1.0,0.0344827586206896,0.1122758620689655,0.19113793103448276,0.1996206896551724,3.793103448275862,1152.4961027098225,6140.98,Salary,Low
TAXP02312,27,794700,1,0,11600,0,0.194,0.216,12.0,3840.05,320.0,1.0,0.0833333333333333,0.10841666666666666,0.21916666666666665,0.1785,3.8333333333333335,325.7527854749626,1044.48,Salary+Business,Low
TAXP04476,62,940200,1,0,0,1,0.297,0.047,3.0,1067.29,355.76,0.0,0.0,0.03333333333333333,0.13599999999999998,0.17466666666666666,5.0,399.5903734242522,811.55,Salary,Low
TAXP02869,49,680900,1,0,0,0,0.236,0.322,21.0,15830.26,753.82,0.0,0.0,0.10852380952380952,0.15876190476190477,0.22938095238095238,3.5238095238095237,1014.8278294302885,4394.76,Salary+Investments,Low
TAXP00586,44,2738100,1,2,7300,2,0.176,0.113,35.0,62332.65,1780.93,0.0,0.0,0.13022857142857142,0.20788571428571428,0.22574285714285713,3.8,2525.106144009619,12930.67,Salary+Investments,Low
TAXP01647,40,596600,1,2,0,0,0.168,0.29,3.0,715.54,238.51,0.0,0.0,0.051666666666666666,0.15933333333333333,0.11466666666666665,3.6666666666666665,266.57889119983474,543.51,Business,Low
TAXP00788,62,561600,1,1,0,1,0.463,0.524,38.0,19477.06,512.55,2.0,0.0526315789473684,0.10768421052631579,0.1774736842105263,0.1926842105263158,4.184210526315789,620.0837714183358,2327.11,Salary,Low
TAXP03543,36,581800,1,0,7200,2,0.145,0.121,31.0,13593.52,438.5,2.0,0.064516129032258,0.1378709677419355,0.27141935483870966,0.20416129032258062,3.7419354838709675,458.6889790328917,1976.39,Multiple,Low
TAXP01549,56,966600,1,1,0,1,-0.064,0.225,11.0,14826.09,1347.83,0.0,0.0,0.11281818181818183,0.2072727272727273,0.27490909090909094,5.0,2613.433268156173,9139.75,Salary+Investments,Low
TAXP00915,23,1323300,1,1,0,0,0.313,0.01,40.0,31316.64,782.92,1.0,0.025,0.10264999999999999,0.24420000000000003,0.165225,4.5,1290.1448536239284,6151.41,Salary+Investments,Low
TAXP01184,43,1025200,1,0,14100,0,0.093,0.025,6.0,23779.26,3963.21,1.0,0.1666666666666666,0.15783333333333333,0.21716666666666665,0.31583333333333335,4.0,8962.072414108245,22254.01,Salary+Business,Low
TAXP00159,56,453700,1,0,0,0,-0.183,0.239,36.0,8049.97,223.61,0.0,0.0,0.08661111111111111,0.23316666666666666,0.15805555555555556,4.0,256.660844322799,1253.79,Salary+Business,Low
TAXP04571,45,603700,1,1,0,0,-0.08,0.141,28.0,20481.73,731.49,2.0,0.0714285714285714,0.12357142857142857,0.2654642857142857,0.2332857142857143,3.9285714285714284,1346.1356166847659,5223.43,Salary,Low
TAXP02947,49,2057000,0,2,0,1,0.301,0.492,28.0,39088.76,1396.03,2.0,0.0714285714285714,0.12789285714285714,0.26567857142857143,0.24032142857142857,4.285714285714286,2346.1223272342577,10953.42,Salary,Medium
TAXP02614,28,490100,1,1,0,1,0.195,0.37,24.0,12819.57,534.15,0.0,0.0,0.123125,0.22587500000000002,0.19816666666666669,4.166666666666667,1058.344919030417,5126.59,Salary+Investments,Low
TAXP01245,44,1379200,1,2,17900,1,0.138,0.242,14.0,28039.16,2002.8,0.0,0.0,0.11878571428571429,0.2302142857142857,0.23678571428571432,3.5,2389.474316791581,8438.55,Salary,Low
TAXP02516,47,426100,1,0,0,0,0.26,0.294,22.0,9053.89,411.54,2.0,0.0909090909090909,0.12745454545454546,0.16218181818181818,0.24818181818181817,4.181818181818182,728.8218559035128,3489.6,Business,Low
TAXP02644,33,326400,1,1,23800,0,0.374,0.15,89.0,22907.97,257.39,7.0,0.0786516853932584,0.13513483146067415,0.225685393258427,0.20756179775280897,3.943820224719101,393.51820968089856,2634.52,Professional,Low
TAXP03234,57,1215900,1,2,0,0,0.094,0.256,25.0,13358.78,534.35,2.0,0.08,0.11488,0.22472,0.22108,4.44,645.8203350476044,2781.0,Business,Low
TAXP00847,51,6410800,0,2,0,0,0.056,0.195,8.0,18931.73,2366.47,0.0,0.0,0.12012500000000001,0.226,0.17975,4.0,2582.926752730252,6954.59,Salary,Low
TAXP04040,38,573600,1,1,0,1,-0.207,0.268,17.0,4767.83,280.46,0.0,0.0,0.12147058823529411,0.2188235294117647,0.2471764705882353,4.235294117647059,379.2643719668147,1636.72,Salary,Low
TAXP00542,63,358600,1,0,0,1,0.169,0.119,14.0,6301.65,450.12,1.0,0.0714285714285714,0.10428571428571429,0.2187142857142857,0.20321428571428574,3.0,800.9886399480484,2958.55,Business,Low
TAXP00642,38,1075300,1,1,0,1,-0.167,0.081,11.0,12523.59,1138.51,0.0,0.0,0.11027272727272729,0.2009090909090909,0.18463636363636365,4.363636363636363,2231.9648945170184,7638.8,Salary+Business,Low
TAXP03647,34,1810900,1,0,0,0,0.049,0.319,65.0,81775.9,1258.09,3.0,0.0461538461538461,0.12455384615384615,0.23495384615384615,0.2025076923076923,3.6615384615384614,2113.7244940864366,9314.22,Multiple,Low
TAXP02664,37,232300,1,1,0,0,0.238,0.27,16.0,5218.56,326.16,1.0,0.0625,0.0988125,0.2035,0.22418749999999998,4.0625,417.232036082242,1635.23,Salary,Low
TAXP03481,65,453800,1,1,0,0,0.104,0.091,9.0,2250.86,250.1,0.0,0.0,0.07988888888888888,0.2287777777777778,0.2281111111111111,2.4444444444444446,183.15903602546553,546.14,Salary,Low
TAXP04792,44,150000,1,0,15500,1,-0.062,0.155,3.0,585.57,195.19,0.0,0.0,0.13,0.19966666666666666,0.14366666666666666,4.333333333333333,146.28895822993616,361.62,Salary+Investments,Low
TAXP01486,30,362900,1,2,0,0,-0.089,0.469,27.0,5355.81,198.36,4.0,0.1481481481481481,0.1295925925925926,0.21503703703703703,0.21355555555555555,3.925925925925926,197.3525399653352,883.75,Salary+Investments,Low
TAXP00855,27,794400,1,0,0,1,-0.155,0.362,22.0,13011.46,591.43,3.0,0.1363636363636363,0.10718181818181818,0.1655,0.20959090909090908,4.2272727272727275,1079.91539258539,5166.99,Salary,Low
TAXP04740,21,628000,1,2,0,1,0.195,0.336,26.0,9120.75,350.8,4.0,0.1538461538461538,0.13315384615384615,0.26334615384615384,0.19892307692307692,3.9615384615384617,651.6243267774414,3015.09,Salary,Medium
TAXP02605,62,1519000,1,1,0,0,0.015,0.328,5.0,2771.99,554.4,1.0,0.2,0.18580000000000002,0.2862,0.1464,3.0,446.0139169017039,1187.73,Salary,Low
TAXP01720,36,248000,1,1,0,1,0.051,0.269,45.0,9560.67,212.46,0.0,0.0,0.104,0.23362222222222223,0.22757777777777777,3.8222222222222224,255.2577247998579,1490.39,Salary+Business,Low
TAXP00774,24,1718900,1,0,0,0,0.357,0.198,32.0,42852.44,1339.14,0.0,0.0,0.11096875,0.17296875,0.21446874999999999,3.65625,1840.531341180952,5975.94,Salary,Low
TAXP03632,61,1531800,1,0,46300,0,0.209,0.265,21.0,26859.78,1279.04,0.0,0.0,0.11219047619047619,0.2302857142857143,0.2111904761904762,3.0476190476190474,1843.73605233814,8380.77,Salary+Business,Low
TAXP01183,41,365300,1,0,0,1,0.217,0.356,26.0,5394.17,207.47,3.0,0.1153846153846153,0.1418846153846154,0.22115384615384615,0.19226923076923075,4.5,245.91538704227895,1029.17,Salary,Low
TAXP00002,31,307400,1,2,0,0,0.12,0.159,29.0,5574.46,192.22,2.0,0.0689655172413793,0.10562068965517242,0.24179310344827587,0.17193103448275862,4.068965517241379,184.56754593792158,794.14,Business,Low
TAXP03261,22,702300,1,1,0,0,-0.024,0.275,2.0,1438.42,719.21,0.0,0.0,0.0685,0.263,0.1285,4.5,889.7241784957852,1348.34,Business,Low
TAXP03253,28,236300,1,1,0,1,0.021,0.087,27.0,9634.27,356.82,1.0,0.037037037037037,0.12122222222222223,0.22566666666666665,0.17155555555555554,3.740740740740741,605.5880971887535,2886.02,Salary,Low
TAXP02455,46,483700,1,1,0,0,0.256,0.154,16.0,6548.82,409.3,1.0,0.0625,0.11525,0.2140625,0.1831875,4.3125,452.7716568702153,1624.13,Multiple,Low
TAXP00777,45,295800,1,1,0,0,-0.152,0.58,8.0,1566.8,195.85,0.0,0.0,0.07975,0.196,0.22025,3.125,160.69862316060548,551.03,Salary+Investments,Low
TAXP03368,51,530100,1,0,0,0,0.123,0.348,4.0,13660.69,3415.17,0.0,0.0,0.0695,0.16775,0.123,2.75,6360.855841118526,12955.53,Salary+Business,Low
TAXP01453,38,602600,1,0,46100,0,0.101,0.393,9.0,5073.13,563.68,0.0,0.0,0.12422222222222223,0.2671111111111111,0.22999999999999998,4.222222222222222,517.6310651768412,1660.21,Professional,Low
TAXP01436,26,612100,1,1,0,0,0.162,0.207,4.0,2522.75,630.69,0.0,0.0,0.104,0.22500000000000003,0.1235,4.0,806.753303489776,1812.95,Salary+Investments,Low
TAXP01343,64,891600,0,1,0,1,-0.096,0.494,29.0,14004.44,482.91,4.0,0.1379310344827586,0.12289655172413794,0.21462068965517242,0.2233448275862069,3.206896551724138,562.6766496530474,2603.58,Salary,Medium
TAXP03616,53,1208900,1,2,0,0,-0.322,0.501,31.0,26918.41,868.34,2.0,0.064516129032258,0.09880645161290323,0.20229032258064517,0.18703225806451612,4.161290322580645,1006.8554761360544,3729.42,Business,Low
TAXP00266,35,1347700,1,1,0,0,0.242,0.195,16.0,26670.02,1666.88,1.0,0.0625,0.123875,0.164625,0.18925,3.9375,2902.054850303775,12041.34,Salary,Low
TAXP04582,56,1157300,1,0,0,2,0.533,0.426,63.0,62556.24,992.96,3.0,0.0476190476190476,0.12133333333333333,0.23152380952380952,0.21639682539682542,3.9206349206349205,1540.0442730339305,10571.85,Multiple,Low
TAXP01419,23,1307900,1,0,0,0,0.142,0.563,10.0,17810.02,1781.0,0.0,0.0,0.0964,0.1774,0.16899999999999998,3.3,4062.407197180837,13296.56,Salary+Business,Low
TAXP01396,32,2484500,0,0,0,1,0.044,0.051,16.0,30880.78,1930.05,0.0,0.0,0.11375,0.2079375,0.2623125,3.9375,2854.345904571659,10923.44,Salary+Business,Low
TAXP01203,52,879700,0,1,0,0,0.083,0.214,7.0,9191.33,1313.05,0.0,0.0,0.113,0.30957142857142855,0.20485714285714285,4.285714285714286,2758.453883396242,7563.48,Salary,Low
TAXP04793,28,1101900,1,1,0,1,-0.041,0.164,38.0,19514.1,513.53,3.0,0.0789473684210526,0.1150263157894737,0.20857894736842106,0.1996578947368421,4.052631578947368,522.1775400046889,2135.68,Salary,Low
TAXP03135,34,444900,1,1,0,0,0.003,0.32,33.0,10463.57,317.08,4.0,0.1212121212121212,0.13015151515151516,0.21387878787878786,0.20515151515151517,4.03030303030303,399.5882551198607,1920.98,Salary,Low
TAXP03753,62,571800,1,0,0,0,0.122,0.365,3.0,502.91,167.64,0.0,0.0,0.19133333333333336,0.17866666666666667,0.244,2.3333333333333335,203.75268349971086,402.91,Salary+Business,Low
TAXP00787,42,671000,1,1,0,1,-0.03,0.107,15.0,4574.03,304.94,0.0,0.0,0.10613333333333334,0.24193333333333333,0.14006666666666667,3.7333333333333334,379.29933599178565,1319.7,Professional,Low
TAXP00612,26,770000,0,0,0,1,-0.174,0.318,14.0,8976.19,641.16,0.0,0.0,0.1455,0.23214285714285715,0.1702142857142857,3.4285714285714284,1084.8270479142118,4182.61,Professional,Low
TAXP00871,30,794500,1,0,37200,0,0.158,0.342,5.0,7849.29,1569.86,0.0,0.0,0.1012,0.2332,0.22879999999999998,5.4,1929.0598530164893,4597.83,Professional,Low
TAXP01804,64,484000,0,0,0,0,0.005,0.272,10.0,2587.92,258.79,0.0,0.0,0.08199999999999999,0.1658,0.159,4.2,297.2613926346829,897.59,Salary,Low
TAXP02385,40,1063700,1,1,0,0,0.142,0.367,24.0,16406.22,683.59,0.0,0.0,0.11191666666666666,0.20695833333333333,0.1884583333333333,3.8333333333333335,1092.709638134367,4999.14,Salary+Business,Low
TAXP03656,44,835000,1,0,0,2,0.021,0.13,5.0,3764.47,752.89,0.0,0.0,0.14100000000000001,0.28159999999999996,0.1518,4.2,635.2538461748971,1655.32,Business,Low
TAXP03529,60,214400,1,0,0,0,0.218,0.406,13.0,4193.3,322.56,1.0,0.0769230769230769,0.10523076923076924,0.14584615384615385,0.17307692307692307,3.3846153846153846,386.461221660642,1084.13,Professional,Low
TAXP04034,54,997600,1,2,0,1,0.13,0.456,17.0,19257.88,1132.82,0.0,0.0,0.1298235294117647,0.2273529411764706,0.24647058823529414,3.588235294117647,3440.392597022797,14459.34,Business,Low
TAXP00213,48,664500,1,2,0,0,0.425,0.415,26.0,11703.78,450.15,0.0,0.0,0.10103846153846155,0.20776923076923076,0.2091923076923077,3.923076923076923,483.1909740235699,2038.63,Salary,Low
TAXP01481,41,898700,1,1,0,1,0.133,0.117,11.0,8971.69,815.61,1.0,0.0909090909090909,0.1029090909090909,0.26345454545454544,0.1751818181818182,4.090909090909091,1143.9857218411266,3413.91,Salary,Low
TAXP03761,48,472100,1,0,0,0,0.107,0.278,37.0,17228.59,465.64,0.0,0.0,0.10618918918918918,0.23435135135135132,0.20124324324324325,4.081081081081081,679.7375485983354,3135.21,Multiple,Low
TAXP00429,50,240300,1,1,0,0,0.256,0.374,14.0,5006.96,357.64,0.0,0.0,0.10235714285714285,0.22364285714285717,0.22964285714285712,3.857142857142857,470.1857760829959,1604.07,Business,Low
TAXP03597,46,477800,0,3,0,1,0.074,0.306,22.0,8739.82,397.26,1.0,0.0454545454545454,0.1375909090909091,0.2281818181818182,0.21518181818181817,3.9545454545454546,468.2498042684081,2128.74,Salary,Low
TAXP03425,24,4931400,1,0,0,2,0.035,0.45,6.0,8323.87,1387.31,0.0,0.0,0.11933333333333333,0.2851666666666667,0.15416666666666665,5.333333333333333,2554.0257178612487,6593.29,Business,Low
TAXP01967,61,771700,1,2,0,1,0.077,0.212,62.0,38260.5,617.1,5.0,0.0806451612903225,0.1345483870967742,0.25309677419354837,0.1771774193548387,4.145161290322581,849.4395536223695,3635.67,Salary,Low
TAXP02528,36,497500,1,0,0,0,0.137,0.281,13.0,4552.46,350.19,1.0,0.0769230769230769,0.12592307692307692,0.18830769230769231,0.16830769230769232,3.6153846153846154,380.6653960602307,1341.09,Salary,Low
TAXP03532,64,568200,1,1,0,0,-0.082,0.411,8.0,2217.87,277.23,0.0,0.0,0.122,0.20224999999999999,0.2375,3.75,342.0247634283435,1065.19,Multiple,Low
TAXP01514,43,154300,1,1,0,0,0.189,0.301,5.0,1759.86,351.97,0.0,0.0,0.1786,0.2818,0.2294,4.2,323.47448580993216,880.96,Salary+Business,Low
TAXP03839,36,516700,1,1,22600,0,0.02,0.063,21.0,8977.97,427.52,2.0,0.0952380952380952,0.1147142857142857,0.27595238095238095,0.1954761904761905,3.238095238095238,629.8625372881353,2665.4,Professional,Low
TAXP00869,47,426600,1,1,0,1,0.105,0.095,28.0,7757.11,277.04,2.0,0.0714285714285714,0.12007142857142858,0.19317857142857142,0.22574999999999998,4.178571428571429,507.90784857157746,2678.4,Business,Low
TAXP00739,64,202500,1,2,0,1,-0.11,0.049,26.0,5748.98,221.11,1.0,0.0384615384615384,0.13888461538461538,0.2733846153846154,0.17053846153846156,4.384615384615385,257.30372347450816,928.33,Salary,Low
TAXP02129,35,881000,1,0,5100,1,-0.013,0.344,25.0,14474.66,578.99,1.0,0.04,0.11048,0.2288,0.17684,4.2,583.1407306980022,2403.23,Professional,Low
TAXP00699,56,336300,1,1,0,0,0.277,0.481,10.0,3215.61,321.56,1.0,0.1,0.14830000000000002,0.23420000000000002,0.19240000000000002,3.8,598.377118907652,1930.43,Salary,Low
TAXP00363,39,1335200,0,0,152700,1,0.189,0.069,1.0,197.23,197.23,0.0,0.0,0.163,0.12,0.317,2.0,0.0,197.23,Salary,Medium
TAXP01325,65,766400,1,1,0,0,0.171,0.14,10.0,5062.34,506.23,0.0,0.0,0.1125,0.2333,0.1577,4.1,459.15891597088205,1695.67,Salary,Low
TAXP04485,56,678300,0,3,0,2,0.192,0.419,46.0,28800.25,626.09,5.0,0.108695652173913,0.13995652173913042,0.23530434782608695,0.2091521739130435,4.282608695652174,874.7518763986983,4627.38,Multiple,Medium
TAXP03702,31,342100,1,1,0,1,-0.092,0.304,13.0,2630.45,202.34,1.0,0.0769230769230769,0.12846153846153846,0.20823076923076922,0.2356923076923077,4.384615384615385,214.4911411594834,754.22,Professional,Low
TAXP00550,40,1047400,1,2,15300,0,0.015,0.024,1.0,624.83,624.83,0.0,0.0,0.11,0.144,0.13,5.0,0.0,624.83,Professional,Low
TAXP02754,65,705500,1,4,21400,1,0.193,0.204,49.0,37999.11,775.49,3.0,0.0612244897959183,0.1210204081632653,0.23273469387755102,0.20495918367346938,3.857142857142857,1118.5153362977408,5615.96,Business,Medium
TAXP01866,39,727900,1,2,11800,0,0.075,0.427,21.0,10953.03,521.57,0.0,0.0,0.10909523809523809,0.19795238095238096,0.22919047619047617,4.0476190476190474,594.7791365636731,2267.27,Business,Low
TAXP02458,64,420600,0,0,0,1,0.238,0.319,38.0,7981.27,210.03,1.0,0.0263157894736842,0.12142105263157894,0.2253157894736842,0.1990263157894737,3.736842105263158,256.28959679065247,979.25,Salary,Low
TAXP03159,65,227700,1,1,24300,0,0.067,0.511,57.0,11735.51,205.89,3.0,0.0526315789473684,0.12812280701754386,0.215140350877193,0.20182456140350877,3.719298245614035,296.4690849743888,1616.31,Salary,Low
TAXP04196,65,354200,1,3,0,1,-0.366,0.259,14.0,7907.0,564.79,0.0,0.0,0.11892857142857143,0.15885714285714286,0.2045,4.285714285714286,814.1839683314282,2623.71,Salary+Investments,Low
TAXP00080,27,520200,1,0,6400,0,0.258,0.268,25.0,18557.49,742.3,1.0,0.04,0.11892,0.20579999999999998,0.19899999999999998,4.6,1889.3060650528987,9514.59,Salary,Low
TAXP03932,49,1119600,1,1,0,0,-0.016,0.094,7.0,9597.54,1371.08,0.0,0.0,0.12042857142857143,0.15799999999999997,0.23500000000000001,3.7142857142857144,1907.0135928786165,5262.43,Salary+Investments,Low
TAXP02707,32,867100,1,0,0,0,-0.227,0.152,29.0,19691.58,679.02,2.0,0.0689655172413793,0.09279310344827586,0.21355172413793103,0.164,4.275862068965517,874.2080140210173,2817.91,Salary,Low
TAXP02139,21,817900,1,0,0,0,0.057,0.192,22.0,5256.67,238.94,0.0,0.0,0.09372727272727274,0.19568181818181818,0.23386363636363636,4.181818181818182,215.9289198848563,781.49,Salary,Low
TAXP03248,39,245900,1,0,0,0,0.131,0.133,17.0,4017.12,236.3,0.0,0.0,0.10435294117647059,0.2256470588235294,0.2208235294117647,3.588235294117647,361.44759474719075,1480.39,Salary,Low
TAXP01156,60,703900,1,1,2300,0,0.063,0.311,4.0,2583.95,645.99,0.0,0.0,0.07725,0.17725,0.14925,5.0,630.1208810154338,1477.29,Salary,Low
TAXP04107,29,150000,1,1,0,0,-0.008,0.221,12.0,4540.4,378.37,3.0,0.25,0.17225000000000001,0.2521666666666667,0.23216666666666666,4.333333333333333,616.2752165201597,2269.66,Salary+Business,Medium
TAXP02251,63,308200,1,1,0,0,0.052,0.373,8.0,9553.97,1194.25,1.0,0.125,0.13575,0.237875,0.24475,4.25,2403.116000992625,6963.36,Salary+Investments,Low
TAXP04978,59,974000,1,2,0,0,0.015,0.173,29.0,20518.21,707.52,1.0,0.0344827586206896,0.1270689655172414,0.22186206896551725,0.20689655172413793,4.068965517241379,893.4707593887774,4026.09,Salary,Low
TAXP02924,35,408700,1,0,54400,0,0.026,0.482,12.0,8867.23,738.94,1.0,0.0833333333333333,0.12533333333333332,0.24516666666666667,0.12358333333333334,5.25,937.4740551605906,2537.78,Multiple,Medium
TAXP00497,23,173900,1,2,0,1,0.297,0.293,43.0,22030.04,512.33,2.0,0.0465116279069767,0.12290697674418605,0.20644186046511628,0.18169767441860465,4.1395348837209305,2032.1142357147844,13399.08,Salary+Investments,Low
TAXP03718,60,895500,1,0,0,0,-0.002,0.211,26.0,29581.52,1137.75,2.0,0.0769230769230769,0.10376923076923077,0.2163846153846154,0.20303846153846153,4.076923076923077,3231.601999298705,16765.2,Salary,Low
TAXP00192,52,571200,1,1,0,0,-0.021,0.269,1.0,50.0,50.0,0.0,0.0,0.017,0.049,0.241,2.0,0.0,50.0,Salary,Low
TAXP01238,38,980200,1,1,6600,0,-0.073,0.456,19.0,21570.09,1135.27,0.0,0.0,0.12205263157894737,0.22521052631578947,0.22684210526315787,3.8421052631578947,1190.344990872529,4398.74,Business,Low
TAXP02732,63,254600,1,1,0,0,0.297,0.437,15.0,4686.8,312.45,0.0,0.0,0.12266666666666666,0.18259999999999998,0.22673333333333331,3.6,223.4982993436948,827.58,Business,Low
TAXP02343,59,150000,1,0,0,1,0.212,0.395,12.0,4544.62,378.72,1.0,0.0833333333333333,0.10033333333333333,0.20791666666666667,0.17575,3.4166666666666665,445.34386879095683,1358.81,Salary+Investments,Low
TAXP04802,45,960700,1,0,4600,0,-0.131,0.33,30.0,29688.75,989.62,2.0,0.0666666666666666,0.12316666666666666,0.2650666666666667,0.19366666666666668,4.166666666666667,1441.3762828026074,5268.86,Business,Low
TAXP01948,22,337800,0,1,0,0,0.1,0.213,40.0,19754.51,493.86,0.0,0.0,0.11007499999999999,0.1896,0.198925,3.925,1063.5225334682887,5651.94,Business,Low
TAXP02975,56,708200,1,0,0,1,0.285,0.291,4.0,553.96,138.49,0.0,0.0,0.0985,0.2045,0.217,4.5,86.73925870100574,264.06,Salary+Investments,Low
TAXP01257,38,1135300,1,1,0,1,0.141,0.392,14.0,9260.74,661.48,1.0,0.0714285714285714,0.11021428571428572,0.15250000000000002,0.23157142857142857,4.214285714285714,780.6296299571476,3138.11,Salary+Investments,Low
TAXP04569,60,1032100,1,0,0,0,-0.01,0.453,17.0,16536.5,972.74,0.0,0.0,0.12817647058823528,0.2989411764705882,0.1698235294117647,4.235294117647059,1284.1634599570925,4891.65,Salary,Low
TAXP02898,47,687900,1,1,22500,0,0.43,0.107,13.0,7108.07,546.77,0.0,0.0,0.12584615384615383,0.21623076923076923,0.2153076923076923,3.769230769230769,718.4534276441233,2382.61,Salary,Low
TAXP02566,28,330000,1,0,0,0,0.072,0.167,17.0,3473.0,204.29,1.0,0.0588235294117647,0.11470588235294117,0.21358823529411763,0.2341764705882353,3.8823529411764706,354.0854464507618,1510.17,Business,Low
TAXP00999,61,714200,1,2,0,0,-0.083,0.31,5.0,1610.21,322.04,1.0,0.2,0.19319999999999998,0.24,0.2392,4.4,360.40160414459865,926.35,Salary,Medium
TAXP02753,42,202600,0,0,0,2,0.241,0.147,12.0,3839.96,320.0,0.0,0.0,0.10233333333333333,0.15133333333333335,0.17608333333333334,5.0,236.83901998589417,644.2,Salary,Low
TAXP00933,26,1504200,1,1,0,0,0.221,0.392,36.0,45158.03,1254.39,3.0,0.0833333333333333,0.12716666666666668,0.2473611111111111,0.21475,4.027777777777778,2226.2253252053433,12254.75,Salary,Low
TAXP04121,25,408400,1,0,0,1,0.162,0.08,12.0,7490.24,624.19,1.0,0.0833333333333333,0.11316666666666668,0.23683333333333334,0.16949999999999998,4.416666666666667,777.2197334243659,2375.9,Business,Low
TAXP01612,46,542000,0,1,0,0,0.18,0.08,14.0,17410.08,1243.58,1.0,0.0714285714285714,0.14364285714285716,0.24435714285714288,0.2695714285714286,4.571428571428571,3280.788721412133,12601.07,Salary+Investments,Low
TAXP02982,44,1977400,1,1,0,0,0.105,0.093,8.0,9836.38,1229.55,0.0,0.0,0.12725,0.205125,0.255625,4.25,1352.4547261368864,3842.25,Salary+Business,Low
TAXP02667,49,487500,0,2,0,1,0.007,0.2,3.0,709.66,236.55,0.0,0.0,0.055999999999999994,0.20299999999999999,0.14566666666666667,5.0,314.52508522108906,599.69,Salary+Investments,Low
TAXP03587,36,311000,1,1,0,0,0.003,0.262,24.0,7077.02,294.88,0.0,0.0,0.11529166666666667,0.19004166666666666,0.2135,3.3333333333333335,423.53648508632097,1524.77,Salary,Low
TAXP04022,28,843400,1,2,15000,1,-0.035,0.102,10.0,6660.61,666.06,1.0,0.1,0.1618,0.2468,0.23529999999999998,5.2,699.7926593792702,2009.77,Salary,Low
TAXP04835,30,203300,1,1,0,0,0.174,0.166,12.0,9752.66,812.72,1.0,0.0833333333333333,0.13308333333333333,0.18500000000000003,0.20825000000000002,4.083333333333333,1516.5800732139721,4527.66,Business,Low
TAXP04724,24,502800,1,0,0,0,0.041,0.148,48.0,27134.76,565.31,4.0,0.0833333333333333,0.1253125,0.22716666666666666,0.1889375,3.7083333333333335,859.8437560357213,5071.76,Salary,Low
TAXP04952,64,357600,1,1,0,0,0.317,0.238,1.0,177.5,177.5,0.0,0.0,0.144,0.438,0.146,3.0,0.0,177.5,Salary,Low
TAXP01393,21,439800,1,1,0,0,0.024,0.089,2.0,3235.11,1617.55,0.0,0.0,0.097,0.1395,0.2025,6.0,1941.2414595948644,2990.22,Salary+Business,Low
TAXP02352,53,1016900,1,1,0,1,-0.143,0.644,41.0,25019.32,610.23,3.0,0.073170731707317,0.1253170731707317,0.20482926829268291,0.2238048780487805,3.8780487804878048,787.1186622137238,3559.17,Salary,Low
TAXP03789,41,2343600,1,1,0,0,-0.026,0.354,4.0,7934.88,1983.72,1.0,0.25,0.1555,0.23600000000000002,0.259,2.75,1754.423439499902,4550.78,Salary,Medium
TAXP03806,21,150000,1,2,0,1,0.134,0.28,34.0,15663.69,460.7,2.0,0.0588235294117647,0.12973529411764706,0.23767647058823527,0.1646764705882353,4.411764705882353,731.2475504925379,3779.45,Salary+Business,Low
TAXP02641,23,993100,1,1,28800,1,0.015,0.475,9.0,5322.07,591.34,0.0,0.0,0.11933333333333335,0.2182222222222222,0.25055555555555553,3.888888888888889,586.088623512785,1682.17,Multiple,Low
TAXP00559,47,265300,0,0,0,2,-0.213,0.256,46.0,13213.29,287.25,2.0,0.0434782608695652,0.11945652173913043,0.21078260869565216,0.21093478260869564,4.304347826086956,360.74795822449244,1482.28,Salary,Low
TAXP02183,53,170000,0,3,0,1,0.062,0.587,26.0,10218.76,393.03,2.0,0.0769230769230769,0.14961538461538462,0.23257692307692307,0.22176923076923077,4.076923076923077,585.5395710141072,2791.76,Business,Medium
TAXP01718,47,444300,0,1,44100,0,0.325,0.325,31.0,8462.1,272.97,0.0,0.0,0.09448387096774193,0.1896774193548387,0.18235483870967742,3.774193548387097,228.81959928227067,913.91,Multiple,Low
TAXP02988,59,2036300,1,1,59300,1,0.075,0.165,41.0,58182.32,1419.08,4.0,0.0975609756097561,0.11085365853658537,0.16158536585365854,0.21373170731707317,3.902439024390244,1864.766554209675,8415.08,Professional,Medium
TAXP02004,51,779200,1,0,0,0,-0.254,0.327,7.0,1745.12,249.3,0.0,0.0,0.12042857142857143,0.20171428571428573,0.14728571428571427,3.2857142857142856,247.57407091712207,742.48,Salary,Low
TAXP03005,63,537000,0,0,0,2,-0.111,0.221,6.0,3468.62,578.1,0.0,0.0,0.12366666666666666,0.2768333333333333,0.22183333333333333,2.6666666666666665,381.0295481805403,1042.8,Salary,Low
TAXP02124,48,682500,0,1,0,0,0.308,0.239,4.0,3518.04,879.51,1.0,0.25,0.1655,0.17400000000000002,0.31525,5.0,1411.4042641520773,2991.9,Business,Medium
TAXP02886,29,808700,1,0,0,0,0.313,0.142,21.0,8325.27,396.44,0.0,0.0,0.09795238095238094,0.1974761904761905,0.16547619047619047,4.0476190476190474,397.4888147770414,1371.96,Business,Low
TAXP03688,32,884300,1,1,18500,0,0.298,0.167,6.0,1217.2,202.87,0.0,0.0,0.11466666666666665,0.18866666666666665,0.14816666666666667,3.3333333333333335,156.70466089643494,508.25,Salary+Investments,Low
TAXP03476,48,1009000,1,0,0,0,0.09,0.245,6.0,1770.42,295.07,1.0,0.1666666666666666,0.12516666666666668,0.22716666666666666,0.1475,4.166666666666667,320.8333599861461,909.06,Professional,Low
TAXP01011,52,267200,1,1,0,2,0.359,0.372,11.0,11329.77,1029.98,0.0,0.0,0.12718181818181817,0.31072727272727274,0.1821818181818182,3.909090909090909,2725.2086335011286,9230.3,Professional,Low
TAXP02416,58,1726500,1,2,0,0,0.282,0.25,19.0,23962.59,1261.19,1.0,0.0526315789473684,0.1444736842105263,0.19621052631578947,0.20863157894736842,4.684210526315789,1238.406114240284,5229.01,Business,Low
TAXP02721,42,737700,1,1,0,0,0.278,0.237,3.0,1743.18,581.06,1.0,0.3333333333333333,0.17600000000000002,0.3633333333333333,0.315,3.3333333333333335,271.0102767424144,868.57,Salary,Medium
TAXP02236,54,306500,1,1,0,1,0.172,0.379,39.0,12683.33,325.21,0.0,0.0,0.12017948717948719,0.2260769230769231,0.18874358974358973,3.8461538461538463,832.5945172281364,4969.12,Salary+Business,Low
TAXP02585,29,905400,1,0,0,0,0.138,0.275,18.0,8367.12,464.84,2.0,0.1111111111111111,0.11466666666666667,0.17333333333333334,0.1928888888888889,4.166666666666667,841.7930011518482,3677.4,Business,Low
TAXP02125,31,637000,1,1,0,0,0.166,0.298,5.0,3550.88,710.18,0.0,0.0,0.0636,0.18960000000000002,0.1256,2.8,1324.2041911012066,3074.32,Multiple,Low
TAXP00743,33,311700,1,0,0,0,-0.182,0.093,23.0,8447.97,367.3,2.0,0.0869565217391304,0.11508695652173913,0.19969565217391305,0.25356521739130433,3.6956521739130435,713.5829318142916,2769.28,Salary+Business,Low
TAXP04723,57,626600,1,1,23400,0,0.012,0.197,17.0,4160.83,244.75,0.0,0.0,0.0908235294117647,0.22158823529411764,0.13841176470588237,2.823529411764706,237.41386098745497,909.26,Professional,Low
TAXP02879,34,357300,1,3,33500,0,0.176,0.3,26.0,10568.18,406.47,1.0,0.0384615384615384,0.13092307692307692,0.2375,0.189,4.423076923076923,414.58354702223585,1860.11,Multiple,Low
TAXP01280,29,555600,1,0,0,0,0.022,0.262,21.0,11763.72,560.18,0.0,0.0,0.1210952380952381,0.2465238095238095,0.21842857142857142,4.476190476190476,852.649458623782,3748.51,Salary,Low
TAXP00522,48,343000,1,2,36200,0,-0.055,0.299,9.0,1799.47,199.94,0.0,0.0,0.05566666666666667,0.17066666666666666,0.12844444444444444,4.222222222222222,229.4999631505659,779.16,Salary+Business,Low
TAXP02714,59,286000,1,0,0,0,-0.025,0.356,5.0,3551.91,710.38,1.0,0.2,0.16399999999999998,0.24059999999999998,0.18860000000000002,5.0,1378.5761050518756,3175.52,Professional,Low
TAXP01787,53,1444600,1,1,0,0,0.102,0.194,6.0,2324.65,387.44,0.0,0.0,0.077,0.23483333333333334,0.1825,4.833333333333333,499.2671364476803,1364.11,Salary+Business,Low
TAXP01004,61,1026000,1,0,0,2,0.22,0.104,19.0,17946.51,944.55,0.0,0.0,0.12247368421052632,0.2387368421052632,0.18863157894736843,4.2105263157894735,1741.279123888377,5796.8,Salary,Low
TAXP00845,62,714300,1,3,0,0,0.153,0.531,1.0,344.04,344.04,0.0,0.0,0.071,0.077,0.155,3.0,0.0,344.04,Salary,Low
TAXP01975,56,247600,1,2,38600,0,-0.101,0.231,39.0,11801.17,302.59,0.0,0.0,0.11015384615384616,0.20151282051282052,0.22766666666666666,3.8205128205128207,568.9013066924791,3210.9,Salary,Low
TAXP04167,33,286500,0,2,0,0,-0.175,0.208,17.0,8948.12,526.36,2.0,0.1176470588235294,0.12823529411764706,0.25388235294117645,0.24164705882352938,3.7058823529411766,1395.062509231217,5861.08,Business,Medium
TAXP01498,64,284000,1,1,6300,0,-0.104,0.108,11.0,2410.38,219.13,0.0,0.0,0.11954545454545454,0.1930909090909091,0.17354545454545453,3.8181818181818183,226.70098916253704,807.02,Salary,Low
TAXP01442,49,842700,1,1,14900,1,-0.083,0.429,20.0,11464.21,573.21,1.0,0.05,0.1319,0.2326,0.221,4.05,781.4003443243822,3138.01,Salary,Low
TAXP04945,57,578800,1,0,17900,1,-0.05,0.251,21.0,4635.84,220.75,2.0,0.0952380952380952,0.12114285714285715,0.26595238095238094,0.1803809523809524,3.9523809523809526,181.02940541722575,743.33,Multiple,Low
TAXP02402,36,1316500,1,0,0,1,0.16,0.373,47.0,57978.34,1233.58,4.0,0.0851063829787234,0.1342127659574468,0.24761702127659574,0.20763829787234042,3.9361702127659575,3290.9012792264725,22136.74,Business,Low
TAXP04044,59,229900,1,1,0,1,-0.028,0.497,45.0,13186.53,293.03,2.0,0.0444444444444444,0.1262222222222222,0.21691111111111108,0.17204444444444444,4.266666666666667,385.3003855400001,1806.56,Business,Low
TAXP04438,48,1171400,1,1,0,0,0.313,0.211,18.0,18299.5,1016.64,1.0,0.0555555555555555,0.1466111111111111,0.24000000000000002,0.24166666666666664,3.5,2348.2272553038033,10264.36,Business,Low
TAXP02737,21,329300,1,0,8900,0,0.171,0.354,60.0,16679.81,278.0,3.0,0.05,0.10866666666666668,0.2078,0.18606666666666666,4.083333333333333,373.5159102889124,1788.03,Salary,Low
TAXP00863,30,623200,1,1,0,0,0.062,0.492,5.0,2505.41,501.08,0.0,0.0,0.0934,0.2804,0.251,3.8,287.73292150881866,887.63,Salary,Low
TAXP03624,27,1386400,0,2,0,0,0.17,0.539,46.0,62131.4,1350.68,3.0,0.0652173913043478,0.14345652173913043,0.23356521739130434,0.2071304347826087,3.608695652173913,2468.522961228646,14314.3,Business,Low
TAXP00602,29,428900,0,2,25100,1,-0.064,0.119,13.0,4072.75,313.29,1.0,0.0769230769230769,0.11307692307692307,0.23338461538461536,0.20969230769230768,4.769230769230769,421.04565906098895,1179.94,Salary,Low
TAXP01008,43,496300,1,1,0,2,0.143,0.176,32.0,16101.23,503.16,3.0,0.09375,0.11762500000000001,0.1976875,0.16834375,3.96875,824.7968333244229,3401.24,Business,Low
TAXP03146,32,849800,0,1,0,0,0.268,0.152,17.0,23220.98,1365.94,1.0,0.0588235294117647,0.109,0.2810588235294118,0.15547058823529414,3.176470588235294,4272.001177163636,17900.04,Multiple,Low
TAXP00552,23,970400,1,1,4400,1,-0.084,0.326,73.0,59428.29,814.09,4.0,0.0547945205479452,0.1186164383561644,0.2136849315068493,0.17595890410958906,4.301369863013699,1170.7188375127932,6269.57,Salary,Low
TAXP01572,51,554800,1,1,2100,0,-0.089,0.08,35.0,14663.42,418.95,0.0,0.0,0.11188571428571428,0.19751428571428573,0.22091428571428573,4.3428571428571425,723.8340891894862,3115.91,Salary+Investments,Low
TAXP04164,49,246700,1,0,0,0,-0.268,0.309,19.0,4766.69,250.88,1.0,0.0526315789473684,0.09778947368421054,0.19821052631578948,0.1725263157894737,4.052631578947368,265.3060925351269,1047.53,Business,Low
TAXP04456,62,3846000,1,1,0,0,0.255,0.162,54.0,184745.47,3421.21,3.0,0.0555555555555555,0.12057407407407407,0.2696851851851852,0.2111111111111111,3.8333333333333335,4548.724687382555,25140.07,Salary,Low
TAXP03315,53,1422200,1,2,0,0,-0.049,0.394,46.0,93480.64,2032.19,5.0,0.108695652173913,0.139,0.23878260869565218,0.1802173913043478,4.304347826086956,3511.855407800468,15676.78,Salary+Business,Low
TAXP00251,65,498600,1,0,0,0,0.025,0.048,5.0,603.3,120.66,0.0,0.0,0.11539999999999999,0.1836,0.2266,5.0,81.58927656254835,259.66,Multiple,Low
TAXP03086,38,1106900,1,1,0,0,0.154,0.089,23.0,20028.08,870.79,1.0,0.0434782608695652,0.11908695652173913,0.2363913043478261,0.17473913043478262,4.6521739130434785,1116.339520517999,4709.79,Salary,Low
TAXP01025,31,150000,0,2,0,0,0.161,0.351,14.0,3509.46,250.68,0.0,0.0,0.1265,0.21235714285714286,0.21407142857142855,4.928571428571429,317.2740059830422,1215.61,Professional,Low
TAXP02881,58,810000,1,1,25600,0,-0.054,0.37,23.0,9536.2,414.62,1.0,0.0434782608695652,0.098,0.18952173913043477,0.20604347826086955,3.8260869565217392,737.1729444747771,3258.43,Salary+Investments,Low
TAXP04287,38,388700,0,3,0,1,0.272,0.149,28.0,12693.41,453.34,0.0,0.0,0.12035714285714286,0.24428571428571427,0.15335714285714283,4.321428571428571,927.8070301656135,4940.01,Salary,Low
TAXP03975,33,401700,1,0,0,0,0.252,0.29,48.0,22274.24,464.05,0.0,0.0,0.112875,0.2071666666666667,0.20633333333333334,3.8125,844.5938225607629,4638.65,Business,Low
TAXP01886,33,787600,0,3,13700,0,0.078,0.312,8.0,24420.16,3052.52,1.0,0.125,0.153375,0.20274999999999999,0.308,3.625,7430.360884394706,21383.25,Salary+Business,Medium
TAXP02673,47,465300,0,2,12800,1,-0.009,0.143,7.0,2717.61,388.23,1.0,0.1428571428571428,0.15085714285714286,0.279,0.248,3.7142857142857144,511.0707698548216,1358.71,Salary,Medium
TAXP02813,31,480200,1,1,0,0,0.128,0.155,4.0,905.42,226.36,0.0,0.0,0.0895,0.28625,0.14175,4.0,209.39637063075693,532.89,Salary,Low
TAXP00064,22,991300,1,0,21200,0,0.073,0.262,18.0,10496.02,583.11,0.0,0.0,0.11422222222222222,0.187,0.18805555555555556,4.388888888888889,670.7946589597212,2761.74,Salary,Low
TAXP03250,61,743100,1,2,0,0,0.201,0.223,20.0,8804.45,440.22,1.0,0.05,0.10985,0.23275,0.23565,3.65,490.64069205880935,1753.39,Business,Low
TAXP04839,29,1542700,1,0,0,0,0.033,0.131,7.0,4301.93,614.56,0.0,0.0,0.08185714285714285,0.20557142857142857,0.21657142857142858,3.7142857142857144,307.9972259306119,1124.58,Salary,Low
TAXP01699,21,186000,0,1,0,0,0.013,0.3,25.0,4905.44,196.22,2.0,0.08,0.1304,0.25195999999999996,0.19244,3.92,194.18650226178613,697.76,Multiple,Low
TAXP04558,47,906800,1,0,120500,0,0.226,0.137,11.0,3240.03,294.55,2.0,0.1818181818181818,0.1499090909090909,0.3090909090909091,0.2047272727272727,3.4545454545454546,281.294540111186,1034.33,Salary,Medium
TAXP02800,39,409000,1,0,0,1,0.344,0.142,9.0,8450.79,938.98,2.0,0.2222222222222222,0.184,0.18400000000000002,0.25133333333333335,3.888888888888889,1751.1335178463692,5507.55,Professional,Medium
TAXP00204,50,1033400,1,2,0,0,0.017,0.348,32.0,34276.24,1071.13,2.0,0.0625,0.14346875,0.24303125,0.200375,3.8125,1649.5229889841173,7060.01,Salary,Low
TAXP04005,52,1819700,1,0,99000,0,0.072,0.333,9.0,33671.36,3741.26,3.0,0.3333333333333333,0.14555555555555555,0.13733333333333334,0.21266666666666667,4.555555555555555,7172.859482948167,22439.93,Multiple,High
TAXP02901,29,434200,1,3,0,0,0.084,0.129,37.0,11105.1,300.14,1.0,0.027027027027027,0.14100000000000001,0.25713513513513514,0.19562162162162164,4.702702702702703,473.5984144770706,2657.21,Salary,Low
TAXP02118,47,702300,1,0,0,0,0.391,0.378,44.0,24883.27,565.53,1.0,0.0227272727272727,0.1175909090909091,0.2126818181818182,0.22011363636363637,3.840909090909091,1380.0296544694097,8850.12,Business,Low
TAXP02919,32,311900,1,0,0,0,-0.187,0.224,5.0,1345.75,269.15,1.0,0.2,0.174,0.2204,0.318,5.4,213.06837529300304,623.76,Salary+Investments,Low
TAXP02273,60,1024000,1,1,0,0,0.152,0.154,5.0,2317.65,463.53,0.0,0.0,0.0758,0.21339999999999998,0.1948,4.6,328.55666999773416,920.03,Salary+Business,Low
TAXP01762,22,371300,1,1,0,0,-0.053,0.133,42.0,15897.58,378.51,2.0,0.0476190476190476,0.12173809523809523,0.23450000000000001,0.1875,4.214285714285714,663.8942957185071,3503.83,Salary,Low
TAXP00310,27,2262500,1,1,0,0,0.181,0.238,5.0,3134.71,626.94,0.0,0.0,0.0934,0.18919999999999998,0.1222,4.2,832.7319496812885,2066.12,Salary,Low
TAXP00262,65,536600,1,1,102400,1,0.32,0.515,9.0,5489.69,609.97,0.0,0.0,0.09333333333333334,0.211,0.24888888888888885,3.6666666666666665,848.6827506805931,2650.79,Salary+Business,Medium
TAXP01145,52,656800,1,2,6100,0,-0.089,0.499,6.0,3809.28,634.88,1.0,0.1666666666666666,0.15283333333333335,0.1625,0.282,3.8333333333333335,324.0701921497872,1099.33,Salary+Investments,Medium
TAXP00600,28,181100,0,3,0,0,0.251,0.048,22.0,6349.06,288.59,1.0,0.0454545454545454,0.12054545454545455,0.20690909090909093,0.2639545454545455,3.9545454545454546,351.5912990491937,1404.98,Salary+Business,Low
TAXP04701,45,1150400,1,1,0,0,0.16,0.291,3.0,880.36,293.45,1.0,0.3333333333333333,0.09166666666666667,0.38133333333333336,0.078,3.0,305.26469273948686,636.03,Salary+Investments,Medium
TAXP00658,33,738600,1,0,0,0,0.181,0.115,15.0,3664.86,244.32,2.0,0.1333333333333333,0.1296,0.217,0.23353333333333334,3.933333333333333,194.44441298221966,616.28,Salary+Business,Low
TAXP00392,36,675900,0,1,22200,0,0.169,0.225,29.0,10718.03,369.59,0.0,0.0,0.11093103448275862,0.2619310344827586,0.1586896551724138,3.896551724137931,407.079240574122,1407.27,Business,Low
TAXP00546,46,579600,1,0,0,0,0.162,0.271,7.0,2019.72,288.53,0.0,0.0,0.09242857142857143,0.25657142857142856,0.11642857142857142,3.7142857142857144,451.2717891481279,1304.2,Salary,Low
TAXP04857,51,226200,1,2,17500,0,0.299,0.402,23.0,4158.55,180.81,0.0,0.0,0.10200000000000001,0.23295652173913042,0.15869565217391304,3.9565217391304346,198.4837835512169,983.87,Salary+Investments,Low
TAXP00255,57,544800,0,1,7900,0,0.153,0.276,15.0,8772.89,584.86,0.0,0.0,0.11146666666666666,0.16826666666666668,0.2236,3.8666666666666667,799.8588342993197,2744.99,Professional,Low
TAXP04743,49,602800,1,1,26100,0,0.097,0.225,22.0,10508.67,477.67,1.0,0.0454545454545454,0.13081818181818183,0.26381818181818184,0.24968181818181814,3.5,713.0844202102138,3433.68,Multiple,Low
TAXP03631,28,1097000,0,1,2800,0,-0.126,0.33,12.0,9612.08,801.01,2.0,0.1666666666666666,0.15508333333333332,0.21025000000000002,0.22658333333333333,3.9166666666666665,1087.965723276355,3476.47,Salary,Medium
TAXP02584,57,830200,1,3,0,0,0.403,0.289,22.0,14064.04,639.27,1.0,0.0454545454545454,0.11613636363636365,0.20886363636363636,0.17445454545454545,4.2272727272727275,456.59894444038,1529.89,Business,Low
TAXP02539,55,1011700,0,0,0,0,-0.272,0.149,30.0,33751.35,1125.04,5.0,0.1666666666666666,0.14429999999999998,0.21626666666666666,0.27283333333333337,4.0,1503.4059571009261,5444.17,Business,Medium
TAXP01314,42,869400,1,0,0,0,0.106,0.288,13.0,8145.08,626.54,0.0,0.0,0.10776923076923077,0.22692307692307695,0.1682307692307692,4.384615384615385,672.5665846295491,2176.1,Business,Low
TAXP02835,50,927200,1,0,0,1,0.008,0.141,9.0,6364.31,707.15,2.0,0.2222222222222222,0.16144444444444445,0.268,0.32844444444444443,4.222222222222222,507.662278318744,1492.7,Professional,Medium
TAXP00920,55,167800,1,1,0,1,0.104,0.386,8.0,2051.25,256.41,1.0,0.125,0.151,0.20400000000000001,0.234875,4.375,171.34817485688524,528.37,Business,Low
TAXP00075,39,720200,1,0,8900,1,0.199,0.377,1.0,168.38,168.38,0.0,0.0,0.15,0.274,0.029,9.0,0.0,168.38,Multiple,Low
TAXP04218,48,916600,0,0,9500,2,0.186,0.268,21.0,12933.82,615.9,3.0,0.1428571428571428,0.1229047619047619,0.3008095238095238,0.1855238095238095,4.619047619047619,796.0653626209106,3399.75,Business,Medium
TAXP00841,32,2562200,1,0,0,1,0.062,0.251,4.0,7365.62,1841.4,2.0,0.5,0.19925,0.1705,0.314,4.25,1427.8306237202414,3822.3,Salary,Medium
TAXP03745,51,4879300,1,0,0,1,-0.047,0.365,40.0,184499.5,4612.49,1.0,0.025,0.11755,0.21280000000000002,0.19442500000000001,3.575,5086.376767926891,19526.89,Business,Low
TAXP04431,27,625600,0,2,0,1,0.08,0.256,42.0,24432.09,581.72,4.0,0.0952380952380952,0.12488095238095238,0.19397619047619047,0.21595238095238095,3.7857142857142856,839.7241188536236,3296.0,Salary,Medium
TAXP04858,38,408900,1,3,8800,0,-0.069,0.22,2.0,591.96,295.98,0.0,0.0,0.1755,0.327,0.181,6.5,191.88049614278154,431.66,Salary,Low
TAXP00878,58,554400,1,4,0,0,0.226,0.114,1.0,165.87,165.87,0.0,0.0,0.131,0.137,0.408,3.0,0.0,165.87,Salary+Investments,Low
TAXP03103,26,1140700,1,0,11200,0,-0.175,0.338,48.0,31744.31,661.34,4.0,0.0833333333333333,0.11245833333333333,0.22370833333333331,0.16977083333333334,3.7916666666666665,785.5202520934083,3721.45,Multiple,Low
TAXP03079,60,262600,1,1,30200,1,0.3,0.112,28.0,5545.85,198.07,3.0,0.1071428571428571,0.13017857142857142,0.24421428571428572,0.23710714285714288,4.535714285714286,269.03728944818107,1141.83,Salary,Medium
TAXP02026,64,225300,0,0,0,0,0.188,0.078,40.0,12959.53,323.99,2.0,0.05,0.105325,0.2044,0.195875,4.125,450.2807601752916,1897.64,Salary,Low
TAXP02914,30,150000,0,1,0,1,0.117,0.221,9.0,2345.16,260.57,1.0,0.1111111111111111,0.1582222222222222,0.2167777777777778,0.3393333333333334,3.6666666666666665,324.82293761370977,977.98,Salary,Low
TAXP02091,58,748000,1,1,3100,0,0.02,0.221,7.0,22416.79,3202.4,1.0,0.1428571428571428,0.10271428571428572,0.21071428571428572,0.25885714285714284,3.5714285714285716,7849.4637572584725,20999.77,Salary+Business,Low
TAXP03400,56,455300,1,0,0,0,-0.073,0.18,9.0,2711.78,301.31,0.0,0.0,0.10488888888888889,0.2457777777777778,0.13944444444444443,4.111111111111111,223.00443439786372,660.43,Professional,Low
TAXP03068,30,889200,1,1,0,0,0.286,0.333,9.0,7688.7,854.3,0.0,0.0,0.131,0.20333333333333334,0.163,4.444444444444445,711.7120414886908,2117.13,Professional,Low
TAXP03673,25,977800,1,0,0,0,0.292,0.333,24.0,34373.94,1432.25,2.0,0.0833333333333333,0.1305,0.2745,0.18400000000000002,3.5,2742.2100757097214,10512.62,Salary+Business,Low
TAXP00067,40,505700,1,0,0,1,0.263,0.068,29.0,12154.42,419.12,1.0,0.0344827586206896,0.11186206896551724,0.20896551724137932,0.23906896551724138,3.9310344827586206,1009.6037856979175,5407.57,Business,Low
TAXP03017,37,412700,1,0,41500,0,0.157,0.457,43.0,16281.44,378.64,1.0,0.0232558139534883,0.12732558139534883,0.2415348837209302,0.2001627906976744,4.1395348837209305,651.6395136564087,3740.01,Salary,Low
TAXP03598,40,430800,1,1,0,0,0.077,0.06,4.0,1467.72,366.93,1.0,0.25,0.123,0.28225,0.20500000000000002,3.75,583.2194225732428,1241.22,Business,Medium
TAXP00798,63,1393600,1,0,0,0,-0.086,0.318,28.0,23006.18,821.65,3.0,0.1071428571428571,0.12903571428571428,0.21328571428571427,0.20635714285714285,4.214285714285714,1312.6865277232557,5167.79,Salary+Investments,Low
TAXP03808,50,728900,0,1,0,0,0.117,0.227,39.0,16560.78,424.64,1.0,0.0256410256410256,0.10353846153846155,0.21205128205128204,0.21533333333333332,4.256410256410256,547.9262848847565,2580.67,Salary,Low
TAXP03216,52,909300,1,1,10800,0,0.106,0.246,47.0,37749.53,803.18,3.0,0.0638297872340425,0.12582978723404253,0.2356808510638298,0.19459574468085103,3.9574468085106385,1305.6954997807618,6032.83,Salary+Investments,Low
TAXP00802,54,297900,1,1,22000,0,0.162,0.091,33.0,14578.22,441.76,0.0,0.0,0.10906060606060607,0.25112121212121213,0.1605151515151515,3.6666666666666665,873.8092578440329,4397.01,Salary+Business,Low
TAXP00393,27,462800,1,0,18800,1,0.226,0.377,33.0,12730.28,385.77,1.0,0.0303030303030303,0.11324242424242424,0.24469696969696966,0.16660606060606062,4.0,761.5625621909675,4215.93,Salary,Low
TAXP01890,36,960900,1,1,0,0,0.054,0.217,8.0,11764.34,1470.54,0.0,0.0,0.1535,0.211875,0.2435,3.625,2025.2692410834097,6187.35,Salary,Low
TAXP04219,27,2241100,1,0,0,0,-0.095,0.358,10.0,15552.91,1555.29,0.0,0.0,0.1051,0.22559999999999997,0.1551,4.0,2260.5281008868014,7353.72,Salary,Low
TAXP01454,23,489000,1,0,0,0,0.004,0.283,20.0,6855.06,342.75,1.0,0.05,0.14795,0.27945000000000003,0.25095,3.75,373.98003514260375,1246.35,Business,Low
TAXP03958,48,1319400,1,0,0,0,0.142,0.218,4.0,1010.03,252.51,0.0,0.0,0.08374999999999999,0.25325,0.09225,2.75,240.60966915663772,602.54,Salary,Low
TAXP03748,27,1242600,1,0,0,0,-0.045,0.447,37.0,27034.98,730.68,3.0,0.081081081081081,0.12145945945945945,0.23397297297297298,0.1945135135135135,3.7837837837837838,852.8624353858847,3443.53,Salary,Low
TAXP01492,22,639500,1,1,0,0,-0.022,0.243,4.0,3519.23,879.81,0.0,0.0,0.0945,0.21525,0.124,3.0,733.2092733717525,1718.89,Business,Low
TAXP04223,48,6850700,1,1,0,0,0.2,0.289,1.0,2613.76,2613.76,0.0,0.0,0.091,0.156,0.086,4.0,0.0,2613.76,Salary,Low
TAXP00028,46,845600,0,1,0,1,-0.009,0.154,14.0,5997.58,428.4,1.0,0.0714285714285714,0.09264285714285714,0.1637142857142857,0.16885714285714284,3.9285714285714284,484.5156795090432,1667.98,Salary+Investments,Low
TAXP02050,51,289600,1,1,0,0,-0.001,0.066,24.0,5641.94,235.08,2.0,0.0833333333333333,0.10741666666666666,0.20254166666666665,0.20199999999999999,4.333333333333333,236.35818139493045,832.83,Business,Low
TAXP03143,29,551800,1,2,0,0,-0.026,0.312,8.0,6664.2,833.02,0.0,0.0,0.124375,0.172875,0.23062500000000002,4.625,1307.149080042955,3984.87,Multiple,Low
TAXP02081,29,871500,1,1,0,0,0.199,0.109,22.0,13854.25,629.74,1.0,0.0454545454545454,0.11913636363636364,0.2539090909090909,0.191,3.9545454545454546,1191.0958361877379,5414.44,Salary,Low
TAXP03355,51,507000,1,2,0,0,-0.04,0.256,14.0,4090.81,292.2,0.0,0.0,0.09492857142857143,0.16799999999999998,0.14742857142857144,3.9285714285714284,351.21912024052375,1274.08,Salary,Low
TAXP04725,55,776600,1,0,15500,0,0.386,0.46,10.0,7274.09,727.41,0.0,0.0,0.1286,0.18980000000000002,0.2036,4.9,1208.5524507024463,4099.35,Business,Low
TAXP03144,29,781100,1,0,0,0,0.11,0.256,12.0,3762.31,313.53,1.0,0.0833333333333333,0.13383333333333333,0.18725,0.23866666666666667,4.583333333333333,433.33716865231634,1629.3,Professional,Low
TAXP00608,48,897500,1,1,53000,1,0.135,0.24,14.0,9759.37,697.1,2.0,0.1428571428571428,0.11978571428571429,0.23764285714285713,0.17264285714285713,4.214285714285714,625.3809674132618,2054.63,Salary+Investments,Medium
TAXP03690,25,1718300,1,1,0,0,0.15,0.341,30.0,71295.39,2376.51,1.0,0.0333333333333333,0.1115,0.2252,0.19119999999999998,4.166666666666667,4062.555409481142,15724.39,Salary+Investments,Low
TAXP00476,51,509100,0,1,302800,2,0.198,0.11,13.0,3773.24,290.25,2.0,0.1538461538461538,0.133,0.21523076923076923,0.1757692307692308,3.769230769230769,355.5224134861621,1408.62,Salary+Investments,High
TAXP00335,33,665500,1,2,0,0,-0.027,0.105,24.0,11131.4,463.81,2.0,0.0833333333333333,0.14966666666666667,0.24691666666666667,0.22716666666666666,4.791666666666667,865.0366385387921,4269.81,Business,Low
TAXP02615,32,170700,1,2,0,0,0.22,0.471,14.0,3000.26,214.3,2.0,0.1428571428571428,0.12842857142857142,0.1935,0.2405,4.0,310.20765386863246,1131.77,Salary,Low
TAXP03464,37,240500,0,1,47700,0,0.25,0.261,2.0,1048.77,524.38,0.0,0.0,0.0805,0.22849999999999998,0.21400000000000002,3.0,632.019112092348,971.29,Salary+Investments,Low
TAXP03385,25,616500,1,0,8800,1,0.055,0.149,18.0,19564.81,1086.93,1.0,0.0555555555555555,0.10022222222222223,0.2671111111111111,0.1513888888888889,3.4444444444444446,1539.2365480295318,6448.42,Salary,Low
TAXP02169,40,382000,1,0,0,0,0.209,0.318,48.0,16980.47,353.76,2.0,0.0416666666666666,0.10777083333333333,0.22793750000000002,0.18025,4.3125,965.0256974386624,6673.67,Salary,Low
TAXP01118,40,501100,0,2,0,0,-0.047,0.514,44.0,28675.92,651.73,5.0,0.1136363636363636,0.14272727272727273,0.20995454545454545,0.23936363636363636,4.068181818181818,1129.9342059986657,5622.82,Salary+Investments,Medium
TAXP00886,29,800300,1,2,0,0,0.108,0.189,14.0,7839.17,559.94,1.0,0.0714285714285714,0.10064285714285715,0.2625,0.2055,4.642857142857143,1217.8948176098745,4695.81,Professional,Low
TAXP03844,62,2463400,1,0,0,0,-0.12,0.383,4.0,3616.9,904.22,0.0,0.0,0.12,0.3,0.262,4.0,407.50785616148966,1249.52,Salary,Low
TAXP01117,43,1470300,1,2,0,0,0.351,0.157,12.0,17795.83,1482.99,0.0,0.0,0.13783333333333334,0.2115,0.18691666666666665,4.25,1968.6953662466572,6570.11,Professional,Low
TAXP01141,47,2240600,0,1,25500,0,0.147,0.465,11.0,38577.5,3507.05,0.0,0.0,0.09372727272727271,0.1839090909090909,0.19318181818181818,4.0,8676.550176474939,29549.54,Salary,Low
TAXP03630,49,1023700,1,1,0,0,-0.102,0.294,2.0,5316.9,2658.45,1.0,0.5,0.304,0.3745,0.26749999999999996,4.5,3363.0139934588437,5036.46,Salary+Business,Medium
TAXP02634,31,652500,1,0,5900,1,-0.151,0.476,17.0,10192.13,599.54,2.0,0.1176470588235294,0.12905882352941175,0.2331764705882353,0.20476470588235293,4.294117647058823,696.4276040153484,2779.89,Business,Low
TAXP01714,30,599100,1,2,0,0,0.02,0.097,39.0,18051.84,462.87,1.0,0.0256410256410256,0.10092307692307692,0.2092051282051282,0.18053846153846154,4.230769230769231,702.4638771887568,3704.94,Salary,Low
TAXP02292,46,1478600,1,1,0,2,-0.195,0.339,11.0,7641.31,694.66,0.0,0.0,0.10554545454545455,0.17300000000000001,0.21718181818181817,4.181818181818182,664.5411082297865,2537.53,Salary,Low
TAXP01713,63,1031200,1,1,0,0,0.212,0.439,47.0,50263.44,1069.43,2.0,0.0425531914893617,0.1191276595744681,0.21136170212765956,0.21495744680851064,3.978723404255319,1524.5569433272315,6305.56,Multiple,Low
TAXP04813,40,641900,1,2,0,1,0.312,0.253,9.0,4903.07,544.79,0.0,0.0,0.10733333333333334,0.21233333333333335,0.14588888888888887,3.6666666666666665,927.6961888747727,2983.71,Salary,Low
TAXP02246,50,415800,1,0,0,0,0.212,0.17,6.0,3462.48,577.08,0.0,0.0,0.13033333333333333,0.2715,0.24216666666666667,2.8333333333333335,753.3297796582848,2003.43,Salary,Low
TAXP01535,27,2760800,0,0,0,1,-0.112,0.271,16.0,51193.95,3199.62,1.0,0.0625,0.1229375,0.1983125,0.2223125,3.6875,6562.213723217919,26768.25,Salary,Low
TAXP04572,44,2120300,1,2,0,1,0.389,0.543,24.0,34572.46,1440.52,2.0,0.0833333333333333,0.13020833333333334,0.273125,0.23408333333333334,3.625,3508.5523623344643,17456.12,Salary+Business,Low
TAXP02778,34,465500,0,2,0,0,0.166,0.26,39.0,13169.61,337.68,2.0,0.0512820512820512,0.11628205128205128,0.1841025641025641,0.18856410256410255,3.8461538461538463,426.2534622453093,1878.81,Multiple,Low
TAXP04171,22,1395900,1,4,0,0,0.087,0.248,16.0,13665.66,854.1,0.0,0.0,0.1071875,0.2589375,0.2129375,4.1875,1094.5766926617493,4344.72,Salary+Investments,Low
TAXP04197,57,797100,1,1,0,0,0.218,0.217,22.0,9585.3,435.7,2.0,0.0909090909090909,0.14413636363636362,0.2376818181818182,0.19409090909090912,4.7272727272727275,358.9577056227851,1097.58,Salary,Low
TAXP04613,31,479500,1,0,0,0,0.25,0.238,19.0,3541.53,186.4,4.0,0.2105263157894736,0.13610526315789473,0.24194736842105266,0.25094736842105264,3.736842105263158,187.83306528258086,819.55,Salary,Medium
TAXP01567,64,281300,0,0,259900,0,-0.013,0.445,6.0,2899.53,483.26,1.0,0.1666666666666666,0.1505,0.3348333333333333,0.152,3.3333333333333335,498.03434663685596,1374.06,Salary+Investments,High
TAXP02786,26,695800,1,2,0,0,0.231,0.442,25.0,42296.64,1691.87,1.0,0.04,0.096,0.24348,0.13424,4.08,4097.895612918375,19272.81,Professional,Low
TAXP01997,64,808900,1,0,0,2,0.007,0.25,14.0,8296.16,592.58,0.0,0.0,0.10235714285714285,0.17271428571428574,0.16557142857142856,3.9285714285714284,1046.7816345603064,4074.92,Professional,Low
TAXP04859,37,444100,1,3,0,0,-0.049,0.165,17.0,4825.58,283.86,1.0,0.0588235294117647,0.11376470588235293,0.22011764705882353,0.20394117647058824,4.823529411764706,401.73186708502186,1718.56,Salary,Low
TAXP02028,56,150000,1,1,0,0,0.218,0.178,11.0,3508.17,318.92,1.0,0.0909090909090909,0.10363636363636362,0.23972727272727273,0.1819090909090909,4.545454545454546,721.0793817654701,2481.47,Salary+Business,Low
TAXP00271,25,386600,1,0,0,0,0.229,0.361,20.0,6418.86,320.94,0.0,0.0,0.1045,0.21315,0.23445,3.55,309.91596319511825,1092.65,Salary,Low
TAXP01789,31,807600,1,1,22700,0,-0.049,0.222,11.0,7404.85,673.17,3.0,0.2727272727272727,0.1689090909090909,0.2918181818181818,0.22754545454545455,3.8181818181818183,669.7070905973474,1987.87,Salary,Medium
TAXP01306,47,150000,1,1,0,1,0.122,0.363,74.0,15500.75,209.47,3.0,0.0405405405405405,0.13247297297297297,0.242972972972973,0.1936216216216216,4.094594594594595,256.83070794527083,1520.39,Salary,Low
TAXP03950,38,631500,1,1,0,0,-0.043,0.121,28.0,12723.11,454.4,1.0,0.0357142857142857,0.11,0.23246428571428573,0.20685714285714285,3.892857142857143,601.1080352276216,2510.94,Salary,Low
TAXP04061,41,775400,1,1,0,0,0.056,0.218,2.0,148.44,74.22,0.0,0.0,0.11199999999999999,0.214,0.1625,4.0,34.25225248067636,98.44,Salary,Low
TAXP01106,55,1076500,1,1,9800,0,0.074,0.406,9.0,17931.53,1992.39,1.0,0.1111111111111111,0.12533333333333332,0.2624444444444445,0.2838888888888889,4.333333333333333,3965.977473526475,12371.32,Business,Low
TAXP00928,40,875600,0,2,0,0,-0.125,0.247,23.0,12472.01,542.26,0.0,0.0,0.10686956521739131,0.24717391304347827,0.18513043478260868,3.5217391304347827,691.1266859944534,2273.37,Salary,Low
TAXP04910,39,607100,1,1,0,0,0.435,0.116,12.0,2743.55,228.63,1.0,0.0833333333333333,0.11308333333333333,0.20366666666666666,0.20725000000000002,3.5,297.2950601509408,1101.52,Business,Low
TAXP02618,60,1270100,1,0,19900,0,0.121,0.15,29.0,38103.4,1313.91,2.0,0.0689655172413793,0.13244827586206898,0.24310344827586206,0.21124137931034484,4.137931034482759,3142.004792054956,16782.29,Salary,Low
TAXP00186,46,1964000,1,0,11300,0,0.095,0.087,19.0,25419.59,1337.87,2.0,0.1052631578947368,0.10242105263157894,0.19257894736842104,0.19673684210526315,4.0,2138.159790211752,9622.07,Multiple,Low
TAXP04817,53,2518000,1,0,4700,0,0.005,0.374,14.0,18006.43,1286.17,2.0,0.1428571428571428,0.10478571428571429,0.24307142857142858,0.20428571428571426,4.571428571428571,834.2713755368273,2639.53,Salary,Low
TAXP01137,34,679500,1,1,0,1,0.054,0.158,3.0,336.15,112.05,0.0,0.0,0.07333333333333333,0.12066666666666666,0.21433333333333335,4.0,21.93617788038745,135.1,Salary,Low
TAXP01805,57,694700,1,1,0,1,0.139,0.301,29.0,21597.99,744.76,5.0,0.1724137931034483,0.14586206896551726,0.26889655172413796,0.19872413793103447,3.1724137931034484,1523.7322812542259,8095.75,Salary,Medium
TAXP00405,57,946000,1,1,46500,1,0.142,0.387,39.0,34129.24,875.11,0.0,0.0,0.1243076923076923,0.19123076923076923,0.19264102564102564,3.7435897435897436,1342.5049199756547,5785.3,Salary+Investments,Low
TAXP02389,63,1459100,0,4,0,0,0.289,0.366,19.0,12600.64,663.19,0.0,0.0,0.12405263157894737,0.29578947368421055,0.16257894736842105,3.5789473684210527,708.9832980579627,2860.93,Business,Low
TAXP01983,51,664700,1,0,0,0,0.217,0.401,30.0,16568.45,552.28,2.0,0.0666666666666666,0.11736666666666666,0.2275333333333333,0.15186666666666668,3.8666666666666667,537.0343512873675,2742.84,Salary,Low
TAXP00918,24,951600,1,2,0,0,0.182,0.131,20.0,16753.27,837.66,0.0,0.0,0.1025,0.2251,0.17729999999999999,3.6,1962.0087372955165,8062.71,Salary,Low
TAXP01279,48,844600,1,1,0,0,0.032,0.268,11.0,6681.92,607.45,0.0,0.0,0.12881818181818183,0.22309090909090912,0.14554545454545453,3.909090909090909,826.1447625820902,2601.56,Salary+Business,Low
TAXP01640,50,561300,1,0,0,0,0.097,0.218,48.0,22738.34,473.72,2.0,0.0416666666666666,0.1213125,0.2392291666666667,0.21462499999999998,3.9583333333333335,726.3462383533321,4509.85,Salary,Low
TAXP02812,24,500000,1,1,0,2,0.422,0.341,19.0,7423.06,390.69,3.0,0.1578947368421052,0.1493684210526316,0.1796842105263158,0.1851578947368421,4.631578947368421,458.87434966014763,1793.16,Salary,Medium
TAXP00177,23,2026200,1,0,12800,0,-0.049,0.181,7.0,2720.66,388.67,0.0,0.0,0.119,0.14871428571428572,0.1757142857142857,3.857142857142857,396.8449171425845,1219.26,Salary,Low
TAXP03740,62,462000,1,2,0,0,0.093,0.307,12.0,3143.29,261.94,1.0,0.0833333333333333,0.12075000000000001,0.18475,0.20166666666666666,4.333333333333333,255.4714271323911,855.31,Salary,Low
TAXP00300,52,823100,0,3,0,0,-0.006,0.218,10.0,14884.06,1488.41,0.0,0.0,0.09290000000000001,0.19870000000000002,0.2293,3.6,2293.037446325046,6174.93,Salary,Low
TAXP01444,31,1831400,1,0,0,1,0.453,0.37,12.0,14226.82,1185.57,2.0,0.1666666666666666,0.15025,0.27599999999999997,0.215,4.083333333333333,1540.7719777013394,5126.81,Business,Low
TAXP02966,65,205400,0,2,0,0,-0.046,0.231,14.0,3838.45,274.18,0.0,0.0,0.13014285714285714,0.2925714285714286,0.21157142857142858,4.5,330.5482249873802,1290.9,Multiple,Low
TAXP00062,61,510700,1,0,141200,1,0.174,0.387,48.0,23123.7,481.74,2.0,0.0416666666666666,0.10614583333333333,0.23472916666666666,0.16647916666666665,3.9791666666666665,914.3958336580336,5980.92,Salary,High
TAXP02259,46,1419200,1,0,0,1,0.232,0.172,18.0,28021.12,1556.73,3.0,0.1666666666666666,0.15544444444444444,0.20927777777777778,0.21977777777777777,4.5,2911.941828846677,12669.57,Salary,Medium
TAXP04316,44,625800,1,0,9300,0,0.102,0.281,57.0,22819.77,400.35,1.0,0.0175438596491228,0.12896491228070175,0.2510350877192982,0.21671929824561403,3.9473684210526314,483.98229105057544,3095.86,Salary,Low
TAXP04027,30,408900,1,0,25000,1,0.352,0.057,25.0,7207.86,288.31,1.0,0.04,0.11603999999999999,0.28,0.2064,3.68,315.3734148074839,1182.06,Business,Low
TAXP01168,29,2378500,1,2,0,0,0.355,0.63,7.0,18963.97,2709.14,0.0,0.0,0.10342857142857143,0.18214285714285713,0.2854285714285714,4.0,3181.0744218498908,7681.18,Salary,Low
TAXP02848,37,415700,0,3,0,0,0.215,0.4,26.0,14179.19,545.35,2.0,0.0769230769230769,0.12926923076923075,0.22,0.22730769230769232,3.9615384615384617,946.9827071322571,4150.43,Salary,Low
TAXP04719,42,799400,1,1,43200,0,0.384,0.423,20.0,14747.16,737.36,0.0,0.0,0.12969999999999998,0.2984,0.15155000000000002,4.2,964.8797302942122,3227.7,Multiple,Low
TAXP04689,48,564900,1,1,0,0,0.196,0.556,25.0,9206.87,368.27,1.0,0.04,0.11928000000000001,0.22152000000000002,0.19256,4.12,424.0424782487402,1534.52,Salary+Business,Low
TAXP04201,36,363000,1,1,47500,1,0.199,0.555,16.0,4949.35,309.33,0.0,0.0,0.111125,0.2603125,0.1615,3.6875,387.00637157491786,1466.17,Salary,Low
TAXP02042,34,1045400,1,2,0,0,0.503,0.354,46.0,40711.9,885.04,2.0,0.0434782608695652,0.12271739130434782,0.26308695652173913,0.18573913043478263,3.9347826086956523,962.0220124707442,4832.66,Business,Low
TAXP00879,41,603400,0,2,28800,1,-0.037,0.056,3.0,781.01,260.34,0.0,0.0,0.17033333333333334,0.26566666666666666,0.2806666666666667,3.6666666666666665,175.53239368655954,463.02,Salary+Business,Low
TAXP02630,45,630400,0,2,0,0,-0.003,0.232,31.0,25900.58,835.5,1.0,0.032258064516129,0.13567741935483874,0.22551612903225807,0.23219354838709677,3.935483870967742,1676.5796034863513,8744.05,Salary+Investments,Low
TAXP01414,44,1611400,1,1,5800,0,0.383,0.135,13.0,34231.24,2633.17,1.0,0.0769230769230769,0.094,0.19884615384615384,0.197,4.6923076923076925,5414.769896951845,20196.0,Business,Low
TAXP04949,54,638300,1,0,0,0,0.293,0.052,5.0,5939.11,1187.82,0.0,0.0,0.078,0.2922,0.2156,4.4,733.6794183906211,2257.96,Salary,Low
TAXP00472,42,484900,1,1,0,2,-0.093,0.185,1.0,50.0,50.0,0.0,0.0,0.138,0.225,0.198,3.0,0.0,50.0,Business,Low
TAXP02629,51,361000,1,0,0,0,0.223,0.26,16.0,3978.69,248.67,0.0,0.0,0.118125,0.2609375,0.210625,4.0625,360.0313075871551,1501.51,Salary+Business,Low
TAXP04119,31,390900,1,0,19300,0,0.191,0.32,9.0,3428.16,380.91,0.0,0.0,0.10766666666666666,0.24355555555555558,0.1708888888888889,4.0,426.39784128205906,1279.43,Multiple,Low
TAXP03585,29,812000,1,0,0,1,0.062,0.478,7.0,1370.96,195.85,0.0,0.0,0.129,0.2294285714285714,0.21300000000000002,3.5714285714285716,132.22989657267019,455.97,Business,Low
TAXP00861,29,320500,1,1,0,0,0.033,0.46,38.0,15289.63,402.36,4.0,0.1052631578947368,0.15347368421052632,0.26918421052631575,0.21121052631578946,4.868421052631579,478.86217174741864,1788.36,Business,Low
TAXP01631,65,270100,1,1,6500,0,0.107,0.039,4.0,3091.81,772.95,0.0,0.0,0.14150000000000001,0.216,0.17074999999999999,3.25,1197.4416842968456,2559.43,Salary,Low
TAXP02725,62,426500,1,0,0,0,0.107,0.423,9.0,3869.2,429.91,0.0,0.0,0.12155555555555557,0.3236666666666667,0.173,4.555555555555555,842.7635747563554,2657.46,Salary,Low
TAXP02036,42,1104900,1,2,11900,0,0.039,0.289,17.0,11530.44,678.26,1.0,0.0588235294117647,0.125,0.2293529411764706,0.20511764705882354,4.352941176470588,582.6796701327663,2193.97,Salary+Investments,Low
TAXP03244,65,782800,0,0,18000,0,0.018,0.29,27.0,25043.5,927.54,1.0,0.037037037037037,0.14125925925925925,0.16244444444444445,0.2137037037037037,4.777777777777778,1650.9475326980116,6992.6,Business,Low
TAXP02880,59,864700,1,0,0,1,0.174,0.128,6.0,3807.5,634.58,0.0,0.0,0.15033333333333332,0.2635,0.20183333333333334,4.0,623.2547959114847,1714.87,Business,Low
TAXP04995,38,885100,0,0,0,0,0.143,0.196,20.0,10996.65,549.83,1.0,0.05,0.12805,0.24255,0.21844999999999998,3.5,572.8599757254455,2259.61,Business,Low
TAXP04955,46,1459100,0,1,0,2,-0.1,0.334,15.0,20842.6,1389.51,0.0,0.0,0.09533333333333333,0.1602,0.15793333333333334,3.3333333333333335,1808.8182490339086,6498.58,Salary+Business,Low
TAXP04677,48,855800,1,1,0,1,-0.084,0.633,12.0,8035.27,669.61,0.0,0.0,0.11575,0.20283333333333334,0.15208333333333332,3.5,1031.6496188273009,3815.95,Salary,Low
TAXP02394,21,811800,1,1,0,0,-0.006,0.542,45.0,61005.53,1355.68,4.0,0.0888888888888888,0.11751111111111112,0.19617777777777776,0.20244444444444443,3.911111111111111,3412.9069639065196,22416.49,Salary+Business,Low
TAXP04577,48,340500,1,1,0,0,-0.066,0.163,30.0,18339.82,611.33,2.0,0.0666666666666666,0.13433333333333333,0.22303333333333333,0.19573333333333334,4.3,1683.313475407714,9255.94,Business,Low
TAXP00897,32,399500,1,0,0,2,-0.045,0.258,46.0,14489.15,314.98,3.0,0.0652173913043478,0.12939130434782609,0.21817391304347825,0.19645652173913045,3.9565217391304346,460.33771533018086,2817.49,Salary+Investments,Low
TAXP01089,63,1040300,1,1,0,1,0.054,0.466,32.0,27117.65,847.43,1.0,0.03125,0.13109375,0.2203125,0.217625,4.625,1316.5215088269283,5443.0,Salary+Investments,Low
TAXP04143,46,798100,1,1,45800,0,-0.025,0.161,26.0,15565.12,598.66,0.0,0.0,0.09419230769230769,0.2065,0.16176923076923075,4.0,886.5230518139607,4342.91,Salary+Investments,Low
TAXP02841,50,576000,1,1,0,0,0.09,0.173,27.0,29172.68,1080.47,2.0,0.074074074074074,0.14437037037037037,0.19051851851851853,0.2572962962962963,4.148148148148148,2060.3487178359683,10276.05,Salary,Low
TAXP00782,56,613700,0,3,9100,0,0.187,0.07,15.0,4805.61,320.37,0.0,0.0,0.11526666666666667,0.21926666666666667,0.16766666666666669,4.133333333333334,654.6429735774193,2597.4,Salary,Low
TAXP02302,35,342500,1,3,0,0,0.089,0.316,11.0,4615.25,419.57,1.0,0.0909090909090909,0.11618181818181818,0.247,0.1831818181818182,4.090909090909091,513.5553456993351,1229.08,Salary,Low
TAXP02355,65,276900,1,0,10700,0,-0.216,0.399,29.0,7856.54,270.92,1.0,0.0344827586206896,0.1519655172413793,0.2473448275862069,0.21082758620689654,3.3448275862068964,346.2436621041469,1670.15,Business,Low
TAXP02808,61,163700,1,1,17000,0,0.489,0.502,1.0,503.25,503.25,0.0,0.0,0.217,0.192,0.257,2.0,0.0,503.25,Salary,Low
TAXP02701,51,1204900,1,0,0,0,0.381,0.332,23.0,21183.39,921.02,0.0,0.0,0.12926086956521737,0.19682608695652173,0.19704347826086957,4.086956521739131,1192.8337101298464,4722.55,Business,Low
TAXP02830,31,3915100,1,0,0,0,0.244,0.252,34.0,52851.68,1554.46,2.0,0.0588235294117647,0.1146764705882353,0.22120588235294117,0.22376470588235292,4.088235294117647,2259.0545643627715,10754.35,Professional,Low
TAXP00882,44,1286000,1,0,0,1,0.173,0.338,57.0,59163.87,1037.96,1.0,0.0175438596491228,0.12477192982456141,0.2319298245614035,0.20792982456140352,3.9473684210526314,1412.3324011106165,6547.87,Business,Low
TAXP02058,52,176600,1,0,0,0,-0.075,0.115,46.0,8611.07,187.2,5.0,0.108695652173913,0.11952173913043479,0.21282608695652172,0.21173913043478262,3.5434782608695654,266.08215051131225,1641.74,Multiple,Low
TAXP00653,62,2160000,1,0,0,0,0.088,0.105,5.0,2031.3,406.26,0.0,0.0,0.1464,0.13820000000000002,0.2702,3.4,322.61355992890316,921.71,Business,Low
TAXP02601,62,439400,1,1,0,1,0.001,0.468,31.0,10456.23,337.3,0.0,0.0,0.09419354838709677,0.19606451612903228,0.17429032258064517,3.2903225806451615,286.7704438595404,1160.35,Salary+Investments,Low
TAXP01064,57,1468800,1,5,0,2,0.02,0.463,12.0,11767.8,980.65,0.0,0.0,0.09575,0.28041666666666665,0.17166666666666666,3.9166666666666665,861.677366293103,2830.21,Salary,Low
TAXP01768,54,1191900,0,0,31800,1,-0.145,0.354,5.0,915.1,183.02,0.0,0.0,0.10979999999999998,0.27,0.1254,4.8,138.9390270946216,374.72,Professional,Low
TAXP01900,64,299600,0,0,0,0,-0.145,0.325,24.0,5825.87,242.74,0.0,0.0,0.10591666666666666,0.21633333333333335,0.19675,3.8333333333333335,297.9694652867926,1343.9,Multiple,Low
TAXP00916,32,1495700,1,2,0,0,0.182,0.336,75.0,150999.26,2013.32,5.0,0.0666666666666666,0.13078666666666666,0.2562933333333334,0.21137333333333333,4.066666666666666,4422.100074351214,23085.91,Salary+Investments,Low
TAXP02464,22,276200,1,0,0,0,0.244,0.155,33.0,9920.47,300.62,1.0,0.0303030303030303,0.1076060606060606,0.20303030303030303,0.16503030303030303,4.2727272727272725,383.3103508784107,1373.82,Business,Low
TAXP01800,40,472500,1,1,2900,0,0.036,0.196,22.0,11540.73,524.58,0.0,0.0,0.11527272727272728,0.164,0.1864090909090909,3.0454545454545454,1015.5667822654052,3358.11,Salary+Business,Low
TAXP00467,31,526300,1,1,0,2,0.164,0.247,8.0,5975.15,746.89,0.0,0.0,0.09575,0.214125,0.21675,3.75,1720.8910399718388,4999.28,Salary,Low
TAXP01799,47,433200,0,0,0,0,0.203,0.385,19.0,3949.92,207.89,1.0,0.0526315789473684,0.11947368421052632,0.25363157894736843,0.20978947368421053,4.105263157894737,243.00313510720355,1093.34,Business,Low
TAXP03167,22,345900,1,1,0,0,-0.091,0.112,11.0,1522.0,138.36,0.0,0.0,0.09872727272727273,0.1809090909090909,0.1959090909090909,3.6363636363636362,86.47124658205493,330.03,Salary+Investments,Low
TAXP04773,64,508700,1,0,0,1,0.29,0.18,30.0,21172.14,705.74,0.0,0.0,0.11236666666666667,0.22173333333333334,0.20686666666666664,3.9,1346.1655466556701,4874.89,Salary+Investments,Low
TAXP02253,59,1056900,1,1,0,2,-0.02,0.472,21.0,10442.43,497.26,1.0,0.0476190476190476,0.09638095238095239,0.1481904761904762,0.1898095238095238,4.0,394.6556038406868,1710.09,Salary+Investments,Low
TAXP02658,45,327900,1,0,0,0,0.345,0.157,15.0,4532.24,302.15,1.0,0.0666666666666666,0.13313333333333333,0.232,0.1712,3.533333333333333,381.59090563561597,1345.98,Salary,Low
TAXP04649,57,734600,1,0,0,1,0.145,0.148,26.0,8687.45,334.13,0.0,0.0,0.082,0.20523076923076924,0.18803846153846154,4.230769230769231,525.6566115901725,2699.93,Salary,Low
TAXP04830,63,166700,0,1,67500,0,-0.066,0.446,27.0,12531.89,464.14,0.0,0.0,0.11833333333333333,0.2599259259259259,0.1947777777777778,3.6666666666666665,1162.1229134425275,5900.97,Salary,Medium
TAXP04586,63,910200,1,0,0,0,-0.029,0.07,18.0,5992.33,332.91,1.0,0.0555555555555555,0.13277777777777777,0.20455555555555555,0.19455555555555556,4.166666666666667,288.2028084895111,889.95,Salary+Business,Low
TAXP00283,26,1267400,1,0,0,1,0.206,0.224,25.0,15333.57,613.34,0.0,0.0,0.09308,0.20224,0.17515999999999998,4.44,612.3867409537866,2753.82,Salary,Low
TAXP03884,52,1582500,1,1,64200,0,-0.063,0.175,10.0,6068.72,606.87,1.0,0.1,0.12349999999999998,0.12730000000000002,0.2202,4.2,401.2313693784838,1146.35,Salary,Medium
TAXP00193,44,493300,1,1,0,0,-0.199,0.236,23.0,6519.86,283.47,3.0,0.1304347826086956,0.1208695652173913,0.21804347826086956,0.17147826086956522,3.4347826086956523,236.3529706711115,731.51,Professional,Low
TAXP03006,51,465900,1,0,0,0,0.424,0.476,29.0,13951.35,481.08,0.0,0.0,0.12103448275862068,0.2297586206896552,0.1977241379310345,4.137931034482759,676.6908660287567,3077.28,Salary,Low
TAXP00733,33,964900,1,1,2300,0,-0.162,0.075,10.0,5281.48,528.15,2.0,0.2,0.1465,0.1706,0.3114,3.9,873.420671126526,2715.35,Salary,Low
TAXP02471,58,466400,1,1,0,0,0.009,0.249,2.0,124.76,62.38,0.0,0.0,0.1905,0.3885,0.2645,4.5,17.50796390217892,74.76,Salary+Investments,Low
TAXP00495,22,520500,1,0,0,0,-0.085,0.148,39.0,13787.49,353.53,3.0,0.0769230769230769,0.13523076923076924,0.25443589743589745,0.24297435897435898,3.6666666666666665,403.0184791299809,1732.21,Salary,Low
TAXP01884,31,699300,0,2,0,1,0.407,0.121,11.0,5305.67,482.33,1.0,0.0909090909090909,0.08345454545454545,0.17572727272727273,0.1539090909090909,3.3636363636363638,848.4860603954874,2989.92,Salary+Investments,Low
TAXP01744,46,252800,0,2,0,0,-0.046,0.483,33.0,10440.6,316.38,2.0,0.0606060606060606,0.10412121212121211,0.20533333333333334,0.2097878787878788,3.909090909090909,477.9383601303529,2461.25,Business,Low
TAXP03046,48,496700,1,0,0,0,0.01,0.022,1.0,3412.85,3412.85,0.0,0.0,0.179,0.466,0.107,3.0,0.0,3412.85,Professional,Low
TAXP00800,61,668500,1,3,0,0,0.34,0.107,16.0,7164.03,447.75,1.0,0.0625,0.10075,0.1791875,0.1570625,4.25,441.18750333191673,1640.3,Business,Low
TAXP02731,24,280000,1,0,5800,1,-0.173,0.413,19.0,3598.51,189.4,2.0,0.1052631578947368,0.09689473684210526,0.21468421052631578,0.1897894736842105,3.1578947368421053,227.7358700914632,935.72,Salary+Investments,Low
TAXP01326,32,1304500,1,0,0,0,0.125,0.312,39.0,34505.45,884.76,1.0,0.0256410256410256,0.097,0.18300000000000002,0.1593846153846154,4.153846153846154,1134.5241735794648,4906.34,Professional,Low
TAXP03462,32,235100,1,1,0,0,-0.142,0.106,8.0,2045.44,255.68,1.0,0.125,0.16525,0.238625,0.172625,3.625,238.40401680460715,786.29,Business,Low
TAXP01955,44,759000,0,2,0,0,-0.231,0.133,29.0,21839.39,753.08,1.0,0.0344827586206896,0.10610344827586207,0.23486206896551723,0.19972413793103447,4.620689655172414,1023.4260266472439,3937.52,Business,Low
TAXP02439,42,1331100,1,0,0,0,0.347,0.106,11.0,12555.15,1141.38,0.0,0.0,0.11845454545454545,0.19963636363636364,0.1830909090909091,3.8181818181818183,1459.2265964276482,5297.24,Salary+Investments,Low
TAXP01670,64,393000,1,0,0,1,0.268,0.282,9.0,4594.75,510.53,1.0,0.1111111111111111,0.12377777777777776,0.19366666666666665,0.15066666666666664,5.333333333333333,735.2637367261113,1896.87,Salary,Low
TAXP04036,58,730200,1,0,0,1,0.274,0.128,50.0,30379.39,607.59,2.0,0.04,0.12224,0.2059,0.20456,4.08,911.8883355249644,4179.18,Business,Low
TAXP00672,44,790800,1,1,17900,0,0.101,0.213,9.0,2552.28,283.59,0.0,0.0,0.13233333333333333,0.15155555555555555,0.2726666666666666,4.111111111111111,129.7118390895758,458.66,Salary,Low
TAXP03138,50,1400100,1,2,0,0,0.063,0.12,27.0,19622.45,726.76,3.0,0.1111111111111111,0.12788888888888889,0.2451111111111111,0.2204074074074074,3.814814814814815,829.4843297522616,3062.11,Salary+Business,Low
TAXP00276,37,858200,1,0,0,0,0.087,0.717,5.0,2856.06,571.21,0.0,0.0,0.10939999999999998,0.3632,0.133,4.0,739.0433359215141,1834.36,Salary,Low
TAXP04453,41,246900,1,0,0,0,0.274,0.065,6.0,1387.75,231.29,1.0,0.1666666666666666,0.1758333333333333,0.33149999999999996,0.2558333333333333,3.5,178.3945084823708,487.83,Salary+Business,Low
TAXP01916,31,150000,1,2,7400,0,-0.226,0.182,4.0,211.76,52.94,0.0,0.0,0.05975,0.19425,0.17174999999999999,4.0,5.879999999999998,61.76,Salary,Low
TAXP00376,52,3473400,1,1,12100,0,0.256,0.499,74.0,225236.52,3043.74,2.0,0.027027027027027,0.11583783783783785,0.2165810810810811,0.1841891891891892,4.094594594594595,5278.263708362768,25207.47,Multiple,Low
TAXP02358,49,820800,1,0,0,3,0.117,0.146,7.0,2864.4,409.2,0.0,0.0,0.09985714285714287,0.2998571428571429,0.23657142857142857,4.285714285714286,356.7524632477445,959.73,Business,Low
TAXP02989,42,762700,1,0,0,0,0.211,0.18,9.0,2157.28,239.7,0.0,0.0,0.12966666666666668,0.29177777777777775,0.1488888888888889,3.888888888888889,146.00167642682888,477.8,Professional,Low
TAXP03492,36,326700,1,0,0,0,0.059,0.103,41.0,8586.87,209.44,2.0,0.048780487804878,0.12019512195121951,0.2270487804878049,0.16373170731707318,4.585365853658536,219.90156453485739,959.91,Professional,Low
TAXP04799,64,471000,1,1,0,0,0.108,0.091,27.0,11754.39,435.35,0.0,0.0,0.10751851851851851,0.20522222222222222,0.166,4.222222222222222,575.9012420835134,2262.4,Salary+Investments,Low
TAXP00375,30,968700,0,1,26500,0,0.306,0.236,9.0,9060.72,1006.75,4.0,0.4444444444444444,0.15044444444444446,0.23422222222222222,0.23166666666666666,3.2222222222222223,986.7382635228048,3206.29,Salary,Medium
TAXP03919,43,762300,1,1,0,1,0.208,0.264,25.0,22691.25,907.65,1.0,0.04,0.1084,0.22440000000000002,0.20804000000000003,3.72,1374.3855628091899,5956.75,Salary,Low
TAXP00982,29,215900,1,1,79700,0,0.173,0.148,65.0,14731.71,226.64,2.0,0.0307692307692307,0.1224153846153846,0.22836923076923077,0.2052,4.2615384615384615,229.82206069702892,1068.41,Salary+Investments,Medium
TAXP04506,21,2059300,1,0,0,1,-0.08,0.63,13.0,9500.12,730.78,0.0,0.0,0.10738461538461538,0.21823076923076926,0.21492307692307694,4.0,702.8269709044818,2403.27,Salary,Low
TAXP01191,26,1958300,1,1,0,0,0.07,0.203,68.0,125158.78,1840.57,3.0,0.0441176470588235,0.12932352941176473,0.21523529411764705,0.22091176470588236,4.132352941176471,3272.4786236219484,17900.01,Salary+Investments,Low
TAXP04092,41,679500,1,1,13000,0,0.173,0.259,38.0,15095.47,397.25,0.0,0.0,0.09594736842105263,0.20218421052631577,0.18876315789473685,3.6315789473684212,471.0052611020883,2062.87,Salary,Low
TAXP04072,59,580400,1,1,15200,0,0.119,0.268,8.0,7648.32,956.04,0.0,0.0,0.12725,0.243875,0.247375,3.0,1668.1014335379691,4951.48,Business,Low
TAXP01128,52,605500,0,1,11100,0,0.204,0.169,17.0,16044.06,943.77,0.0,0.0,0.10494117647058823,0.19976470588235293,0.18770588235294117,3.588235294117647,1729.0859175090002,6535.41,Professional,Low
TAXP00751,35,655400,0,0,30300,0,0.139,0.35,15.0,6172.44,411.5,0.0,0.0,0.11066666666666668,0.20726666666666665,0.21313333333333334,3.8,623.0806929603901,2336.2,Salary,Low
TAXP01206,28,400000,1,1,0,0,0.061,0.252,8.0,1485.18,185.65,1.0,0.125,0.107375,0.167,0.191375,5.25,124.53133899889274,415.69,Salary+Investments,Low
TAXP03953,50,619700,1,1,17700,0,-0.026,0.587,6.0,3066.01,511.0,0.0,0.0,0.09999999999999999,0.24433333333333332,0.12,3.3333333333333335,349.2413560514658,1031.93,Professional,Low
TAXP04001,45,780000,1,1,5500,0,-0.074,0.293,25.0,17560.58,702.42,2.0,0.08,0.11892,0.20292,0.25444,3.96,1205.0965199716022,6013.96,Multiple,Low
TAXP04064,57,413400,1,0,0,0,-0.02,0.338,5.0,1527.53,305.51,1.0,0.2,0.20400000000000001,0.2934,0.2116,4.0,307.04685942051253,850.12,Salary+Business,Low
TAXP03719,51,902200,1,0,0,0,0.012,0.232,8.0,15474.05,1934.26,1.0,0.125,0.106375,0.15,0.166,4.375,3492.31222476676,9878.78,Professional,Low
TAXP02472,44,475800,1,1,14900,1,0.036,0.484,24.0,14056.58,585.69,1.0,0.0416666666666666,0.12520833333333334,0.19933333333333333,0.21095833333333333,4.25,935.6825239638973,3624.69,Salary+Investments,Low
TAXP00984,60,1103900,1,0,0,1,-0.006,0.098,5.0,31334.48,6266.9,0.0,0.0,0.1474,0.2864,0.164,3.4,12704.171244515715,28966.63,Business,Low
TAXP04892,39,226000,1,0,13100,0,-0.001,0.188,5.0,1621.8,324.36,0.0,0.0,0.0862,0.2902,0.1718,3.0,308.6157581038272,823.46,Salary,Low
TAXP01703,55,719700,1,1,0,0,-0.008,0.377,45.0,20195.78,448.8,2.0,0.0444444444444444,0.10535555555555555,0.2185555555555556,0.1870888888888889,4.4,706.1732758699015,3958.0,Salary,Low
TAXP02670,21,405400,1,2,0,0,-0.124,0.026,2.0,171.47,85.74,0.0,0.0,0.0525,0.128,0.172,6.0,50.53692165140255,121.47,Salary+Business,Low
TAXP00205,58,150000,1,2,0,0,0.192,0.108,15.0,3481.17,232.08,0.0,0.0,0.11779999999999999,0.2064,0.21046666666666666,3.8,327.6392299945606,1137.77,Salary,Low
TAXP01809,50,668800,1,0,0,1,-0.104,0.491,17.0,20122.79,1183.69,2.0,0.1176470588235294,0.1388235294117647,0.223,0.16664705882352943,3.764705882352941,2845.5181083963894,12085.61,Multiple,Low
TAXP02546,40,457700,0,2,0,0,0.032,0.217,9.0,1404.13,156.01,1.0,0.1111111111111111,0.145,0.179,0.264,3.4444444444444446,146.06989697667956,490.99,Salary+Business,Low
TAXP03043,25,342500,1,0,0,0,-0.109,0.214,4.0,474.87,118.72,0.0,0.0,0.09225,0.14175,0.2205,4.5,81.44063620208281,209.9,Salary,Low
TAXP04468,30,518100,1,1,0,0,-0.109,0.258,20.0,6089.07,304.45,0.0,0.0,0.09204999999999999,0.24169999999999997,0.1701,4.15,556.7318511236144,2455.46,Salary+Business,Low
TAXP00226,33,766100,0,1,0,2,0.291,0.326,31.0,13032.68,420.41,2.0,0.064516129032258,0.11012903225806452,0.2539677419354839,0.1867741935483871,3.7096774193548385,423.07313119881013,1439.82,Salary+Business,Low
TAXP01465,32,1324400,1,0,30300,0,0.039,0.065,83.0,113143.93,1363.18,5.0,0.0602409638554216,0.11231325301204818,0.2272289156626506,0.19768674698795183,3.9156626506024095,3087.5389714228486,24437.17,Salary,Low
TAXP03408,52,2165000,1,2,0,0,0.342,0.551,5.0,3543.8,708.76,0.0,0.0,0.0674,0.093,0.09759999999999999,4.6,516.9927978705313,1219.96,Salary+Business,Low
TAXP01463,27,351500,1,0,72700,0,0.079,0.112,6.0,2577.7,429.62,0.0,0.0,0.09200000000000001,0.21116666666666664,0.23883333333333334,3.5,505.5036549686526,1229.11,Salary,Low
TAXP02332,64,212500,1,1,0,0,0.241,0.153,29.0,8739.72,301.37,2.0,0.0689655172413793,0.12151724137931035,0.1916896551724138,0.212448275862069,4.862068965517241,429.8339982937164,2158.21,Salary,Low
TAXP00139,26,2737000,1,0,0,0,0.132,0.418,24.0,46894.48,1953.94,1.0,0.0416666666666666,0.12383333333333334,0.15312499999999998,0.16829166666666664,4.125,2299.473993845335,8833.66,Salary,Low
TAXP01461,31,1300200,1,0,44100,1,0.031,0.518,14.0,8621.36,615.81,0.0,0.0,0.1105,0.14771428571428571,0.18250000000000002,4.571428571428571,774.3409017386944,3036.47,Professional,Low
TAXP04693,32,786800,1,0,0,0,-0.162,0.048,29.0,16127.93,556.14,1.0,0.0344827586206896,0.1216551724137931,0.19806896551724137,0.18734482758620688,3.9655172413793105,833.1531819007413,3429.56,Salary,Low
TAXP03437,55,406700,1,0,0,0,0.212,0.099,7.0,1490.92,212.99,1.0,0.1428571428571428,0.12742857142857142,0.31457142857142856,0.18714285714285714,4.428571428571429,353.6464683092693,1009.63,Salary+Business,Low
TAXP00585,51,1087200,1,0,0,1,-0.035,0.277,1.0,1035.89,1035.89,0.0,0.0,0.188,0.284,0.113,3.0,0.0,1035.89,Salary,Low
TAXP03813,30,444800,1,2,0,0,-0.13,0.303,3.0,190.8,63.6,0.0,0.0,0.1406666666666667,0.16733333333333333,0.2343333333333333,4.666666666666667,23.555890982936727,90.8,Multiple,Low
TAXP02698,55,721900,1,0,0,0,-0.001,0.288,11.0,3768.87,342.62,2.0,0.1818181818181818,0.13618181818181818,0.23063636363636364,0.11954545454545454,4.545454545454546,619.8990547075166,2198.68,Multiple,Low
TAXP00148,21,587300,1,1,17800,1,-0.005,0.244,26.0,16520.44,635.4,4.0,0.1538461538461538,0.14657692307692308,0.20492307692307693,0.22907692307692307,4.269230769230769,1016.1396988591374,3415.16,Salary+Investments,Medium
TAXP02020,31,916100,1,0,0,0,0.195,0.08,43.0,31492.85,732.39,1.0,0.0232558139534883,0.10088372093023255,0.20695348837209304,0.17988372093023255,4.3023255813953485,1049.4013075269697,5358.53,Business,Low
TAXP01276,62,661000,1,0,5200,1,0.163,0.134,28.0,16316.74,582.74,0.0,0.0,0.12364285714285714,0.24317857142857144,0.17239285714285715,3.6785714285714284,919.892877978206,3471.21,Salary+Business,Low
TAXP03995,53,1002600,1,1,0,0,0.236,0.328,15.0,11484.88,765.66,0.0,0.0,0.11013333333333333,0.19720000000000001,0.23086666666666666,4.2,752.8666841277569,2892.24,Salary+Investments,Low
TAXP02851,56,581300,1,0,0,0,0.015,0.523,8.0,2215.0,276.88,0.0,0.0,0.131875,0.221875,0.256125,3.5,137.00267088115996,521.38,Salary,Low
TAXP04216,60,1755400,1,2,0,1,-0.127,0.185,33.0,30315.47,918.65,2.0,0.0606060606060606,0.11472727272727273,0.21027272727272728,0.21339393939393939,3.757575757575758,1109.2466951830963,4172.51,Business,Low
TAXP04750,62,184600,1,0,0,1,0.254,0.175,28.0,14535.73,519.13,3.0,0.1071428571428571,0.1419642857142857,0.23353571428571426,0.2029642857142857,3.607142857142857,1007.0706671443762,4819.28,Salary,Low
TAXP00499,49,155000,0,0,0,0,0.075,0.255,27.0,7872.06,291.56,4.0,0.1481481481481481,0.16099999999999998,0.277,0.19674074074074074,4.222222222222222,389.2941000692381,1807.58,Salary,Medium
TAXP04435,53,2567500,1,0,0,1,-0.137,0.173,46.0,138987.86,3021.48,0.0,0.0,0.10426086956521739,0.21460869565217391,0.18939130434782608,3.8260869565217392,7078.983364503923,38189.73,Salary,Low
TAXP01837,39,761300,1,2,11700,0,0.144,0.194,40.0,49192.25,1229.81,3.0,0.075,0.13065,0.23042500000000002,0.201825,4.225,3918.177108003871,24433.09,Business,Low
TAXP03603,63,239000,1,1,0,1,0.083,0.184,12.0,4813.55,401.13,0.0,0.0,0.1325,0.22591666666666665,0.2004166666666667,3.8333333333333335,553.3271305715228,1909.08,Salary+Business,Low
TAXP00350,50,1881200,0,1,0,0,0.184,0.3,31.0,31946.54,1030.53,3.0,0.0967741935483871,0.11912903225806452,0.18387096774193548,0.21464516129032257,3.967741935483871,1133.1509306694272,5477.18,Professional,Low
TAXP02491,43,1169100,1,0,0,1,-0.119,0.158,24.0,20709.33,862.89,1.0,0.0416666666666666,0.12,0.25595833333333334,0.19016666666666668,3.6666666666666665,850.6273183864517,3502.69,Salary+Business,Low
TAXP04399,43,313200,1,1,0,0,0.067,0.025,6.0,2525.19,420.86,1.0,0.1666666666666666,0.1555,0.2685,0.19483333333333333,3.1666666666666665,414.3214136754218,1092.32,Salary,Low
TAXP02034,61,488400,0,0,5900,1,0.398,0.326,23.0,5641.82,245.3,2.0,0.0869565217391304,0.11030434782608696,0.26021739130434784,0.1953913043478261,3.9565217391304346,242.18500774874747,804.37,Salary+Business,Low
TAXP03666,65,208100,0,0,0,0,-0.02,0.143,42.0,13206.06,314.43,3.0,0.0714285714285714,0.13440476190476192,0.24107142857142858,0.17892857142857144,4.095238095238095,394.62333784966364,1599.34,Professional,Low
TAXP02061,36,229300,1,0,0,0,0.204,0.337,19.0,4143.24,218.07,1.0,0.0526315789473684,0.13615789473684212,0.2156315789473684,0.22921052631578945,4.578947368421052,203.58617300157422,827.79,Business,Low
TAXP01598,21,771800,1,2,0,0,0.357,0.217,15.0,9533.75,635.58,1.0,0.0666666666666666,0.13246666666666668,0.228,0.21753333333333333,4.866666666666666,638.9069155280162,2462.24,Professional,Low
TAXP03319,55,1472000,1,0,4200,0,-0.066,0.344,24.0,25619.45,1067.48,0.0,0.0,0.14454166666666665,0.295125,0.23816666666666667,4.083333333333333,1689.7174040301613,7915.97,Salary,Low
TAXP02807,44,2252500,1,1,0,3,0.237,0.143,23.0,35468.16,1542.09,0.0,0.0,0.1011304347826087,0.20821739130434783,0.18665217391304348,3.782608695652174,2955.4727635120007,14350.75,Business,Low
TAXP04944,56,376900,1,0,28400,1,0.013,0.129,4.0,1649.37,412.34,0.0,0.0,0.10175000000000001,0.178,0.2385,3.5,180.95070127431578,636.8,Business,Low
TAXP00749,56,497400,1,3,35100,0,0.051,0.523,6.0,1372.13,228.69,0.0,0.0,0.05416666666666667,0.12866666666666668,0.13516666666666666,4.833333333333333,153.3227198319501,489.98,Salary,Low
TAXP03416,32,681400,1,3,0,0,0.162,0.511,13.0,4715.01,362.69,0.0,0.0,0.088,0.21946153846153849,0.16892307692307693,3.5384615384615383,428.98366614951306,1431.3,Salary,Low
TAXP00261,26,547600,0,1,0,0,0.052,0.352,26.0,7317.12,281.43,2.0,0.0769230769230769,0.1146923076923077,0.18969230769230772,0.18792307692307691,4.1923076923076925,303.63502426838306,1304.01,Professional,Low
TAXP02086,62,1137400,1,0,0,0,0.122,0.362,11.0,32488.73,2953.52,1.0,0.0909090909090909,0.13154545454545455,0.26436363636363636,0.15027272727272728,3.6363636363636362,7978.179041454828,26933.18,Business,Low
TAXP00716,29,270800,1,0,0,0,0.066,0.117,24.0,8789.44,366.23,2.0,0.0833333333333333,0.11858333333333333,0.22633333333333336,0.21708333333333332,4.0,504.63660998408733,2427.04,Salary+Investments,Low
TAXP04139,42,314300,1,0,0,0,-0.019,0.247,32.0,6097.62,190.55,1.0,0.03125,0.12575,0.2241875,0.2000625,4.0,192.28972471729955,946.96,Business,Low
TAXP00044,35,768300,0,1,453200,2,0.024,0.229,10.0,9172.4,917.24,0.0,0.0,0.0927,0.19,0.1608,4.1,1187.120807032245,3480.41,Professional,Medium
TAXP00615,39,363700,1,0,0,0,0.033,0.554,10.0,5042.6,504.26,1.0,0.1,0.12129999999999999,0.2866,0.20179999999999998,4.2,828.340558734416,2749.65,Multiple,Low
TAXP02230,47,793600,1,0,0,0,0.15,0.118,39.0,60777.09,1558.39,2.0,0.0512820512820512,0.13428205128205128,0.23684615384615385,0.22279487179487178,3.948717948717949,5569.488200473776,33910.37,Salary,Low
TAXP00104,60,1105400,1,1,22600,3,-0.01,0.156,26.0,36368.42,1398.79,0.0,0.0,0.09157692307692307,0.22519230769230772,0.15988461538461538,4.269230769230769,3175.5349184252173,16172.0,Business,Low
TAXP02826,53,597800,0,1,0,0,0.197,0.094,54.0,16890.73,312.79,0.0,0.0,0.09798148148148149,0.19642592592592592,0.20833333333333334,3.9074074074074074,289.1351981408495,1114.53,Multiple,Low
TAXP04277,52,1128500,1,0,8100,0,0.003,0.249,32.0,25251.08,789.1,1.0,0.03125,0.12525,0.24546875,0.2454375,3.90625,860.1296477097828,4176.99,Salary+Investments,Low
TAXP04749,26,305100,1,2,0,1,0.033,0.262,27.0,15384.35,569.79,1.0,0.037037037037037,0.12825925925925927,0.20299999999999999,0.18737037037037038,3.888888888888889,823.9549754592454,3738.05,Multiple,Low
TAXP04471,42,805500,0,1,0,1,-0.034,0.353,31.0,32821.24,1058.75,2.0,0.064516129032258,0.14016129032258065,0.279741935483871,0.2014516129032258,3.2903225806451615,1871.0209555328947,9579.6,Salary,Low
TAXP01593,48,573500,1,2,8700,0,0.189,0.36,22.0,7999.8,363.63,1.0,0.0454545454545454,0.09804545454545455,0.21118181818181817,0.17904545454545454,4.2727272727272725,468.6977282721198,2001.63,Professional,Low
TAXP01723,36,403400,1,1,0,0,0.24,0.209,23.0,7538.36,327.75,1.0,0.0434782608695652,0.12299999999999998,0.221,0.21682608695652175,5.086956521739131,656.5152737326595,3238.39,Salary,Low
TAXP02608,24,564200,0,1,0,0,-0.061,0.159,6.0,2838.45,473.08,1.0,0.1666666666666666,0.1135,0.2528333333333333,0.20083333333333334,5.166666666666667,417.4136387206341,1086.4,Professional,Medium
TAXP04441,59,826200,1,0,0,1,-0.014,0.414,36.0,28783.9,799.55,0.0,0.0,0.10466666666666667,0.17174999999999999,0.2465277777777778,3.9444444444444446,1583.761370141368,6872.76,Salary,Low
TAXP03998,36,544600,1,0,0,0,-0.088,0.354,25.0,10530.54,421.22,4.0,0.16,0.14064,0.2502,0.19928,3.36,625.1867614473294,2835.35,Professional,Low
TAXP00909,45,683600,0,1,0,1,0.048,0.485,18.0,7191.95,399.55,1.0,0.0555555555555555,0.09544444444444444,0.24883333333333335,0.13994444444444445,4.166666666666667,403.25005259188674,1304.09,Salary,Low
TAXP04484,28,766700,1,0,0,1,0.206,0.285,47.0,23847.17,507.39,0.0,0.0,0.11078723404255318,0.209531914893617,0.18574468085106383,3.8297872340425534,610.9755487147498,3134.63,Salary,Low
TAXP04413,57,1112500,1,1,0,0,-0.033,0.152,69.0,102818.18,1490.12,4.0,0.0579710144927536,0.11518840579710146,0.23244927536231885,0.18363768115942028,3.971014492753623,3606.128165409085,26975.27,Business,Low
TAXP01578,62,1363300,1,1,0,0,0.386,0.14,19.0,11688.07,615.16,0.0,0.0,0.10573684210526316,0.23473684210526316,0.1871578947368421,4.052631578947368,769.497555452497,2681.12,Salary+Business,Low
TAXP03940,43,1887300,1,0,0,2,-0.127,0.3,16.0,26018.37,1626.15,0.0,0.0,0.1108125,0.22225,0.172375,3.6875,2867.592894126172,11923.71,Salary+Investments,Low
TAXP03792,65,1982400,1,1,0,1,-0.08,0.198,16.0,17632.9,1102.06,3.0,0.1875,0.1549375,0.19075,0.2234375,4.125,1011.6047264280978,3224.17,Professional,Medium
TAXP04475,62,398800,1,2,0,1,-0.038,0.148,18.0,3669.0,203.83,0.0,0.0,0.06861111111111112,0.20111111111111113,0.1308888888888889,3.5555555555555554,329.8708618802926,1475.04,Business,Low
TAXP02905,29,484200,1,1,0,0,0.058,0.211,32.0,10350.72,323.46,2.0,0.0625,0.12703125,0.2238125,0.2350625,4.0,628.387796220383,3189.85,Business,Low
TAXP00664,56,508000,1,1,0,0,0.435,0.471,20.0,9687.24,484.36,2.0,0.1,0.1189,0.26615,0.1795,3.8,575.2194450505046,2036.54,Salary,Low
TAXP00954,42,281500,1,0,19000,0,0.126,0.111,8.0,1605.83,200.73,1.0,0.125,0.13325,0.252875,0.2525,4.875,269.89787838246735,840.34,Salary+Business,Low
TAXP04071,34,554900,1,0,0,1,0.178,0.417,28.0,7752.31,276.87,1.0,0.0357142857142857,0.12692857142857142,0.25335714285714284,0.2040357142857143,4.357142857142857,299.53514770642175,1327.77,Salary,Low
TAXP02537,41,348600,1,1,0,0,0.086,0.487,31.0,9905.27,319.52,2.0,0.064516129032258,0.13287096774193546,0.2303548387096774,0.20790322580645162,3.774193548387097,364.02069031737716,1416.28,Salary+Business,Low
TAXP01197,38,268500,0,2,0,0,0.137,0.12,34.0,22807.97,670.82,4.0,0.1176470588235294,0.13523529411764706,0.17879411764705883,0.24720588235294116,4.264705882352941,1689.7588091299228,9273.5,Salary+Business,Medium
TAXP02837,49,968800,1,1,0,0,0.408,0.169,8.0,5530.39,691.3,2.0,0.25,0.188125,0.223125,0.191625,3.75,821.5335100101778,2440.81,Salary,Medium
TAXP00130,24,333600,1,1,0,0,0.289,0.049,4.0,603.53,150.88,0.0,0.0,0.09425,0.15625,0.26025,3.75,91.05820716259828,252.76,Business,Low
TAXP00949,23,856300,1,1,3200,0,-0.05,0.277,26.0,19299.38,742.28,3.0,0.1153846153846153,0.10407692307692308,0.19746153846153847,0.2138846153846154,4.384615384615385,1069.9753698513885,5026.23,Salary,Low
TAXP03809,45,605300,1,1,0,0,0.037,0.363,15.0,5541.38,369.43,0.0,0.0,0.1276,0.2995333333333334,0.2208,3.0,436.5963980917234,1580.07,Salary,Low
TAXP02182,55,769500,1,2,0,0,0.314,0.077,63.0,53934.75,856.11,1.0,0.0158730158730158,0.1191904761904762,0.23395238095238097,0.19041269841269842,3.8412698412698414,1340.4589302890652,8073.33,Salary+Investments,Low
TAXP04908,48,325100,1,0,0,1,-0.09,0.032,5.0,1604.67,320.93,0.0,0.0,0.13240000000000002,0.26260000000000006,0.1768,4.0,257.77473155838993,706.06,Salary+Investments,Low
TAXP03946,38,626800,1,2,13300,0,0.1,0.19,1.0,800.87,800.87,0.0,0.0,0.022,0.061,0.122,4.0,0.0,800.87,Salary,Low
TAXP00709,61,554200,1,0,0,0,0.324,0.224,47.0,13288.96,282.74,3.0,0.0638297872340425,0.12155319148936171,0.23959574468085104,0.22970212765957446,4.23404255319149,352.5136307543618,1907.2,Salary+Business,Low
TAXP04285,38,483700,0,2,0,1,0.037,0.481,23.0,7206.68,313.33,1.0,0.0434782608695652,0.10321739130434783,0.20530434782608697,0.1817391304347826,4.391304347826087,691.7324824916002,3396.52,Professional,Low
TAXP00194,21,1861600,1,0,0,0,0.072,0.155,63.0,123647.57,1962.66,4.0,0.0634920634920634,0.13414285714285715,0.23033333333333333,0.21344444444444444,4.349206349206349,3299.4195180459965,15321.36,Salary,Low
TAXP00718,61,1065000,0,0,0,1,0.057,0.418,10.0,11349.12,1134.91,0.0,0.0,0.1176,0.2446,0.1889,4.5,1384.9983991551117,4838.61,Business,Low
TAXP01645,44,222000,0,0,0,1,0.227,0.172,14.0,5990.4,427.89,0.0,0.0,0.11821428571428572,0.24214285714285716,0.18250000000000002,3.642857142857143,916.4783315052687,3582.95,Professional,Low
TAXP04698,30,607500,1,0,0,0,-0.016,0.037,22.0,9269.47,421.34,1.0,0.0454545454545454,0.12104545454545454,0.25581818181818183,0.20413636363636362,4.045454545454546,381.79500094606084,1413.04,Salary,Low
TAXP03952,38,3616800,1,0,0,0,0.374,0.432,23.0,108333.34,4710.15,2.0,0.0869565217391304,0.13652173913043478,0.2299130434782609,0.23091304347826086,4.260869565217392,7794.186632635463,33795.67,Professional,Low
TAXP03566,33,2173600,1,0,0,1,0.062,0.131,13.0,22406.48,1723.58,1.0,0.0769230769230769,0.1263076923076923,0.26784615384615384,0.1837692307692308,4.846153846153846,2027.6141666690244,6558.89,Salary+Business,Low
TAXP01513,55,1238700,1,0,0,0,0.093,0.122,77.0,85743.07,1113.55,5.0,0.0649350649350649,0.12293506493506492,0.2161038961038961,0.21696103896103897,4.259740259740259,2134.7046354182294,11876.0,Business,Low
TAXP03619,39,835200,1,1,0,0,0.05,0.385,2.0,262.6,131.3,0.0,0.0,0.09699999999999999,0.238,0.154,2.0,44.632580028494885,162.86,Professional,Low
TAXP02213,58,1647500,1,0,0,0,0.344,0.013,35.0,28362.96,810.37,2.0,0.0571428571428571,0.10702857142857143,0.2238857142857143,0.206,3.8285714285714287,774.6524013976156,2835.54,Professional,Low
TAXP03295,51,427200,1,2,0,0,-0.153,0.342,25.0,6501.81,260.07,0.0,0.0,0.11032,0.18724,0.19728,4.0,370.7661531689034,1336.39,Salary+Investments,Low
TAXP01781,46,1164000,1,0,0,0,0.095,0.578,8.0,7107.87,888.48,0.0,0.0,0.12512500000000001,0.1925,0.153875,3.375,1376.2369041072784,4063.98,Business,Low
TAXP01776,36,804900,1,0,27900,1,0.046,0.179,21.0,8632.27,411.06,0.0,0.0,0.10223809523809525,0.19704761904761905,0.15161904761904763,3.9047619047619047,383.1902025819057,1542.9,Multiple,Low
TAXP04103,23,371200,1,2,0,0,-0.082,0.255,7.0,5592.16,798.88,0.0,0.0,0.148,0.23485714285714288,0.21642857142857144,3.857142857142857,1277.7386370328895,3550.52,Professional,Low
TAXP03434,62,702100,1,1,0,1,0.242,0.393,58.0,25003.63,431.1,1.0,0.0172413793103448,0.12187931034482759,0.23648275862068965,0.20394827586206898,3.8448275862068964,535.4744219652118,2920.29,Salary+Business,Low
TAXP02936,26,150000,0,1,33200,1,0.217,0.161,28.0,5922.84,211.53,1.0,0.0357142857142857,0.11389285714285714,0.21046428571428571,0.222,3.7142857142857144,235.90862185741892,873.59,Business,Low
TAXP00956,24,1743700,1,1,10500,0,0.231,0.274,22.0,31354.01,1425.18,3.0,0.1363636363636363,0.15086363636363637,0.24000000000000002,0.2085909090909091,3.772727272727273,2123.3084458770195,9667.01,Professional,Low
TAXP00568,30,406200,1,0,13000,1,0.202,0.122,24.0,9565.66,398.57,1.0,0.0416666666666666,0.11375,0.20645833333333333,0.17520833333333333,4.416666666666667,445.56834187084723,1518.06,Salary+Business,Low
TAXP04290,25,875600,1,0,0,1,0.416,0.386,79.0,82793.18,1048.01,5.0,0.0632911392405063,0.1290886075949367,0.22145569620253167,0.20686075949367086,3.7848101265822787,2209.153276671957,12330.37,Salary,Low
TAXP00306,36,304600,1,0,0,1,-0.074,0.335,5.0,3306.04,661.21,1.0,0.2,0.1224,0.3202,0.18180000000000002,3.4,909.4354012078043,2241.08,Multiple,Medium
TAXP02293,50,1545200,1,1,0,0,0.258,0.209,4.0,1601.72,400.43,0.0,0.0,0.065,0.213,0.2175,4.5,191.47028820855382,666.53,Business,Low
TAXP02987,24,756400,1,0,0,0,0.169,0.078,9.0,2924.84,324.98,0.0,0.0,0.11777777777777779,0.13844444444444445,0.19644444444444445,3.2222222222222223,424.7719257665747,1447.39,Salary+Investments,Low
TAXP00462,43,356700,0,2,0,1,0.166,0.113,11.0,5786.23,526.02,0.0,0.0,0.11272727272727273,0.21127272727272725,0.2861818181818182,4.363636363636363,1329.4748932451078,4516.61,Salary,Low
TAXP01605,42,519100,1,0,0,0,0.204,0.131,9.0,20198.21,2244.25,2.0,0.2222222222222222,0.13155555555555554,0.24000000000000002,0.17188888888888887,4.111111111111111,4944.891344511806,15178.77,Salary,Medium
TAXP02393,21,196700,1,0,0,0,0.073,0.487,36.0,6982.17,193.95,2.0,0.0555555555555555,0.11275,0.2123611111111111,0.20875,3.8055555555555554,196.07243224853704,871.73,Professional,Low
TAXP04691,36,1442500,1,2,23600,0,0.164,0.102,29.0,52510.69,1810.71,1.0,0.0344827586206896,0.11844827586206896,0.2092758620689655,0.20417241379310347,3.8620689655172415,2627.140675782698,10504.39,Salary,Low
TAXP02653,59,1641400,1,1,28500,0,-0.0,0.451,38.0,76255.4,2006.72,3.0,0.0789473684210526,0.1148421052631579,0.20471052631578948,0.18773684210526317,3.8684210526315788,3494.9625396552483,18503.81,Multiple,Medium
TAXP02167,37,4925000,1,0,0,3,0.255,0.3,39.0,127232.07,3262.36,2.0,0.0512820512820512,0.09166666666666667,0.2288205128205128,0.18284615384615385,4.0,5533.954568662728,30366.8,Salary,Low
TAXP03575,22,419500,1,1,0,2,-0.054,0.056,15.0,4395.32,293.02,3.0,0.2,0.12906666666666666,0.25566666666666665,0.22493333333333335,4.266666666666667,333.64571990718076,1111.37,Business,Medium
TAXP01518,56,1671800,1,0,0,0,-0.147,0.446,21.0,28897.63,1376.08,2.0,0.0952380952380952,0.12366666666666666,0.2583809523809524,0.1688095238095238,3.9047619047619047,2255.6808413202098,10476.77,Salary+Business,Low
TAXP02179,32,1003400,1,0,0,1,0.235,0.335,24.0,21956.54,914.86,2.0,0.0833333333333333,0.11891666666666667,0.2734166666666667,0.183875,3.4583333333333335,1644.7897446863421,7553.03,Professional,Low
TAXP01685,34,410200,1,3,0,0,0.126,0.267,9.0,2738.97,304.33,0.0,0.0,0.14166666666666666,0.301,0.18988888888888888,4.666666666666667,221.21322739610312,572.71,Salary+Business,Low
TAXP01282,51,150000,1,0,0,1,-0.148,0.561,15.0,2254.33,150.29,0.0,0.0,0.13033333333333333,0.2252,0.1998,3.8666666666666667,124.456721730124,388.29,Salary,Low
TAXP02640,35,426500,1,0,0,1,0.216,0.614,36.0,26846.87,745.75,1.0,0.0277777777777777,0.12347222222222223,0.22872222222222222,0.19458333333333333,4.055555555555555,1964.9405347165855,11540.03,Salary,Low
TAXP04753,38,935200,1,3,0,0,-0.008,0.066,28.0,22346.63,798.09,1.0,0.0357142857142857,0.11932142857142858,0.21935714285714286,0.20317857142857143,4.071428571428571,1813.692244940709,9839.2,Salary,Low
TAXP02363,45,504400,1,3,0,0,0.242,0.183,11.0,2206.64,200.6,1.0,0.0909090909090909,0.12072727272727274,0.16272727272727272,0.16509090909090907,4.181818181818182,221.80872107618885,720.38,Salary+Business,Low
TAXP02661,49,314500,1,1,0,0,0.147,0.155,4.0,1425.18,356.29,0.0,0.0,0.13224999999999998,0.349,0.3085,4.25,224.79134480668955,653.78,Salary,Low
TAXP00597,36,446800,1,1,0,0,0.176,0.524,4.0,867.68,216.92,0.0,0.0,0.06025,0.14575,0.16925,5.0,239.1039373717352,568.97,Multiple,Low
TAXP02379,64,670300,1,0,0,0,-0.093,0.391,31.0,17171.53,553.92,1.0,0.032258064516129,0.11590322580645161,0.24696774193548385,0.21945161290322582,3.838709677419355,800.9217230020417,4242.3,Salary,Low
TAXP03774,61,963100,1,1,0,0,-0.046,0.302,6.0,4797.45,799.58,0.0,0.0,0.09883333333333333,0.18633333333333335,0.27216666666666667,4.0,998.6705858640275,2655.35,Salary,Low
TAXP03922,60,517700,1,1,26900,1,0.129,0.042,7.0,1375.7,196.53,0.0,0.0,0.11814285714285713,0.18142857142857144,0.16457142857142856,3.5714285714285716,126.04088046193206,315.32,Salary,Low
TAXP02952,38,1119300,1,0,12600,1,0.007,0.271,6.0,3167.44,527.91,1.0,0.1666666666666666,0.10433333333333333,0.20366666666666666,0.1925,4.5,423.86108019806045,1302.43,Salary,Low
TAXP00884,57,279500,0,0,35400,0,-0.052,0.42,4.0,649.31,162.33,0.0,0.0,0.043250000000000004,0.20475,0.11850000000000001,4.5,207.22483560535562,472.59,Salary,Low
TAXP04011,65,843300,0,1,20700,0,-0.17,0.332,32.0,16967.23,530.23,0.0,0.0,0.10103125,0.19884375,0.19209375,4.03125,889.8114417323496,4730.75,Salary+Business,Low
TAXP00868,55,484900,1,1,8700,1,-0.022,0.116,7.0,2484.43,354.92,0.0,0.0,0.08628571428571429,0.12414285714285714,0.2452857142857143,4.428571428571429,480.155037685002,1107.81,Multiple,Low
TAXP01207,40,389200,1,1,29600,0,-0.246,0.225,11.0,2905.71,264.16,1.0,0.0909090909090909,0.11890909090909091,0.24927272727272728,0.252,3.909090909090909,325.4285345006992,1205.94,Business,Low
TAXP04620,32,994700,1,0,0,2,-0.018,0.47,36.0,35565.08,987.92,5.0,0.1388888888888889,0.13377777777777777,0.25933333333333336,0.26908333333333334,3.5555555555555554,1942.4131103372836,9008.48,Business,Low
TAXP03048,47,947100,1,0,0,0,-0.26,0.393,13.0,6422.71,494.05,1.0,0.0769230769230769,0.1553076923076923,0.25246153846153846,0.21876923076923077,5.0,591.6323110206117,2011.91,Salary,Low
TAXP02441,33,683700,1,0,0,0,0.341,0.261,6.0,981.84,163.64,0.0,0.0,0.1245,0.2011666666666667,0.21266666666666667,3.3333333333333335,100.5811234775194,300.16,Salary,Low
TAXP01969,30,476800,1,0,0,1,0.015,0.312,7.0,924.14,132.02,0.0,0.0,0.0802857142857143,0.16157142857142856,0.169,4.285714285714286,120.47398585033478,343.57,Salary,Low
TAXP01428,35,1261700,1,0,0,1,0.16,0.254,53.0,45999.26,867.91,2.0,0.0377358490566037,0.10983018867924528,0.22060377358490565,0.17532075471698114,3.811320754716981,1384.5554326047923,7590.66,Salary+Business,Low
TAXP00616,40,258100,0,0,32100,0,0.296,0.338,21.0,7336.61,349.36,0.0,0.0,0.07804761904761905,0.1747142857142857,0.15442857142857142,3.857142857142857,329.6871392078369,1239.55,Professional,Low
TAXP02106,64,449600,0,1,0,1,0.008,0.405,7.0,1488.54,212.65,0.0,0.0,0.13085714285714284,0.32085714285714284,0.16285714285714287,4.142857142857143,135.29834667979398,379.78,Salary,Low
TAXP03530,38,599600,1,2,39400,0,0.005,0.19,38.0,25406.63,668.6,3.0,0.0789473684210526,0.10913157894736843,0.1903421052631579,0.19889473684210526,3.6315789473684212,2009.8501787617492,12410.35,Salary,Medium
TAXP02958,25,705500,1,0,0,0,-0.042,0.467,22.0,11818.2,537.19,0.0,0.0,0.0955,0.24077272727272725,0.23068181818181818,3.8181818181818183,1235.4914502215554,5912.86,Multiple,Low
TAXP04424,52,393900,1,1,0,1,0.049,0.115,21.0,4758.61,226.6,0.0,0.0,0.08623809523809524,0.20371428571428574,0.16733333333333333,4.095238095238095,183.19932061763194,702.94,Business,Low
TAXP01692,44,209500,1,2,5000,0,0.166,0.414,5.0,1914.41,382.88,0.0,0.0,0.13599999999999998,0.41899999999999993,0.2798,4.0,441.10091115299224,1037.46,Salary,Low
TAXP03555,61,1266900,1,1,28000,0,-0.135,0.273,4.0,19486.88,4871.72,1.0,0.25,0.1335,0.2705,0.26399999999999996,4.75,8972.67778515422,18321.0,Salary+Business,Medium
TAXP04286,30,2198300,1,0,0,1,0.144,0.125,24.0,72518.55,3021.61,3.0,0.125,0.14125000000000001,0.22920833333333335,0.21525000000000002,3.875,6390.091782565182,28219.63,Business,Low
TAXP00896,35,1383700,1,0,0,1,0.103,0.209,29.0,27563.85,950.48,1.0,0.0344827586206896,0.1196206896551724,0.2139310344827586,0.1733448275862069,3.793103448275862,1271.7738141347957,6139.06,Salary,Low
TAXP01989,27,363700,1,1,0,0,0.115,0.49,9.0,3091.39,343.49,0.0,0.0,0.10433333333333333,0.2102222222222222,0.181,2.888888888888889,426.4832236084374,1337.24,Salary,Low
TAXP00850,58,1305900,0,2,0,0,0.229,0.122,19.0,20874.83,1098.68,0.0,0.0,0.12747368421052632,0.25326315789473686,0.23810526315789474,3.9473684210526314,1738.599402186102,7759.56,Salary,Low
TAXP00475,26,1015100,1,1,0,2,0.27,0.283,2.0,1062.92,531.46,0.0,0.0,0.10300000000000001,0.155,0.109,3.0,569.6735071951301,934.28,Professional,Low
TAXP00477,61,1398200,1,2,0,1,0.197,0.559,6.0,8456.26,1409.38,0.0,0.0,0.07616666666666666,0.12133333333333333,0.21783333333333332,3.3333333333333335,1996.9422126608135,5414.65,Salary,Low
TAXP02119,29,758900,1,3,0,2,0.349,0.219,7.0,4800.82,685.83,0.0,0.0,0.1122857142857143,0.2192857142857143,0.19742857142857143,4.714285714285714,886.5810202951668,2575.67,Salary+Investments,Low
TAXP04101,55,976300,1,0,44800,0,0.01,0.185,9.0,3467.02,385.22,0.0,0.0,0.10333333333333333,0.1978888888888889,0.1927777777777778,4.888888888888889,440.83833930680055,1495.63,Salary,Low
TAXP02041,25,1263000,1,0,32200,0,-0.175,0.272,3.0,1991.5,663.83,0.0,0.0,0.10066666666666667,0.18466666666666667,0.127,2.3333333333333335,149.9033716543205,825.25,Business,Low
TAXP00010,34,351700,1,1,27100,0,-0.006,0.49,23.0,5193.48,225.8,0.0,0.0,0.09508695652173912,0.17717391304347826,0.1611304347826087,4.695652173913044,261.8583896725427,1226.84,Salary,Low
TAXP02325,51,150000,1,1,0,0,0.129,0.476,21.0,6567.67,312.75,3.0,0.1428571428571428,0.1285714285714286,0.252,0.16366666666666665,4.380952380952381,505.3132940016142,2126.56,Professional,Low
TAXP01239,49,1014400,1,0,0,0,0.098,0.172,15.0,7141.73,476.12,0.0,0.0,0.1188,0.211,0.1542,4.133333333333334,439.43218852558005,1623.23,Business,Low
TAXP01470,33,182100,0,4,34600,1,-0.072,0.174,13.0,4956.81,381.29,0.0,0.0,0.12953846153846155,0.2272307692307692,0.21061538461538462,3.3846153846153846,628.8129524268276,2294.51,Salary,Low
TAXP00893,53,484400,1,1,0,0,0.119,0.19,27.0,6826.01,252.82,1.0,0.037037037037037,0.12733333333333333,0.24455555555555555,0.2136296296296296,4.2592592592592595,322.78747227346844,1077.35,Professional,Low
TAXP02339,34,1383800,1,1,0,0,-0.195,0.438,7.0,4829.22,689.89,1.0,0.1428571428571428,0.149,0.3022857142857143,0.255,3.857142857142857,568.6631203805575,1521.34,Professional,Low
TAXP04395,22,281600,1,0,0,0,-0.219,0.668,29.0,6225.04,214.66,3.0,0.1034482758620689,0.1297241379310345,0.18327586206896554,0.19251724137931034,3.5172413793103448,200.2797677050042,995.27,Multiple,Low
TAXP03133,37,674700,0,0,0,1,0.167,0.473,8.0,3747.44,468.43,0.0,0.0,0.11375,0.19649999999999998,0.296125,4.125,858.6178369083318,2570.49,Salary+Investments,Low
TAXP02197,57,570900,1,0,0,0,0.044,0.253,34.0,11704.65,344.25,0.0,0.0,0.10694117647058823,0.18888235294117647,0.18573529411764708,4.205882352941177,600.7083005878128,2957.19,Multiple,Low
TAXP04423,36,233500,1,1,15900,0,0.084,0.266,33.0,15226.19,461.4,3.0,0.0909090909090909,0.12903030303030302,0.22963636363636364,0.22903030303030303,4.393939393939394,1135.183673306012,6393.3,Business,Low
TAXP03828,35,767600,1,0,10000,0,-0.021,0.422,34.0,24333.48,715.69,1.0,0.0294117647058823,0.10735294117647058,0.21223529411764708,0.17852941176470588,3.7058823529411766,1247.4594152964514,5383.53,Business,Low
TAXP04439,59,237600,1,0,0,0,0.353,0.196,4.0,318.27,79.57,0.0,0.0,0.04625,0.09625,0.16225,3.75,27.647248657566873,109.99,Professional,Low
TAXP04653,42,883900,1,0,0,1,0.011,0.195,20.0,31874.94,1593.75,1.0,0.05,0.11945000000000001,0.21395,0.22854999999999998,5.4,3032.0045069316243,11381.1,Business,Low
TAXP03226,26,424400,1,1,900,1,-0.074,0.231,1.0,718.21,718.21,0.0,0.0,0.1,0.172,0.244,4.0,0.0,718.21,Professional,Low
TAXP03407,24,1083500,0,2,0,2,0.131,0.214,24.0,28024.44,1167.69,2.0,0.0833333333333333,0.12741666666666668,0.22766666666666666,0.179875,4.25,2531.2308113419754,10009.35,Professional,Medium
TAXP02515,27,710600,1,1,0,0,0.119,0.102,15.0,5381.66,358.78,0.0,0.0,0.09319999999999999,0.18206666666666665,0.19353333333333333,3.7333333333333334,758.1576798158873,3033.04,Salary,Low
TAXP00007,37,712700,1,0,0,0,0.109,0.128,29.0,11381.14,392.45,0.0,0.0,0.11562068965517242,0.21310344827586206,0.2493793103448276,3.7586206896551726,444.6528519458702,1646.4,Salary,Low
TAXP01517,26,388500,1,2,22800,0,0.054,0.062,39.0,10407.0,266.85,0.0,0.0,0.10805128205128206,0.19807692307692307,0.209,3.769230769230769,288.5349817122006,1162.24,Salary+Business,Low
TAXP03956,59,153700,1,2,38600,0,0.034,0.074,7.0,1332.19,190.31,0.0,0.0,0.11085714285714286,0.25057142857142856,0.18457142857142858,3.142857142857143,153.3306848736075,486.23,Salary+Business,Low
TAXP02581,29,318400,1,0,11100,0,0.155,0.233,23.0,7626.04,331.57,1.0,0.0434782608695652,0.111,0.24095652173913043,0.1849565217391304,4.260869565217392,578.0973745866285,2674.03,Business,Low
TAXP00389,24,793100,1,1,0,1,0.225,0.549,11.0,3034.79,275.89,0.0,0.0,0.09263636363636364,0.18518181818181817,0.1860909090909091,3.4545454545454546,340.46273851921006,1178.14,Business,Low
TAXP01500,41,277600,1,1,0,2,0.002,0.302,29.0,13133.7,452.89,2.0,0.0689655172413793,0.12037931034482759,0.21441379310344827,0.23755172413793105,3.793103448275862,829.0553743672624,3028.68,Salary+Business,Low
TAXP01882,46,1809700,1,2,0,0,0.187,0.707,9.0,9785.69,1087.3,0.0,0.0,0.106,0.21611111111111111,0.20377777777777775,3.6666666666666665,997.3823817052871,2736.74,Business,Low
TAXP02029,31,753600,1,0,0,0,0.26,0.351,31.0,14135.43,455.98,1.0,0.032258064516129,0.1286774193548387,0.2583548387096774,0.21406451612903227,4.225806451612903,463.67198194482825,1726.09,Professional,Low
TAXP00128,23,276200,1,1,7600,0,-0.02,0.234,8.0,2617.08,327.14,0.0,0.0,0.111375,0.21625,0.17375,3.5,240.23301991429662,657.52,Salary,Low
TAXP01506,32,930800,1,0,0,0,-0.024,0.127,18.0,13083.52,726.86,0.0,0.0,0.10766666666666666,0.17988888888888888,0.20205555555555554,3.5,793.4969507154841,2388.09,Professional,Low
TAXP01741,56,491300,1,1,0,0,-0.122,0.089,19.0,5353.26,281.75,0.0,0.0,0.11642105263157894,0.22589473684210526,0.18689473684210528,3.263157894736842,343.3399544260225,1521.15,Salary+Investments,Low
TAXP00342,54,809300,0,0,191300,0,0.268,0.49,17.0,6110.69,359.45,0.0,0.0,0.08958823529411765,0.18376470588235294,0.1711764705882353,4.352941176470588,360.71077483437847,1551.39,Salary,Medium
TAXP03436,49,949400,1,0,22000,0,-0.463,0.536,21.0,36463.43,1736.35,0.0,0.0,0.1290952380952381,0.22776190476190478,0.19233333333333333,3.4761904761904763,5423.15121185135,25104.72,Professional,Low
TAXP02019,63,988200,1,1,0,0,0.237,0.124,8.0,2838.18,354.77,1.0,0.125,0.164375,0.374875,0.199875,4.0,525.0619842252642,1631.43,Salary,Low
TAXP03927,59,1148100,1,1,67800,0,0.187,0.16,21.0,23815.4,1134.07,3.0,0.1428571428571428,0.12085714285714287,0.2023333333333333,0.19052380952380954,4.095238095238095,1687.7068885719857,7303.75,Salary,Medium
TAXP00809,35,516600,1,2,0,0,-0.178,0.169,5.0,952.67,190.53,0.0,0.0,0.0602,0.1018,0.2678,4.2,129.65255234664684,341.61,Salary,Low
TAXP01029,40,647800,1,0,0,0,0.218,0.096,2.0,1161.92,580.96,0.0,0.0,0.13,0.2705,0.242,3.0,482.75594165167973,922.32,Salary+Business,Low
TAXP02977,37,369600,1,1,14900,1,-0.051,0.45,13.0,5194.43,399.57,0.0,0.0,0.12223076923076923,0.21015384615384616,0.18484615384615385,4.384615384615385,513.4754996726743,1930.47,Business,Low
TAXP01880,39,201600,1,0,0,0,0.339,0.272,26.0,10235.34,393.67,1.0,0.0384615384615384,0.1146923076923077,0.2302307692307692,0.15834615384615386,4.153846153846154,546.809147229775,2328.69,Salary+Business,Low
TAXP00689,43,467100,0,0,0,1,-0.176,0.24,1.0,84.74,84.74,0.0,0.0,0.12,0.16,0.1,3.0,0.0,84.74,Salary+Business,Low
TAXP00025,49,477500,1,0,0,1,0.313,0.298,56.0,20735.52,370.28,0.0,0.0,0.10458928571428572,0.23046428571428573,0.18721428571428572,3.982142857142857,722.6384942133661,3945.33,Salary+Investments,Low
TAXP02617,52,646500,1,2,0,0,0.081,0.34,56.0,26796.43,478.51,7.0,0.125,0.12378571428571429,0.207375,0.22551785714285713,3.857142857142857,708.8971118524146,3072.12,Business,Medium
TAXP00643,21,2849500,1,1,0,1,0.121,0.492,21.0,52007.3,2476.54,3.0,0.1428571428571428,0.1227142857142857,0.25757142857142856,0.20571428571428574,3.7142857142857144,3735.546471925652,16682.19,Multiple,Low
TAXP01565,37,330300,1,0,0,0,0.087,0.43,2.0,907.93,453.96,0.0,0.0,0.099,0.1965,0.32199999999999995,3.0,521.5407485997619,822.75,Salary,Low
TAXP04354,22,226400,1,2,0,0,0.08,0.307,7.0,1969.73,281.39,0.0,0.0,0.10171428571428572,0.23642857142857143,0.254,4.285714285714286,293.1803131749015,847.72,Salary,Low
TAXP02408,27,503500,0,3,30500,0,0.276,0.114,5.0,917.02,183.4,0.0,0.0,0.1398,0.19319999999999998,0.265,3.8,230.7820899246733,594.78,Salary,Low
TAXP02164,51,1025600,1,1,0,0,-0.078,0.629,30.0,23214.34,773.81,0.0,0.0,0.12040000000000001,0.23,0.2285,4.633333333333334,993.579162709532,4592.7,Multiple,Low
TAXP01236,53,367400,1,0,0,0,-0.003,0.154,18.0,3865.97,214.78,1.0,0.0555555555555555,0.1055,0.1905,0.19927777777777778,4.166666666666667,209.3958304023012,731.96,Salary,Low
TAXP01237,50,662600,1,1,13400,1,0.229,0.273,9.0,2733.61,303.73,0.0,0.0,0.0908888888888889,0.16533333333333333,0.1782222222222222,4.0,386.5414221694459,1252.99,Multiple,Low
TAXP03240,47,283700,1,0,0,1,0.129,0.2,31.0,8860.35,285.82,0.0,0.0,0.13616129032258065,0.25787096774193546,0.22606451612903225,4.290322580645161,503.1639483356604,2147.24,Salary,Low
TAXP02928,59,793400,1,1,80400,0,0.179,0.298,29.0,23027.17,794.04,3.0,0.1034482758620689,0.12251724137931035,0.20293103448275862,0.19282758620689655,4.448275862068965,1043.2956355068939,3684.83,Business,Medium
TAXP04305,27,654800,1,2,0,1,0.527,0.142,33.0,16470.58,499.11,1.0,0.0303030303030303,0.10912121212121212,0.20118181818181818,0.19157575757575757,4.151515151515151,808.2512142200951,4221.35,Salary+Business,Low
TAXP04204,52,2991200,1,0,7600,0,-0.036,0.423,14.0,43094.56,3078.18,1.0,0.0714285714285714,0.1442142857142857,0.221,0.21535714285714286,4.071428571428571,4751.473475756965,16455.78,Business,Low
TAXP02053,53,1497300,1,0,0,0,0.164,0.087,55.0,95020.67,1727.65,4.0,0.0727272727272727,0.1300181818181818,0.21872727272727271,0.22436363636363635,4.163636363636364,1979.6035538361734,9513.43,Professional,Low
TAXP04014,50,2247100,1,1,0,0,0.125,0.186,9.0,27890.79,3098.98,1.0,0.1111111111111111,0.13833333333333334,0.2617777777777778,0.2408888888888889,4.0,4403.5022325530845,10294.07,Salary,Low
TAXP01113,21,283500,1,0,19500,0,0.055,0.119,48.0,10615.62,221.16,1.0,0.0208333333333333,0.119,0.20497916666666668,0.17620833333333333,4.395833333333333,197.88602619781344,816.57,Salary,Low
TAXP00725,59,334500,1,0,0,0,0.065,0.034,26.0,5026.85,193.34,2.0,0.0769230769230769,0.11457692307692308,0.2315,0.16973076923076924,4.0,177.19815853401568,665.71,Salary+Investments,Low
TAXP01562,35,718900,1,1,0,0,0.024,0.606,2.0,843.07,421.54,0.0,0.0,0.1605,0.136,0.1335,5.0,357.5485439069778,674.36,Business,Low
TAXP04029,28,575600,0,2,0,2,0.178,0.073,34.0,10933.2,321.56,2.0,0.0588235294117647,0.12597058823529414,0.2536764705882353,0.17014705882352943,4.0588235294117645,339.98740110556594,1667.42,Salary,Low
TAXP00518,21,396000,1,1,0,0,-0.055,0.178,8.0,3325.47,415.68,0.0,0.0,0.138125,0.154125,0.228,3.5,397.5801733680355,1299.29,Salary,Low
TAXP03309,46,314400,1,0,0,0,-0.081,0.227,12.0,3973.04,331.09,0.0,0.0,0.10658333333333332,0.1375,0.23891666666666667,3.9166666666666665,602.3865962581797,2165.82,Business,Low
TAXP03111,38,769900,1,1,0,0,-0.037,0.505,33.0,16921.16,512.76,0.0,0.0,0.08687878787878787,0.19178787878787878,0.16193939393939394,3.787878787878788,697.3019085600148,2837.37,Salary,Low
TAXP04230,61,1247000,0,2,0,0,0.08,0.042,9.0,17385.99,1931.78,1.0,0.1111111111111111,0.10666666666666666,0.22611111111111112,0.15544444444444444,4.666666666666667,2157.8117370150712,6972.45,Salary+Business,Low
TAXP01299,31,282500,0,0,0,1,0.08,0.324,24.0,8028.75,334.53,0.0,0.0,0.10762500000000001,0.17049999999999998,0.2157083333333333,3.75,540.6039770182372,2625.36,Professional,Low
TAXP03297,48,893700,0,1,0,2,0.035,0.323,11.0,18638.57,1694.42,0.0,0.0,0.14709090909090908,0.26654545454545453,0.1610909090909091,4.181818181818182,2972.1765517154713,9312.92,Salary+Investments,Low
TAXP01960,59,426200,1,3,0,0,0.174,0.224,12.0,7092.06,591.0,0.0,0.0,0.12508333333333332,0.242,0.1795,4.5,1243.738340082394,4462.48,Salary+Business,Low
TAXP03239,24,1250800,1,0,0,0,0.001,0.168,12.0,8312.81,692.73,1.0,0.0833333333333333,0.12916666666666668,0.20283333333333334,0.22708333333333333,4.166666666666667,554.220945692868,2206.62,Salary,Low
TAXP01021,64,830200,1,0,17300,1,0.371,0.151,5.0,779.89,155.98,0.0,0.0,0.1214,0.2798,0.181,3.2,80.21434235845855,273.08,Salary,Low
TAXP02747,39,1380400,0,0,9200,1,0.085,0.117,2.0,6943.36,3471.68,1.0,0.5,0.145,0.1265,0.227,3.0,4654.4031079398355,6762.84,Salary,Medium
TAXP04033,39,992100,1,2,0,0,0.114,0.075,73.0,64785.93,887.48,6.0,0.0821917808219178,0.13563013698630136,0.2562739726027397,0.19450684931506848,3.9178082191780823,1387.9463562927453,6184.29,Multiple,Low
TAXP00962,55,714300,1,0,0,0,-0.044,0.524,27.0,8308.72,307.73,0.0,0.0,0.09714814814814815,0.16555555555555554,0.17244444444444443,3.7037037037037037,286.5154671147988,1166.37,Business,Low
TAXP01275,51,414900,1,0,0,1,0.235,0.049,55.0,18311.69,332.94,2.0,0.0363636363636363,0.11565454545454545,0.2256909090909091,0.18123636363636364,4.545454545454546,539.4965482520645,2583.47,Salary+Business,Low
TAXP00901,44,860500,1,0,0,0,0.129,0.347,8.0,2816.48,352.06,0.0,0.0,0.078875,0.220125,0.18025,3.25,315.47238837744806,775.9,Salary+Investments,Low
TAXP00052,21,1024000,1,0,0,0,0.193,0.099,40.0,18401.18,460.03,1.0,0.025,0.12905,0.23454999999999998,0.22469999999999998,4.05,482.5897711570197,2273.53,Salary+Investments,Low
TAXP00816,25,813400,1,0,0,0,0.055,0.13,12.0,15832.17,1319.35,1.0,0.0833333333333333,0.15041666666666667,0.18091666666666664,0.21383333333333332,4.666666666666667,2408.338670178054,7917.48,Salary,Low
TAXP01125,60,569300,1,1,0,1,0.128,0.371,8.0,2073.01,259.13,0.0,0.0,0.15375,0.28925,0.166875,3.75,354.57837400566325,1083.98,Salary,Low
TAXP04490,61,516200,1,2,4700,0,0.016,0.173,17.0,9430.52,554.74,1.0,0.0588235294117647,0.1063529411764706,0.18694117647058822,0.21082352941176472,3.5294117647058822,917.849137977895,3303.56,Multiple,Low
TAXP01957,62,1249800,1,0,24300,0,-0.113,0.432,23.0,17180.96,747.0,0.0,0.0,0.10643478260869565,0.17043478260869566,0.19230434782608696,3.6956521739130435,1156.0839470921264,5467.99,Multiple,Low
TAXP02498,57,150000,1,1,0,0,-0.103,0.064,46.0,18698.57,406.49,1.0,0.0217391304347826,0.13056521739130436,0.23247826086956525,0.1971304347826087,3.5,1250.752048532583,8010.91,Salary+Business,Low
TAXP04615,34,437200,1,0,83600,0,-0.006,0.21,16.0,3216.3,201.02,1.0,0.0625,0.120875,0.1665625,0.2015625,3.3125,254.2027209630141,905.13,Business,Medium
TAXP04544,55,324000,1,1,0,0,0.19,0.411,24.0,15267.43,636.14,0.0,0.0,0.09849999999999999,0.20870833333333336,0.15816666666666665,3.875,1160.4991520011858,5407.83,Salary,Low
TAXP02509,57,1247300,1,1,0,0,0.226,0.295,11.0,10023.09,911.19,0.0,0.0,0.11172727272727272,0.249,0.16618181818181818,3.909090909090909,934.1485103237065,2944.6,Salary+Investments,Low
TAXP02955,54,150000,0,1,56500,0,-0.012,0.342,4.0,2831.13,707.78,0.0,0.0,0.10800000000000001,0.26475,0.2175,5.0,807.716813096232,1770.64,Business,Low
TAXP03522,58,669200,1,1,0,0,0.177,0.527,10.0,6646.71,664.67,1.0,0.1,0.09870000000000001,0.2711,0.15860000000000002,4.3,838.9525247255253,2602.55,Salary,Low
TAXP04536,54,846200,1,0,0,0,0.188,0.298,14.0,4785.07,341.79,0.0,0.0,0.11157142857142857,0.21342857142857144,0.2345,4.357142857142857,390.06148677956065,1540.19,Business,Low
TAXP01005,44,651400,1,0,0,0,-0.032,0.194,17.0,9523.44,560.2,0.0,0.0,0.11111764705882353,0.27905882352941175,0.18741176470588236,3.6470588235294117,1044.3776225432628,4506.68,Salary,Low
TAXP00659,44,1556200,1,1,0,1,0.059,0.246,11.0,13467.43,1224.31,1.0,0.0909090909090909,0.11836363636363637,0.2640909090909091,0.1599090909090909,5.0,1526.3897388204507,4865.35,Salary,Low
TAXP02937,57,182100,1,0,0,0,0.333,0.114,9.0,2743.39,304.82,1.0,0.1111111111111111,0.09111111111111111,0.21488888888888888,0.19055555555555556,3.888888888888889,383.9213834707714,1030.74,Salary,Low
TAXP00534,48,900200,1,2,0,0,-0.067,0.413,49.0,41177.2,840.35,4.0,0.0816326530612244,0.12940816326530613,0.19942857142857143,0.21216326530612248,3.938775510204082,1351.5131615113928,7703.35,Salary,Low
TAXP02280,46,155800,0,3,0,0,0.119,0.351,26.0,12557.1,482.97,1.0,0.0384615384615384,0.12338461538461537,0.2131923076923077,0.20423076923076922,4.461538461538462,592.0155114740204,2239.74,Business,Low
TAXP00051,55,800400,1,0,0,0,0.129,0.152,48.0,30451.07,634.4,1.0,0.0208333333333333,0.11477083333333334,0.20274999999999999,0.190125,3.75,864.6672776466879,4758.23,Professional,Low
TAXP01672,63,205700,1,0,0,0,0.086,0.151,25.0,5649.68,225.99,1.0,0.04,0.15432,0.2158,0.23432000000000003,4.76,368.34998983665884,1875.88,Salary+Business,Low
TAXP01777,22,246500,1,1,0,0,0.198,0.263,32.0,8879.54,277.49,0.0,0.0,0.10296875,0.2305,0.2048125,3.6875,386.23635392900417,1792.69,Salary,Low
TAXP04123,50,316400,1,1,0,0,-0.035,0.386,8.0,3145.34,393.17,1.0,0.125,0.11712499999999999,0.28912499999999997,0.182875,4.125,449.2311376038588,1256.3,Salary,Low
TAXP01893,61,286700,0,1,0,1,0.017,0.435,11.0,2641.87,240.17,0.0,0.0,0.0990909090909091,0.19463636363636364,0.21099999999999997,4.454545454545454,375.5858370332939,1339.57,Salary+Business,Low
TAXP01757,28,2226400,1,4,0,0,0.168,0.243,38.0,95028.09,2500.74,3.0,0.0789473684210526,0.11636842105263157,0.22442105263157897,0.20771052631578946,3.6578947368421053,4822.872029392793,20108.7,Salary,Low
TAXP00238,39,578200,0,0,0,0,0.172,0.019,20.0,16653.03,832.65,2.0,0.1,0.1349,0.17475000000000002,0.2293,4.1,2338.2944563647357,10716.49,Salary,Low
TAXP04684,26,415500,1,1,43000,0,0.044,0.303,5.0,496.25,99.25,0.0,0.0,0.09179999999999999,0.15019999999999997,0.1306,4.0,46.494452894942214,144.79,Salary,Low
TAXP01073,27,551100,1,2,69800,0,-0.051,0.431,2.0,174.71,87.35,0.0,0.0,0.025,0.076,0.188,2.5,52.82794762244696,124.71,Business,Low
TAXP01677,37,1324400,1,1,0,0,0.327,0.296,22.0,23903.04,1086.5,3.0,0.1363636363636363,0.13163636363636363,0.18359090909090908,0.21522727272727274,4.363636363636363,1385.712777033766,5710.5,Salary,Low
TAXP03095,35,2420800,1,1,0,0,0.046,0.409,17.0,36613.69,2153.75,0.0,0.0,0.11635294117647059,0.21570588235294116,0.177,4.764705882352941,2288.507769830434,8010.04,Salary,Low
TAXP02604,50,753200,1,1,0,1,0.288,0.366,14.0,20925.35,1494.67,1.0,0.0714285714285714,0.1382857142857143,0.299,0.21571428571428572,4.142857142857143,3859.2067313477346,14349.41,Salary+Investments,Low
TAXP00684,21,446600,0,1,28500,1,0.056,0.128,40.0,15607.08,390.18,3.0,0.075,0.121875,0.2434,0.193475,3.875,926.9888360077897,5032.99,Business,Medium
TAXP02143,56,4554400,1,0,0,1,0.016,0.197,18.0,44977.69,2498.76,1.0,0.0555555555555555,0.1235,0.2846666666666666,0.17772222222222223,4.166666666666667,2350.157728848083,9110.79,Salary,Low
TAXP02152,21,1100600,1,0,8500,1,0.088,0.238,12.0,15697.57,1308.13,1.0,0.0833333333333333,0.10525000000000001,0.21675,0.18408333333333335,3.25,1805.3607577961118,6391.49,Salary,Low
TAXP03882,54,1789600,1,0,0,0,-0.103,0.07,7.0,5204.67,743.52,0.0,0.0,0.104,0.3152857142857143,0.10500000000000001,4.714285714285714,745.7820065063056,2122.79,Business,Low
TAXP03889,30,538200,1,1,8100,0,0.17,0.708,16.0,6754.73,422.17,0.0,0.0,0.1300625,0.2535625,0.2243125,3.625,551.0073033934457,1534.0,Salary,Low
TAXP04531,37,1250300,1,1,0,0,0.095,0.466,38.0,38757.04,1019.92,3.0,0.0789473684210526,0.1259473684210526,0.2605263157894737,0.20023684210526316,3.8947368421052633,1775.5814429739025,10698.9,Salary+Business,Low
TAXP02304,64,475300,1,2,0,1,0.289,0.382,12.0,2033.39,169.45,1.0,0.0833333333333333,0.12891666666666665,0.21425000000000002,0.22775,4.5,159.0370100698881,631.82,Salary+Business,Low
TAXP02209,36,1009100,1,0,290500,0,0.249,0.573,6.0,2812.87,468.81,0.0,0.0,0.043000000000000003,0.15666666666666665,0.13116666666666665,4.333333333333333,488.8153996517158,1339.5,Business,Medium
TAXP00493,37,528900,1,0,0,0,-0.019,0.374,36.0,10177.81,282.72,1.0,0.0277777777777777,0.1156388888888889,0.24424999999999997,0.23149999999999998,4.138888888888889,419.7078941891402,2323.5,Professional,Low
TAXP02551,61,194000,0,0,0,1,0.012,0.213,15.0,8076.57,538.44,1.0,0.0666666666666666,0.14513333333333334,0.1532,0.1934,4.2,702.0464940057135,2111.75,Salary,Low
TAXP04391,28,741200,0,3,66800,0,0.023,0.38,56.0,56670.04,1011.96,3.0,0.0535714285714285,0.12417857142857143,0.23460714285714285,0.19035714285714286,4.0,3313.1754716541823,24173.59,Business,Medium
TAXP00691,25,814900,0,0,23500,1,0.002,0.278,12.0,8569.63,714.14,1.0,0.0833333333333333,0.14283333333333334,0.22975,0.2763333333333333,3.6666666666666665,679.0368736333749,1936.19,Salary,Medium
TAXP01835,28,986000,1,1,32300,0,0.196,0.076,11.0,12763.11,1160.28,1.0,0.0909090909090909,0.148,0.21881818181818183,0.21972727272727274,5.0,1508.0820727672015,5386.1,Business,Low
TAXP03016,35,432200,1,0,9900,1,0.084,0.278,25.0,16113.58,644.54,1.0,0.04,0.14196,0.22864,0.198,3.96,1219.2948222631255,5996.93,Business,Low
TAXP01000,42,1176200,1,0,0,0,0.274,0.391,9.0,4668.93,518.77,2.0,0.2222222222222222,0.1847777777777778,0.19555555555555557,0.27644444444444444,3.888888888888889,369.76771029255644,1195.6,Salary,Medium
TAXP01490,33,739300,1,0,0,0,0.092,0.062,14.0,4755.14,339.65,1.0,0.0714285714285714,0.08792857142857144,0.1835,0.18064285714285713,4.285714285714286,336.9814992280407,1084.59,Salary+Business,Low
TAXP03346,28,549900,1,1,13200,1,0.128,0.277,9.0,6040.03,671.11,2.0,0.2222222222222222,0.18244444444444444,0.2693333333333333,0.32833333333333337,4.444444444444445,1151.6607308916016,3687.35,Salary,Medium
TAXP04936,43,401700,1,1,10100,0,-0.063,0.121,18.0,7978.87,443.27,0.0,0.0,0.12272222222222223,0.2155,0.20894444444444446,3.111111111111111,591.3269870630672,2140.62,Salary,Low
TAXP04312,63,668000,1,0,0,0,0.038,0.373,2.0,1070.23,535.12,0.0,0.0,0.096,0.16649999999999998,0.0445,6.0,682.9732267446507,1018.05,Business,Low
TAXP04578,47,150000,1,0,15100,0,-0.078,0.199,17.0,4324.06,254.36,3.0,0.1764705882352941,0.15888235294117647,0.2752941176470588,0.2519411764705883,4.176470588235294,275.2132171594684,1187.79,Salary,Medium
TAXP03752,23,412400,1,2,0,0,-0.025,0.099,48.0,10981.68,228.78,5.0,0.1041666666666666,0.12435416666666667,0.22897916666666665,0.19441666666666668,3.9791666666666665,301.3220024802759,1660.8,Salary,Low
TAXP02272,31,296400,1,1,0,0,0.132,0.289,13.0,2642.98,203.31,0.0,0.0,0.10161538461538461,0.2306923076923077,0.22007692307692306,4.230769230769231,282.24514095429123,1107.89,Salary,Low
TAXP03894,64,303800,1,1,0,0,-0.113,0.58,33.0,12202.98,369.79,3.0,0.0909090909090909,0.12572727272727272,0.21884848484848485,0.20418181818181816,4.151515151515151,401.8130566824012,1387.78,Multiple,Low
TAXP03699,57,302600,0,2,14900,0,-0.194,0.247,21.0,5198.79,247.56,1.0,0.0476190476190476,0.1158095238095238,0.27790476190476193,0.19504761904761905,4.0,214.14924553417683,1004.04,Salary+Investments,Low
TAXP01319,59,223100,1,1,0,0,0.068,0.051,3.0,969.61,323.2,0.0,0.0,0.143,0.26166666666666666,0.23766666666666666,4.0,340.51242155512233,704.69,Business,Low
TAXP03664,24,815300,1,1,0,0,-0.105,0.305,5.0,1844.64,368.93,0.0,0.0,0.1414,0.324,0.145,3.2,346.1422626175544,879.48,Salary+Business,Low
TAXP04086,53,640800,1,0,0,0,-0.062,0.183,8.0,2417.34,302.17,0.0,0.0,0.0985,0.194,0.261875,4.625,351.1539892066076,973.77,Professional,Low
TAXP03310,22,472200,1,1,6800,0,0.462,0.083,45.0,18499.17,411.09,1.0,0.0222222222222222,0.09786666666666667,0.2333777777777778,0.18577777777777776,3.577777777777778,876.3305510671395,4882.5,Salary,Low
TAXP03739,57,400400,1,2,0,0,0.329,0.186,17.0,2127.59,125.15,1.0,0.0588235294117647,0.1418235294117647,0.26182352941176473,0.22529411764705884,3.8823529411764706,162.90507801820556,695.17,Salary,Low
TAXP03128,58,875000,1,2,25600,1,0.095,0.247,38.0,17886.62,470.7,3.0,0.0789473684210526,0.12410526315789475,0.20894736842105263,0.23813157894736842,4.105263157894737,665.7132802509037,3909.75,Salary,Medium
TAXP00111,39,888700,1,0,3700,0,0.159,0.179,13.0,25939.57,1995.35,1.0,0.0769230769230769,0.14646153846153848,0.2363076923076923,0.2216153846153846,3.5384615384615383,5246.431345366815,19405.89,Salary+Investments,Low
TAXP02967,49,1793800,1,1,35800,0,0.257,0.217,12.0,51975.41,4331.28,2.0,0.1666666666666666,0.16283333333333333,0.22541666666666668,0.22458333333333333,2.9166666666666665,10665.277062162955,37597.4,Salary,Medium
TAXP01365,27,494500,1,1,19000,0,0.287,0.088,11.0,6100.95,554.63,1.0,0.0909090909090909,0.12000000000000001,0.23600000000000002,0.2049090909090909,4.7272727272727275,835.792861261906,2993.83,Salary+Investments,Low
TAXP03415,62,293200,1,1,0,1,0.137,0.409,41.0,18053.21,440.32,1.0,0.024390243902439,0.12565853658536585,0.2294390243902439,0.20429268292682926,3.8292682926829267,1308.6454240597645,8473.08,Salary,Low
TAXP02043,36,2583300,1,1,0,0,0.085,0.318,9.0,11930.62,1325.62,0.0,0.0,0.04666666666666666,0.23411111111111113,0.14022222222222222,3.4444444444444446,2194.6138186427647,6925.8,Salary+Business,Low
TAXP02750,37,1115200,0,3,0,0,0.094,0.608,4.0,1401.54,350.38,0.0,0.0,0.126,0.16475,0.19625,4.0,287.2783002015061,751.28,Salary,Low
TAXP04236,64,1000900,0,1,0,0,0.165,0.171,53.0,30661.07,578.51,0.0,0.0,0.10760377358490567,0.23160377358490566,0.19960377358490566,3.943396226415094,806.2106760185841,4938.67,Multiple,Low
TAXP04565,34,932500,1,1,6200,2,0.129,0.424,29.0,24214.82,834.99,0.0,0.0,0.11324137931034482,0.20779310344827587,0.1773448275862069,4.103448275862069,1586.4179952904994,7784.59,Salary,Low
TAXP04405,55,612600,1,1,0,0,-0.099,0.104,5.0,1028.21,205.64,0.0,0.0,0.1046,0.1738,0.1988,6.6,204.25196552297848,564.56,Business,Low
TAXP02462,39,252500,1,1,3300,0,0.227,0.113,15.0,3059.82,203.99,0.0,0.0,0.1224,0.2557333333333333,0.19160000000000002,4.0,300.0761340345861,1229.98,Salary,Low
TAXP02856,33,2020800,1,2,21400,1,0.128,0.297,16.0,65653.46,4103.34,1.0,0.0625,0.138375,0.2854375,0.1965,3.875,8503.090169870304,34360.42,Salary+Investments,Low
TAXP01917,51,417100,1,0,0,0,0.253,0.141,9.0,2837.46,315.27,0.0,0.0,0.11177777777777778,0.2401111111111111,0.15933333333333333,3.0,578.3275349661297,1847.07,Salary+Business,Low
TAXP00971,43,530300,1,2,0,0,-0.196,0.197,9.0,2974.64,330.52,0.0,0.0,0.07544444444444445,0.21777777777777776,0.1418888888888889,4.333333333333333,168.53881222963977,596.14,Salary,Low
TAXP04833,26,297100,1,0,0,0,0.019,0.212,12.0,6065.68,505.47,2.0,0.1666666666666666,0.15516666666666667,0.26216666666666666,0.24925,3.5833333333333335,768.9347758287357,2585.48,Business,Low
TAXP01068,36,902000,1,0,0,2,0.273,0.351,29.0,26172.94,902.52,0.0,0.0,0.10510344827586207,0.2265862068965517,0.16855172413793104,4.103448275862069,1833.4878800889317,8698.16,Professional,Low
TAXP04310,41,150000,0,0,0,0,0.219,0.17,6.0,1463.05,243.84,0.0,0.0,0.1025,0.20883333333333334,0.19799999999999998,4.833333333333333,316.53565526914446,845.46,Business,Low
TAXP01560,28,585200,1,1,0,1,0.406,0.124,49.0,22699.33,463.25,4.0,0.0816326530612244,0.12881632653061226,0.20379591836734695,0.24212244897959184,3.9591836734693877,756.7730283010524,4355.71,Professional,Low
TAXP04444,25,311800,1,0,18100,0,0.048,0.351,17.0,3852.18,226.6,0.0,0.0,0.1188235294117647,0.195,0.19676470588235295,4.117647058823529,283.7624687322645,1078.55,Professional,Low
TAXP00494,40,901300,1,1,0,0,0.088,0.351,17.0,15300.88,900.05,1.0,0.0588235294117647,0.137,0.29664705882352943,0.1925294117647059,4.411764705882353,1439.7904907495886,5016.97,Professional,Low
TAXP03754,39,1121700,1,1,0,0,0.08,0.261,46.0,35530.65,772.41,3.0,0.0652173913043478,0.12380434782608696,0.22791304347826086,0.21795652173913044,4.195652173913044,1259.2597758201823,7613.05,Salary,Low
TAXP04861,24,206000,1,1,8100,2,0.035,0.381,11.0,5451.26,495.57,2.0,0.1818181818181818,0.13018181818181818,0.3238181818181818,0.17472727272727273,3.4545454545454546,636.7548368164084,2137.01,Salary,Medium
TAXP01129,46,545300,1,1,0,0,0.281,0.456,39.0,12065.49,309.37,0.0,0.0,0.11746153846153848,0.21653846153846154,0.2057948717948718,3.4871794871794872,307.86439901648487,1148.45,Salary,Low
TAXP04154,32,355300,0,1,0,0,0.292,0.414,16.0,3577.9,223.62,0.0,0.0,0.07931250000000001,0.2285,0.18156250000000002,3.9375,352.3631992868532,1426.54,Professional,Low
TAXP04809,21,431700,1,3,0,1,0.01,0.263,24.0,3906.53,162.77,1.0,0.0416666666666666,0.13666666666666666,0.22629166666666667,0.23720833333333335,3.5833333333333335,179.00854283668838,704.73,Business,Low
TAXP01381,40,1571400,1,0,0,0,-0.076,0.196,39.0,50638.99,1298.44,2.0,0.0512820512820512,0.11353846153846153,0.23779487179487177,0.1855128205128205,4.0,2945.454178676547,17700.77,Salary,Low
TAXP04690,56,424100,1,2,49600,0,0.076,0.185,25.0,7048.01,281.92,0.0,0.0,0.09716,0.15988,0.21836,4.04,245.26609173304,916.62,Salary,Low
TAXP02069,21,952500,1,0,0,0,0.209,0.237,37.0,36030.74,973.8,0.0,0.0,0.12816216216216217,0.22954054054054054,0.20254054054054055,4.054054054054054,1847.7861365208416,8379.06,Professional,Low
TAXP03911,47,1721300,1,0,13300,0,0.001,0.263,5.0,25423.05,5084.61,0.0,0.0,0.0994,0.24500000000000002,0.2372,4.0,4577.607438416929,12588.92,Salary+Investments,Low
TAXP02511,26,421500,1,2,0,0,0.104,0.406,32.0,12558.02,392.44,1.0,0.03125,0.1060625,0.20503125,0.209625,3.8125,642.0471877615382,3171.96,Salary+Business,Low
TAXP02867,63,938500,1,1,0,0,0.093,0.384,6.0,3922.04,653.67,0.0,0.0,0.10616666666666667,0.18033333333333332,0.1975,3.8333333333333335,629.923068847829,1790.41,Multiple,Low
TAXP02892,41,880500,1,0,0,0,-0.138,0.034,17.0,8162.04,480.12,1.0,0.0588235294117647,0.12182352941176472,0.2637058823529412,0.23294117647058823,3.4705882352941178,1025.7657433473787,4359.88,Professional,Low
TAXP04430,43,221700,1,1,0,1,0.113,0.246,1.0,50.0,50.0,0.0,0.0,0.075,0.186,0.139,4.0,0.0,50.0,Salary+Investments,Low
TAXP04365,48,150000,0,1,0,1,-0.061,0.277,51.0,18912.03,370.82,4.0,0.0784313725490196,0.13945098039215686,0.2255294117647059,0.18184313725490198,4.019607843137255,725.3632171737867,4456.73,Salary,Low
TAXP01132,58,537800,1,1,0,0,0.075,0.279,36.0,29456.5,818.24,4.0,0.1111111111111111,0.13261111111111112,0.21419444444444447,0.21605555555555556,4.277777777777778,3031.3212196365353,18334.24,Business,Low
TAXP04300,60,567600,1,0,0,0,0.315,0.605,41.0,15094.02,368.15,2.0,0.048780487804878,0.09763414634146342,0.23641463414634145,0.17960975609756097,3.4878048780487805,379.38969603455905,1860.17,Salary,Low
TAXP00865,25,394500,1,1,39000,0,0.004,0.535,15.0,4034.58,268.97,1.0,0.0666666666666666,0.12086666666666666,0.2432,0.20733333333333331,4.4,382.78038345766885,1325.92,Salary,Low
TAXP03565,34,1757200,1,0,2200,0,0.19,0.028,27.0,24862.13,920.82,0.0,0.0,0.07933333333333333,0.18496296296296297,0.17185185185185184,3.4074074074074074,1869.6728698820375,9507.15,Salary,Low
TAXP01949,62,347100,1,3,3500,0,0.015,0.682,34.0,10718.4,315.25,2.0,0.0588235294117647,0.11370588235294118,0.16411764705882353,0.2030294117647059,4.147058823529412,449.89662329438903,1662.25,Salary+Business,Low
TAXP00167,49,1271200,1,0,0,0,0.366,0.037,12.0,25107.55,2092.3,0.0,0.0,0.11625,0.212,0.20391666666666666,4.25,5256.210744179358,18668.24,Business,Low
TAXP03059,47,400700,1,0,0,1,0.276,0.475,14.0,3464.51,247.46,0.0,0.0,0.11442857142857142,0.20028571428571426,0.23049999999999998,4.214285714285714,247.40109469784548,888.02,Salary,Low
TAXP00093,41,479200,1,1,0,1,-0.105,0.331,12.0,3176.17,264.68,1.0,0.0833333333333333,0.10966666666666668,0.22216666666666665,0.153,3.5,208.60246518452414,732.97,Salary+Investments,Low
TAXP00812,64,428800,1,1,0,1,0.052,0.066,78.0,30165.83,386.74,4.0,0.0512820512820512,0.12078205128205127,0.23034615384615384,0.1904871794871795,4.128205128205129,507.78781338533577,2663.1,Salary,Low
TAXP03608,29,1870600,0,1,0,0,0.205,0.435,59.0,80222.29,1359.7,2.0,0.0338983050847457,0.11483050847457628,0.22222033898305085,0.20110169491525423,4.033898305084746,2337.099072646946,12543.76,Salary,Low
TAXP01053,44,703400,1,0,0,0,0.226,0.248,15.0,11585.27,772.35,2.0,0.1333333333333333,0.11900000000000001,0.2248,0.19993333333333335,3.8,1058.045848425069,4249.59,Business,Low
TAXP03429,48,2511200,0,2,19100,0,0.243,0.433,7.0,7902.88,1128.98,1.0,0.1428571428571428,0.111,0.24857142857142858,0.18885714285714286,5.142857142857143,1050.6849734929158,3051.56,Professional,Medium
TAXP01894,40,150000,1,0,0,0,-0.131,0.338,2.0,251.79,125.9,0.0,0.0,0.14650000000000002,0.28450000000000003,0.10700000000000001,3.5,107.33173831630604,201.79,Salary,Low
TAXP01177,41,375500,1,0,8300,2,0.27,0.19,22.0,3601.04,163.68,1.0,0.0454545454545454,0.1320909090909091,0.213,0.20945454545454545,4.681818181818182,169.7611280747003,873.65,Professional,Low
TAXP03370,51,711100,1,2,0,1,0.03,0.545,7.0,5909.18,844.17,0.0,0.0,0.10671428571428572,0.21,0.18757142857142856,3.5714285714285716,683.8412593438278,2037.03,Salary,Low
TAXP02208,25,890800,1,0,96000,0,0.336,0.495,15.0,7429.42,495.29,1.0,0.0666666666666666,0.10993333333333334,0.2706,0.24873333333333333,4.533333333333333,578.1590372017852,2126.03,Salary,Medium
TAXP01991,39,861200,1,1,0,0,-0.031,0.04,3.0,443.33,147.78,1.0,0.3333333333333333,0.14500000000000002,0.3163333333333333,0.18766666666666668,4.666666666666667,3.5228161083617984,151.46,Business,Medium
TAXP03571,30,1096100,1,1,0,1,0.2,0.367,80.0,80863.81,1010.8,2.0,0.025,0.1241125,0.23675000000000002,0.2150375,4.0,1621.284320312683,8117.46,Salary,Low
TAXP02619,48,373000,0,0,0,0,-0.141,0.313,31.0,13091.63,422.31,2.0,0.064516129032258,0.1213225806451613,0.2178064516129032,0.19406451612903225,3.6451612903225805,1114.7063093148063,6121.08,Business,Low
TAXP04923,25,743800,1,0,0,3,-0.151,0.189,11.0,4586.33,416.94,1.0,0.0909090909090909,0.12218181818181818,0.22763636363636364,0.23918181818181816,4.454545454545454,525.2731029751009,1450.68,Professional,Low
TAXP01709,40,1359600,1,0,0,1,0.11,0.159,17.0,12368.39,727.55,2.0,0.1176470588235294,0.13,0.2308235294117647,0.25623529411764706,4.0588235294117645,815.62098620874,3141.59,Salary+Business,Low
TAXP03778,41,905100,1,0,0,1,0.022,0.334,1.0,992.93,992.93,0.0,0.0,0.236,0.16,0.466,5.0,0.0,992.93,Salary,Low
TAXP00595,63,258400,1,0,0,0,0.086,0.22,2.0,827.33,413.66,0.0,0.0,0.174,0.2505,0.287,4.5,371.832100886946,676.59,Salary,Low
TAXP02903,52,1355900,1,2,0,0,0.032,0.51,54.0,59674.26,1105.08,1.0,0.0185185185185185,0.11918518518518519,0.23270370370370372,0.1942037037037037,3.7037037037037037,2639.6593453541923,18972.33,Salary,Low
TAXP02070,22,564400,1,0,0,0,0.175,0.457,6.0,4771.86,795.31,0.0,0.0,0.10583333333333333,0.25166666666666665,0.18100000000000002,4.166666666666667,711.0130193463407,2211.87,Business,Low
TAXP01347,27,822500,1,4,0,0,0.037,0.255,25.0,12359.79,494.39,0.0,0.0,0.10144,0.22527999999999998,0.18136,4.24,837.5628134985857,4031.87,Salary+Business,Low
TAXP02764,42,1232900,1,0,61800,0,0.252,0.291,19.0,11973.59,630.19,0.0,0.0,0.13505263157894737,0.23700000000000002,0.17800000000000002,4.052631578947368,725.9285056004309,3079.33,Salary,Low
TAXP00388,53,948000,1,0,0,0,0.014,0.01,3.0,1108.99,369.66,0.0,0.0,0.18066666666666667,0.32433333333333336,0.163,5.333333333333333,283.61273284768674,638.36,Salary+Business,Low
TAXP01149,48,1353800,1,0,0,1,0.29,0.257,24.0,24997.15,1041.55,1.0,0.0416666666666666,0.13929166666666667,0.22808333333333333,0.23654166666666665,3.7083333333333335,1543.3133359107017,7407.75,Salary,Low
TAXP01188,48,845600,1,0,0,0,0.171,0.418,4.0,1397.76,349.44,0.0,0.0,0.101,0.22975,0.20550000000000002,5.5,412.05800716242203,962.16,Salary,Low
TAXP01079,48,426100,1,1,0,0,-0.306,0.451,34.0,7186.59,211.37,2.0,0.0588235294117647,0.11705882352941177,0.1894705882352941,0.22567647058823528,3.3529411764705883,192.67127488698867,876.27,Multiple,Low
TAXP00440,55,884500,1,0,0,1,0.03,0.342,27.0,12513.71,463.47,2.0,0.074074074074074,0.1368148148148148,0.20407407407407407,0.23022222222222222,3.740740740740741,477.14539852951714,2460.4,Multiple,Low
TAXP03918,38,406700,0,0,96500,0,-0.207,0.381,23.0,11203.2,487.1,3.0,0.1304347826086956,0.13921739130434782,0.22791304347826086,0.23800000000000002,4.130434782608695,1153.6686963328852,5619.86,Salary,Medium
TAXP00639,23,986600,1,3,0,0,0.101,0.077,13.0,12851.1,988.55,0.0,0.0,0.1463076923076923,0.19684615384615387,0.18984615384615383,4.230769230769231,1232.9203767785011,3560.74,Salary,Low
TAXP01339,21,4576600,1,1,0,0,0.067,0.361,1.0,554.89,554.89,0.0,0.0,0.144,0.113,0.169,3.0,0.0,554.89,Salary+Business,Low
TAXP02341,33,1885900,1,1,0,0,0.112,0.154,17.0,21757.41,1279.85,0.0,0.0,0.11129411764705882,0.27229411764705885,0.18782352941176472,4.294117647058823,1507.9556714577577,5889.73,Business,Low
TAXP01589,26,319800,1,0,11500,0,0.134,0.195,24.0,5943.44,247.64,1.0,0.0416666666666666,0.09983333333333333,0.21745833333333334,0.17579166666666668,3.375,277.4706944912368,1177.33,Salary,Low
TAXP04900,51,471600,0,1,0,0,-0.105,0.06,19.0,5642.01,296.95,0.0,0.0,0.10805263157894736,0.19631578947368422,0.1512105263157895,3.9473684210526314,278.37420178160164,914.17,Salary,Low
TAXP04761,39,739500,1,1,16500,1,0.288,0.398,18.0,17847.92,991.55,0.0,0.0,0.12333333333333335,0.19783333333333333,0.2192777777777778,3.7222222222222223,1300.9836422080066,4668.5,Salary,Low
TAXP02469,54,1046900,1,1,0,1,0.388,0.252,43.0,22570.65,524.9,1.0,0.0232558139534883,0.10344186046511626,0.22041860465116278,0.1719767441860465,3.7674418604651163,602.5256516499815,3447.15,Business,Low
TAXP03875,64,258900,0,1,37400,0,-0.142,0.299,21.0,7868.99,374.71,2.0,0.0952380952380952,0.15866666666666665,0.27495238095238095,0.19676190476190475,4.0,495.9550173602058,2115.17,Multiple,Medium
TAXP04821,46,463100,0,3,0,0,0.145,0.323,25.0,7299.13,291.97,3.0,0.12,0.11796000000000001,0.1848,0.23416,3.64,373.3055315256749,1449.71,Salary,Medium
TAXP00887,51,1592900,0,0,18200,0,-0.05,0.399,4.0,2571.37,642.84,0.0,0.0,0.10675000000000001,0.26275000000000004,0.22999999999999998,4.5,689.2266629769437,1597.22,Salary+Investments,Low
TAXP03312,21,1036100,1,0,41200,0,0.245,0.118,11.0,7191.78,653.8,0.0,0.0,0.12172727272727273,0.2725454545454546,0.19836363636363635,3.727272727272727,1095.7606626980016,3449.06,Salary+Investments,Low
TAXP01754,55,432600,1,1,0,0,-0.152,0.093,3.0,2567.6,855.87,0.0,0.0,0.079,0.12433333333333334,0.10833333333333334,4.666666666666667,1322.354562677247,2381.99,Salary,Low
TAXP02717,55,706100,1,0,0,0,0.186,0.14,7.0,5826.01,832.29,0.0,0.0,0.12142857142857143,0.226,0.20785714285714288,3.857142857142857,1019.9406367972972,2659.68,Salary+Business,Low
TAXP03615,45,171200,1,0,9100,0,0.168,0.164,3.0,425.15,141.72,0.0,0.0,0.09633333333333334,0.27999999999999997,0.255,3.6666666666666665,158.85792656752554,325.15,Salary,Low
TAXP03284,24,1662700,1,0,0,1,0.05,0.114,15.0,26333.33,1755.56,1.0,0.0666666666666666,0.11613333333333334,0.26,0.1858,4.4,2446.187557564589,7159.53,Multiple,Low
TAXP00690,59,478700,1,0,8800,0,0.055,0.239,17.0,6016.03,353.88,0.0,0.0,0.08858823529411765,0.21423529411764705,0.19829411764705882,4.0588235294117645,477.2075939130006,2057.71,Business,Low
TAXP01881,32,1095400,1,1,0,1,0.061,0.328,15.0,6725.68,448.38,1.0,0.0666666666666666,0.12786666666666666,0.2564666666666667,0.20413333333333333,3.7333333333333334,599.9225805512225,2310.54,Salary+Investments,Low
TAXP00927,28,575200,1,1,0,0,0.29,0.177,5.0,1494.4,298.88,0.0,0.0,0.0994,0.1682,0.16319999999999998,3.6,155.3375876920972,519.8,Salary,Low
TAXP00859,51,161200,1,0,0,1,0.129,0.313,15.0,4585.93,305.73,2.0,0.1333333333333333,0.12646666666666667,0.22933333333333333,0.23773333333333332,3.6666666666666665,363.18258361456765,1322.89,Professional,Low
TAXP04259,44,1929500,0,1,0,0,0.083,0.263,5.0,1136.39,227.28,0.0,0.0,0.11939999999999999,0.211,0.13720000000000002,3.6,158.71407347806306,455.29,Salary,Low
TAXP00417,29,1424000,0,2,0,1,0.139,0.154,13.0,9226.96,709.77,1.0,0.0769230769230769,0.10423076923076922,0.20830769230769233,0.214,3.3076923076923075,980.2367513645066,2894.78,Professional,Low
TAXP02281,52,1581900,1,1,0,1,0.016,0.206,19.0,14974.27,788.12,1.0,0.0526315789473684,0.12410526315789475,0.2292105263157895,0.2220526315789474,4.2105263157894735,709.6785673925726,2325.73,Salary,Low
TAXP01385,22,184100,1,2,0,1,0.321,0.597,26.0,6325.89,243.3,1.0,0.0384615384615384,0.11115384615384616,0.2488076923076923,0.19673076923076924,3.8076923076923075,323.8683378775061,1401.44,Salary,Low
TAXP04422,49,1127800,1,1,0,0,0.079,0.263,9.0,6292.86,699.21,0.0,0.0,0.07300000000000001,0.18955555555555556,0.17177777777777778,4.666666666666667,741.8296980271145,1987.33,Business,Low
TAXP02887,39,939400,1,1,0,0,0.098,0.276,11.0,5819.85,529.08,1.0,0.0909090909090909,0.13318181818181818,0.2362727272727273,0.16,3.6363636363636362,579.422630936882,1710.61,Salary+Business,Low
TAXP01491,30,417100,0,1,0,1,0.302,0.27,13.0,4910.68,377.74,1.0,0.0769230769230769,0.13176923076923075,0.23476923076923079,0.23146153846153844,3.3846153846153846,456.3652091730807,1588.18,Salary,Low
TAXP03634,65,593100,1,2,6200,0,0.387,0.227,14.0,4767.63,340.54,0.0,0.0,0.10442857142857143,0.2245,0.21164285714285716,3.357142857142857,384.5549791192211,1405.47,Salary,Low
TAXP02573,46,1877800,1,0,0,0,0.073,0.407,41.0,63934.7,1559.38,0.0,0.0,0.10839024390243902,0.1913170731707317,0.19234146341463415,3.658536585365854,2268.210664159354,10335.92,Salary,Low
TAXP01934,47,1649600,0,0,0,0,-0.1,0.033,17.0,18526.38,1089.79,3.0,0.1764705882352941,0.15523529411764705,0.22111764705882353,0.2658823529411765,3.7058823529411766,1465.2001991484162,5276.63,Salary,Medium
TAXP04006,63,520900,1,0,0,0,0.025,0.072,17.0,8156.52,479.8,0.0,0.0,0.10070588235294117,0.20552941176470588,0.16282352941176473,2.8823529411764706,724.7264084476781,2560.54,Salary,Low
TAXP01228,32,429100,1,0,0,0,-0.27,0.235,3.0,1820.59,606.86,2.0,0.6666666666666666,0.249,0.25166666666666665,0.19933333333333333,5.0,936.3907453800114,1687.95,Business,Medium
TAXP01337,58,910800,1,0,0,0,-0.348,0.49,25.0,21731.25,869.25,0.0,0.0,0.13364,0.23412,0.16616,4.32,1449.4312098084085,7490.84,Salary+Business,Low
TAXP01770,26,4914100,1,2,0,0,0.175,0.16,23.0,84790.94,3686.56,1.0,0.0434782608695652,0.10869565217391304,0.19317391304347825,0.22256521739130433,3.4782608695652173,7652.956977954943,34765.32,Professional,Low
TAXP02730,44,261500,1,2,2800,1,0.047,0.207,21.0,4313.35,205.4,1.0,0.0476190476190476,0.12161904761904761,0.24085714285714285,0.1788095238095238,3.4761904761904763,282.8353651491405,1323.03,Business,Low
TAXP01459,31,2350500,0,2,30300,0,0.265,0.376,23.0,137465.17,5976.75,1.0,0.0434782608695652,0.109,0.22091304347826088,0.20008695652173913,3.869565217391304,17228.583412534535,83212.77,Multiple,Medium
TAXP01194,55,1115500,1,1,0,1,0.209,0.244,40.0,25722.6,643.06,1.0,0.025,0.13592500000000002,0.26444999999999996,0.20125,4.625,895.033954918142,4939.51,Professional,Low
TAXP01345,62,309100,0,1,5200,1,0.217,0.253,15.0,3344.9,222.99,1.0,0.0666666666666666,0.08326666666666667,0.23686666666666667,0.16773333333333335,4.4,241.98616331950726,716.04,Salary+Investments,Low
TAXP02021,33,656900,0,0,0,0,0.4,0.3,21.0,22446.08,1068.86,1.0,0.0476190476190476,0.11690476190476191,0.18552380952380954,0.21823809523809526,3.8095238095238093,2045.3034124474166,8949.22,Salary+Business,Low
TAXP03242,40,351800,1,1,0,0,0.072,0.121,25.0,9636.6,385.46,2.0,0.08,0.14236000000000001,0.23552,0.18536000000000002,4.24,417.61403039569126,1457.16,Business,Low
TAXP01485,35,1137800,1,1,24800,0,-0.114,0.221,11.0,15041.4,1367.4,0.0,0.0,0.08463636363636363,0.21036363636363636,0.27445454545454545,4.909090909090909,2557.1217246153924,8759.38,Salary,Low
TAXP04333,27,1953800,1,1,0,1,-0.028,0.397,12.0,12713.45,1059.45,0.0,0.0,0.10149999999999999,0.22224999999999998,0.14541666666666667,3.1666666666666665,918.3276464655079,3172.46,Professional,Low
TAXP01616,61,953500,1,0,0,1,0.149,0.168,16.0,7536.48,471.03,1.0,0.0625,0.10550000000000001,0.224625,0.20174999999999998,4.0625,668.893004288927,2831.43,Salary,Low
TAXP02210,32,475500,1,1,0,0,-0.054,0.455,33.0,17928.3,543.28,3.0,0.0909090909090909,0.12127272727272727,0.21075757575757575,0.20212121212121212,4.212121212121212,746.3534338219667,3597.85,Salary,Low
TAXP03395,62,989600,0,3,0,1,0.326,0.544,6.0,6892.46,1148.74,0.0,0.0,0.13083333333333333,0.2783333333333333,0.18616666666666667,4.333333333333333,1934.8410931719088,5062.76,Business,Low
TAXP01662,63,294400,1,1,0,0,0.095,0.326,43.0,9659.22,224.63,2.0,0.0465116279069767,0.08846511627906978,0.20632558139534884,0.20218604651162791,3.604651162790698,218.98264838343528,891.86,Professional,Low
TAXP00169,25,580700,0,1,0,1,0.075,0.13,4.0,418.94,104.74,0.0,0.0,0.08325,0.27675,0.21875,3.5,41.7664119438894,151.52,Professional,Low
TAXP04911,52,371900,1,0,0,1,0.092,0.018,15.0,7930.61,528.71,1.0,0.0666666666666666,0.117,0.20346666666666666,0.179,3.7333333333333334,761.6903473897163,2378.12,Salary+Business,Low
TAXP00555,48,610500,1,0,0,0,0.533,0.258,25.0,10231.93,409.28,1.0,0.04,0.09783999999999998,0.19271999999999997,0.17668,4.16,514.4795447142027,1722.67,Salary+Investments,Low
TAXP02650,22,3639900,1,1,0,0,0.075,0.576,23.0,49490.97,2151.78,2.0,0.0869565217391304,0.13495652173913045,0.2530869565217391,0.20434782608695654,4.695652173913044,1847.8928943266073,6382.07,Salary,Low
TAXP03061,54,1518500,1,1,0,0,0.202,0.163,44.0,107374.49,2440.33,3.0,0.0681818181818181,0.13420454545454547,0.20938636363636362,0.19804545454545455,4.045454545454546,7589.407014989639,49716.01,Salary+Business,Low
TAXP02833,37,1307300,1,2,0,0,0.222,0.248,33.0,72739.1,2204.22,3.0,0.0909090909090909,0.12912121212121214,0.22836363636363635,0.19954545454545455,4.121212121212121,5071.941509555981,28062.94,Salary,Low
TAXP00289,56,526700,1,1,24100,0,-0.096,0.361,26.0,9853.78,378.99,3.0,0.1153846153846153,0.12192307692307693,0.20857692307692308,0.18434615384615385,4.038461538461538,734.9321024948757,3618.33,Salary+Business,Low
TAXP03412,42,151500,1,0,0,0,0.067,0.189,5.0,633.31,126.66,0.0,0.0,0.1366,0.1042,0.2702,3.8,71.53980025132863,200.91,Salary,Low
TAXP04734,40,150000,1,1,28400,0,0.008,0.335,23.0,11336.36,492.89,1.0,0.0434782608695652,0.14495652173913043,0.26765217391304347,0.2512173913043478,4.434782608695652,600.9517912889183,2362.22,Salary,Low
TAXP01377,49,970000,1,0,0,0,0.173,0.386,3.0,1294.34,431.45,0.0,0.0,0.1366666666666667,0.14033333333333334,0.10533333333333333,3.3333333333333335,624.6650290622433,1152.34,Business,Low
TAXP00910,51,299500,1,2,25300,0,0.02,0.239,8.0,2756.83,344.6,1.0,0.125,0.155,0.267125,0.182,5.125,241.82290863578544,829.59,Salary,Medium
TAXP04524,55,686000,1,1,0,1,0.002,0.314,45.0,25567.53,568.17,2.0,0.0444444444444444,0.12073333333333333,0.22868888888888889,0.21235555555555555,3.9555555555555557,753.1620446291754,3069.34,Salary+Investments,Low
TAXP01610,29,493100,1,2,0,1,0.036,0.183,32.0,16066.47,502.08,0.0,0.0,0.0865625,0.19421875,0.190875,4.53125,657.5308129379202,2460.67,Salary+Business,Low
TAXP01176,50,205400,1,0,16200,0,0.154,0.05,9.0,6869.12,763.24,1.0,0.1111111111111111,0.15322222222222223,0.24033333333333337,0.24000000000000002,3.2222222222222223,878.5952310807165,3016.02,Salary+Business,Low
TAXP02011,27,261500,1,1,0,0,0.034,0.326,26.0,7014.19,269.78,1.0,0.0384615384615384,0.13053846153846155,0.22807692307692307,0.18896153846153846,3.8461538461538463,464.3524205509631,2275.13,Professional,Low
TAXP01336,22,2479500,0,2,0,0,0.197,0.223,31.0,72894.46,2351.43,1.0,0.032258064516129,0.10609677419354839,0.2315483870967742,0.18751612903225806,4.387096774193548,4327.679792313485,22528.51,Business,Low
TAXP03836,53,796200,1,0,0,0,0.247,0.237,4.0,1057.56,264.39,0.0,0.0,0.09925,0.21875,0.2285,2.75,165.56270876418196,429.26,Professional,Low
TAXP03511,61,938900,1,1,0,0,0.06,0.222,6.0,4953.38,825.56,0.0,0.0,0.15166666666666667,0.23099999999999998,0.2755,4.166666666666667,688.3919197279023,2042.19,Business,Low
TAXP04797,31,836400,0,0,0,0,0.076,0.207,11.0,10362.16,942.01,1.0,0.0909090909090909,0.16118181818181818,0.2838181818181818,0.2006363636363636,4.2727272727272725,1410.3286854018368,4435.55,Salary,Low
TAXP02501,54,968000,1,0,4400,0,0.235,0.134,14.0,8943.7,638.84,1.0,0.0714285714285714,0.10507142857142858,0.20757142857142855,0.22707142857142856,5.0,1105.1774731042717,4088.61,Salary+Business,Low
TAXP04508,29,314600,1,0,0,0,0.314,0.115,23.0,10390.57,451.76,2.0,0.0869565217391304,0.12965217391304346,0.2897826086956522,0.2147826086956522,4.608695652173913,874.4418764495086,4198.89,Multiple,Low
TAXP00352,54,1195700,1,0,0,0,-0.052,0.263,69.0,58109.91,842.17,1.0,0.0144927536231884,0.10589855072463769,0.22952173913043478,0.19555072463768117,3.9130434782608696,1120.328393970809,6720.38,Multiple,Low
TAXP00727,57,796700,1,0,0,0,-0.015,0.125,14.0,8485.12,606.08,0.0,0.0,0.07785714285714286,0.18714285714285714,0.1907142857142857,4.214285714285714,804.7008677859026,2395.56,Salary,Low
TAXP00579,54,541900,1,0,43300,0,0.023,0.468,12.0,10142.24,845.19,0.0,0.0,0.10099999999999999,0.2353333333333333,0.19108333333333336,4.416666666666667,1590.525952423705,5515.81,Salary,Low
TAXP03888,35,482600,1,1,38500,1,-0.046,0.584,16.0,7525.32,470.33,0.0,0.0,0.1123125,0.2225,0.1876875,4.25,592.7549434687716,2013.01,Professional,Low
TAXP01729,61,685200,0,1,59500,2,-0.045,0.427,32.0,16172.0,505.38,2.0,0.0625,0.11953125,0.22365625,0.20521875,3.40625,423.3813681654843,1551.46,Multiple,Medium
TAXP00242,21,607300,1,0,0,0,0.247,0.294,15.0,6255.69,417.05,0.0,0.0,0.07966666666666668,0.18573333333333333,0.20286666666666667,3.6,301.3247348862779,1385.26,Salary,Low
TAXP00578,33,1596400,1,1,62000,0,-0.019,0.361,5.0,6196.26,1239.25,1.0,0.2,0.20060000000000003,0.2622,0.2502,3.8,1641.6519855072818,3890.08,Salary+Investments,Medium
TAXP02361,41,2013000,1,0,0,1,0.242,0.204,11.0,9420.71,856.43,0.0,0.0,0.10581818181818181,0.13827272727272727,0.1800909090909091,3.5454545454545454,1031.6038877381006,3146.2,Salary+Investments,Low
TAXP02294,51,478100,1,0,14500,0,-0.066,0.194,15.0,3170.52,211.37,0.0,0.0,0.1008,0.19373333333333334,0.2084666666666667,3.8666666666666667,284.64939884004673,1170.55,Professional,Low
TAXP04367,53,897600,1,1,0,0,0.044,0.404,38.0,29349.37,772.35,0.0,0.0,0.12442105263157895,0.18107894736842106,0.24442105263157896,3.5,1442.8897159179978,7246.03,Business,Low
TAXP03162,56,963500,1,1,8200,1,0.392,0.037,15.0,16021.8,1068.12,1.0,0.0666666666666666,0.12386666666666667,0.23793333333333333,0.16566666666666666,4.6,1669.9179482409136,6364.43,Salary,Low
TAXP03822,49,1578100,1,0,11800,0,0.017,0.336,1.0,842.3,842.3,0.0,0.0,0.075,0.319,0.171,5.0,0.0,842.3,Salary,Low
TAXP02699,35,862700,1,0,0,0,-0.077,0.367,10.0,4474.16,447.42,1.0,0.1,0.1609,0.2117,0.3271,4.4,310.765276667491,899.42,Business,Low
TAXP01746,29,372100,1,1,0,1,0.378,0.226,28.0,7469.76,266.78,2.0,0.0714285714285714,0.11960714285714284,0.22096428571428572,0.22710714285714287,4.25,544.048888658725,2737.73,Business,Low
TAXP00437,33,442600,1,0,0,0,-0.068,0.455,25.0,15319.0,612.76,2.0,0.08,0.13572,0.26076,0.18332,4.0,1773.2476598367941,9045.07,Salary,Low
TAXP02127,44,3183300,1,0,0,0,0.23,0.355,14.0,93806.76,6700.48,1.0,0.0714285714285714,0.12321428571428572,0.2267142857142857,0.21642857142857144,3.5714285714285716,9077.754400211565,24175.93,Salary,Low
TAXP02873,34,300100,1,1,0,0,0.438,0.094,40.0,17227.85,430.7,3.0,0.075,0.1342,0.2516,0.175075,4.225,700.8314241896769,3548.2,Salary+Investments,Low
TAXP02454,23,358200,1,1,0,0,0.11,0.283,60.0,22189.8,369.83,4.0,0.0666666666666666,0.11466666666666667,0.19656666666666667,0.22028333333333333,4.25,611.217564377358,3504.09,Salary,Low
TAXP04726,57,1465900,1,1,0,1,0.147,0.422,30.0,25894.14,863.14,0.0,0.0,0.1226,0.23559999999999998,0.2199,4.3,897.8660346982883,3365.53,Salary+Investments,Low
TAXP02820,46,1192800,1,1,0,0,0.057,0.355,16.0,11285.78,705.36,1.0,0.0625,0.114125,0.3079375,0.1775625,4.125,727.6450619349612,2636.17,Salary,Low
TAXP03121,63,826400,0,0,0,0,0.032,0.113,27.0,17520.99,648.93,0.0,0.0,0.10874074074074074,0.1947777777777778,0.19237037037037036,3.888888888888889,1117.43741223918,5091.31,Multiple,Low
TAXP02156,28,1001900,1,0,0,0,-0.113,0.321,3.0,11276.12,3758.71,0.0,0.0,0.11766666666666666,0.23833333333333337,0.24466666666666667,4.0,5521.549130609393,10131.52,Salary,Low
TAXP00720,64,311400,1,1,23500,0,-0.032,0.052,33.0,9191.3,278.52,2.0,0.0606060606060606,0.1149090909090909,0.2312727272727273,0.17503030303030304,4.484848484848484,335.87276766126695,1306.4,Salary,Low
TAXP00506,32,439500,0,1,11900,0,0.107,0.727,30.0,18082.03,602.73,2.0,0.0666666666666666,0.1255,0.21919999999999998,0.19426666666666667,3.9,971.2860104953758,4227.59,Salary+Business,Medium
TAXP00480,58,4218800,1,0,27600,0,0.319,0.245,7.0,13676.47,1953.78,0.0,0.0,0.12657142857142858,0.21,0.23857142857142857,3.857142857142857,2281.537713410472,6479.73,Business,Low
TAXP03939,26,682700,1,2,0,1,0.107,0.38,1.0,51.43,51.43,0.0,0.0,0.239,0.24,0.182,9.0,0.0,51.43,Salary+Investments,Low
TAXP01982,44,434200,1,1,0,1,-0.085,0.067,23.0,7114.62,309.33,1.0,0.0434782608695652,0.12408695652173914,0.22239130434782609,0.2524782608695652,4.695652173913044,448.8031389485144,1851.2,Business,Low
TAXP00811,53,562000,0,1,53800,0,0.219,0.382,21.0,10467.36,498.45,1.0,0.0476190476190476,0.09661904761904762,0.21385714285714283,0.16976190476190475,3.9047619047619047,850.9860510817521,2968.68,Salary,Medium
TAXP02696,57,1292200,1,1,39600,0,-0.095,0.312,23.0,28130.4,1223.06,0.0,0.0,0.09526086956521738,0.2528695652173913,0.19543478260869565,3.6956521739130435,2153.3815991216175,9945.61,Business,Low
TAXP04048,38,432400,1,1,42000,0,0.145,0.175,35.0,13310.2,380.29,0.0,0.0,0.11768571428571428,0.18048571428571428,0.21068571428571428,3.857142857142857,787.8257455701691,4300.4,Salary,Low
TAXP04924,48,252200,0,2,6300,0,-0.066,0.275,19.0,8759.96,461.05,1.0,0.0526315789473684,0.13657894736842105,0.19821052631578948,0.24026315789473687,4.105263157894737,969.3076995319545,4178.01,Salary,Low
TAXP01930,65,1101400,1,0,16100,0,0.014,0.175,39.0,21707.52,556.6,3.0,0.0769230769230769,0.11566666666666667,0.23325641025641025,0.21761538461538463,3.8205128205128207,609.866736755506,3040.22,Multiple,Low
TAXP01970,28,1153400,1,0,0,0,0.032,0.205,14.0,11794.55,842.47,0.0,0.0,0.11542857142857142,0.24085714285714285,0.20885714285714285,4.142857142857143,1263.1618141009278,4324.69,Business,Low
TAXP04623,25,682300,1,0,14100,0,0.559,0.35,15.0,3527.86,235.19,1.0,0.0666666666666666,0.11533333333333333,0.21733333333333332,0.14786666666666667,3.6,208.39979241375275,539.12,Professional,Low
TAXP03863,30,277200,1,0,0,1,-0.002,0.278,6.0,2118.6,353.1,0.0,0.0,0.081,0.1415,0.11316666666666668,4.0,412.4191756938564,1098.99,Salary+Investments,Low
TAXP01868,35,1059500,1,0,0,0,0.196,0.322,1.0,4125.58,4125.58,0.0,0.0,0.09,0.104,0.22,1.0,0.0,4125.58,Salary,Low
TAXP01469,30,232600,1,1,0,0,0.017,0.034,18.0,5297.71,294.32,1.0,0.0555555555555555,0.09749999999999999,0.21616666666666667,0.17294444444444446,4.388888888888889,406.70996987744525,1600.85,Business,Low
TAXP02568,48,892000,1,2,6000,1,0.158,0.143,4.0,914.41,228.6,0.0,0.0,0.09275,0.27075,0.22899999999999998,3.0,185.56910866754376,491.05,Salary,Low
TAXP01644,42,1036700,1,1,7500,0,0.161,0.054,47.0,66782.21,1420.9,6.0,0.1276595744680851,0.13104255319148936,0.24527659574468086,0.20395744680851063,4.25531914893617,3672.284251957131,23264.49,Salary,Low
TAXP01425,29,740600,1,1,0,0,0.03,0.471,26.0,7630.59,293.48,1.0,0.0384615384615384,0.11273076923076923,0.22115384615384615,0.17015384615384616,3.6923076923076925,372.2983068365805,1732.91,Salary+Investments,Low
TAXP00015,51,910100,1,0,0,0,-0.058,0.355,6.0,2872.82,478.8,0.0,0.0,0.11666666666666665,0.217,0.21866666666666668,3.6666666666666665,724.0285302297601,1924.86,Business,Low
TAXP03303,40,1278400,1,0,47000,0,0.232,0.422,14.0,21096.62,1506.9,2.0,0.1428571428571428,0.1640714285714286,0.24592857142857144,0.21214285714285716,4.285714285714286,1663.828459773317,5944.64,Multiple,Medium
TAXP01740,48,704300,1,2,0,1,-0.153,0.547,23.0,16009.75,696.08,1.0,0.0434782608695652,0.12739130434782608,0.23721739130434785,0.16386956521739132,4.086956521739131,1307.0631993057746,5443.15,Salary,Low
TAXP03567,65,1089500,1,0,0,1,0.083,0.264,26.0,27054.33,1040.55,0.0,0.0,0.10149999999999999,0.22953846153846152,0.22076923076923077,4.1923076923076925,1148.08047623963,5338.13,Salary,Low
TAXP04231,36,1501100,1,0,2000,1,-0.04,0.189,8.0,7098.69,887.34,0.0,0.0,0.09,0.21550000000000002,0.170875,3.625,1264.982311371953,3617.09,Business,Low
TAXP02374,60,2046500,1,0,0,0,0.34,0.145,1.0,923.15,923.15,0.0,0.0,0.131,0.427,0.343,5.0,0.0,923.15,Salary+Investments,Low
TAXP04314,50,775900,1,3,0,1,0.028,0.344,54.0,44116.88,816.98,3.0,0.0555555555555555,0.10381481481481482,0.20733333333333334,0.19744444444444445,3.7962962962962963,1432.1684765257744,7492.2,Salary+Business,Low
TAXP00724,56,221300,0,3,0,0,-0.171,0.168,12.0,10047.84,837.32,2.0,0.1666666666666666,0.14016666666666666,0.23683333333333334,0.18141666666666667,4.666666666666667,2474.4733131866114,8688.47,Business,Medium
TAXP02981,33,609300,1,0,3100,0,0.262,0.189,9.0,1617.81,179.76,1.0,0.1111111111111111,0.09655555555555556,0.15444444444444444,0.2091111111111111,4.444444444444445,172.147549067653,606.53,Salary,Low
TAXP00972,37,602200,1,5,0,0,-0.133,0.219,15.0,3954.65,263.64,1.0,0.0666666666666666,0.15693333333333334,0.26940000000000003,0.20973333333333333,4.4,168.95499471189135,538.09,Professional,Low
TAXP04249,37,413800,1,1,0,2,0.026,0.159,34.0,14083.57,414.22,2.0,0.0588235294117647,0.13247058823529412,0.23073529411764704,0.21994117647058822,4.5,684.3695541476812,2606.54,Salary+Business,Low
TAXP01730,30,667800,0,0,5400,0,0.108,0.433,20.0,9256.07,462.8,1.0,0.05,0.13355,0.27149999999999996,0.2265,4.15,686.0368636502743,2880.6,Multiple,Low
TAXP04408,38,775300,1,1,0,0,0.116,0.32,9.0,4012.23,445.8,2.0,0.2222222222222222,0.1547777777777778,0.22211111111111112,0.22966666666666669,5.0,563.4034169447325,1811.31,Salary+Business,Medium
TAXP03544,47,869800,1,0,0,1,0.026,0.32,48.0,28701.34,597.94,1.0,0.0208333333333333,0.11972916666666666,0.207375,0.18739583333333332,3.8125,863.9569410910458,4718.86,Salary,Low
TAXP02688,60,546900,1,0,0,0,0.139,0.09,15.0,5271.51,351.43,0.0,0.0,0.11046666666666667,0.20206666666666667,0.22366666666666665,4.4,427.04505150092604,1342.49,Multiple,Low
TAXP01359,23,483700,1,0,0,0,-0.021,0.089,22.0,10554.64,479.76,0.0,0.0,0.10522727272727272,0.20463636363636362,0.19154545454545457,3.5,823.8130505940073,3888.42,Salary,Low
TAXP03192,34,359700,0,1,86300,0,0.051,0.332,22.0,10151.93,461.45,3.0,0.1363636363636363,0.13513636363636364,0.2670909090909091,0.15981818181818183,3.772727272727273,534.534882894826,2160.08,Salary,High
TAXP00285,22,292200,1,2,0,0,0.066,0.369,1.0,2936.7,2936.7,1.0,1.0,0.252,0.294,0.08,5.0,0.0,2936.7,Salary+Business,Medium
TAXP02657,41,788400,0,0,0,0,-0.045,0.065,26.0,29301.31,1126.97,0.0,0.0,0.08915384615384615,0.21907692307692306,0.17765384615384613,3.6153846153846154,1911.9134000386991,7753.55,Salary+Investments,Low
TAXP03049,30,1232800,1,0,1900,0,-0.101,0.465,19.0,11044.55,581.29,1.0,0.0526315789473684,0.09084210526315789,0.22521052631578947,0.22489473684210526,4.2631578947368425,819.1587728312705,3627.55,Salary,Low
TAXP04142,27,7815700,0,1,0,0,0.171,0.243,5.0,18279.85,3655.97,1.0,0.2,0.1564,0.22119999999999998,0.264,3.8,2107.682239060243,6380.37,Salary+Business,Medium
TAXP03504,51,275800,1,1,136200,0,0.195,0.416,54.0,15386.62,284.94,3.0,0.0555555555555555,0.11244444444444444,0.20551851851851854,0.20709259259259258,4.185185185185185,472.98334783877345,3004.83,Salary,Medium
TAXP00492,56,846300,1,0,0,2,0.258,0.212,15.0,7391.72,492.78,0.0,0.0,0.12533333333333332,0.1976,0.192,4.133333333333334,681.1784696063418,2620.73,Salary,Low
TAXP03572,48,1143800,1,1,49900,1,0.11,0.391,85.0,74081.6,871.55,2.0,0.0235294117647058,0.10427058823529411,0.20577647058823528,0.19736470588235294,3.6823529411764704,1594.4195183948657,13084.28,Salary,Medium
TAXP04226,24,878800,1,0,30300,0,0.077,0.157,19.0,7923.87,417.05,0.0,0.0,0.12278947368421053,0.25989473684210523,0.20473684210526316,4.157894736842105,508.65283424088625,2088.57,Salary,Low
TAXP03456,28,353500,1,0,0,1,0.51,0.16,22.0,4356.12,198.01,1.0,0.0454545454545454,0.15395454545454546,0.24277272727272728,0.29013636363636364,3.9545454545454546,214.44853800981124,948.38,Salary,Low
TAXP04771,48,750700,1,1,0,0,0.184,0.306,16.0,19320.84,1207.55,0.0,0.0,0.10275000000000001,0.2034375,0.1693125,3.125,2452.574253257177,9813.51,Business,Low
TAXP02742,22,1036100,1,1,0,1,0.19,0.202,29.0,48889.96,1685.86,1.0,0.0344827586206896,0.1382758620689655,0.20548275862068965,0.17358620689655171,4.448275862068965,2851.2502309374627,14435.19,Salary,Low
TAXP02776,59,4332900,1,1,0,0,0.392,0.296,11.0,18891.42,1717.4,1.0,0.0909090909090909,0.096,0.22254545454545455,0.2153636363636364,3.909090909090909,1273.405763547646,3625.57,Business,Low
TAXP00486,51,574900,1,0,3500,0,0.217,0.072,33.0,12599.7,381.81,4.0,0.1212121212121212,0.1219090909090909,0.2514848484848485,0.2282121212121212,4.333333333333333,458.88293866984503,2020.43,Salary,Low
TAXP03236,37,962900,1,0,0,0,0.202,0.025,6.0,3704.94,617.49,0.0,0.0,0.11766666666666666,0.19849999999999998,0.11133333333333334,3.8333333333333335,1080.0032414766172,2808.54,Professional,Low
TAXP03604,53,1857300,1,1,0,0,0.519,0.336,22.0,19461.12,884.6,0.0,0.0,0.1255909090909091,0.1950909090909091,0.23804545454545456,4.454545454545454,1204.1121267538463,4633.53,Business,Low
TAXP04251,35,536000,0,0,0,0,0.175,0.553,13.0,5984.92,460.38,0.0,0.0,0.1176923076923077,0.22953846153846152,0.1283076923076923,4.076923076923077,654.9086312843718,2280.39,Salary,Low
TAXP02384,46,448000,1,0,17900,0,0.134,0.276,29.0,18141.46,625.57,0.0,0.0,0.11479310344827585,0.1763793103448276,0.20551724137931035,3.9310344827586206,1675.8886594402366,9152.93,Business,Low
TAXP02300,35,521400,1,2,0,0,0.323,0.299,12.0,4607.79,383.98,1.0,0.0833333333333333,0.14983333333333335,0.22424999999999998,0.2674166666666667,3.75,339.7537783621599,1213.69,Salary,Low
TAXP04713,31,1444800,1,0,0,0,0.265,0.189,11.0,15488.82,1408.07,1.0,0.0909090909090909,0.12081818181818181,0.2659090909090909,0.23418181818181819,3.909090909090909,1690.9412974397642,4774.87,Salary+Business,Low
TAXP00107,31,328000,0,1,17900,0,0.201,0.108,19.0,7504.53,394.98,0.0,0.0,0.09173684210526316,0.2143157894736842,0.24431578947368424,4.315789473684211,1058.3555562987979,4706.88,Salary,Low
TAXP00304,48,513100,1,0,13200,0,-0.318,0.242,2.0,548.95,274.48,0.0,0.0,0.129,0.2685,0.2665,4.5,45.45989496248315,306.62,Multiple,Low
TAXP02520,50,189600,1,1,0,1,-0.114,0.537,40.0,20584.49,514.61,1.0,0.025,0.11835,0.20577499999999999,0.175875,4.45,984.9131223758476,4362.81,Salary,Low
TAXP00036,37,1465300,1,0,0,0,0.269,0.509,28.0,34192.61,1221.16,2.0,0.0714285714285714,0.10535714285714286,0.16799999999999998,0.16717857142857143,3.6785714285714284,2254.750402435944,10168.99,Salary,Low
TAXP00606,32,959700,1,0,0,0,-0.023,0.1,23.0,25827.59,1122.94,0.0,0.0,0.12995652173913044,0.23095652173913045,0.19165217391304348,3.6956521739130435,1115.3763985689245,3871.32,Professional,Low
TAXP03210,23,438000,1,1,0,1,-0.069,0.214,10.0,1612.35,161.23,0.0,0.0,0.1117,0.2645,0.2071,4.3,127.84747251227837,392.14,Salary,Low
TAXP01038,34,435000,1,0,0,1,0.062,0.177,18.0,4162.33,231.24,0.0,0.0,0.1271111111111111,0.22444444444444445,0.21183333333333332,4.833333333333333,250.8945477679282,973.64,Salary,Low
TAXP02744,22,180900,1,2,20600,0,-0.1,0.187,25.0,6148.52,245.94,0.0,0.0,0.12068,0.21868,0.19804,3.36,298.7497531786986,1097.2,Salary+Business,Low
TAXP02031,52,1667200,1,2,28200,0,-0.052,0.18,30.0,37463.84,1248.79,4.0,0.1333333333333333,0.12216666666666667,0.25256666666666666,0.20603333333333335,4.033333333333333,1496.4633452974554,6851.17,Salary+Business,Medium
TAXP03880,26,804600,1,1,68500,0,-0.181,0.643,35.0,27131.36,775.18,4.0,0.1142857142857142,0.12445714285714285,0.19694285714285714,0.1925714285714286,4.485714285714286,1811.0962693506378,10618.44,Salary+Investments,Medium
TAXP02926,38,1241300,1,3,0,0,0.227,0.482,81.0,71965.1,888.46,2.0,0.0246913580246913,0.11924691358024692,0.2185432098765432,0.19174074074074074,4.0,1234.4104094034321,6432.67,Salary+Business,Low
TAXP01353,29,256400,1,2,0,0,0.18,0.336,18.0,6702.65,372.37,1.0,0.0555555555555555,0.1226111111111111,0.2352777777777778,0.17855555555555555,3.6666666666666665,560.8988383727574,2441.26,Business,Low
TAXP01297,27,209000,1,0,0,0,-0.067,0.257,24.0,7916.64,329.86,3.0,0.125,0.12645833333333334,0.19220833333333334,0.20454166666666665,3.8333333333333335,617.1720361877827,2969.22,Salary,Low
TAXP01327,62,802600,0,0,19900,0,-0.054,0.191,3.0,2595.14,865.05,0.0,0.0,0.079,0.04833333333333333,0.26533333333333337,3.3333333333333335,717.456055820378,1401.09,Business,Low
TAXP00564,43,374600,1,0,0,0,0.006,0.447,2.0,430.88,215.44,0.0,0.0,0.1735,0.209,0.40149999999999997,2.5,45.085128368454264,247.32,Business,Low
TAXP04604,42,971000,0,1,35200,2,-0.11,0.673,38.0,35252.26,927.69,2.0,0.0526315789473684,0.1171578947368421,0.22131578947368422,0.1921842105263158,3.8947368421052633,1568.5953512958558,8053.29,Professional,Medium
TAXP04067,49,359100,1,0,11400,2,0.028,0.285,18.0,2786.89,154.83,1.0,0.0555555555555555,0.10022222222222223,0.1938888888888889,0.19894444444444445,4.166666666666667,131.80440739776924,437.27,Professional,Low
TAXP02760,44,1217800,1,1,0,1,0.345,0.365,8.0,8217.53,1027.19,0.0,0.0,0.09987499999999999,0.264,0.228875,4.5,1337.7716981227454,3880.4,Salary,Low
TAXP02697,35,928500,1,1,0,0,0.215,0.234,13.0,10069.5,774.58,0.0,0.0,0.08184615384615385,0.21869230769230769,0.15061538461538462,4.3076923076923075,1310.1112189008015,4539.31,Professional,Low
TAXP00399,61,952100,1,0,0,1,-0.189,0.078,8.0,2678.12,334.76,1.0,0.125,0.0985,0.327,0.130625,5.0,253.36675218798086,719.03,Business,Low
TAXP00441,42,567200,1,1,7000,0,-0.143,0.372,19.0,7416.28,390.33,1.0,0.0526315789473684,0.12236842105263158,0.231,0.21736842105263157,3.5789473684210527,512.614198273838,1888.46,Salary,Low
TAXP00416,37,749500,0,3,0,0,0.122,0.195,47.0,24048.95,511.68,1.0,0.0212765957446808,0.10336170212765956,0.21872340425531914,0.19836170212765958,3.9148936170212765,818.282568056253,3863.21,Salary,Low
TAXP00016,26,350100,1,0,0,0,-0.222,0.135,54.0,22676.84,419.94,4.0,0.074074074074074,0.11696296296296296,0.18946296296296297,0.23094444444444445,4.092592592592593,642.5647081295492,2651.62,Salary,Low
TAXP02200,37,361900,1,3,0,0,0.198,0.092,28.0,5593.14,199.76,1.0,0.0357142857142857,0.12157142857142857,0.2686428571428571,0.18332142857142858,4.107142857142857,376.3983981791791,2030.85,Salary,Low
TAXP02599,65,163900,1,0,7600,0,0.285,0.242,1.0,62.67,62.67,0.0,0.0,0.018,0.156,0.258,4.0,0.0,62.67,Business,Low
TAXP00911,39,378300,1,1,0,0,-0.226,0.224,26.0,6798.19,261.47,0.0,0.0,0.08865384615384617,0.17507692307692307,0.18830769230769231,3.9615384615384617,366.863940319317,1509.95,Business,Low
TAXP00452,45,835600,0,0,0,0,0.075,0.335,4.0,369.62,92.4,0.0,0.0,0.1215,0.22275,0.16625,4.25,84.81,219.62,Business,Low
TAXP00228,56,2510700,0,0,0,1,0.184,0.562,13.0,20155.21,1550.4,0.0,0.0,0.09338461538461539,0.22261538461538463,0.15584615384615383,3.4615384615384617,2210.340290790318,8323.76,Professional,Low
TAXP03588,65,752400,1,2,0,0,0.179,0.363,15.0,9121.65,608.11,1.0,0.0666666666666666,0.11593333333333332,0.17326666666666665,0.23613333333333336,3.8666666666666667,911.342642713799,3326.97,Salary,Low
TAXP04609,55,286000,1,1,0,0,0.056,0.574,28.0,6590.72,235.38,0.0,0.0,0.12007142857142858,0.24942857142857142,0.22571428571428573,3.9285714285714284,408.3354434853154,1990.27,Multiple,Low
TAXP03030,43,791200,1,3,18200,0,0.209,0.296,13.0,11701.38,900.11,0.0,0.0,0.1356153846153846,0.2173846153846154,0.2169230769230769,4.0,1423.8763463080777,5336.19,Business,Low
TAXP04846,45,1214500,1,1,20800,1,0.019,0.336,41.0,54116.46,1319.91,2.0,0.048780487804878,0.13021951219512196,0.20802439024390243,0.24419512195121953,4.024390243902439,2637.7601473691243,15640.54,Salary,Low
TAXP01218,61,150000,1,1,0,1,0.045,0.058,11.0,3459.47,314.5,0.0,0.0,0.1580909090909091,0.2758181818181818,0.19872727272727272,3.6363636363636362,352.5599183143458,1181.75,Salary,Low
TAXP02266,29,1147500,1,2,0,0,-0.043,0.295,12.0,7488.33,624.03,0.0,0.0,0.08516666666666667,0.25766666666666665,0.20125,3.4166666666666665,514.2282176608323,1477.19,Business,Low
TAXP01591,57,239500,1,0,7800,0,0.016,0.211,34.0,8592.88,252.73,1.0,0.0294117647058823,0.11105882352941177,0.22261764705882353,0.1920294117647059,3.7058823529411766,313.6249438563722,1530.1,Salary+Investments,Low
TAXP03073,43,209700,1,2,6500,1,-0.188,0.395,13.0,3771.82,290.14,0.0,0.0,0.12423076923076923,0.24476923076923077,0.2166153846153846,4.076923076923077,384.0117818071038,1346.66,Multiple,Low
TAXP02260,41,966500,0,1,0,0,0.084,0.211,24.0,39687.81,1653.66,0.0,0.0,0.08229166666666667,0.20929166666666665,0.22641666666666668,4.166666666666667,4614.666882943248,22445.61,Salary,Low
TAXP02331,36,339500,1,2,0,1,-0.248,0.41,4.0,747.34,186.84,0.0,0.0,0.07175,0.13025,0.26,4.25,112.67594759604495,316.42,Salary,Low
TAXP01291,46,734500,1,1,0,1,0.088,0.234,1.0,82.38,82.38,0.0,0.0,0.166,0.109,0.408,10.0,0.0,82.38,Salary+Business,Low
TAXP03767,42,1264900,1,2,0,0,0.201,0.465,43.0,57929.78,1347.2,2.0,0.0465116279069767,0.12848837209302327,0.21153488372093024,0.19767441860465115,3.9767441860465116,2321.428366168874,9764.57,Business,Low
TAXP03177,56,1210000,1,1,0,0,0.282,0.445,18.0,12526.51,695.92,0.0,0.0,0.11577777777777779,0.21805555555555556,0.16972222222222222,4.222222222222222,579.0205145487512,1853.74,Salary,Low
TAXP03362,39,150000,0,1,10600,0,0.319,0.222,15.0,4010.85,267.39,0.0,0.0,0.12466666666666668,0.18493333333333334,0.1628,3.6666666666666665,443.97684358855605,1641.03,Salary+Investments,Low
TAXP02353,52,632800,0,1,0,1,0.25,0.405,20.0,12039.96,602.0,1.0,0.05,0.11885000000000001,0.20195,0.2434,3.7,677.5356911989369,2478.91,Business,Low
TAXP00135,36,225400,0,2,0,0,-0.323,0.133,16.0,2595.99,162.25,0.0,0.0,0.1058125,0.2019375,0.213125,3.3125,200.16376200397346,726.3,Salary+Investments,Low
TAXP03527,55,857500,0,3,0,2,0.16,0.197,38.0,34454.76,906.7,0.0,0.0,0.10897368421052632,0.21002631578947367,0.19292105263157897,3.526315789473684,1517.7442483637526,7692.38,Salary,Low
TAXP02153,32,353300,1,0,21800,0,-0.042,0.403,10.0,3965.9,396.59,1.0,0.1,0.09019999999999999,0.20179999999999998,0.1515,3.8,629.3105077958115,2154.68,Salary,Low
TAXP04737,58,370400,1,1,0,0,0.065,0.28,22.0,7143.1,324.69,1.0,0.0454545454545454,0.11527272727272728,0.23018181818181818,0.17095454545454547,3.5454545454545454,523.8684413325949,2493.08,Professional,Low
TAXP04826,42,406900,1,4,0,1,0.263,0.441,15.0,5717.8,381.19,2.0,0.1333333333333333,0.15273333333333333,0.24773333333333333,0.1993333333333333,5.466666666666667,492.9087805592237,1737.95,Salary+Business,Medium
TAXP00377,29,560700,1,0,0,0,0.182,0.201,4.0,993.03,248.26,1.0,0.25,0.17125,0.15275,0.26275,6.0,180.0898074804161,496.63,Salary,Medium
TAXP00759,29,1030200,1,1,17600,0,0.164,0.261,40.0,21357.62,533.94,1.0,0.025,0.11215,0.19875,0.19695000000000001,4.075,494.4364936377262,1780.49,Salary,Low
TAXP04662,58,502100,1,0,0,0,0.064,0.166,22.0,7326.25,333.01,0.0,0.0,0.10240909090909091,0.21477272727272725,0.22440909090909092,4.2727272727272725,427.0117847743164,1817.36,Professional,Low
TAXP00209,41,345400,1,0,0,0,-0.027,0.136,43.0,18144.86,421.97,2.0,0.0465116279069767,0.13499999999999998,0.23844186046511628,0.194953488372093,3.627906976744186,743.2947302026737,4083.98,Salary,Low
TAXP04867,42,340100,1,0,0,0,-0.236,0.388,40.0,12755.83,318.9,3.0,0.075,0.133025,0.2088,0.22679999999999997,4.0,434.0254529336902,2240.42,Salary+Business,Low
TAXP01658,30,183100,1,0,0,1,-0.054,0.396,12.0,4340.84,361.74,1.0,0.0833333333333333,0.12216666666666666,0.21941666666666668,0.25808333333333333,3.75,485.1924731173155,1602.6,Salary,Low
TAXP01847,61,665500,0,1,0,0,-0.061,0.184,27.0,17239.99,638.52,0.0,0.0,0.11292592592592593,0.17637037037037034,0.1867037037037037,4.037037037037037,864.7859799441577,3490.0,Salary,Low
TAXP04270,61,569300,1,1,0,0,0.173,0.281,20.0,23974.56,1198.73,1.0,0.05,0.0982,0.192,0.17175,3.3,2973.324158495089,13373.47,Professional,Low
TAXP02931,48,379800,1,0,0,1,-0.19,0.28,36.0,14917.78,414.38,2.0,0.0555555555555555,0.12286111111111112,0.17744444444444443,0.20305555555555557,4.111111111111111,799.9324930360817,4140.02,Salary+Business,Low
TAXP04718,42,502300,1,0,101900,1,-0.011,0.147,18.0,3805.38,211.41,0.0,0.0,0.12194444444444444,0.22055555555555556,0.25266666666666665,4.0,184.8177309102769,786.44,Salary+Investments,Low
TAXP03275,33,163500,1,0,0,0,0.17,0.34,7.0,1801.81,257.4,0.0,0.0,0.1227142857142857,0.16257142857142856,0.2631428571428571,3.4285714285714284,321.85799956029115,961.7,Business,Low
TAXP02853,50,1741100,1,0,0,0,0.245,0.252,31.0,38802.84,1251.7,4.0,0.1290322580645161,0.13151612903225807,0.25661290322580643,0.21696774193548388,4.354838709677419,1765.5843502286314,7182.54,Salary,Low
TAXP00483,59,694300,1,1,0,0,0.157,0.162,4.0,2915.61,728.9,0.0,0.0,0.057499999999999996,0.09175,0.1685,3.25,1087.2854879431006,2347.83,Salary+Investments,Low
TAXP04638,39,306500,1,0,71400,1,-0.083,0.195,8.0,1970.23,246.28,0.0,0.0,0.09875,0.16775,0.191625,2.75,225.42443266219266,629.49,Salary,Low
TAXP00121,35,311100,1,1,0,1,-0.008,0.294,13.0,5031.35,387.03,1.0,0.0769230769230769,0.1143076923076923,0.23476923076923079,0.1553076923076923,4.153846153846154,585.9037527527397,2087.22,Salary,Low
TAXP03021,22,269000,1,2,0,1,-0.005,0.111,5.0,405.33,81.07,1.0,0.2,0.1606,0.2566,0.2672,3.2,45.08066303860226,148.77,Salary,Medium
TAXP02745,64,1354300,1,1,0,0,0.292,0.503,28.0,25028.23,893.87,1.0,0.0357142857142857,0.09867857142857142,0.21885714285714286,0.15739285714285714,3.8214285714285716,1275.373352832292,5676.9,Business,Low
TAXP01617,57,5298800,1,1,23600,0,0.209,0.32,1.0,3611.06,3611.06,0.0,0.0,0.038,0.129,0.271,2.0,0.0,3611.06,Business,Low
TAXP00987,43,236500,1,0,13800,0,0.14,0.227,47.0,12662.93,269.42,5.0,0.1063829787234042,0.12606382978723404,0.23261702127659575,0.21204255319148935,3.723404255319149,399.14416631446306,1881.2,Salary,Low
TAXP02902,65,236100,1,0,58500,0,-0.082,0.445,26.0,6669.97,256.54,3.0,0.1153846153846153,0.15126923076923077,0.23157692307692307,0.19030769230769232,4.076923076923077,265.02741164728894,927.9,Multiple,Medium
TAXP01819,31,921000,1,0,8600,0,0.146,0.455,6.0,3076.4,512.73,0.0,0.0,0.11299999999999999,0.16483333333333336,0.18183333333333332,2.6666666666666665,575.8597091537719,1295.6,Salary,Low
TAXP02965,65,663400,1,2,0,0,0.07,0.183,6.0,3725.02,620.84,0.0,0.0,0.1235,0.2966666666666667,0.1755,4.666666666666667,469.20866439854524,1387.5,Salary+Business,Low
TAXP02231,62,921700,1,2,0,0,-0.083,0.181,24.0,26880.54,1120.02,0.0,0.0,0.09729166666666667,0.2549166666666667,0.18208333333333335,4.5,2298.716369952833,9415.16,Salary,Low
TAXP01324,32,211000,1,0,0,0,0.059,0.5,26.0,4947.49,190.29,0.0,0.0,0.13234615384615384,0.26884615384615385,0.1825,3.9615384615384617,247.17601571381036,1220.11,Salary,Low
TAXP03734,29,496300,1,0,0,0,0.39,0.585,9.0,13691.24,1521.25,1.0,0.1111111111111111,0.12677777777777777,0.17355555555555557,0.24844444444444447,4.0,2812.0266651716,8092.93,Business,Low
TAXP03018,51,1391500,1,0,63500,0,0.263,0.546,7.0,5036.38,719.48,0.0,0.0,0.08314285714285714,0.11057142857142857,0.12614285714285714,4.0,799.683258624194,2481.2,Salary+Business,Low
TAXP03386,65,883400,1,0,4200,0,0.034,0.257,15.0,4745.85,316.39,1.0,0.0666666666666666,0.1306,0.21826666666666666,0.22653333333333334,4.6,328.71649358853733,1386.69,Business,Low
TAXP04275,56,863000,1,2,0,0,0.133,0.21,7.0,3815.61,545.09,2.0,0.2857142857142857,0.15799999999999997,0.2744285714285714,0.2777142857142857,4.0,535.5093998463608,1631.7,Professional,Medium
TAXP01590,64,468200,1,2,4500,0,-0.055,0.192,23.0,6564.08,285.39,1.0,0.0434782608695652,0.11678260869565217,0.2285217391304348,0.21434782608695654,4.130434782608695,375.147443218476,1749.87,Salary,Low
TAXP00287,58,785900,1,1,0,0,-0.131,0.106,14.0,12382.42,884.46,0.0,0.0,0.08571428571428572,0.16107142857142856,0.1605,3.9285714285714284,1104.6115362206065,3923.22,Salary,Low
TAXP00778,56,865100,1,2,22000,1,0.308,0.276,2.0,431.17,215.58,0.0,0.0,0.117,0.29400000000000004,0.2645,2.0,1.7889801564019558,216.85,Business,Low
TAXP01024,65,1012900,1,1,0,0,0.162,0.097,4.0,1217.36,304.34,0.0,0.0,0.09475,0.28049999999999997,0.23049999999999998,3.0,203.06771809751874,603.9,Professional,Low
TAXP00706,58,321900,1,1,0,1,0.149,0.144,15.0,3024.98,201.67,0.0,0.0,0.10986666666666665,0.21646666666666667,0.15666666666666668,4.4,220.9613895446981,789.38,Professional,Low
TAXP02366,59,1886800,1,1,9900,0,-0.247,0.263,45.0,108965.24,2421.45,2.0,0.0444444444444444,0.12082222222222223,0.23706666666666665,0.19395555555555555,3.911111111111111,3767.1777846090863,16620.45,Salary,Low
TAXP04058,45,1086400,1,1,0,0,0.409,0.35,1.0,50.0,50.0,1.0,1.0,0.276,0.118,0.096,6.0,0.0,50.0,Salary+Business,Medium
TAXP01951,34,676900,1,1,0,1,-0.193,0.1,11.0,3145.42,285.95,0.0,0.0,0.10427272727272728,0.21654545454545457,0.20199999999999999,3.8181818181818183,418.5215309656341,1524.15,Salary,Low
TAXP03293,21,455200,1,4,39900,0,0.307,0.344,53.0,17486.33,329.93,2.0,0.0377358490566037,0.10162264150943397,0.21709433962264152,0.2129056603773585,3.6226415094339623,463.71154214931545,2792.81,Salary,Medium
TAXP03692,53,611100,1,3,0,0,0.2,0.234,6.0,1085.97,181.0,1.0,0.1666666666666666,0.1205,0.258,0.2245,3.6666666666666665,195.54484997053743,521.14,Business,Low
TAXP00038,23,355000,1,0,0,0,0.128,0.187,13.0,4277.05,329.0,0.0,0.0,0.09392307692307691,0.24176923076923076,0.1766153846153846,4.0,341.7679345096236,1241.64,Business,Low
TAXP00060,42,1305200,1,0,0,0,0.457,0.257,37.0,30186.45,815.85,3.0,0.081081081081081,0.11127027027027027,0.20916216216216216,0.1865945945945946,3.945945945945946,900.8990794756091,3475.15,Professional,Low
TAXP01682,29,310700,0,2,0,0,0.303,0.208,13.0,2297.51,176.73,0.0,0.0,0.15676923076923074,0.23246153846153844,0.1682307692307692,4.384615384615385,199.89572122509915,761.01,Business,Low
TAXP01265,45,627200,1,0,0,1,-0.335,0.572,13.0,8060.52,620.04,0.0,0.0,0.09915384615384615,0.25484615384615383,0.1773846153846154,3.6153846153846154,1017.8731647738173,3740.88,Salary+Investments,Low
TAXP03465,53,925900,1,1,5300,0,0.081,0.306,12.0,8313.77,692.81,0.0,0.0,0.10375000000000001,0.23024999999999998,0.1505,3.1666666666666665,636.633023183948,2015.2,Salary,Low
TAXP02827,23,2448700,1,1,0,0,-0.093,0.512,45.0,74288.22,1650.85,3.0,0.0666666666666666,0.11895555555555555,0.23151111111111108,0.17286666666666667,3.7111111111111112,1669.3693436994813,8111.85,Salary,Low
TAXP00372,43,1692300,1,1,0,1,0.178,0.312,6.0,14947.04,2491.17,2.0,0.3333333333333333,0.18016666666666667,0.30916666666666665,0.25233333333333335,4.0,1879.354421025121,5095.72,Salary,Medium
TAXP03607,60,198500,1,1,0,0,-0.126,0.41,16.0,4152.0,259.5,2.0,0.125,0.14225,0.1955,0.20074999999999998,4.5625,307.99583776408406,1134.35,Salary,Low
TAXP04814,21,631700,1,0,28400,0,0.421,0.038,6.0,4904.43,817.41,0.0,0.0,0.11283333333333334,0.206,0.21333333333333335,4.333333333333333,795.7908083598352,2290.65,Salary+Investments,Low
TAXP04789,42,2706600,1,0,0,0,0.13,0.158,7.0,9598.17,1371.17,1.0,0.1428571428571428,0.15799999999999997,0.20885714285714285,0.2712857142857143,3.2857142857142856,1491.3250272795922,4334.05,Salary+Investments,Low
TAXP03681,38,412000,1,2,18700,1,0.013,0.754,4.0,1476.84,369.21,0.0,0.0,0.0775,0.14049999999999999,0.201,3.0,369.4261617698454,875.13,Salary,Low
TAXP00149,36,1400400,1,0,0,0,-0.06,0.331,6.0,8548.48,1424.75,0.0,0.0,0.11233333333333333,0.13066666666666668,0.19666666666666666,4.333333333333333,2304.7575717343175,6009.7,Business,Low
TAXP03301,30,966000,1,0,0,0,0.106,0.336,15.0,10272.52,684.83,1.0,0.0666666666666666,0.15353333333333333,0.29159999999999997,0.22319999999999998,3.8666666666666667,1042.0838765450878,4192.58,Salary+Investments,Low
TAXP04350,55,944600,1,1,0,1,-0.128,0.221,5.0,1048.77,209.75,1.0,0.2,0.1406,0.1732,0.24180000000000001,3.0,242.66258504351262,632.97,Professional,Medium
TAXP02116,62,539300,0,1,0,0,0.129,0.481,1.0,56.77,56.77,1.0,1.0,0.281,0.346,0.206,8.0,0.0,56.77,Salary,Medium
TAXP04125,21,1112900,1,1,0,1,0.018,0.302,34.0,33836.09,995.18,1.0,0.0294117647058823,0.12764705882352942,0.2028529411764706,0.22776470588235292,4.117647058823529,1794.4381905130992,9955.44,Business,Low
TAXP01859,51,862800,1,1,0,0,0.036,0.153,27.0,33524.96,1241.67,2.0,0.074074074074074,0.11403703703703703,0.2604074074074074,0.22385185185185183,4.2592592592592595,2363.18257247651,10840.88,Salary+Business,Low
TAXP00575,65,745200,0,1,0,0,0.368,0.21,26.0,9245.59,355.6,1.0,0.0384615384615384,0.11611538461538462,0.19265384615384618,0.21407692307692308,3.769230769230769,425.4152605018373,1616.68,Salary,Low
TAXP03626,49,2787500,1,4,15100,0,0.133,0.191,16.0,41740.17,2608.76,1.0,0.0625,0.1124375,0.23725,0.190375,4.0625,3419.0388434947986,11899.72,Professional,Low
TAXP03132,29,401300,1,1,0,0,-0.158,0.147,11.0,1197.02,108.82,0.0,0.0,0.13681818181818184,0.24309090909090908,0.24636363636363637,3.909090909090909,63.46578511292522,253.5,Salary+Business,Low
TAXP00844,28,607800,0,2,0,1,0.073,0.316,18.0,13069.13,726.06,2.0,0.1111111111111111,0.1308888888888889,0.23827777777777776,0.152,4.277777777777778,1313.9183184559774,5506.42,Professional,Medium
TAXP02229,29,3136300,0,3,0,0,-0.004,0.481,7.0,25811.18,3687.31,1.0,0.1428571428571428,0.10371428571428572,0.208,0.17785714285714288,5.142857142857143,4813.189409596055,14142.36,Salary,Medium
TAXP04387,45,530000,0,1,0,0,-0.251,0.132,24.0,10053.02,418.88,1.0,0.0416666666666666,0.12866666666666668,0.2780416666666667,0.15025,3.3333333333333335,672.4559253888539,3106.3,Salary,Low
TAXP03657,43,549700,1,0,0,1,0.191,0.269,10.0,3347.62,334.76,0.0,0.0,0.1276,0.2989,0.1963,2.8,369.3924857504398,1209.32,Salary+Business,Low
TAXP00819,26,791300,1,0,0,0,-0.194,0.248,23.0,19827.13,862.05,0.0,0.0,0.11773913043478261,0.2192608695652174,0.18556521739130433,3.5217391304347827,1394.3222606860527,6468.72,Salary+Investments,Low
TAXP00413,38,398900,1,0,0,0,0.457,0.344,18.0,4806.13,267.01,1.0,0.0555555555555555,0.12188888888888888,0.2451111111111111,0.20333333333333334,3.6666666666666665,280.6442011600654,1032.09,Salary,Low
TAXP00746,40,1270500,1,1,17500,0,0.072,0.286,12.0,11539.56,961.63,1.0,0.0833333333333333,0.12816666666666668,0.19774999999999998,0.15566666666666668,4.583333333333333,1699.0831218684334,6184.38,Salary+Investments,Low
TAXP04629,24,393200,1,1,15600,2,0.163,0.1,12.0,8452.87,704.41,1.0,0.0833333333333333,0.15025,0.27491666666666664,0.1585,3.8333333333333335,1571.3270316024914,5628.42,Salary,Low
TAXP01580,52,833700,1,0,0,0,-0.122,0.322,11.0,8780.8,798.25,3.0,0.2727272727272727,0.14409090909090908,0.2943636363636364,0.1998181818181818,4.636363636363637,887.8749470433733,2425.35,Salary,Medium
TAXP00641,45,221600,1,2,51500,2,-0.182,0.293,31.0,13051.25,421.01,3.0,0.0967741935483871,0.11596774193548388,0.21012903225806454,0.2262258064516129,4.161290322580645,879.2318811948655,4236.15,Salary+Investments,Medium
TAXP03154,44,590200,1,0,0,0,0.047,0.485,26.0,8019.25,308.43,1.0,0.0384615384615384,0.12076923076923077,0.2521923076923077,0.16411538461538464,3.9615384615384617,300.0184744252619,1090.62,Salary,Low
TAXP03823,40,620800,1,0,0,1,-0.18,0.394,40.0,12135.13,303.38,2.0,0.05,0.12132499999999999,0.2121,0.159525,4.45,357.5520312567575,1886.59,Salary+Business,Low
TAXP01269,44,1038100,1,1,6700,0,0.289,0.166,36.0,24493.65,680.38,2.0,0.0555555555555555,0.1238611111111111,0.23169444444444443,0.19319444444444445,4.111111111111111,947.4174542810729,4250.53,Salary,Low
TAXP00580,43,844400,1,0,0,1,0.036,0.408,30.0,25412.47,847.08,1.0,0.0333333333333333,0.1105,0.19003333333333333,0.14983333333333335,3.933333333333333,1894.253362126844,10145.75,Salary+Investments,Low
TAXP04502,29,1420300,1,0,0,0,0.109,0.6,30.0,19755.21,658.51,1.0,0.0333333333333333,0.1331,0.20170000000000002,0.18986666666666666,4.233333333333333,1207.0973383033222,6689.61,Multiple,Low
TAXP01432,36,333000,1,2,122100,0,0.162,0.122,7.0,3283.61,469.09,1.0,0.1428571428571428,0.13842857142857143,0.2302857142857143,0.1697142857142857,3.7142857142857144,665.6110312515933,1950.76,Salary+Investments,High
TAXP03380,64,532100,1,3,0,0,0.05,0.156,9.0,2170.83,241.2,0.0,0.0,0.12966666666666668,0.2751111111111111,0.2241111111111111,3.6666666666666665,200.478717199607,654.87,Salary,Low
TAXP00917,54,1828200,1,2,0,0,0.254,0.076,4.0,4167.91,1041.98,1.0,0.25,0.12425,0.134,0.25425,3.75,1120.3155554686366,2683.66,Salary,Medium
TAXP03507,48,570500,1,1,0,0,-0.118,0.273,8.0,2287.96,286.0,1.0,0.125,0.110625,0.3195,0.14950000000000002,4.0,211.08327239673514,728.06,Salary+Investments,Low
TAXP00950,41,150000,1,0,0,0,0.051,0.258,39.0,8820.86,226.18,5.0,0.1282051282051282,0.12287179487179486,0.24115384615384614,0.1834102564102564,4.051282051282051,323.45052748464406,1549.63,Salary+Investments,Low
TAXP02572,51,1030400,1,1,7200,0,0.082,0.453,31.0,32644.24,1053.04,0.0,0.0,0.1213225806451613,0.20248387096774195,0.19161290322580643,4.193548387096774,1660.4281377082639,7027.34,Salary,Low
TAXP02727,52,338800,1,1,67500,1,-0.039,0.151,9.0,3553.36,394.82,0.0,0.0,0.10066666666666667,0.13322222222222224,0.21911111111111112,3.7777777777777777,456.0381052274518,1528.04,Salary,Low
TAXP02529,56,1417000,1,0,0,0,0.156,0.112,35.0,47936.47,1369.61,0.0,0.0,0.11211428571428571,0.21662857142857142,0.20062857142857143,4.057142857142857,3326.867706621123,19035.68,Salary+Business,Low
TAXP04704,30,788500,1,0,26900,0,0.412,0.226,38.0,12865.97,338.58,1.0,0.0263157894736842,0.10447368421052632,0.20202631578947366,0.19021052631578947,3.9473684210526314,390.7273410341924,1923.91,Salary,Low
TAXP01100,29,1589500,1,1,32600,0,0.409,0.084,43.0,72568.96,1687.65,1.0,0.0232558139534883,0.1172325581395349,0.22204651162790698,0.17872093023255814,4.116279069767442,3725.7078556190327,20001.29,Business,Low
TAXP03074,50,1132200,1,2,0,0,0.003,0.267,6.0,7065.16,1177.53,1.0,0.1666666666666666,0.13383333333333333,0.15583333333333335,0.21083333333333332,4.5,1251.8668583945605,3274.47,Salary+Investments,Low
TAXP02665,35,479500,1,0,0,0,-0.148,0.327,15.0,4256.39,283.76,2.0,0.1333333333333333,0.14306666666666665,0.24653333333333333,0.22166666666666668,4.4,412.1438612819327,1609.85,Multiple,Low
TAXP04617,47,150000,1,2,37800,0,0.216,0.102,10.0,1756.53,175.65,0.0,0.0,0.12350000000000001,0.19319999999999998,0.2202,4.1,218.20397995402783,723.62,Salary,Low
TAXP01595,56,853300,1,3,0,0,0.047,0.232,1.0,160.72,160.72,0.0,0.0,0.195,0.134,0.189,5.0,0.0,160.72,Salary+Investments,Low
TAXP04541,36,1392200,1,1,17300,0,0.208,0.185,31.0,27907.23,900.23,1.0,0.032258064516129,0.09880645161290323,0.18351612903225806,0.21729032258064515,4.354838709677419,1112.7153593691037,5509.08,Salary+Business,Low
TAXP03031,28,604900,0,3,0,1,0.068,0.591,4.0,5791.47,1447.87,0.0,0.0,0.10875,0.16025,0.196,4.5,1737.968987896984,4054.33,Business,Low
TAXP02708,23,150000,1,0,0,0,-0.125,0.335,11.0,2061.12,187.37,0.0,0.0,0.128,0.2567272727272727,0.17254545454545453,4.454545454545454,151.21278943023546,519.88,Salary+Business,Low
TAXP00729,60,286000,1,1,0,0,0.331,0.239,9.0,1796.59,199.62,1.0,0.1111111111111111,0.11722222222222221,0.17144444444444443,0.196,3.3333333333333335,212.84846613520875,566.64,Salary+Business,Low
TAXP04368,51,571300,1,0,0,1,0.131,0.303,42.0,18324.44,436.3,4.0,0.0952380952380952,0.12254761904761906,0.23919047619047618,0.1837857142857143,3.857142857142857,541.5504676838053,2101.41,Multiple,Low
TAXP00079,27,1019800,1,0,0,0,-0.152,0.239,15.0,16411.16,1094.08,0.0,0.0,0.09993333333333335,0.23446666666666666,0.18886666666666665,4.333333333333333,1998.9160633827335,7966.37,Business,Low
TAXP02951,63,280000,0,2,0,1,0.187,0.179,43.0,24642.3,573.08,3.0,0.0697674418604651,0.138046511627907,0.19881395348837208,0.20869767441860465,3.953488372093023,1015.9791679827208,4818.26,Business,Medium
TAXP03606,54,1161400,1,0,0,1,-0.096,0.149,14.0,9453.26,675.23,2.0,0.1428571428571428,0.16492857142857145,0.28585714285714287,0.21928571428571428,3.4285714285714284,653.3703318878266,2174.62,Multiple,Low
TAXP04678,26,1155400,1,1,0,0,-0.271,0.05,18.0,17213.63,956.31,1.0,0.0555555555555555,0.1101111111111111,0.17144444444444443,0.20622222222222222,4.277777777777778,1381.9609524014845,5715.57,Salary,Low
TAXP02832,43,1316900,1,1,0,1,0.122,0.394,25.0,24773.38,990.94,2.0,0.08,0.12496,0.23263999999999999,0.19436,4.0,1110.758487926606,4176.18,Salary+Investments,Low
TAXP02175,55,827300,1,2,0,0,0.089,0.191,31.0,14937.12,481.84,1.0,0.032258064516129,0.11112903225806452,0.23648387096774193,0.1884516129032258,4.129032258064516,484.7701477261689,1896.77,Multiple,Low
TAXP00421,23,694600,1,0,0,1,-0.01,0.306,25.0,24899.36,995.97,3.0,0.12,0.13016,0.2298,0.1772,4.52,1964.80644824556,9875.49,Business,Low
TAXP01639,25,653900,1,0,275800,0,-0.171,0.291,45.0,18982.89,421.84,4.0,0.0888888888888888,0.12242222222222222,0.21046666666666666,0.21784444444444445,4.177777777777778,600.9207404535749,3662.19,Salary,High
TAXP02380,39,610700,0,2,0,1,-0.127,0.228,6.0,3871.23,645.21,0.0,0.0,0.12966666666666668,0.27899999999999997,0.20566666666666666,4.0,691.9919426337275,1841.55,Business,Low
TAXP03713,65,584700,0,1,0,0,0.054,0.437,28.0,14192.36,506.87,0.0,0.0,0.12828571428571428,0.20267857142857143,0.20503571428571427,4.0,938.3927384629529,4814.04,Business,Low
TAXP01908,64,722700,1,1,0,0,-0.08,0.227,26.0,15835.87,609.07,3.0,0.1153846153846153,0.12880769230769232,0.26296153846153847,0.21796153846153846,4.0,1299.2261885815549,6748.66,Professional,Low
TAXP01243,47,2184500,1,0,0,0,0.331,0.241,32.0,39502.26,1234.45,3.0,0.09375,0.13684375,0.2354375,0.2230625,4.40625,1451.122955589328,7536.86,Salary,Low
TAXP04573,64,813300,1,1,0,0,-0.175,0.292,19.0,12781.9,672.73,2.0,0.1052631578947368,0.14142105263157895,0.23773684210526316,0.2098421052631579,4.157894736842105,1006.5850117339164,4344.26,Salary,Low
TAXP03990,34,338000,1,0,0,0,0.077,0.167,26.0,6152.1,236.62,0.0,0.0,0.11192307692307693,0.19376923076923078,0.17911538461538462,4.230769230769231,293.07890360001113,1072.76,Multiple,Low
TAXP03443,63,680600,1,0,0,0,0.227,0.167,73.0,45718.39,626.28,3.0,0.0410958904109589,0.1158082191780822,0.22271232876712327,0.21476712328767125,3.9452054794520546,2104.3014259945226,17830.81,Salary,Low
TAXP02039,55,317800,1,1,0,0,-0.146,0.334,7.0,2294.92,327.85,0.0,0.0,0.14757142857142855,0.27685714285714286,0.16985714285714287,4.857142857142857,302.4610961130452,762.33,Salary,Low
TAXP04334,55,1356300,1,1,0,0,0.092,0.185,14.0,24054.43,1718.17,0.0,0.0,0.12864285714285714,0.2297857142857143,0.17921428571428571,4.142857142857143,2795.8922317945917,10090.73,Business,Low
TAXP03028,42,244500,1,0,0,1,0.132,0.283,20.0,10498.33,524.92,2.0,0.1,0.12725,0.22444999999999998,0.2508,4.15,770.1334782072042,2998.18,Salary+Investments,Low
TAXP02527,35,618000,1,0,0,0,0.403,0.321,15.0,12227.47,815.16,1.0,0.0666666666666666,0.12286666666666667,0.17226666666666668,0.22093333333333334,4.266666666666667,1210.9055860203298,4676.02,Salary,Low
TAXP01923,52,163000,1,0,0,0,-0.173,0.089,11.0,4211.41,382.86,1.0,0.0909090909090909,0.112,0.22145454545454546,0.22172727272727275,4.181818181818182,813.8317039826311,2817.81,Salary,Low
TAXP00230,32,528500,1,1,0,0,0.053,0.316,15.0,4059.91,270.66,2.0,0.1333333333333333,0.15046666666666667,0.2506666666666667,0.20986666666666667,3.6,243.90424659416382,984.38,Salary+Investments,Low
TAXP00794,50,861500,1,1,0,1,0.035,0.252,36.0,24122.08,670.06,1.0,0.0277777777777777,0.12130555555555556,0.2261388888888889,0.20144444444444443,3.5,938.7311112168112,3828.44,Salary,Low
TAXP02709,38,808000,1,0,0,0,0.127,0.754,29.0,16664.17,574.63,2.0,0.0689655172413793,0.10344827586206896,0.19517241379310346,0.21455172413793103,4.344827586206897,749.3503538173958,3849.52,Salary,Low
TAXP04742,32,599700,1,0,0,0,0.189,0.141,59.0,36714.25,622.28,1.0,0.0169491525423728,0.12849152542372883,0.2296779661016949,0.18935593220338984,4.169491525423729,975.4976912825896,6244.18,Salary,Low
TAXP04112,40,971800,0,2,0,1,0.245,0.405,23.0,19862.51,863.59,1.0,0.0434782608695652,0.1328695652173913,0.24000000000000002,0.2098695652173913,3.8260869565217392,978.7061251339462,4192.5,Business,Low
TAXP03794,62,1093300,1,3,0,0,0.074,0.192,21.0,32130.66,1530.03,0.0,0.0,0.10980952380952382,0.2197142857142857,0.18419047619047618,3.4285714285714284,2959.529294163661,13819.38,Business,Low
TAXP03150,59,772100,1,0,8300,0,0.254,0.433,15.0,48699.32,3246.62,1.0,0.0666666666666666,0.13520000000000001,0.23286666666666667,0.193,3.466666666666667,8620.070903564761,33818.25,Business,Low
TAXP03499,63,550200,0,1,0,0,0.298,0.363,24.0,10730.39,447.1,2.0,0.0833333333333333,0.12895833333333334,0.2836666666666667,0.22479166666666664,3.5,560.951535010159,2298.29,Salary+Business,Low
TAXP02185,37,185600,1,0,0,1,0.101,0.104,11.0,3316.08,301.46,2.0,0.1818181818181818,0.16036363636363637,0.2659090909090909,0.1731818181818182,3.909090909090909,307.11889273759056,989.11,Business,Low
TAXP02450,44,1172300,0,1,0,0,0.035,0.118,64.0,65196.83,1018.7,1.0,0.015625,0.110921875,0.212328125,0.222859375,3.609375,1442.872219288671,6583.57,Professional,Low
TAXP00284,23,901600,0,1,5400,0,-0.15,0.16,26.0,23008.88,884.96,1.0,0.0384615384615384,0.09196153846153846,0.17376923076923076,0.1838076923076923,3.6923076923076925,1377.4903722342865,6499.67,Business,Low
TAXP02419,62,1013000,1,0,0,0,0.133,0.323,52.0,51608.5,992.47,3.0,0.0576923076923076,0.12186538461538461,0.24830769230769228,0.17746153846153845,4.288461538461538,2061.3720338293,13555.29,Salary,Low
TAXP03394,31,305800,1,2,0,0,0.333,0.52,8.0,1137.93,142.24,0.0,0.0,0.131,0.224875,0.254,3.25,173.9628252930165,530.4,Salary,Low
TAXP04009,29,355500,1,1,107700,0,0.194,0.276,16.0,8268.7,516.79,1.0,0.0625,0.1413125,0.2464375,0.21175,3.8125,753.6636574482899,2358.35,Professional,Medium
TAXP04503,53,253500,0,0,10900,0,-0.109,0.187,2.0,685.1,342.55,0.0,0.0,0.0895,0.21500000000000002,0.252,3.5,413.728177672249,635.1,Salary+Business,Low
TAXP04254,52,173200,0,1,0,2,-0.116,0.379,3.0,3300.04,1100.01,1.0,0.3333333333333333,0.132,0.18533333333333335,0.3,2.6666666666666665,1734.8633668774419,3102.68,Business,Medium
TAXP03661,61,657000,1,0,0,1,0.256,0.344,25.0,19424.32,776.97,1.0,0.04,0.12503999999999998,0.24336000000000002,0.18508,3.84,928.0045124464644,3810.33,Salary,Low
TAXP01945,64,494500,1,0,0,0,0.357,0.331,6.0,3021.65,503.61,0.0,0.0,0.12833333333333333,0.20366666666666666,0.215,2.5,623.0044887612502,1457.51,Salary+Business,Low
TAXP02483,48,760200,0,2,0,1,0.303,0.294,3.0,3745.97,1248.66,0.0,0.0,0.117,0.2763333333333333,0.21166666666666667,5.0,1256.2282535165866,2690.29,Business,Low
TAXP04754,38,232200,1,2,0,0,0.104,0.493,7.0,3524.34,503.48,0.0,0.0,0.14757142857142855,0.24371428571428572,0.34685714285714286,3.5714285714285716,590.0397915032027,1768.76,Salary,Low
TAXP01458,43,693900,1,0,0,0,-0.203,0.174,14.0,7066.65,504.76,3.0,0.2142857142857142,0.13757142857142857,0.2925,0.21778571428571428,4.285714285714286,603.088421868434,2001.94,Multiple,Medium
TAXP00260,56,241500,1,0,0,1,-0.02,0.376,51.0,13844.98,271.47,3.0,0.0588235294117647,0.12709803921568627,0.2233529411764706,0.21433333333333332,3.980392156862745,422.9048829866602,2098.75,Salary,Low
TAXP02749,59,576500,1,0,5900,0,0.022,0.13,22.0,4323.75,196.53,2.0,0.0909090909090909,0.12554545454545454,0.2406818181818182,0.2046818181818182,4.090909090909091,162.85870114799022,685.97,Professional,Low
TAXP02205,55,1415400,1,0,0,0,0.085,0.48,22.0,20623.49,937.43,1.0,0.0454545454545454,0.12636363636363634,0.19368181818181818,0.1992727272727273,4.454545454545454,1434.7593645901059,5900.23,Salary,Low
TAXP01153,21,791000,0,1,0,0,-0.162,0.441,13.0,21840.58,1680.04,2.0,0.1538461538461538,0.15592307692307694,0.24000000000000002,0.223,3.3076923076923075,3118.4714573024803,9593.32,Salary,Medium
TAXP02918,45,2429100,1,0,0,0,0.163,0.128,15.0,15183.53,1012.24,1.0,0.0666666666666666,0.11986666666666666,0.22440000000000002,0.19066666666666665,4.266666666666667,829.9665545573566,2389.82,Salary,Low
TAXP03268,51,632000,1,1,0,0,-0.073,0.399,23.0,5751.21,250.05,2.0,0.0869565217391304,0.14117391304347826,0.2268695652173913,0.2308695652173913,3.869565217391304,270.661668126252,1296.1,Business,Low
TAXP04225,51,395700,1,2,0,0,0.246,0.619,6.0,403.57,67.26,0.0,0.0,0.09150000000000001,0.17633333333333334,0.1825,3.6666666666666665,27.061107454549354,108.34,Business,Low
TAXP04366,41,1305700,1,0,0,0,0.186,0.09,19.0,20170.99,1061.63,0.0,0.0,0.12215789473684212,0.19673684210526315,0.19057894736842104,4.052631578947368,793.1069251220847,2790.49,Professional,Low
TAXP02523,41,557300,1,0,0,0,0.059,0.192,23.0,8805.9,382.87,1.0,0.0434782608695652,0.1252173913043478,0.26517391304347826,0.19704347826086957,3.869565217391304,691.2227760206716,2940.04,Salary+Business,Low
TAXP02040,35,803600,1,0,0,0,0.246,0.271,15.0,18206.7,1213.78,0.0,0.0,0.1376,0.21886666666666665,0.28186666666666665,3.1333333333333333,2241.5971241027487,8943.47,Business,Low
TAXP01450,61,424100,1,1,0,0,0.13,0.153,37.0,8149.28,220.25,3.0,0.081081081081081,0.11264864864864865,0.21943243243243243,0.18294594594594596,3.810810810810811,420.50523982320215,2085.33,Professional,Low
TAXP03399,23,170600,1,0,0,1,0.36,0.152,45.0,22623.01,502.73,3.0,0.0666666666666666,0.1376888888888889,0.23177777777777778,0.2262222222222222,3.933333333333333,1061.0109854845468,5958.39,Salary,Low
TAXP03639,30,771100,1,3,69800,0,0.265,0.18,15.0,9314.61,620.97,1.0,0.0666666666666666,0.08793333333333334,0.22673333333333334,0.1702,4.0,691.3003731767297,2162.71,Salary,Medium
TAXP00541,59,193000,1,1,12700,0,0.151,0.184,21.0,6642.9,316.33,2.0,0.0952380952380952,0.13747619047619047,0.22985714285714284,0.20004761904761903,3.1904761904761907,277.5745709766245,938.05,Salary,Low
TAXP02228,54,986400,1,2,0,0,0.183,0.175,5.0,2127.63,425.53,1.0,0.2,0.132,0.2698,0.23759999999999998,4.2,366.9958109161466,1047.72,Salary,Medium
TAXP03255,47,497900,1,2,18000,0,0.031,0.25,17.0,4585.93,269.76,1.0,0.0588235294117647,0.12300000000000001,0.2094705882352941,0.21441176470588236,3.8823529411764706,206.2892378879285,684.97,Business,Low
TAXP04974,61,150000,0,0,0,2,0.091,0.532,13.0,2049.28,157.64,2.0,0.1538461538461538,0.1586153846153846,0.22576923076923078,0.24246153846153848,5.3076923076923075,164.92107013076566,534.36,Salary+Investments,Medium
TAXP01512,31,964500,1,0,0,0,0.233,0.109,28.0,17465.32,623.76,1.0,0.0357142857142857,0.09546428571428571,0.20242857142857143,0.19485714285714287,3.9285714285714284,897.2945056430151,3776.72,Salary+Investments,Low
TAXP04993,57,433100,1,1,0,1,0.167,0.64,19.0,6783.86,357.05,1.0,0.0526315789473684,0.12247368421052632,0.21110526315789474,0.19194736842105264,3.6315789473684212,517.191804474128,1754.13,Salary+Investments,Low
TAXP04060,22,605500,1,0,0,0,0.114,0.313,8.0,2095.85,261.98,0.0,0.0,0.14750000000000002,0.274,0.173125,4.875,282.9111872472399,892.52,Business,Low
TAXP02944,61,526200,0,1,0,0,0.254,0.204,38.0,18929.71,498.15,2.0,0.0526315789473684,0.11957894736842106,0.19539473684210526,0.23165789473684212,4.052631578947368,967.6579977129145,5684.37,Multiple,Low
TAXP02135,45,365700,1,1,8500,0,0.04,0.352,7.0,752.78,107.54,1.0,0.1428571428571428,0.11114285714285713,0.14357142857142854,0.1524285714285714,4.285714285714286,107.51152697889346,341.48,Salary,Low
TAXP02367,28,1455300,1,0,7800,0,-0.084,0.219,30.0,35377.79,1179.26,1.0,0.0333333333333333,0.11293333333333333,0.22063333333333332,0.19506666666666667,4.233333333333333,2088.598939095187,11470.05,Salary,Low
TAXP03339,41,298900,1,0,0,0,-0.406,0.401,7.0,667.82,95.4,0.0,0.0,0.08,0.1605714285714286,0.17814285714285716,3.857142857142857,38.61604015357941,143.81,Business,Low
TAXP02315,31,929100,1,0,0,1,0.181,0.134,6.0,5016.57,836.09,0.0,0.0,0.11933333333333333,0.11666666666666665,0.242,3.8333333333333335,458.9054135984888,1389.91,Business,Low
TAXP04495,30,820500,1,2,0,3,0.21,0.246,36.0,19128.95,531.36,4.0,0.1111111111111111,0.12563888888888888,0.2115277777777778,0.2205,4.055555555555555,619.7644942279568,2847.03,Business,Medium
TAXP00152,25,308400,1,0,0,2,-0.09,0.165,21.0,7321.56,348.65,1.0,0.0476190476190476,0.10385714285714286,0.20223809523809524,0.19104761904761908,4.190476190476191,541.3038142815126,2303.92,Salary+Investments,Low
TAXP00317,58,681900,1,1,19300,0,-0.012,0.349,5.0,3506.83,701.37,0.0,0.0,0.11439999999999999,0.219,0.1918,3.6,778.9601381200453,1675.34,Salary,Low
TAXP04263,60,464500,1,1,0,0,0.201,0.256,14.0,3788.66,270.62,0.0,0.0,0.097,0.24064285714285716,0.16192857142857142,4.0,216.12662488091925,709.07,Multiple,Low
TAXP03805,56,1319100,1,0,0,0,-0.053,0.198,5.0,4903.67,980.73,0.0,0.0,0.0386,0.16099999999999998,0.19619999999999999,3.6,884.7040135435127,2066.46,Business,Low
TAXP02819,44,1117700,1,1,15600,1,0.152,0.496,13.0,7737.89,595.22,0.0,0.0,0.10176923076923076,0.22376923076923078,0.1340769230769231,4.230769230769231,720.8031323247914,2725.09,Professional,Low
TAXP01609,48,555700,1,0,28400,0,0.032,0.164,23.0,14589.53,634.33,3.0,0.1304347826086956,0.1082608695652174,0.19047826086956524,0.16439130434782606,4.260869565217392,1304.6980729349448,6107.54,Business,Low
TAXP03296,21,1016000,1,0,0,0,-0.107,0.239,8.0,7836.41,979.55,0.0,0.0,0.1375,0.202625,0.21225,4.5,1100.4252262315626,2842.23,Multiple,Low
TAXP04361,49,837800,1,0,0,0,-0.078,0.175,21.0,11902.49,566.79,0.0,0.0,0.0897142857142857,0.1952380952380952,0.1810952380952381,3.6666666666666665,878.999800191212,4073.16,Salary,Low
TAXP03712,24,1051600,0,3,0,0,0.119,0.16,3.0,3876.16,1292.05,0.0,0.0,0.18633333333333332,0.14766666666666667,0.28200000000000003,5.333333333333333,739.7498524726675,1785.07,Salary,Low
TAXP03802,41,379100,1,1,0,0,0.162,0.171,23.0,15910.06,691.74,2.0,0.0869565217391304,0.11647826086956521,0.2796521739130435,0.1512608695652174,4.565217391304348,1252.7411617534501,5325.97,Salary,Low
TAXP03287,28,244300,1,0,0,0,-0.053,0.301,8.0,1937.89,242.24,0.0,0.0,0.12075,0.213,0.16425,4.5,266.3118442158419,842.59,Salary+Business,Low
TAXP02330,33,1335100,1,1,0,0,0.083,0.078,6.0,6721.8,1120.3,0.0,0.0,0.12616666666666668,0.14116666666666666,0.19766666666666666,4.333333333333333,715.5495682620457,2252.68,Salary,Low
TAXP04980,51,389200,1,0,5000,0,0.185,0.511,53.0,11564.92,218.21,2.0,0.0377358490566037,0.11347169811320755,0.22537735849056603,0.1850188679245283,3.6226415094339623,220.0075523558542,1114.8,Multiple,Low
TAXP04580,51,1124200,0,1,0,0,0.194,0.028,8.0,3517.77,439.72,0.0,0.0,0.09812499999999999,0.2185,0.202375,4.125,508.36915547766216,1373.32,Salary,Low
TAXP00955,24,389300,1,0,0,0,0.092,0.369,16.0,2630.76,164.42,1.0,0.0625,0.10993750000000001,0.19943750000000002,0.2079375,3.6875,112.88799354522457,351.23,Business,Low
TAXP03178,50,738400,1,0,9400,0,0.14,0.171,16.0,7906.76,494.17,1.0,0.0625,0.1173125,0.256625,0.200625,3.3125,663.839768704266,2540.13,Salary,Low
TAXP01628,38,2042800,1,0,47100,2,0.0,0.122,32.0,62665.04,1958.28,1.0,0.03125,0.12721875,0.2163125,0.167625,3.84375,3169.9920652083456,15758.67,Business,Low
TAXP01604,53,233500,1,1,0,1,-0.006,0.132,5.0,463.36,92.67,0.0,0.0,0.0992,0.18660000000000002,0.16999999999999998,5.0,67.1813044678354,210.49,Business,Low
TAXP01979,25,2020400,0,0,0,1,0.031,0.227,19.0,55799.26,2936.8,1.0,0.0526315789473684,0.13410526315789473,0.2142105263157895,0.1743157894736842,3.6842105263157894,4251.596681649342,14427.09,Salary,Low
TAXP03954,26,484600,1,1,11600,1,0.266,0.262,14.0,4426.88,316.21,1.0,0.0714285714285714,0.11142857142857143,0.20521428571428574,0.20028571428571426,4.357142857142857,519.643544005286,2054.07,Salary+Business,Low
TAXP02364,64,918600,1,0,5600,0,0.287,0.218,12.0,10583.15,881.93,0.0,0.0,0.11116666666666668,0.20916666666666664,0.24258333333333335,4.5,1243.6779270553518,4610.1,Salary,Low
TAXP03993,35,521900,1,0,15100,0,0.258,0.31,8.0,6515.65,814.46,1.0,0.125,0.16275,0.32637499999999997,0.18175,3.625,1032.3926553114718,2972.69,Business,Low
TAXP01341,33,366000,1,0,30900,1,0.041,0.209,37.0,7022.75,189.8,3.0,0.081081081081081,0.1346216216216216,0.25251351351351353,0.23954054054054053,3.8378378378378377,348.7863430721789,1817.81,Salary+Business,Low
TAXP03019,47,853700,0,1,8300,0,0.175,0.366,11.0,26140.94,2376.45,1.0,0.0909090909090909,0.13572727272727272,0.2545454545454545,0.20990909090909093,4.454545454545454,4131.005600963172,13736.1,Salary,Low
TAXP00331,35,1929600,1,1,0,0,0.216,0.157,8.0,28219.47,3527.43,1.0,0.125,0.14250000000000002,0.276875,0.32725,3.0,3379.5602261534286,9591.07,Business,Low
TAXP00319,49,1325400,0,1,2200,0,0.029,0.293,31.0,39565.63,1276.31,2.0,0.064516129032258,0.13351612903225807,0.24835483870967742,0.19809677419354838,4.548387096774194,1729.9709098728329,8662.1,Salary,Low
TAXP04733,50,3265300,1,0,0,0,-0.02,0.244,19.0,62607.08,3295.11,0.0,0.0,0.12926315789473683,0.2220526315789474,0.21589473684210528,3.9473684210526314,4322.435827267966,13569.45,Salary,Low
TAXP04530,38,1821900,1,0,0,0,0.417,0.346,10.0,10536.86,1053.69,0.0,0.0,0.11179999999999998,0.2705,0.1561,3.2,1186.8452301252723,3713.83,Salary+Investments,Low
TAXP01630,26,1412400,1,1,0,1,0.226,0.303,15.0,15072.37,1004.82,2.0,0.1333333333333333,0.1032,0.21033333333333334,0.16519999999999999,3.8,1326.5577454065447,5527.62,Salary,Low
TAXP00200,57,577800,0,1,69300,1,0.378,0.141,10.0,10649.68,1064.97,0.0,0.0,0.11599999999999999,0.2287,0.1825,3.9,2242.8933598853464,7406.02,Salary,Medium
TAXP01586,50,202300,1,1,28300,1,0.194,0.141,8.0,2443.03,305.38,0.0,0.0,0.10450000000000001,0.29475,0.12037500000000001,4.0,375.6978830100248,1173.32,Salary,Low
TAXP02766,48,394400,1,0,0,0,0.31,0.418,26.0,11559.64,444.6,2.0,0.0769230769230769,0.11426923076923078,0.21761538461538463,0.19684615384615387,3.8846153846153846,649.9553906458029,2505.07,Salary,Low
TAXP03241,35,1449300,1,1,0,0,0.073,0.237,45.0,59923.79,1331.64,2.0,0.0444444444444444,0.12071111111111112,0.20404444444444444,0.20197777777777778,3.9555555555555557,2387.0985700212877,12685.99,Salary+Investments,Low
TAXP00470,51,325100,1,0,0,0,-0.289,0.376,5.0,1166.22,233.24,0.0,0.0,0.11120000000000001,0.24559999999999998,0.19519999999999998,3.4,199.06321164393987,562.65,Business,Low
TAXP03093,49,1276500,1,0,0,0,-0.047,0.467,35.0,21912.58,626.07,1.0,0.0285714285714285,0.10771428571428572,0.2053142857142857,0.20342857142857143,3.857142857142857,830.1706430363143,3119.02,Professional,Low
TAXP02669,36,640800,1,1,0,1,0.408,0.122,12.0,4172.21,347.68,0.0,0.0,0.108,0.28550000000000003,0.20116666666666663,3.6666666666666665,399.41412030528215,1323.32,Salary,Low
TAXP00459,41,826200,1,2,0,2,-0.003,0.186,2.0,1636.34,818.17,0.0,0.0,0.11399999999999999,0.28600000000000003,0.21250000000000002,3.5,1086.3564322081404,1586.34,Salary+Business,Low
TAXP02956,53,312300,1,2,10500,0,-0.117,0.253,7.0,2061.28,294.47,1.0,0.1428571428571428,0.09771428571428573,0.18685714285714286,0.22142857142857145,3.142857142857143,382.7804484918464,1051.4,Salary,Medium
TAXP00009,31,642200,0,1,260700,0,0.472,0.501,70.0,56656.49,809.38,3.0,0.0428571428571428,0.11124285714285714,0.22497142857142857,0.20082857142857144,4.185714285714286,2557.5004859045175,20814.65,Multiple,High
TAXP01230,41,977100,1,0,12000,1,0.105,0.334,9.0,10330.91,1147.88,1.0,0.1111111111111111,0.12188888888888888,0.23522222222222222,0.14955555555555555,5.0,1344.316430425185,4266.12,Salary+Business,Low
TAXP01158,59,1877100,1,0,0,0,-0.028,0.228,52.0,62768.68,1207.09,3.0,0.0576923076923076,0.10332692307692308,0.20301923076923079,0.21228846153846154,3.6923076923076925,1625.8996588471307,7071.95,Salary+Business,Low
TAXP00235,44,384500,1,0,0,0,-0.046,0.096,17.0,4901.72,288.34,3.0,0.1764705882352941,0.13905882352941176,0.19758823529411765,0.22888235294117648,4.117647058823529,370.96230020618634,1466.46,Multiple,Low
TAXP03209,54,1355600,1,0,20900,0,-0.084,0.309,14.0,18889.3,1349.24,0.0,0.0,0.097,0.20142857142857143,0.148,4.428571428571429,1743.3891495753733,5142.23,Business,Low
TAXP04611,61,697300,1,1,10000,0,-0.022,0.661,22.0,19967.0,907.59,1.0,0.0454545454545454,0.11772727272727272,0.24004545454545456,0.176,4.090909090909091,1698.5671796263746,7516.47,Salary,Low
TAXP00740,32,150000,1,0,0,0,0.369,0.253,16.0,5038.02,314.88,1.0,0.0625,0.1275625,0.2708125,0.19924999999999998,4.1875,595.9974073307702,2489.33,Professional,Low
TAXP00396,64,718000,1,0,0,1,0.341,0.286,18.0,6493.64,360.76,0.0,0.0,0.10755555555555556,0.17427777777777778,0.25616666666666665,3.7777777777777777,385.6048335301699,1510.66,Salary,Low
TAXP04751,23,1212900,1,1,0,1,0.0,0.278,40.0,55772.0,1394.3,3.0,0.075,0.11939999999999999,0.23479999999999998,0.195075,4.2,1973.0243618416148,6990.19,Salary+Investments,Low
TAXP04496,45,241900,1,2,0,0,0.315,0.099,21.0,10145.43,483.12,3.0,0.1428571428571428,0.13385714285714284,0.28161904761904766,0.22857142857142856,3.0952380952380953,534.1614392819032,1916.74,Salary,Low
TAXP00921,60,517000,1,1,0,0,0.343,0.031,12.0,2972.55,247.71,0.0,0.0,0.10591666666666667,0.19783333333333333,0.21258333333333335,3.0,247.01123710636767,743.7,Salary,Low
TAXP01085,30,703800,1,1,14300,1,-0.157,0.506,1.0,1701.47,1701.47,0.0,0.0,0.184,0.213,0.042,1.0,0.0,1701.47,Professional,Low
TAXP04180,56,369200,1,3,49800,1,0.194,0.086,25.0,7549.99,302.0,3.0,0.12,0.11548,0.23628,0.2212,4.08,297.98121005470574,1475.41,Salary+Business,Medium
TAXP00813,61,779800,1,0,0,0,0.363,0.225,14.0,7165.55,511.82,0.0,0.0,0.11357142857142857,0.25292857142857145,0.17442857142857143,3.857142857142857,739.9867687772429,2794.53,Salary,Low
TAXP00257,49,888900,1,1,4600,1,0.217,0.46,35.0,34706.75,991.62,0.0,0.0,0.10971428571428571,0.19208571428571428,0.2136,3.8285714285714287,1583.3659068024579,6076.71,Salary+Business,Low
TAXP00948,57,150000,1,0,0,0,0.044,0.288,16.0,5757.8,359.86,0.0,0.0,0.1215,0.2075,0.1805,4.0625,470.51973227485365,1454.26,Salary,Low
TAXP02227,45,724600,1,0,0,2,0.005,0.343,30.0,22490.42,749.68,1.0,0.0333333333333333,0.13746666666666665,0.23903333333333335,0.18259999999999998,3.7333333333333334,909.6812998647813,3710.42,Business,Low
TAXP04687,49,258000,1,0,0,0,0.11,0.182,8.0,1722.09,215.26,0.0,0.0,0.083375,0.186875,0.182875,2.625,190.32013319198336,572.79,Salary,Low
TAXP01532,44,812200,1,2,0,0,-0.032,0.154,16.0,8807.35,550.46,1.0,0.0625,0.1575625,0.24525,0.1825,3.6875,493.4514719330733,1670.37,Professional,Low
TAXP01895,33,536500,1,0,0,0,-0.032,0.369,12.0,12793.18,1066.1,1.0,0.0833333333333333,0.16075,0.2743333333333333,0.23424999999999999,3.8333333333333335,1911.8950368908538,6342.82,Multiple,Low
TAXP02649,43,801600,1,0,0,0,-0.112,0.073,39.0,34030.38,872.57,2.0,0.0512820512820512,0.11512820512820514,0.2292051282051282,0.20330769230769233,4.102564102564102,2149.48399328722,13281.15,Professional,Low
TAXP00905,38,415300,1,0,0,0,0.121,0.125,48.0,10958.47,228.3,3.0,0.0625,0.10666666666666667,0.20435416666666664,0.2235625,3.9166666666666665,303.19000082449236,1448.72,Salary+Investments,Low
TAXP03052,47,331700,1,1,0,0,0.028,0.036,17.0,3526.18,207.42,0.0,0.0,0.11117647058823531,0.22347058823529412,0.16741176470588237,5.0588235294117645,207.37080922617255,851.32,Business,Low
TAXP00273,32,606000,1,1,12600,1,0.256,0.057,15.0,7713.49,514.23,0.0,0.0,0.13926666666666668,0.25253333333333333,0.20453333333333334,4.666666666666667,605.0331454611942,2105.6,Business,Low
TAXP00704,55,623900,1,0,0,0,0.201,0.122,3.0,1562.87,520.96,2.0,0.6666666666666666,0.19899999999999998,0.29033333333333333,0.299,5.0,610.7112949940694,1226.09,Salary,Medium
TAXP04849,39,382200,0,0,0,1,0.194,0.203,5.0,2186.51,437.3,0.0,0.0,0.08580000000000002,0.149,0.1214,4.6,395.87501634985756,988.29,Business,Low
TAXP03420,26,1574100,1,1,0,0,0.084,0.282,25.0,26054.2,1042.17,1.0,0.04,0.0968,0.22044,0.18764,4.24,1473.7986923112442,6582.33,Salary,Low
TAXP02557,37,150000,0,1,15400,2,-0.176,0.058,48.0,16305.29,339.69,3.0,0.0625,0.12458333333333332,0.2449375,0.21302083333333333,4.5625,715.734865891796,4756.49,Multiple,Medium
TAXP03249,29,1218100,1,0,0,0,0.279,0.117,14.0,8056.66,575.48,0.0,0.0,0.11564285714285714,0.21335714285714286,0.17921428571428571,3.9285714285714284,483.7927183239706,1693.87,Salary,Low
TAXP04078,65,459800,1,1,8900,0,0.246,0.337,10.0,2446.06,244.61,0.0,0.0,0.11499999999999999,0.24100000000000002,0.15940000000000001,5.0,317.85487496305257,1001.32,Salary,Low
TAXP04697,55,1088600,1,0,0,0,-0.079,0.276,15.0,8643.84,576.26,1.0,0.0666666666666666,0.1226,0.2682,0.18146666666666667,4.066666666666666,500.1494577309581,1477.71,Salary,Low
TAXP02012,36,2336800,1,0,9500,0,-0.121,0.182,17.0,33207.61,1953.39,1.0,0.0588235294117647,0.13988235294117649,0.2553529411764706,0.18229411764705883,4.235294117647059,2042.8392423257467,7718.37,Salary,Low
TAXP00634,62,161200,1,2,0,0,0.187,0.101,17.0,3909.75,229.99,0.0,0.0,0.11470588235294117,0.2523529411764706,0.18870588235294117,3.411764705882353,290.706693122932,1124.08,Salary,Low
TAXP01547,30,180300,1,1,0,0,0.009,0.125,17.0,4989.05,293.47,2.0,0.1176470588235294,0.13964705882352943,0.2935882352941177,0.21617647058823528,3.764705882352941,288.0768205475142,971.74,Business,Low
TAXP02597,38,1584900,1,1,0,0,-0.116,0.347,15.0,30775.11,2051.67,1.0,0.0666666666666666,0.1512666666666667,0.2546,0.2422,4.133333333333334,2760.5402239851533,9772.01,Salary+Investments,Low
TAXP00618,48,773500,1,0,0,1,0.002,0.227,12.0,12470.33,1039.19,1.0,0.0833333333333333,0.12725,0.20908333333333332,0.18908333333333335,3.5833333333333335,897.841209138072,2912.41,Salary+Investments,Low
TAXP04065,41,740700,0,1,0,0,-0.0,0.094,10.0,5734.95,573.5,1.0,0.1,0.13679999999999998,0.2152,0.16899999999999998,3.2,601.5333970824527,1822.19,Multiple,Low
TAXP01937,41,634600,1,2,0,0,0.071,0.312,27.0,16595.84,614.66,2.0,0.074074074074074,0.13433333333333333,0.2081111111111111,0.19685185185185183,4.2592592592592595,1208.4706939571502,6344.28,Salary,Low
TAXP02348,43,395000,1,0,5100,0,0.147,0.242,31.0,8514.6,274.66,0.0,0.0,0.10025806451612904,0.21925806451612903,0.20719354838709678,3.6774193548387095,300.65764067943576,1074.94,Salary+Business,Low
TAXP00947,38,827800,1,0,0,0,0.119,0.345,38.0,16841.92,443.21,0.0,0.0,0.11349999999999999,0.21673684210526317,0.20123684210526316,4.2368421052631575,639.7288165943623,3759.53,Salary,Low
TAXP00364,48,303300,1,1,0,2,0.032,0.248,41.0,13203.05,322.03,1.0,0.024390243902439,0.11280487804878049,0.22321951219512193,0.173,4.0,396.3691512280489,1561.36,Salary+Investments,Low
TAXP01382,47,150000,1,0,0,0,0.297,0.529,32.0,10162.2,317.57,0.0,0.0,0.09021875,0.1888125,0.173375,3.90625,613.4948501387556,3390.45,Business,Low
TAXP04695,33,595800,1,2,0,1,0.03,0.147,23.0,7481.37,325.28,0.0,0.0,0.09769565217391304,0.18404347826086956,0.2332608695652174,3.608695652173913,560.1382354418885,2602.16,Salary,Low
TAXP03186,36,242800,0,1,0,1,0.248,0.152,36.0,13041.24,362.26,4.0,0.1111111111111111,0.12222222222222223,0.18977777777777777,0.20477777777777778,3.361111111111111,638.043195505938,3222.49,Professional,Medium
TAXP00373,40,1204600,1,2,0,1,0.143,0.378,10.0,8193.32,819.33,1.0,0.1,0.13,0.20729999999999998,0.1901,3.8,884.9762473497995,2645.65,Salary,Low
TAXP04311,36,822100,1,0,0,0,0.348,0.656,18.0,13984.88,776.94,0.0,0.0,0.09666666666666666,0.2247777777777778,0.17994444444444443,3.7222222222222223,1058.0325698231297,4557.39,Salary,Low
TAXP00714,40,644400,1,0,23000,1,0.287,0.256,55.0,25421.83,462.22,2.0,0.0363636363636363,0.09876363636363637,0.2252727272727273,0.1835090909090909,3.672727272727273,583.1986940234347,3113.51,Business,Low
TAXP04448,57,659100,1,1,0,0,0.243,0.149,20.0,6727.01,336.35,0.0,0.0,0.10345,0.1921,0.19115,3.45,404.24611138936274,1507.97,Salary,Low
TAXP02017,64,637000,1,1,0,0,0.024,0.432,9.0,2450.61,272.29,1.0,0.1111111111111111,0.15244444444444444,0.2608888888888889,0.22522222222222224,4.333333333333333,201.45391954489244,632.9,Salary,Low
TAXP03217,26,251800,0,2,0,0,0.215,0.265,12.0,2565.58,213.8,1.0,0.0833333333333333,0.125,0.22133333333333335,0.19066666666666668,4.333333333333333,242.95861289278852,791.38,Salary,Low
TAXP01272,58,1845500,1,1,0,0,0.089,0.475,9.0,7841.7,871.3,0.0,0.0,0.127,0.18344444444444444,0.15911111111111112,3.888888888888889,754.5294291145972,1970.58,Salary,Low
TAXP04851,41,515700,1,0,0,0,-0.087,0.125,24.0,13129.66,547.07,0.0,0.0,0.12045833333333333,0.22058333333333335,0.21791666666666668,4.333333333333333,1165.7399261596702,5754.17,Salary,Low
TAXP02621,28,397100,1,0,0,0,0.337,0.287,3.0,200.53,66.84,0.0,0.0,0.09266666666666667,0.26566666666666666,0.3263333333333333,4.0,29.17350910215179,100.53,Business,Low
TAXP02587,25,689900,1,0,6000,1,0.266,0.337,1.0,418.13,418.13,0.0,0.0,0.0,0.024,0.238,2.0,0.0,418.13,Business,Low
TAXP01807,45,916400,1,3,0,0,0.269,0.013,1.0,246.83,246.83,0.0,0.0,0.023,0.06,0.287,2.0,0.0,246.83,Salary+Investments,Low
TAXP03741,51,207300,1,1,69100,0,-0.025,0.347,11.0,5654.79,514.07,2.0,0.1818181818181818,0.1370909090909091,0.23727272727272727,0.15818181818181817,4.363636363636363,848.9025837258145,2800.35,Salary,Medium
TAXP00663,35,339400,0,1,0,0,-0.19,0.369,17.0,5261.87,309.52,3.0,0.1764705882352941,0.13494117647058823,0.17452941176470588,0.19923529411764707,4.0,348.00525867498203,1241.1,Salary+Investments,Medium
TAXP04917,24,187200,1,0,0,1,0.049,0.349,6.0,822.33,137.05,1.0,0.1666666666666666,0.149,0.18933333333333335,0.25016666666666665,3.6666666666666665,93.82404185495314,314.52,Professional,Low
TAXP04591,45,1197400,1,1,0,0,-0.015,0.315,5.0,2256.67,451.33,0.0,0.0,0.1092,0.1722,0.21739999999999998,3.8,332.8999097776988,849.67,Salary,Low
TAXP01466,53,669100,1,0,0,0,0.114,0.155,23.0,21303.57,926.24,0.0,0.0,0.09956521739130435,0.18878260869565217,0.19678260869565217,3.8260869565217392,1476.1424175007842,6178.03,Salary,Low
TAXP03765,33,620300,0,1,0,0,-0.373,0.141,4.0,8274.78,2068.7,2.0,0.5,0.17925,0.26525,0.22475,4.75,2708.5961151551064,6117.59,Salary,Medium
TAXP00457,34,1410700,1,2,6900,0,0.042,0.128,9.0,7410.88,823.43,1.0,0.1111111111111111,0.12644444444444447,0.13644444444444445,0.23833333333333334,2.888888888888889,1007.0783072636958,3029.16,Professional,Low
TAXP00990,38,459100,1,0,0,0,0.225,0.231,24.0,6061.49,252.56,0.0,0.0,0.11116666666666668,0.21533333333333335,0.16458333333333333,3.9583333333333335,197.73264365055215,723.08,Salary,Low
TAXP00889,33,150000,1,0,0,3,0.043,0.181,20.0,6058.6,302.93,2.0,0.1,0.13085,0.20400000000000001,0.20615,3.8,274.04614763134134,893.04,Salary+Investments,Low
TAXP01867,39,559200,1,1,13700,0,0.115,0.389,14.0,8257.62,589.83,3.0,0.2142857142857142,0.15528571428571428,0.26799999999999996,0.18992857142857142,4.285714285714286,838.6448789932116,2689.49,Salary,Medium
TAXP00117,47,768500,1,1,0,0,-0.121,0.082,21.0,9471.76,451.04,1.0,0.0476190476190476,0.08580952380952381,0.18419047619047618,0.15552380952380954,4.476190476190476,415.64983504719686,1539.43,Salary,Low
TAXP02413,43,190800,0,1,22600,1,-0.293,0.342,32.0,5282.2,165.07,1.0,0.03125,0.11990624999999999,0.19678125,0.18628125,3.84375,106.82079590181293,461.49,Salary,Low
TAXP01966,48,921700,1,0,23700,0,0.056,0.501,17.0,6852.26,403.07,2.0,0.1176470588235294,0.13247058823529412,0.2231764705882353,0.242,4.294117647058823,524.5686534436987,1703.45,Salary+Business,Low
TAXP03642,41,2155100,1,1,0,1,0.119,0.495,13.0,17403.45,1338.73,0.0,0.0,0.1073846153846154,0.22530769230769232,0.22330769230769232,4.0,1180.2017122606953,3615.63,Salary,Low
TAXP04329,27,978700,1,1,0,2,-0.146,0.298,58.0,53129.04,916.02,1.0,0.0172413793103448,0.11403448275862069,0.25108620689655176,0.20450000000000002,3.7241379310344827,1557.8196701527881,8790.16,Salary,Low
TAXP01418,40,1331100,1,1,0,0,0.237,0.524,11.0,11881.17,1080.11,0.0,0.0,0.09518181818181817,0.20072727272727275,0.20881818181818182,3.727272727272727,957.9839556304972,3104.58,Business,Low
TAXP02133,37,495100,1,0,0,0,-0.073,0.189,10.0,4173.79,417.38,0.0,0.0,0.123,0.23809999999999998,0.2485,4.1,510.15474866728204,1761.19,Professional,Low
TAXP03202,45,1502200,1,0,0,0,0.015,0.225,25.0,44942.06,1797.68,2.0,0.08,0.13152,0.24231999999999998,0.20516,4.28,2966.1292154103244,13374.17,Salary,Low
TAXP02145,34,387200,0,1,0,0,0.057,0.188,9.0,1688.07,187.56,0.0,0.0,0.09944444444444445,0.29,0.15633333333333332,4.0,199.23789116280065,675.48,Salary,Low
TAXP03448,41,1315000,1,2,0,0,0.047,0.182,18.0,13313.24,739.62,1.0,0.0555555555555555,0.13966666666666666,0.24944444444444447,0.23716666666666666,3.0,1263.3347071713779,5415.09,Professional,Low
TAXP04986,52,879200,0,2,18800,0,0.23,0.175,21.0,8560.06,407.62,1.0,0.0476190476190476,0.12295238095238095,0.23180952380952383,0.20138095238095238,4.523809523809524,647.8077477355381,2804.07,Salary,Low
TAXP02170,28,417100,1,1,0,0,-0.065,0.25,7.0,1178.64,168.38,0.0,0.0,0.10371428571428572,0.2374285714285714,0.19514285714285715,3.4285714285714284,141.8686460209215,416.33,Salary,Low
TAXP02470,28,657600,1,0,0,0,0.13,0.188,23.0,19198.06,834.7,2.0,0.0869565217391304,0.15017391304347827,0.1991304347826087,0.28204347826086956,4.391304347826087,1496.3949452681636,6873.44,Salary,Low
TAXP03473,39,1430500,1,1,0,0,0.12,0.206,11.0,13422.25,1220.2,0.0,0.0,0.13390909090909092,0.26536363636363636,0.24263636363636365,3.8181818181818183,1665.0614691558003,5399.66,Business,Low
TAXP04105,32,504600,1,0,12500,0,-0.006,0.091,13.0,2631.24,202.4,0.0,0.0,0.13361538461538464,0.22784615384615384,0.2110769230769231,4.3076923076923075,142.79414375156844,453.92,Salary+Investments,Low
TAXP02392,36,1080600,1,1,22000,1,-0.089,0.093,27.0,13535.08,501.3,1.0,0.037037037037037,0.10018518518518518,0.19822222222222224,0.20077777777777778,4.666666666666667,401.5239401132212,1600.48,Salary,Low
TAXP03682,29,973900,1,0,0,1,0.213,0.224,7.0,9091.04,1298.72,0.0,0.0,0.13199999999999998,0.215,0.14342857142857143,3.2857142857142856,1778.4166020273951,4963.19,Salary,Low
TAXP01112,42,534500,1,0,0,1,0.427,0.12,14.0,2313.3,165.24,1.0,0.0714285714285714,0.1352857142857143,0.2676428571428571,0.2297857142857143,4.5,131.54848639390525,507.79,Salary+Business,Low
TAXP00686,52,460400,1,1,0,0,0.117,0.116,19.0,8634.45,454.44,2.0,0.1052631578947368,0.13705263157894737,0.26110526315789473,0.23442105263157895,4.315789473684211,656.711459812099,1774.69,Salary+Business,Low
TAXP00651,52,2458700,1,0,3300,1,0.292,0.286,2.0,1810.93,905.46,0.0,0.0,0.155,0.34199999999999997,0.10400000000000001,4.5,941.2227653696016,1571.01,Salary+Investments,Low
TAXP00831,28,864400,1,3,0,0,-0.12,0.119,46.0,27529.32,598.46,1.0,0.0217391304347826,0.1096521739130435,0.1972391304347826,0.1906304347826087,4.1521739130434785,951.5374240090903,5528.89,Business,Low
TAXP00557,52,377800,1,1,0,1,0.288,0.368,28.0,9204.04,328.72,2.0,0.0714285714285714,0.12114285714285714,0.19867857142857143,0.188,4.357142857142857,333.39411630735145,1634.4,Business,Low
TAXP01863,31,1797200,1,0,0,0,0.144,0.095,22.0,45752.78,2079.67,0.0,0.0,0.11549999999999999,0.2220909090909091,0.17963636363636362,4.318181818181818,5221.891154858267,24973.16,Salary+Business,Low
TAXP02542,41,871800,1,0,0,0,-0.016,0.187,18.0,18430.92,1023.94,0.0,0.0,0.13566666666666669,0.20783333333333334,0.21444444444444444,4.333333333333333,2494.2905983772102,10845.12,Professional,Low
TAXP03501,31,545500,0,1,31400,0,0.084,0.024,13.0,3677.22,282.86,1.0,0.0769230769230769,0.1296923076923077,0.2479230769230769,0.24246153846153848,3.769230769230769,312.2865766243301,1231.17,Professional,Low
TAXP02811,58,411700,1,2,0,0,0.017,0.166,43.0,11732.62,272.85,2.0,0.0465116279069767,0.11837209302325581,0.20746511627906974,0.16974418604651165,4.3023255813953485,286.8920525126234,1153.46,Business,Low
TAXP02346,45,323300,0,4,0,0,-0.031,0.351,2.0,2126.32,1063.16,0.0,0.0,0.0385,0.11049999999999999,0.1325,2.5,790.3615336034516,1622.03,Salary,Low
TAXP01294,40,150000,1,0,0,1,-0.239,0.232,28.0,11025.14,393.76,2.0,0.0714285714285714,0.13817857142857143,0.2697857142857143,0.21375000000000002,3.5,646.9516550402042,2364.79,Business,Low
TAXP04187,39,866600,0,1,359900,0,0.02,0.315,6.0,2600.48,433.41,0.0,0.0,0.10133333333333333,0.25033333333333335,0.13583333333333333,3.5,414.6474976008738,1125.18,Multiple,Medium
TAXP03800,33,627100,1,1,0,0,0.006,0.082,15.0,8944.12,596.27,3.0,0.2,0.12946666666666667,0.2668,0.18153333333333332,4.333333333333333,1048.8467370870233,4156.04,Salary,Medium
TAXP01258,28,632200,1,0,0,0,0.264,0.291,16.0,7478.94,467.43,1.0,0.0625,0.1111875,0.2506875,0.2075,4.0,592.3145756873341,1760.71,Salary,Low
TAXP03812,61,521900,1,1,22500,0,0.198,0.399,3.0,778.76,259.59,1.0,0.3333333333333333,0.121,0.16033333333333333,0.3036666666666667,5.0,236.30045753940752,518.6,Salary,Medium
TAXP03491,58,271500,1,0,7200,0,0.152,0.057,28.0,10721.38,382.91,1.0,0.0357142857142857,0.14282142857142857,0.24435714285714288,0.1789285714285714,4.5,674.4626639048208,3496.4,Salary+Business,Low
TAXP00321,31,1141700,1,0,0,0,-0.044,0.501,33.0,25071.53,759.74,2.0,0.0606060606060606,0.11536363636363636,0.23342424242424242,0.21372727272727274,4.03030303030303,1223.8383773645999,5482.59,Salary+Business,Low
TAXP01515,29,193600,1,1,0,1,0.019,0.085,32.0,8583.87,268.25,1.0,0.03125,0.13603125,0.20221875,0.2605,4.46875,394.97976098300217,2087.37,Salary,Low
TAXP01833,40,290800,1,1,0,0,0.232,0.184,20.0,3780.87,189.04,1.0,0.05,0.1021,0.22665000000000002,0.22545,4.3,266.6647790426064,966.74,Professional,Low
TAXP00636,62,528900,1,0,1200,0,0.077,0.262,25.0,11674.55,466.98,2.0,0.08,0.12828,0.20315999999999998,0.21348,4.24,709.3026823284495,3181.82,Salary,Low
TAXP00324,40,1116100,1,1,0,0,0.094,0.361,52.0,35367.07,680.14,1.0,0.0192307692307692,0.12713461538461537,0.24982692307692306,0.19634615384615384,4.096153846153846,911.4121747246481,5442.71,Multiple,Low
TAXP03398,41,538900,1,1,7300,1,-0.026,0.146,3.0,684.32,228.11,1.0,0.3333333333333333,0.15133333333333335,0.153,0.3793333333333333,2.0,221.3437395395075,475.91,Business,Medium
TAXP04463,28,1421000,0,2,0,0,0.226,0.574,32.0,29309.05,915.91,1.0,0.03125,0.1328125,0.22184375,0.18615625,4.125,1397.6498219505077,7295.63,Salary+Investments,Low
TAXP03273,34,572000,1,1,14900,0,0.244,0.138,39.0,18312.03,469.54,1.0,0.0256410256410256,0.12997435897435897,0.24202564102564103,0.20287179487179488,3.58974358974359,893.3178523241164,5206.72,Salary+Business,Low
TAXP02794,40,448200,0,2,72600,0,0.009,0.179,37.0,11861.88,320.59,4.0,0.1081081081081081,0.11624324324324324,0.23962162162162162,0.20267567567567565,4.72972972972973,379.0382463636835,1606.46,Salary+Investments,Medium
TAXP02123,42,363000,1,2,0,2,0.053,0.168,15.0,2466.34,164.42,0.0,0.0,0.07526666666666666,0.17686666666666667,0.19106666666666666,3.6666666666666665,104.17874251679636,425.11,Salary+Investments,Low
TAXP02767,57,175100,1,0,0,1,0.047,0.102,23.0,10670.71,463.94,2.0,0.0869565217391304,0.13943478260869566,0.23708695652173914,0.20521739130434782,3.869565217391304,841.9546705987698,3691.55,Salary,Low
TAXP00790,28,583000,1,2,0,0,0.126,0.283,27.0,9302.04,344.52,1.0,0.037037037037037,0.11829629629629629,0.1922962962962963,0.16562962962962965,3.5185185185185186,460.81275212723546,2170.79,Multiple,Low
TAXP04946,37,2533400,0,0,0,0,0.19,0.07,76.0,109453.44,1440.18,3.0,0.0394736842105263,0.11703947368421053,0.22476315789473686,0.20080263157894737,4.144736842105263,1799.0223631763342,12677.12,Salary,Low
TAXP04003,34,791400,1,0,9400,1,0.096,0.171,30.0,19046.85,634.9,1.0,0.0333333333333333,0.113,0.20553333333333335,0.1702,3.966666666666667,1150.643520565325,5794.23,Salary,Low
TAXP00469,45,1441300,0,1,17700,2,0.162,0.01,28.0,42105.0,1503.75,3.0,0.1071428571428571,0.1155,0.2095357142857143,0.23164285714285712,4.178571428571429,1908.1403289590626,8055.69,Professional,Medium
TAXP04141,34,585100,0,0,0,0,0.056,0.397,26.0,12828.4,493.4,1.0,0.0384615384615384,0.11930769230769231,0.23384615384615384,0.1863076923076923,4.0,445.14383656521625,1841.62,Salary,Low
TAXP02844,40,1100900,1,1,0,0,-0.104,0.573,9.0,4171.92,463.55,0.0,0.0,0.10755555555555556,0.23777777777777778,0.18811111111111112,4.666666666666667,597.9221780466083,1904.48,Salary,Low
TAXP00108,30,509200,1,3,11500,0,-0.244,0.155,35.0,19598.89,559.97,2.0,0.0571428571428571,0.12417142857142857,0.24757142857142855,0.17525714285714286,4.428571428571429,1087.3312137887556,5794.33,Salary,Low
TAXP03326,52,797400,0,2,0,2,0.08,0.397,22.0,12847.66,583.98,2.0,0.0909090909090909,0.13336363636363638,0.23677272727272725,0.21677272727272728,4.363636363636363,679.5013883214191,2598.48,Business,Medium
TAXP03535,30,912600,1,0,5400,1,0.024,0.021,7.0,1477.01,211.0,0.0,0.0,0.13514285714285715,0.2967142857142857,0.21914285714285714,4.571428571428571,188.28378700148093,591.52,Salary,Low
TAXP04081,21,1443000,1,0,0,0,0.102,0.335,37.0,39707.11,1073.17,0.0,0.0,0.11489189189189188,0.18313513513513513,0.20216216216216218,4.513513513513513,1960.3407809749444,9660.91,Multiple,Low
TAXP01240,63,1986900,0,0,0,0,0.029,0.584,35.0,60541.67,1729.76,1.0,0.0285714285714285,0.1214,0.22988571428571428,0.2075142857142857,4.228571428571429,2145.320542185329,9954.29,Salary,Low
TAXP03705,23,946800,1,2,0,0,0.237,0.55,17.0,7142.13,420.13,1.0,0.0588235294117647,0.12070588235294118,0.20376470588235293,0.23064705882352943,3.8823529411764706,489.3035318965832,2056.85,Salary+Investments,Low
TAXP04389,57,201200,1,0,0,1,-0.013,0.317,4.0,978.1,244.52,0.0,0.0,0.11950000000000001,0.16549999999999998,0.1525,2.5,242.56431621324685,574.45,Salary,Low
TAXP04010,57,1505200,1,1,0,0,0.183,0.427,8.0,18801.26,2350.16,0.0,0.0,0.110375,0.2015,0.218125,3.375,3833.825452557611,11287.88,Salary,Low
TAXP02359,31,1552500,1,0,4700,0,-0.199,0.041,9.0,2523.97,280.44,1.0,0.1111111111111111,0.09933333333333333,0.2098888888888889,0.1557777777777778,4.0,186.22756351064447,583.94,Salary+Investments,Low
TAXP01559,62,1163900,1,2,0,1,0.062,0.235,14.0,25167.03,1797.64,0.0,0.0,0.1052142857142857,0.2342142857142857,0.21792857142857144,4.214285714285714,3709.122472111056,14249.87,Business,Low
TAXP02797,46,973000,0,0,42400,3,0.108,0.225,17.0,7565.63,445.04,1.0,0.0588235294117647,0.12352941176470589,0.2595882352941177,0.23635294117647057,4.647058823529412,467.16530727576384,1428.3,Salary,Medium
TAXP04066,44,876500,1,0,37400,0,0.09,0.281,37.0,20845.25,563.39,2.0,0.054054054054054,0.11462162162162161,0.19235135135135134,0.18862162162162163,4.027027027027027,651.8160163583212,3009.45,Salary+Business,Low
TAXP02148,50,1275800,1,1,0,0,0.021,0.526,18.0,17534.66,974.15,2.0,0.1111111111111111,0.12188888888888888,0.2427222222222222,0.2086111111111111,3.111111111111111,1391.4688900563933,5673.8,Salary+Investments,Low
TAXP01099,56,1310300,1,1,0,3,0.165,0.124,1.0,170.24,170.24,0.0,0.0,0.181,0.156,0.083,5.0,0.0,170.24,Business,Low
TAXP02662,64,392600,1,1,0,0,0.029,0.209,38.0,7913.31,208.24,2.0,0.0526315789473684,0.12139473684210525,0.2351052631578947,0.2036315789473684,3.9210526315789473,264.0065685275193,1402.95,Business,Low
TAXP00824,36,150000,1,1,0,1,0.059,0.308,24.0,7715.71,321.49,1.0,0.0416666666666666,0.11641666666666667,0.21375,0.1915,3.9166666666666665,367.0648399655697,1356.98,Salary,Low
TAXP03129,36,385300,0,0,0,0,0.118,0.494,26.0,5445.43,209.44,0.0,0.0,0.10346153846153847,0.2338076923076923,0.1952307692307692,4.269230769230769,200.07900992319549,706.14,Salary,Low
TAXP01389,49,828100,1,1,0,0,-0.003,0.376,33.0,16302.82,494.02,2.0,0.0606060606060606,0.10009090909090909,0.20915151515151514,0.22627272727272726,4.2727272727272725,648.3549467407938,3007.21,Business,Low
TAXP00877,27,644300,1,2,0,1,-0.017,0.096,9.0,16796.23,1866.25,0.0,0.0,0.09166666666666666,0.19144444444444444,0.26055555555555554,3.3333333333333335,4468.238785390665,13672.98,Salary+Business,Low
TAXP02161,30,446500,0,2,0,0,0.192,0.084,3.0,1100.05,366.68,0.0,0.0,0.15333333333333335,0.2813333333333333,0.24266666666666667,4.0,494.114946579572,936.04,Salary,Low
TAXP03931,27,303800,1,0,0,1,0.002,0.454,10.0,4712.3,471.23,0.0,0.0,0.0889,0.19090000000000001,0.1491,4.0,890.6981393391491,2975.37,Business,Low
TAXP00168,52,857600,1,1,0,0,-0.252,0.483,8.0,3517.05,439.63,0.0,0.0,0.0595,0.162,0.19675,4.625,616.6578187626193,1927.92,Salary,Low
TAXP02805,49,351100,0,1,0,0,0.177,0.327,37.0,15402.15,416.27,2.0,0.054054054054054,0.12602702702702703,0.18772972972972973,0.19445945945945947,4.4324324324324325,1033.13704344675,6241.94,Salary,Low
TAXP01267,58,356000,1,1,0,0,0.12,0.667,25.0,13411.93,536.48,2.0,0.08,0.14448,0.25636,0.20756,3.72,1159.4062950332238,5882.83,Salary,Low
TAXP02225,64,294500,1,1,35600,0,0.197,0.326,29.0,10757.8,370.96,0.0,0.0,0.11144827586206897,0.2049310344827586,0.23903448275862071,3.793103448275862,506.54758676980714,2559.33,Business,Low
TAXP02074,60,538400,1,0,0,0,0.32,0.135,9.0,2169.96,241.11,0.0,0.0,0.07466666666666667,0.19677777777777777,0.20977777777777776,3.2222222222222223,199.11756947843654,605.33,Salary+Business,Low
TAXP00430,62,862500,1,0,8600,0,-0.003,0.415,9.0,3478.59,386.51,0.0,0.0,0.10422222222222222,0.23988888888888887,0.16744444444444445,4.0,410.95773998064567,1141.48,Salary,Low
TAXP04458,31,536000,1,2,29900,0,0.1,0.077,8.0,3072.21,384.03,2.0,0.25,0.14300000000000002,0.241,0.152375,4.25,404.5023933158051,1274.62,Salary,Medium
TAXP01388,25,297300,1,1,0,0,0.067,0.224,19.0,11428.08,601.48,0.0,0.0,0.10110526315789474,0.21,0.17342105263157895,3.8947368421052633,1808.9783736056934,8017.22,Business,Low
TAXP00974,63,1013400,1,1,0,0,0.263,0.316,30.0,29947.34,998.24,2.0,0.0666666666666666,0.1227,0.1705,0.22213333333333332,4.0,1651.4946089814257,6864.42,Multiple,Low
TAXP00680,64,576400,1,0,13300,1,0.003,0.462,19.0,5731.88,301.68,0.0,0.0,0.128,0.20126315789473684,0.1858421052631579,4.2631578947368425,282.43712526623506,1155.92,Salary,Low
TAXP01621,50,985100,1,1,0,1,0.347,0.058,19.0,9413.68,495.46,2.0,0.1052631578947368,0.15473684210526314,0.2036315789473684,0.25121052631578944,3.4210526315789473,431.7553027153309,1486.29,Salary,Low
TAXP03538,21,510700,1,1,0,0,0.273,0.034,4.0,875.45,218.86,0.0,0.0,0.1095,0.148,0.23775000000000002,2.75,227.75144439717604,546.3,Business,Low
TAXP03276,34,287700,1,0,46500,1,0.208,0.182,9.0,1517.58,168.62,0.0,0.0,0.12755555555555556,0.3031111111111111,0.20177777777777775,4.222222222222222,339.8124580926956,1073.97,Business,Low
TAXP00245,55,3011000,1,0,0,0,0.359,0.115,12.0,37500.94,3125.08,1.0,0.0833333333333333,0.1325,0.23933333333333331,0.1711666666666667,3.6666666666666665,5477.790101637425,19921.69,Multiple,Low
TAXP03670,50,717300,1,0,0,2,0.167,0.028,41.0,19011.07,463.68,2.0,0.048780487804878,0.11441463414634145,0.20439024390243904,0.22056097560975613,3.951219512195122,751.2911433495592,4323.58,Salary+Investments,Low
TAXP02496,49,3192700,1,1,0,0,0.339,0.22,9.0,33254.97,3695.0,0.0,0.0,0.11866666666666667,0.21444444444444444,0.2521111111111111,3.5555555555555554,7073.402983903857,22120.96,Salary,Low
TAXP04956,50,2874900,0,1,0,0,-0.046,0.141,4.0,4285.89,1071.47,0.0,0.0,0.101,0.143,0.11,3.0,1100.940273474603,2709.73,Business,Low
TAXP00017,33,847700,1,0,36900,1,-0.026,0.595,50.0,24997.05,499.94,2.0,0.04,0.11344,0.20199999999999999,0.20166,4.44,710.2291669889636,3144.07,Salary,Low
TAXP00685,45,475100,1,3,0,0,0.268,0.478,2.0,144.86,72.43,0.0,0.0,0.028499999999999998,0.1075,0.2675,4.0,14.580541828066611,82.74,Salary+Business,Low
TAXP03166,43,830600,1,0,0,0,0.449,0.209,36.0,24509.86,680.83,4.0,0.1111111111111111,0.1226111111111111,0.1947222222222222,0.20638888888888887,3.75,1138.7164479860508,6070.84,Salary,Low
TAXP02440,48,592000,1,1,0,1,-0.042,0.156,40.0,13083.99,327.1,2.0,0.05,0.11827499999999999,0.2017,0.2273,3.675,339.5339029141877,1282.27,Salary+Investments,Low
TAXP02567,63,751400,1,1,12700,0,0.116,0.426,44.0,22998.55,522.69,0.0,0.0,0.10359090909090908,0.23143181818181818,0.18704545454545454,3.25,601.3342803412075,2451.09,Professional,Low
TAXP04023,42,244700,1,0,0,1,0.065,0.32,24.0,6528.09,272.0,0.0,0.0,0.14183333333333334,0.27029166666666665,0.206375,4.083333333333333,319.6395991930327,1237.03,Professional,Low
TAXP01270,41,996600,0,0,19600,0,-0.186,0.103,20.0,14940.27,747.01,2.0,0.1,0.1488,0.24910000000000002,0.1834,3.7,891.2272824669478,2910.12,Salary,Medium
TAXP03262,26,296100,1,0,76400,1,-0.083,0.286,14.0,3249.67,232.12,1.0,0.0714285714285714,0.09814285714285713,0.24242857142857144,0.14971428571428572,4.571428571428571,278.5686231285897,929.63,Salary,Medium
TAXP03360,55,732300,1,1,0,0,0.222,0.268,12.0,5104.09,425.34,0.0,0.0,0.083,0.22558333333333333,0.1718333333333333,4.166666666666667,568.8347504162,2118.74,Salary,Low
TAXP02556,27,494400,0,0,17300,0,-0.042,0.157,9.0,3245.85,360.65,0.0,0.0,0.10277777777777779,0.2653333333333333,0.15311111111111111,3.888888888888889,525.575355372567,1716.76,Salary,Low
TAXP02532,27,960400,1,0,5200,1,0.029,0.354,20.0,19841.52,992.08,1.0,0.05,0.11195,0.20700000000000002,0.1855,3.9,1823.912163759394,7685.93,Business,Low
TAXP02992,36,2097900,1,0,9100,0,0.296,0.227,7.0,7774.48,1110.64,0.0,0.0,0.06799999999999999,0.1764285714285714,0.18728571428571428,3.4285714285714284,791.3798611497095,2387.36,Multiple,Low
TAXP03000,56,511000,1,0,0,1,0.012,0.258,12.0,7998.94,666.58,1.0,0.0833333333333333,0.12441666666666668,0.22841666666666668,0.18166666666666667,4.083333333333333,879.0783770500614,2745.26,Salary,Low
TAXP01390,24,336200,1,1,0,1,-0.112,0.371,8.0,3470.47,433.81,0.0,0.0,0.13475,0.22275,0.22875,4.125,612.404823775849,1773.24,Salary+Business,Low
TAXP00711,43,643600,0,0,0,1,-0.107,0.272,11.0,5778.8,525.35,0.0,0.0,0.10263636363636364,0.25018181818181817,0.1611818181818182,3.8181818181818183,599.6725790523298,2130.35,Salary,Low
TAXP03650,49,674600,1,2,0,1,0.204,0.158,10.0,7042.1,704.21,1.0,0.1,0.125,0.293,0.22079999999999997,3.4,1055.8684769210395,3080.57,Salary,Low
TAXP02322,48,1607700,0,0,0,0,-0.003,0.27,9.0,14463.95,1607.11,1.0,0.1111111111111111,0.11155555555555556,0.22088888888888888,0.14555555555555555,4.0,2328.868268312482,7488.68,Salary+Business,Low
TAXP04304,33,423600,1,0,0,0,-0.001,0.245,24.0,8912.21,371.34,2.0,0.0833333333333333,0.13625,0.269625,0.20983333333333334,4.208333333333333,569.7337907492919,2066.38,Professional,Low
TAXP00303,58,1210700,1,0,19800,0,0.137,0.024,27.0,29403.01,1089.0,3.0,0.1111111111111111,0.13277777777777777,0.23255555555555554,0.21366666666666667,4.2592592592592595,1535.622453438248,6745.32,Salary,Low
TAXP04919,65,795900,1,0,0,1,-0.102,0.488,14.0,14405.99,1029.0,0.0,0.0,0.14157142857142857,0.1565,0.1985714285714286,4.071428571428571,1652.1345215366987,5806.04,Business,Low
TAXP02369,32,344100,1,2,0,1,0.113,0.13,21.0,3006.66,143.17,0.0,0.0,0.11661904761904761,0.22752380952380954,0.17495238095238094,3.4285714285714284,110.09867930958248,461.53,Salary,Low
TAXP01195,21,2615700,1,2,0,1,0.065,0.379,22.0,40243.6,1829.25,0.0,0.0,0.10622727272727274,0.14686363636363636,0.1836818181818182,4.0,2148.4080031163876,8378.41,Business,Low
TAXP03317,22,578600,1,2,0,0,-0.073,0.164,15.0,6004.69,400.31,0.0,0.0,0.10666666666666667,0.1955333333333333,0.188,3.7333333333333334,346.51038062097825,984.61,Salary+Business,Low
TAXP02666,24,708000,1,0,0,0,0.221,0.254,3.0,4407.92,1469.31,0.0,0.0,0.19499999999999998,0.123,0.18033333333333335,5.0,1658.07863065457,3383.85,Professional,Low
TAXP04685,60,407300,1,1,0,0,0.27,0.406,9.0,1294.81,143.87,1.0,0.1111111111111111,0.15055555555555555,0.23555555555555557,0.32922222222222225,4.111111111111111,104.31475420305817,336.18,Salary+Investments,Low
TAXP04373,21,286800,1,2,0,1,0.332,0.139,13.0,5468.32,420.64,0.0,0.0,0.11646153846153846,0.2413076923076923,0.16346153846153846,3.8461538461538463,471.57026938375435,1643.03,Business,Low
TAXP00888,49,476500,1,0,0,0,0.142,0.416,21.0,7259.64,345.7,0.0,0.0,0.12171428571428572,0.25276190476190474,0.24966666666666668,3.3333333333333335,589.078586133827,2599.61,Salary+Business,Low
TAXP01566,42,411500,1,2,0,0,0.113,0.087,16.0,3964.79,247.8,0.0,0.0,0.150125,0.25675000000000003,0.2003125,4.6875,253.26058283827615,936.6,Multiple,Low
TAXP04976,35,415900,0,2,49800,1,-0.09,0.423,4.0,2161.8,540.45,0.0,0.0,0.131,0.257,0.18475,3.5,649.2439735055946,1508.84,Salary,Low
TAXP02115,30,924600,1,0,0,1,-0.149,0.076,25.0,13417.18,536.69,0.0,0.0,0.10284,0.21184,0.19484,3.72,611.6622519108619,2661.77,Salary+Business,Low
TAXP03023,30,868100,0,1,0,1,-0.171,0.12,12.0,6438.66,536.55,0.0,0.0,0.08016666666666666,0.23608333333333334,0.16341666666666668,4.166666666666667,434.5272543915869,1478.85,Salary,Low
TAXP01778,60,756500,1,0,0,0,0.117,0.18,6.0,2603.44,433.91,0.0,0.0,0.08633333333333333,0.2295,0.15,3.1666666666666665,496.3781013568857,1382.84,Professional,Low
TAXP00414,29,1114900,1,0,0,0,-0.189,0.412,14.0,16787.94,1199.14,0.0,0.0,0.111,0.24307142857142858,0.14614285714285713,4.285714285714286,1428.8900514458344,5143.09,Salary+Investments,Low
TAXP03737,62,457400,1,2,0,0,0.335,0.369,88.0,28996.73,329.51,6.0,0.0681818181818181,0.11943181818181818,0.21760227272727273,0.18927272727272726,3.9886363636363638,471.8305195072064,3415.66,Multiple,Low
TAXP04008,65,911600,1,1,17600,0,0.026,0.696,39.0,34477.12,884.03,1.0,0.0256410256410256,0.12787179487179487,0.22269230769230772,0.1803846153846154,3.948717948717949,1111.2499150226229,5649.41,Salary,Low
TAXP01731,35,608800,1,0,14100,2,0.362,0.223,11.0,3225.53,293.23,0.0,0.0,0.10754545454545456,0.23563636363636364,0.19790909090909092,3.4545454545454546,310.9286738787531,992.62,Salary,Low
TAXP00913,38,969700,1,0,0,2,-0.097,0.161,35.0,33917.32,969.07,1.0,0.0285714285714285,0.11891428571428571,0.22225714285714285,0.18682857142857143,4.0285714285714285,2160.9993480047547,12661.63,Salary,Low
TAXP03451,58,208200,1,3,0,0,-0.026,0.096,13.0,4789.13,368.39,1.0,0.0769230769230769,0.14976923076923077,0.1696153846153846,0.22153846153846152,3.8461538461538463,599.7050844181022,2307.48,Multiple,Low
TAXP01683,61,441300,1,3,0,0,0.163,0.317,7.0,1539.34,219.91,0.0,0.0,0.12385714285714286,0.2724285714285714,0.209,4.714285714285714,192.1991212134907,568.37,Salary,Low
TAXP00588,34,355700,0,1,146800,0,0.085,0.295,22.0,3687.28,167.6,1.0,0.0454545454545454,0.11577272727272728,0.26645454545454544,0.20240909090909093,3.3181818181818183,154.26685668626774,532.23,Salary,High
TAXP00710,24,1036000,1,0,0,0,0.226,0.675,6.0,3356.33,559.39,0.0,0.0,0.12466666666666666,0.2376666666666667,0.11533333333333333,3.8333333333333335,520.9550566187708,1401.9,Professional,Low
TAXP03833,34,571900,1,0,22700,1,0.001,0.438,11.0,7142.18,649.29,1.0,0.0909090909090909,0.14336363636363636,0.18654545454545454,0.1966363636363636,3.8181818181818183,828.6388951341174,2804.2,Multiple,Low
TAXP01564,39,284600,0,2,9400,0,-0.124,0.322,6.0,1770.52,295.09,1.0,0.1666666666666666,0.14066666666666666,0.3473333333333333,0.14083333333333334,4.166666666666667,283.83499894598384,769.59,Salary,Medium
TAXP04214,43,590600,1,0,0,0,-0.172,0.237,6.0,1395.28,232.55,0.0,0.0,0.11766666666666666,0.2511666666666667,0.1495,5.833333333333333,168.14590231898805,487.16,Professional,Low
TAXP01170,46,500300,1,0,0,0,0.16,0.51,2.0,560.37,280.18,0.0,0.0,0.043,0.264,0.197,3.0,198.8879243443402,420.82,Salary+Business,Low
TAXP03467,29,1733600,1,0,0,0,-0.03,0.458,3.0,3865.09,1288.36,0.0,0.0,0.14766666666666667,0.2916666666666667,0.18499999999999997,3.0,507.11161733225293,1873.58,Business,Low
TAXP04796,25,344800,1,0,0,0,-0.019,0.264,16.0,8483.96,530.25,0.0,0.0,0.11275,0.232375,0.1763125,3.875,1356.220548831691,5505.43,Business,Low
TAXP02195,41,736200,0,0,11000,1,0.103,0.233,6.0,3132.75,522.12,0.0,0.0,0.19083333333333333,0.25333333333333335,0.20683333333333334,5.333333333333333,252.18239230763118,840.33,Salary,Low
TAXP02165,60,1004800,1,3,0,0,0.052,0.146,3.0,705.48,235.16,0.0,0.0,0.152,0.19466666666666668,0.2263333333333333,4.0,121.13552038935563,369.5,Salary+Investments,Low
TAXP04746,57,779600,1,1,26000,1,0.061,0.692,66.0,44123.42,668.54,3.0,0.0454545454545454,0.13603030303030303,0.26246969696969696,0.19140909090909092,4.151515151515151,1625.5560993867095,12899.43,Salary,Low
TAXP01615,34,398900,0,1,0,0,0.267,0.13,9.0,3059.08,339.9,1.0,0.1111111111111111,0.14788888888888888,0.18066666666666667,0.17244444444444446,3.3333333333333335,269.5213899107907,702.53,Multiple,Low
TAXP00366,45,1888700,1,0,8900,0,0.037,0.091,5.0,6186.14,1237.23,0.0,0.0,0.0974,0.2612,0.185,5.4,2065.0228358228874,4899.26,Salary+Investments,Low
TAXP00286,31,462900,1,1,0,0,-0.073,0.114,33.0,12524.29,379.52,3.0,0.0909090909090909,0.126,0.2496060606060606,0.21966666666666665,3.878787878787879,732.1065840092009,4149.2,Salary,Low
TAXP04819,60,987300,0,1,0,1,0.145,0.566,12.0,4604.4,383.7,1.0,0.0833333333333333,0.12483333333333334,0.21733333333333335,0.21375,4.416666666666667,319.32251157724534,978.03,Salary+Business,Low
TAXP01127,63,2327000,1,0,0,0,0.163,0.428,1.0,2710.37,2710.37,0.0,0.0,0.22,0.126,0.188,2.0,0.0,2710.37,Multiple,Low
TAXP00127,37,1864100,0,0,11700,1,0.085,0.126,52.0,60166.54,1157.05,4.0,0.0769230769230769,0.1201923076923077,0.20901923076923076,0.21776923076923077,3.769230769230769,1398.1220181465185,6608.04,Salary,Medium
TAXP01811,44,159300,1,2,0,0,0.054,0.329,16.0,7376.06,461.0,1.0,0.0625,0.1215,0.1895,0.206125,4.3125,589.4920033257449,2049.79,Salary+Business,Low
TAXP01995,22,692500,1,0,0,0,0.215,0.255,13.0,6373.38,490.26,2.0,0.1538461538461538,0.11984615384615385,0.2571538461538462,0.1853846153846154,4.230769230769231,748.5417305000436,2898.18,Salary+Investments,Low
TAXP04274,21,2452200,1,0,0,1,0.186,0.231,33.0,70397.66,2133.26,2.0,0.0606060606060606,0.0996060606060606,0.2598787878787879,0.18427272727272725,3.787878787878788,4497.649668322632,25464.87,Salary+Business,Low
TAXP03013,63,480000,1,0,0,0,0.117,0.108,34.0,9839.21,289.39,0.0,0.0,0.10782352941176471,0.2654117647058824,0.19444117647058823,4.117647058823529,378.4679823384636,1350.72,Salary+Investments,Low
TAXP04266,22,460900,1,0,0,0,0.221,0.259,24.0,6596.29,274.85,1.0,0.0416666666666666,0.10225000000000001,0.20595833333333333,0.168625,4.333333333333333,335.52580395784463,1538.83,Salary+Investments,Low
TAXP03374,44,426900,1,0,0,0,-0.163,0.393,14.0,3159.18,225.66,1.0,0.0714285714285714,0.11735714285714285,0.2591428571428572,0.20064285714285715,3.857142857142857,214.64822652295672,739.42,Professional,Low
TAXP03124,60,963100,1,0,196800,0,0.172,0.379,35.0,25001.46,714.33,2.0,0.0571428571428571,0.11231428571428571,0.20957142857142858,0.17905714285714283,3.8,1195.401162089759,5108.21,Multiple,High
TAXP03864,25,2121200,1,0,0,0,0.263,0.244,11.0,35740.05,3249.1,1.0,0.0909090909090909,0.13899999999999998,0.2371818181818182,0.16509090909090907,4.0,5495.24967521834,18342.12,Business,Low
TAXP01135,52,577200,1,1,0,0,-0.016,0.117,16.0,18501.8,1156.36,0.0,0.0,0.1224375,0.25,0.1663125,4.5625,2865.8286748873643,11812.2,Salary+Investments,Low
TAXP02159,60,1058700,1,0,0,0,0.069,0.484,44.0,23071.91,524.36,3.0,0.0681818181818181,0.11313636363636363,0.2125,0.2254318181818182,3.7954545454545454,613.2833280582103,3948.01,Salary+Business,Low
TAXP04598,29,824500,0,2,25000,0,0.24,0.287,15.0,9661.34,644.09,0.0,0.0,0.13806666666666664,0.19066666666666665,0.2222,4.4,815.2110184614486,2749.52,Salary+Investments,Low
TAXP04262,26,1454900,1,1,0,0,0.046,0.06,7.0,7377.82,1053.97,0.0,0.0,0.12642857142857142,0.23185714285714284,0.2287142857142857,3.0,666.6008511560008,1966.77,Business,Low
TAXP00229,51,351700,1,0,0,0,-0.14,0.492,9.0,2168.68,240.96,0.0,0.0,0.13644444444444445,0.20355555555555557,0.2088888888888889,3.4444444444444446,280.4324543945971,887.53,Salary,Low
TAXP01602,50,1469300,1,0,0,0,0.057,0.291,4.0,905.29,226.32,0.0,0.0,0.15825,0.32125000000000004,0.18575,5.0,107.90137854386597,352.52,Salary,Low
TAXP02046,22,317700,1,0,0,1,-0.294,0.483,7.0,700.32,100.05,1.0,0.1428571428571428,0.1325714285714286,0.2555714285714286,0.25314285714285717,3.5714285714285716,56.08424492289638,192.17,Salary+Business,Low
TAXP03868,62,2154300,1,1,0,0,0.088,0.061,6.0,2719.43,453.24,2.0,0.3333333333333333,0.13516666666666666,0.13933333333333334,0.23399999999999999,3.8333333333333335,246.72938782533924,751.42,Salary,Medium
TAXP04706,22,983600,1,0,0,0,0.379,0.229,42.0,59492.1,1416.48,2.0,0.0476190476190476,0.12426190476190477,0.2257857142857143,0.19776190476190478,3.619047619047619,4425.870813076429,28635.69,Salary+Investments,Low
TAXP04651,36,329300,1,0,0,0,0.233,0.41,17.0,3559.4,209.38,1.0,0.0588235294117647,0.11629411764705883,0.1863529411764706,0.20741176470588238,4.176470588235294,194.0999488646628,547.19,Salary+Business,Low
TAXP02249,27,624900,0,0,0,0,0.092,0.383,21.0,9078.9,432.33,1.0,0.0476190476190476,0.13695238095238094,0.24557142857142858,0.2180952380952381,4.857142857142857,521.5299010630714,2035.56,Multiple,Low
TAXP02792,65,601100,1,1,0,0,0.015,0.192,2.0,388.38,194.19,0.0,0.0,0.089,0.129,0.178,4.5,97.04333465004179,262.81,Salary,Low
TAXP00537,63,441000,0,1,0,1,0.147,0.116,15.0,3478.64,231.91,1.0,0.0666666666666666,0.11,0.22319999999999998,0.20433333333333334,4.133333333333334,210.50108413248702,899.98,Salary+Business,Low
TAXP01818,63,1272200,1,3,0,1,0.25,0.227,11.0,8100.05,736.37,1.0,0.0909090909090909,0.14336363636363636,0.2290909090909091,0.29672727272727273,3.909090909090909,709.6504051266113,2023.12,Salary,Low
TAXP04605,26,598100,0,0,0,1,-0.008,0.226,22.0,7539.15,342.69,0.0,0.0,0.09295454545454546,0.21018181818181816,0.17040909090909093,3.8636363636363638,420.3575994010842,1909.61,Salary+Business,Low
TAXP04122,57,1101500,1,0,63000,0,0.117,0.512,33.0,20959.14,635.13,1.0,0.0303030303030303,0.11603030303030303,0.2329090909090909,0.20084848484848486,3.6666666666666665,877.1652760280233,4774.71,Salary,Medium
TAXP00598,53,1166800,1,1,0,0,0.325,0.259,11.0,15335.77,1394.16,0.0,0.0,0.12954545454545455,0.19699999999999998,0.22390909090909092,4.909090909090909,1884.960038406409,5354.2,Salary,Low
TAXP04593,60,772600,1,2,0,0,0.149,0.119,12.0,8315.58,692.96,2.0,0.1666666666666666,0.13341666666666666,0.2343333333333333,0.20208333333333336,4.333333333333333,1181.6166290183662,4353.78,Salary+Business,Low
TAXP03644,31,407800,1,0,0,0,-0.137,0.364,17.0,9785.31,575.61,0.0,0.0,0.11894117647058824,0.2731176470588235,0.15882352941176472,4.0,979.0042180191384,3141.53,Salary,Low
TAXP00898,63,349400,1,2,20700,1,0.343,0.472,20.0,7043.11,352.16,0.0,0.0,0.1045,0.2663,0.1578,3.65,597.6112566620633,2722.5,Salary+Business,Low
TAXP03729,45,796400,1,0,0,0,-0.033,0.036,62.0,55106.89,888.82,3.0,0.0483870967741935,0.11148387096774194,0.24556451612903224,0.1929516129032258,4.225806451612903,1523.92944025623,9625.97,Multiple,Low
TAXP02938,30,1809000,1,0,75200,0,-0.115,0.08,9.0,10768.33,1196.48,0.0,0.0,0.08477777777777779,0.20833333333333334,0.18955555555555556,3.888888888888889,969.2369496341496,2909.65,Salary+Business,Low
TAXP04442,63,150000,1,0,12100,0,-0.187,0.159,18.0,3439.23,191.07,0.0,0.0,0.10738888888888888,0.31722222222222224,0.18466666666666665,4.111111111111111,415.8782008239771,1825.3,Salary,Low
TAXP03493,54,530600,1,0,41000,0,-0.167,0.194,24.0,6795.3,283.14,1.0,0.0416666666666666,0.086875,0.24954166666666666,0.186625,3.75,360.85582014512204,1285.09,Salary,Low
TAXP01392,54,1883100,1,0,0,0,0.283,0.124,7.0,15154.96,2164.99,1.0,0.1428571428571428,0.1557142857142857,0.30914285714285716,0.18185714285714286,4.285714285714286,3062.223695605625,8731.36,Salary,Low
TAXP02980,24,3404100,1,2,0,0,-0.22,0.124,10.0,17966.87,1796.69,0.0,0.0,0.1189,0.1714,0.2374,4.1,1348.4991565938944,3682.47,Salary,Low
TAXP03022,44,1915700,0,1,0,0,0.152,0.5,13.0,17657.57,1358.27,1.0,0.0769230769230769,0.12376923076923077,0.18692307692307694,0.18715384615384614,4.384615384615385,1988.3057405599347,6878.49,Salary,Low
TAXP04317,60,1010700,1,1,9300,0,0.066,0.536,3.0,1165.9,388.63,0.0,0.0,0.12033333333333333,0.13233333333333333,0.23500000000000001,5.0,407.9192768592008,855.36,Salary+Business,Low
TAXP00728,32,1129400,1,0,3400,0,0.024,0.121,24.0,16950.43,706.27,1.0,0.0416666666666666,0.10175000000000001,0.24008333333333334,0.20041666666666666,3.7083333333333335,997.1530589414747,4869.25,Salary,Low
TAXP03252,34,629400,0,1,490700,0,0.104,0.208,6.0,1100.27,183.38,1.0,0.1666666666666666,0.14733333333333334,0.3195,0.22866666666666668,6.166666666666667,116.60317944493052,400.16,Salary,High
TAXP04133,43,836200,1,0,0,0,-0.12,0.545,42.0,32132.84,765.07,1.0,0.0238095238095238,0.1197142857142857,0.23299999999999998,0.19833333333333333,3.642857142857143,1558.724889377508,9672.74,Salary+Business,Low
TAXP00241,37,345700,0,2,0,0,0.002,0.211,18.0,7030.8,390.6,1.0,0.0555555555555555,0.15322222222222223,0.23805555555555558,0.1916111111111111,4.111111111111111,706.3638951535324,3038.44,Salary,Low
TAXP01674,45,898700,1,0,0,0,0.075,0.369,6.0,2435.75,405.96,0.0,0.0,0.08416666666666667,0.23549999999999996,0.18700000000000003,4.166666666666667,349.16523128265027,993.5,Professional,Low
TAXP03569,41,925400,1,0,0,0,0.041,0.741,19.0,6916.65,364.03,1.0,0.0526315789473684,0.121,0.2421052631578947,0.1891578947368421,4.526315789473684,311.9110943720945,1146.94,Salary+Investments,Low
TAXP04170,49,934100,1,2,0,0,0.026,0.239,8.0,3136.4,392.05,0.0,0.0,0.10149999999999999,0.245875,0.22525,3.5,372.1809242828009,1128.1,Salary,Low
TAXP03486,57,1416000,1,0,0,1,0.214,0.111,41.0,48582.78,1184.95,1.0,0.024390243902439,0.12148780487804878,0.2057317073170732,0.2150731707317073,4.121951219512195,2123.374056389943,10335.43,Salary,Low
TAXP01475,57,566600,1,1,0,0,-0.114,0.184,7.0,1297.39,185.34,1.0,0.1428571428571428,0.15614285714285714,0.2557142857142857,0.2912857142857143,3.142857142857143,95.39847211015689,396.61,Salary,Low
TAXP00269,28,675400,0,1,9500,0,0.003,0.079,42.0,41126.37,979.2,3.0,0.0714285714285714,0.1314047619047619,0.22552380952380952,0.21283333333333335,4.619047619047619,2512.1149226638117,15491.82,Multiple,Low
TAXP01810,53,1298200,1,0,0,0,0.26,0.048,4.0,3437.58,859.4,0.0,0.0,0.0765,0.167,0.13,3.5,893.5592797533544,2159.69,Salary,Low
TAXP00280,58,785400,1,0,0,0,-0.02,0.223,63.0,28224.81,448.01,3.0,0.0476190476190476,0.10953968253968253,0.2358095238095238,0.19920634920634922,3.888888888888889,821.1019871282124,5981.62,Professional,Low
TAXP03651,37,1819400,1,1,0,1,0.145,0.228,35.0,70923.47,2026.38,0.0,0.0,0.1282,0.2797428571428571,0.21191428571428572,3.5714285714285716,4112.653932507194,22247.7,Multiple,Low
TAXP01362,32,1257300,1,1,0,0,0.031,0.06,11.0,10362.52,942.05,3.0,0.2727272727272727,0.16281818181818183,0.25872727272727275,0.2080909090909091,2.8181818181818183,806.1071588205988,2475.94,Salary+Investments,Medium
TAXP02437,65,320300,0,0,0,0,0.177,0.37,21.0,9971.32,474.82,5.0,0.238095238095238,0.1657142857142857,0.2542857142857143,0.24071428571428571,3.9047619047619047,860.6723872276782,3579.13,Salary,Medium
TAXP04489,31,884400,1,1,0,1,-0.005,0.29,4.0,2577.93,644.48,0.0,0.0,0.09775,0.248,0.23099999999999998,3.25,455.23718882761176,1077.73,Salary,Low
TAXP04954,40,175100,0,0,0,1,0.033,0.229,22.0,4038.24,183.56,0.0,0.0,0.12022727272727272,0.24668181818181817,0.20645454545454545,3.8636363636363638,154.48651587160347,502.42,Salary,Low
TAXP02262,56,369400,1,2,19200,0,0.234,0.061,5.0,1912.16,382.43,0.0,0.0,0.11220000000000001,0.3014,0.1788,4.0,531.6592763415306,1321.8,Multiple,Low
TAXP03035,30,1426400,1,4,35100,0,-0.048,0.324,9.0,14512.91,1612.55,0.0,0.0,0.12977777777777777,0.28344444444444444,0.15888888888888889,3.7777777777777777,1891.718056338676,6156.01,Multiple,Low
TAXP01888,30,750500,0,4,0,0,0.099,0.235,7.0,26855.3,3836.47,1.0,0.1428571428571428,0.10457142857142857,0.2017142857142857,0.12185714285714286,4.714285714285714,9057.213324114337,24359.01,Salary,Medium
TAXP01987,33,749800,1,2,0,0,0.187,0.318,34.0,11456.28,336.95,1.0,0.0294117647058823,0.12741176470588234,0.2112058823529412,0.22867647058823531,3.5,354.4029024604211,1768.32,Business,Low
TAXP02950,33,1508500,1,0,0,1,0.111,0.387,15.0,30019.48,2001.3,3.0,0.2,0.1328,0.25806666666666667,0.16886666666666666,4.066666666666666,3016.2173783751696,10878.0,Business,Medium
TAXP03602,52,3706300,0,1,21000,0,0.158,0.376,40.0,176309.04,4407.73,3.0,0.075,0.125375,0.23005,0.22749999999999998,4.35,12284.844638391836,61251.42,Salary+Business,Medium
TAXP01190,34,587300,1,0,0,0,-0.225,0.206,19.0,7762.81,408.57,2.0,0.1052631578947368,0.14589473684210524,0.26410526315789473,0.18442105263157896,3.789473684210526,520.0032422964595,1845.85,Salary,Low
TAXP01018,48,533700,1,1,0,0,0.022,0.411,19.0,5491.22,289.01,2.0,0.1052631578947368,0.10136842105263158,0.17605263157894738,0.19284210526315787,4.7368421052631575,282.6046549758781,1069.17,Salary,Low
TAXP00176,32,736000,1,2,0,0,0.033,0.563,25.0,19473.04,778.92,1.0,0.04,0.11072000000000001,0.24059999999999998,0.1454,4.04,1311.3755255128106,5809.35,Multiple,Low
TAXP00849,57,390600,1,0,0,0,0.351,0.184,6.0,2943.24,490.54,0.0,0.0,0.1335,0.3401666666666667,0.158,4.833333333333333,624.6782736737368,1751.8,Salary+Business,Low
TAXP04183,23,234300,1,2,0,0,0.102,0.276,8.0,2406.06,300.76,0.0,0.0,0.111625,0.2095,0.215875,4.75,264.19193265232656,752.66,Business,Low
TAXP01051,61,265800,0,1,0,1,-0.06,0.355,22.0,7121.51,323.7,1.0,0.0454545454545454,0.10231818181818181,0.19545454545454544,0.19772727272727272,4.136363636363637,395.635859655363,1691.24,Business,Low
TAXP00807,34,591000,1,1,10500,1,0.224,0.328,32.0,18435.05,576.1,1.0,0.03125,0.10309375,0.21090625,0.1525,4.0,656.307618914378,3015.4,Salary+Business,Low
TAXP00545,39,541600,1,2,10300,0,-0.09,0.294,12.0,2375.59,197.97,0.0,0.0,0.06799999999999999,0.21083333333333332,0.20633333333333334,3.25,186.46701557981353,662.6,Professional,Low
TAXP02964,32,382500,1,1,0,2,-0.004,0.093,22.0,11180.18,508.19,0.0,0.0,0.11195454545454546,0.26740909090909093,0.21427272727272728,3.6818181818181817,1305.309645293115,6260.23,Salary,Low
TAXP04181,41,1547200,1,0,0,1,0.043,0.24,27.0,29147.0,1079.52,1.0,0.037037037037037,0.10377777777777777,0.24092592592592593,0.21544444444444444,4.2592592592592595,2010.9523233642003,9772.01,Salary,Low
TAXP02194,37,667500,1,1,0,0,0.3,0.343,16.0,11372.64,710.79,0.0,0.0,0.1235,0.2573125,0.1808125,4.75,1113.823201524072,3906.56,Salary,Low
TAXP03845,35,691500,1,2,0,0,0.478,0.135,4.0,1708.05,427.01,0.0,0.0,0.09675,0.27825,0.1285,3.75,469.317218334252,1124.55,Salary,Low
TAXP01511,23,682600,1,0,0,0,-0.082,0.476,5.0,2605.57,521.11,1.0,0.2,0.1216,0.1702,0.13340000000000002,4.8,347.71387393947913,904.05,Salary,Medium
TAXP02166,29,1595500,1,0,24000,0,-0.184,0.058,38.0,27347.01,719.66,1.0,0.0263157894736842,0.10426315789473685,0.22663157894736843,0.1951842105263158,4.0,879.27366846658,3782.38,Salary+Business,Low
TAXP02863,40,369800,1,1,1800,0,-0.116,0.287,13.0,3444.99,265.0,0.0,0.0,0.11707692307692308,0.2662307692307692,0.24876923076923077,3.5384615384615383,347.39240496067123,1370.38,Multiple,Low
TAXP00629,44,307300,1,2,0,0,0.025,0.366,5.0,1430.1,286.02,0.0,0.0,0.1026,0.20099999999999998,0.2718,5.4,236.7571501560196,592.35,Multiple,Low
TAXP02671,58,1069100,0,0,15800,0,0.195,0.56,45.0,30679.74,681.77,1.0,0.0222222222222222,0.10477777777777778,0.22211111111111112,0.20033333333333334,3.888888888888889,1301.2493151576227,8564.69,Business,Low
TAXP02724,26,739800,1,0,0,2,0.247,0.141,24.0,15231.24,634.64,2.0,0.0833333333333333,0.15266666666666667,0.20183333333333334,0.21562499999999998,4.291666666666667,1121.1478772610492,5625.0,Salary,Low
TAXP00573,43,785000,1,1,7700,0,0.272,0.691,27.0,15125.0,560.19,0.0,0.0,0.12596296296296294,0.24896296296296297,0.2348148148148148,4.2592592592592595,554.8822934597541,1830.79,Salary+Investments,Low
TAXP00323,56,1510600,1,1,19300,0,-0.145,0.306,17.0,19547.51,1149.85,0.0,0.0,0.11376470588235293,0.22164705882352942,0.21352941176470588,4.117647058823529,2010.8476236308325,8649.27,Salary+Business,Low
TAXP02522,29,2345400,1,2,13100,0,0.145,0.263,5.0,1280.04,256.01,0.0,0.0,0.10200000000000001,0.2122,0.207,3.8,154.23481665953378,472.96,Salary,Low
TAXP04202,44,155200,1,0,0,0,0.483,0.248,25.0,10919.03,436.76,1.0,0.04,0.11828,0.17071999999999998,0.23092,4.0,548.3387097886367,2357.07,Salary,Low
TAXP03923,30,294100,1,0,5800,1,0.199,0.109,2.0,280.1,140.05,0.0,0.0,0.1105,0.16649999999999998,0.3085,4.5,69.97528706622074,189.53,Professional,Low
TAXP00187,29,741700,1,2,0,0,0.06,0.085,27.0,11290.29,418.16,0.0,0.0,0.108,0.2132222222222222,0.2382222222222222,3.925925925925926,399.57272393177243,1637.12,Salary,Low
TAXP03354,36,363900,1,4,7200,0,-0.326,0.272,9.0,3306.07,367.34,1.0,0.1111111111111111,0.16322222222222224,0.26555555555555554,0.202,3.5555555555555554,387.06678478798864,1206.73,Salary,Low
TAXP01311,55,277900,1,3,20200,0,0.052,0.138,2.0,1769.58,884.79,0.0,0.0,0.16499999999999998,0.41650000000000004,0.22499999999999998,4.0,1180.571339733436,1719.58,Business,Low
TAXP01338,28,1043800,0,0,0,0,0.24,0.519,28.0,22973.06,820.47,1.0,0.0357142857142857,0.13246428571428573,0.19753571428571431,0.27814285714285714,3.75,1767.150974642338,9170.99,Business,Low
TAXP04836,59,383100,0,1,83800,0,0.176,0.31,47.0,14791.0,314.7,3.0,0.0638297872340425,0.12814893617021275,0.19106382978723405,0.1982340425531915,3.74468085106383,712.7223929838265,4868.57,Salary+Business,Medium
TAXP00308,29,1657400,1,0,0,0,-0.003,0.504,43.0,73927.84,1719.25,3.0,0.0697674418604651,0.1453953488372093,0.2567906976744186,0.22251162790697673,3.7209302325581395,4830.704236111295,27913.82,Multiple,Low
TAXP01109,29,1661600,1,3,0,0,-0.049,0.275,12.0,10992.01,916.0,0.0,0.0,0.109,0.23033333333333336,0.2040833333333333,4.583333333333333,1287.3357283479165,4104.85,Business,Low
TAXP03341,65,505900,0,0,0,0,0.099,0.066,40.0,15881.72,397.04,2.0,0.05,0.11452500000000002,0.21952500000000003,0.190525,3.45,530.712630821847,2199.98,Professional,Low
TAXP04242,31,352800,1,0,0,0,0.285,0.323,8.0,2969.2,371.15,1.0,0.125,0.14925,0.199,0.233,4.125,413.2325944480732,1211.71,Professional,Low
TAXP04116,35,419300,1,0,0,0,0.129,0.4,3.0,234.82,78.27,0.0,0.0,0.09100000000000001,0.168,0.2133333333333333,4.333333333333333,48.97084983266406,134.82,Salary,Low
TAXP02735,42,638100,1,0,0,1,0.058,0.237,12.0,3331.26,277.6,0.0,0.0,0.10425,0.20133333333333334,0.149,4.583333333333333,203.6045449796336,699.55,Salary+Business,Low
TAXP02723,38,186400,1,1,0,0,0.261,0.19,20.0,6079.48,303.97,1.0,0.05,0.11185,0.22290000000000001,0.1946,4.25,267.7526435350359,976.01,Business,Low
TAXP04958,38,150000,1,0,47500,0,0.295,0.183,8.0,2725.31,340.66,1.0,0.125,0.1185,0.300375,0.189,4.5,423.2318699496429,1319.42,Salary+Business,Medium
TAXP01232,37,289600,1,1,0,0,0.08,0.469,4.0,2812.82,703.2,0.0,0.0,0.11499999999999999,0.24,0.21675,4.25,1199.896813633017,2500.98,Salary+Business,Low
TAXP00174,30,269000,1,1,34600,0,0.253,0.251,27.0,6908.31,255.86,0.0,0.0,0.11722222222222223,0.22492592592592595,0.22044444444444444,4.0,537.394658120941,2895.27,Salary+Business,Low
TAXP04191,55,1338500,1,0,30700,0,0.087,0.259,32.0,23162.03,723.81,2.0,0.0625,0.10034375000000001,0.17959375,0.156875,3.75,661.3993621621113,2570.69,Business,Low
TAXP00834,55,494500,0,2,0,0,-0.023,0.469,13.0,6876.19,528.94,0.0,0.0,0.12538461538461537,0.17969230769230768,0.19738461538461538,3.5384615384615383,557.238065838319,2032.42,Business,Low
TAXP04625,26,2444100,1,2,15400,0,-0.057,0.356,10.0,21096.25,2109.62,0.0,0.0,0.1244,0.2636,0.1651,4.5,4178.987014000322,13483.64,Salary+Business,Low
TAXP01434,53,200200,1,0,11300,0,0.142,0.249,7.0,1942.87,277.55,1.0,0.1428571428571428,0.1285714285714286,0.2507142857142857,0.21428571428571427,3.857142857142857,393.6314522796794,1114.5,Salary,Low
TAXP00520,51,2100200,1,1,0,0,0.134,0.107,12.0,13019.66,1084.97,0.0,0.0,0.10158333333333332,0.22316666666666665,0.19174999999999998,4.166666666666667,797.8582597615299,3012.64,Salary,Low
TAXP00175,65,259000,0,1,0,1,0.322,0.257,9.0,2665.35,296.15,2.0,0.2222222222222222,0.1647777777777778,0.26422222222222225,0.128,4.555555555555555,464.60284561117356,1505.04,Business,Medium
TAXP01209,50,3360200,1,1,6800,0,0.281,0.019,19.0,41058.62,2160.98,0.0,0.0,0.11447368421052631,0.2041578947368421,0.22600000000000003,3.8947368421052633,2055.475520398031,6739.35,Salary,Low
TAXP02536,28,1380000,1,1,1500,0,0.087,0.496,18.0,9515.11,528.62,0.0,0.0,0.10344444444444445,0.18672222222222223,0.2006111111111111,4.388888888888889,716.3677876687904,2710.99,Salary+Business,Low
TAXP02448,52,467400,1,2,2700,0,-0.0,0.239,23.0,17658.15,767.75,1.0,0.0434782608695652,0.1117391304347826,0.21647826086956523,0.19786956521739132,3.652173913043478,2006.9109244372785,9632.67,Salary+Investments,Low
TAXP03181,61,319400,1,1,0,1,0.222,0.077,10.0,3052.41,305.24,0.0,0.0,0.1338,0.1875,0.23700000000000002,4.0,257.4024335743545,760.25,Salary,Low
TAXP04340,52,543000,1,0,0,0,0.135,0.171,6.0,1659.09,276.52,0.0,0.0,0.1255,0.18966666666666665,0.12883333333333333,4.5,262.6620804570009,724.35,Salary+Investments,Low
TAXP01400,64,235500,0,2,11600,1,0.142,0.197,9.0,11615.31,1290.59,2.0,0.2222222222222222,0.1438888888888889,0.20299999999999999,0.2331111111111111,3.3333333333333335,3260.498672408103,9967.95,Multiple,Medium
TAXP03131,64,1051800,1,1,0,1,0.181,0.149,18.0,9456.76,525.38,1.0,0.0555555555555555,0.09844444444444445,0.2393888888888889,0.23755555555555555,3.888888888888889,550.7323082013004,1919.92,Salary,Low
TAXP01349,37,1256900,0,3,0,0,0.109,0.15,13.0,9730.84,748.53,1.0,0.0769230769230769,0.1356153846153846,0.29507692307692307,0.18484615384615385,3.8461538461538463,879.4956227249273,3307.38,Salary+Investments,Low
TAXP00994,51,1675100,1,1,0,0,-0.027,0.175,19.0,57572.81,3030.15,0.0,0.0,0.1121578947368421,0.2517368421052632,0.2103157894736842,4.315789473684211,4916.25344057916,21440.92,Salary,Low
TAXP00444,21,1682200,1,0,0,0,-0.025,0.185,36.0,96920.9,2692.25,1.0,0.0277777777777777,0.08719444444444444,0.16230555555555556,0.19411111111111112,3.9166666666666665,6674.423177661599,38435.78,Multiple,Low
TAXP03376,29,419500,1,1,0,1,-0.292,0.152,13.0,1936.46,148.96,0.0,0.0,0.09330769230769231,0.18084615384615385,0.18284615384615382,4.384615384615385,131.58805928896396,568.75,Salary,Low
TAXP04554,37,841300,1,2,0,0,0.197,0.185,18.0,16685.04,926.95,0.0,0.0,0.10816666666666667,0.1962777777777778,0.18727777777777777,4.555555555555555,1605.0853871550958,6266.69,Salary,Low
TAXP04253,44,919900,1,0,0,1,0.129,0.429,25.0,15435.49,617.42,1.0,0.04,0.109,0.19852,0.16196000000000002,4.68,626.1810835298896,2335.98,Multiple,Low
TAXP04168,44,310900,0,2,0,2,0.276,0.223,18.0,6494.2,360.79,1.0,0.0555555555555555,0.1186111111111111,0.21094444444444446,0.19033333333333333,3.9444444444444446,580.1823347259934,2319.9,Salary,Low
TAXP02083,34,283200,1,2,0,1,-0.063,0.109,4.0,1012.58,253.14,0.0,0.0,0.163,0.409,0.2025,5.5,193.03677033145783,528.41,Multiple,Low
TAXP01456,56,598700,1,0,0,0,0.026,0.198,7.0,3447.33,492.48,0.0,0.0,0.09514285714285713,0.1947142857142857,0.1464285714285714,6.0,467.3487769270806,1144.75,Business,Low
TAXP04807,33,2698300,0,2,0,0,0.394,0.367,6.0,7249.42,1208.24,0.0,0.0,0.11966666666666666,0.2811666666666666,0.1945,4.0,764.0852190866322,2335.5,Salary,Low
TAXP03251,65,1487000,0,2,6700,0,0.141,0.207,3.0,517.42,172.47,1.0,0.3333333333333333,0.17033333333333334,0.19766666666666666,0.18500000000000003,5.333333333333333,123.63595323906932,297.24,Business,Medium
TAXP02254,43,150000,1,0,0,0,-0.004,0.354,14.0,4639.77,331.41,0.0,0.0,0.09007142857142857,0.1355,0.22307142857142856,3.857142857142857,908.2032847092073,3484.9,Business,Low
TAXP03801,36,516600,1,1,15000,0,0.304,0.603,15.0,2137.64,142.51,1.0,0.0666666666666666,0.103,0.20173333333333332,0.1894,4.133333333333334,106.22665998882272,377.52,Salary+Business,Low
TAXP02373,65,598400,1,0,0,0,0.291,0.157,8.0,2737.7,342.21,1.0,0.125,0.120375,0.306625,0.19387500000000002,3.875,323.4442391665061,1006.9,Salary,Low
TAXP02739,61,3815800,1,0,6600,1,0.055,0.235,8.0,14056.87,1757.11,0.0,0.0,0.111,0.211625,0.193,2.875,2581.510581276217,8062.17,Salary+Business,Low
TAXP01603,27,1615600,1,1,0,0,0.099,0.397,12.0,13708.76,1142.4,0.0,0.0,0.11883333333333335,0.20391666666666666,0.27191666666666664,3.9166666666666665,1446.05319396269,4920.75,Salary,Low
TAXP03188,58,386200,1,1,0,0,0.275,0.313,8.0,3705.53,463.19,0.0,0.0,0.1025,0.237,0.236625,3.875,560.3687563799267,1602.82,Salary,Low
TAXP01845,24,253000,1,1,0,0,0.169,0.392,36.0,10410.91,289.19,1.0,0.0277777777777777,0.13175,0.227,0.20958333333333334,4.027777777777778,422.3706569611878,2198.07,Business,Low
TAXP00059,21,348500,1,0,0,0,-0.073,0.063,10.0,3371.83,337.18,0.0,0.0,0.1223,0.2372,0.16360000000000002,3.1,427.6321184291729,1494.6,Business,Low
TAXP02933,47,1518200,1,3,0,0,0.041,0.323,27.0,36440.84,1349.66,1.0,0.037037037037037,0.10596296296296297,0.19107407407407406,0.1988888888888889,3.962962962962963,1773.7566406314158,7597.75,Salary+Business,Low
TAXP03655,47,1018100,1,1,0,1,0.094,0.115,29.0,22987.82,792.68,1.0,0.0344827586206896,0.12458620689655173,0.22755172413793104,0.2006551724137931,4.379310344827586,1297.3825893733556,6079.51,Salary,Low
TAXP00570,30,744200,0,1,4100,0,0.309,0.423,28.0,48600.78,1735.74,0.0,0.0,0.12107142857142858,0.2145,0.19767857142857143,4.357142857142857,5013.76568895362,24392.1,Business,Low
TAXP00637,63,566900,1,2,22800,0,0.169,0.311,10.0,9585.19,958.52,0.0,0.0,0.1038,0.15760000000000002,0.1797,3.7,2325.740769811966,7569.63,Business,Low
TAXP01739,45,360200,1,1,0,1,0.133,0.13,19.0,8023.82,422.31,1.0,0.0526315789473684,0.1338421052631579,0.2483684210526316,0.21294736842105264,4.578947368421052,668.1010720958861,2656.96,Salary,Low
TAXP00519,41,1240700,1,1,0,0,0.327,0.402,4.0,4752.7,1188.18,0.0,0.0,0.08625,0.14475,0.14475000000000002,4.0,820.4296001689196,2067.14,Business,Low
TAXP00919,31,1734800,1,2,44200,0,0.273,0.453,4.0,6434.38,1608.6,0.0,0.0,0.1225,0.3,0.22975,3.5,2692.979039471591,5644.82,Business,Low
TAXP02056,25,989100,1,1,0,0,0.061,0.105,10.0,12924.05,1292.4,0.0,0.0,0.08549999999999999,0.1895,0.21880000000000002,3.7,1529.1974369819688,4349.17,Salary,Low
TAXP00942,57,1230500,1,1,0,0,-0.078,0.491,14.0,9424.34,673.17,0.0,0.0,0.12542857142857142,0.22442857142857142,0.23049999999999998,3.9285714285714284,807.1939005204157,3017.64,Salary,Low
TAXP01614,62,687800,1,1,18000,0,0.249,0.169,23.0,13891.87,603.99,2.0,0.0869565217391304,0.12473913043478262,0.26569565217391306,0.17169565217391303,4.173913043478261,1013.7973794637221,4470.81,Salary,Low
TAXP00196,23,341300,1,0,0,0,0.048,0.278,18.0,3626.82,201.49,0.0,0.0,0.10294444444444445,0.21183333333333335,0.16127777777777777,3.888888888888889,314.61016748088883,1426.07,Salary,Low
TAXP02158,25,362900,1,1,0,0,-0.006,0.146,18.0,4107.63,228.2,2.0,0.1111111111111111,0.1495,0.22244444444444447,0.21488888888888888,4.888888888888889,238.54300932338984,1032.64,Professional,Low
TAXP01095,26,405300,1,0,28400,0,0.246,0.28,15.0,3235.29,215.69,2.0,0.1333333333333333,0.12613333333333335,0.29006666666666664,0.28200000000000003,4.6,396.7783270074831,1629.17,Salary,Low
TAXP01399,64,983700,0,2,0,0,-0.251,0.181,10.0,6671.64,667.16,0.0,0.0,0.1252,0.21470000000000003,0.1986,4.0,730.3175632741326,2029.43,Salary,Low
TAXP00981,57,907400,1,0,0,0,0.269,0.262,69.0,52661.52,763.21,2.0,0.0289855072463768,0.11518840579710146,0.18488405797101448,0.21244927536231886,3.927536231884058,1326.9294476783552,8685.96,Salary,Low
TAXP00327,48,209600,1,1,16300,0,-0.067,0.344,17.0,3503.02,206.06,0.0,0.0,0.09047058823529412,0.2245294117647059,0.18970588235294117,3.6470588235294117,298.26803442960494,1251.43,Salary,Low
TAXP04564,50,551800,0,2,0,2,0.22,0.394,10.0,2379.07,237.91,0.0,0.0,0.1166,0.19,0.2485,3.9,240.35609813820457,677.35,Salary,Low
TAXP00356,47,768700,1,2,0,0,0.067,0.43,79.0,33784.39,427.65,4.0,0.050632911392405,0.10848101265822785,0.22258227848101264,0.1861392405063291,4.189873417721519,546.0245775037986,2471.36,Salary,Low
TAXP00614,56,896300,1,1,77100,0,-0.034,0.314,12.0,8823.87,735.32,0.0,0.0,0.10608333333333332,0.21091666666666667,0.22975,4.166666666666667,890.7986370170106,3219.6,Salary,Low
TAXP03497,59,1338700,0,1,4300,1,0.118,0.268,27.0,39351.27,1457.45,2.0,0.074074074074074,0.13985185185185187,0.20992592592592593,0.20462962962962963,3.7777777777777777,2682.0131100957806,13431.76,Professional,Low
TAXP03976,34,804500,0,3,0,0,0.287,0.257,45.0,22970.2,510.45,0.0,0.0,0.1115111111111111,0.2191111111111111,0.1931111111111111,3.488888888888889,743.8634786071673,3344.22,Business,Low
TAXP03423,60,1398700,1,0,0,0,0.303,0.404,12.0,10592.41,882.7,0.0,0.0,0.11283333333333333,0.29475,0.19075,3.5833333333333335,1822.8183053196317,6556.75,Multiple,Low
TAXP04845,43,630100,1,0,0,0,0.097,0.242,50.0,30827.99,616.56,4.0,0.08,0.11248,0.17956,0.20498000000000002,4.44,1232.1156399801246,8257.47,Salary,Low
TAXP04795,43,1478400,1,0,0,1,0.104,0.143,9.0,15002.69,1666.97,0.0,0.0,0.09766666666666667,0.2757777777777778,0.21066666666666667,3.5555555555555554,3149.2535782471973,9870.07,Salary,Low
TAXP04962,62,1020600,1,1,16200,0,0.067,0.083,7.0,3755.46,536.49,0.0,0.0,0.11371428571428573,0.217,0.16471428571428573,3.5714285714285716,524.6225627647983,1296.29,Salary,Low
TAXP01082,52,582900,1,0,13000,0,0.062,0.437,6.0,3240.77,540.13,0.0,0.0,0.12816666666666668,0.159,0.23066666666666666,4.0,270.0075629619783,853.39,Business,Low
TAXP04355,39,310200,1,1,0,0,0.255,0.527,21.0,2936.01,139.81,0.0,0.0,0.10033333333333334,0.16457142857142856,0.19180952380952382,3.6666666666666665,198.94317140831953,972.28,Multiple,Low
TAXP02422,64,531000,1,1,2300,0,0.322,0.422,7.0,2624.43,374.92,1.0,0.1428571428571428,0.13285714285714287,0.22914285714285715,0.23914285714285713,3.2857142857142856,286.2770730969429,822.18,Professional,Low
TAXP04380,62,250500,1,0,0,1,0.083,0.386,5.0,1180.32,236.06,0.0,0.0,0.12,0.21059999999999998,0.27599999999999997,3.4,287.81191624045033,736.35,Professional,Low
TAXP03015,28,1323200,1,2,4100,0,0.12,0.155,35.0,35641.43,1018.33,1.0,0.0285714285714285,0.12459999999999999,0.2626,0.19554285714285716,4.257142857142857,1024.3192539723575,4773.44,Salary,Low
TAXP02998,31,3481800,1,1,0,2,-0.126,0.082,17.0,24315.94,1430.35,1.0,0.0588235294117647,0.11182352941176471,0.217,0.17541176470588235,4.470588235294118,1438.4311011500977,5075.49,Salary,Low
TAXP03560,25,358500,1,0,17100,1,0.099,0.348,34.0,20274.64,596.31,2.0,0.0588235294117647,0.10755882352941176,0.2000588235294118,0.18344117647058825,3.823529411764706,810.5858544120451,3809.22,Salary,Low
TAXP04337,51,725000,1,0,22400,0,0.12,0.08,26.0,32128.08,1235.7,1.0,0.0384615384615384,0.10746153846153847,0.1933076923076923,0.19184615384615383,4.423076923076923,2956.9487266291662,14316.33,Salary,Low
TAXP01938,47,281600,1,0,5800,0,-0.155,0.192,28.0,8067.14,288.11,1.0,0.0357142857142857,0.12507142857142856,0.27117857142857144,0.17850000000000002,4.107142857142857,392.1499511039032,1877.41,Business,Low
TAXP04680,57,295400,1,1,0,0,0.411,0.28,40.0,8758.52,218.96,1.0,0.025,0.10927499999999998,0.2068,0.21625,3.9,291.0865392090777,1851.67,Salary,Low
TAXP01769,36,335700,1,1,5200,0,-0.181,0.182,26.0,12349.75,474.99,1.0,0.0384615384615384,0.10746153846153847,0.231,0.1993076923076923,3.923076923076923,725.8482674249807,2559.59,Professional,Low
TAXP03909,64,307300,0,2,0,1,-0.244,0.216,25.0,5049.21,201.97,2.0,0.08,0.13208,0.23976,0.149,4.2,197.60202992547082,699.38,Salary,Low
TAXP03525,46,335000,1,0,0,0,-0.044,0.177,15.0,3429.65,228.64,0.0,0.0,0.09666666666666666,0.18453333333333333,0.16726666666666665,4.333333333333333,126.585363330536,465.38,Salary,Low
TAXP02570,39,911300,1,0,0,0,0.044,0.1,22.0,47373.84,2153.36,2.0,0.0909090909090909,0.13813636363636364,0.2034090909090909,0.18440909090909094,4.136363636363637,4173.717876519281,16285.05,Salary,Low
TAXP03307,42,921400,0,3,0,1,-0.042,0.523,9.0,6636.56,737.4,0.0,0.0,0.08977777777777778,0.23266666666666666,0.1551111111111111,3.7777777777777777,922.826278479746,2792.49,Salary,Low
TAXP01927,25,427100,1,0,0,0,0.283,0.393,10.0,4221.45,422.14,1.0,0.1,0.1648,0.231,0.18,5.3,581.8944484707781,1982.79,Salary,Low
TAXP04369,27,588800,1,1,0,1,-0.072,0.473,51.0,27317.39,535.64,3.0,0.0588235294117647,0.12011764705882354,0.2311372549019608,0.20645098039215687,4.294117647058823,752.5638141377051,3338.28,Salary+Investments,Low
TAXP01225,64,339800,1,0,18400,0,0.003,0.121,62.0,17981.09,290.02,4.0,0.064516129032258,0.12979032258064518,0.22956451612903225,0.21487096774193548,3.9838709677419355,451.4489105153829,2905.48,Professional,Low
TAXP03526,63,2010400,0,2,0,0,0.296,0.211,17.0,17282.58,1016.62,0.0,0.0,0.10388235294117647,0.21841176470588236,0.20529411764705885,3.4705882352941178,1250.9596195098056,5048.74,Professional,Low
TAXP00046,27,760800,0,1,0,1,0.135,0.344,5.0,1419.31,283.86,0.0,0.0,0.125,0.31799999999999995,0.259,3.4,224.03340681692987,675.12,Salary,Low
TAXP03335,24,676800,1,0,12700,2,0.007,0.41,1.0,620.8,620.8,0.0,0.0,0.172,0.179,0.274,4.0,0.0,620.8,Salary,Low
TAXP04499,32,772800,1,1,1900,0,0.184,0.414,29.0,18616.15,641.94,1.0,0.0344827586206896,0.11655172413793104,0.20248275862068965,0.2153103448275862,3.9655172413793105,829.7568854851994,4237.82,Salary+Business,Low
TAXP03605,63,683700,1,2,41300,0,0.045,0.436,18.0,7091.43,393.97,0.0,0.0,0.09755555555555556,0.22383333333333333,0.19816666666666669,3.611111111111111,359.1647218731752,1374.19,Multiple,Low
TAXP04053,53,866400,1,0,2700,0,0.338,0.264,23.0,33761.91,1467.91,3.0,0.1304347826086956,0.14047826086956522,0.2270434782608696,0.19195652173913044,4.0,2761.9174048869363,12737.01,Salary,Low
TAXP03846,23,150000,1,3,0,0,0.189,0.476,15.0,7737.13,515.81,3.0,0.2,0.1492,0.1986,0.1920666666666667,3.7333333333333334,608.7659216324058,2321.94,Business,Medium
TAXP04483,21,886500,1,2,20000,0,0.088,0.251,8.0,2814.48,351.81,0.0,0.0,0.169125,0.31637499999999996,0.16824999999999998,3.375,278.3890397575717,813.74,Salary,Low
TAXP02868,52,1954900,1,1,0,0,0.279,0.239,3.0,1656.58,552.19,0.0,0.0,0.08166666666666667,0.20866666666666667,0.21433333333333335,3.6666666666666665,128.5002616080346,684.68,Professional,Low
TAXP03807,50,357100,1,0,0,0,0.175,0.174,36.0,16709.95,464.17,2.0,0.0555555555555555,0.1302777777777778,0.22041666666666665,0.21630555555555556,4.0,725.2407902147736,3759.31,Multiple,Low
TAXP01256,40,413400,1,1,10500,1,-0.007,0.152,9.0,5142.01,571.33,1.0,0.1111111111111111,0.16333333333333333,0.1978888888888889,0.23377777777777778,4.555555555555555,655.807750775925,2144.21,Salary,Low
TAXP03479,41,1474800,1,1,0,1,0.18,0.149,28.0,32706.1,1168.08,2.0,0.0714285714285714,0.11935714285714286,0.24732142857142855,0.23407142857142857,4.678571428571429,1932.7444839599923,7730.48,Salary,Low
TAXP01387,50,1597300,1,0,0,0,0.304,0.174,29.0,32898.51,1134.43,0.0,0.0,0.11717241379310345,0.21882758620689655,0.16479310344827586,3.6206896551724137,1899.6399624040116,9508.21,Salary,Low
TAXP00291,25,542200,1,0,70700,0,-0.036,0.293,41.0,24217.52,590.67,0.0,0.0,0.09565853658536586,0.19702439024390242,0.21829268292682924,4.2439024390243905,968.1852443855855,5364.6,Salary+Business,Low
TAXP01023,56,873100,1,1,0,1,0.113,0.363,7.0,13311.02,1901.57,0.0,0.0,0.11914285714285713,0.1557142857142857,0.187,3.857142857142857,3028.872391891396,7865.3,Professional,Low
TAXP00682,50,1019500,1,2,0,0,0.101,0.188,26.0,24892.46,957.4,2.0,0.0769230769230769,0.11715384615384615,0.18796153846153849,0.1651923076923077,3.8461538461538463,1146.472672460387,5493.78,Salary+Business,Low
TAXP01600,44,301400,0,0,0,1,0.168,0.427,6.0,781.75,130.29,0.0,0.0,0.06083333333333334,0.27116666666666667,0.09899999999999999,3.3333333333333335,83.12409263665178,270.57,Salary,Low
TAXP04888,36,2046200,1,1,0,0,-0.008,0.172,8.0,15141.67,1892.71,0.0,0.0,0.10325,0.2155,0.151875,4.125,1878.0147852790685,4890.15,Salary,Low
TAXP00423,52,423700,1,0,0,1,-0.11,0.406,4.0,898.76,224.69,0.0,0.0,0.1145,0.19425,0.16150000000000003,4.75,220.09005293288473,531.59,Business,Low
TAXP00412,31,150000,1,0,0,0,0.22,0.202,14.0,2676.39,191.17,1.0,0.0714285714285714,0.13035714285714287,0.2385,0.1842142857142857,3.2142857142857144,227.82881209918878,885.0,Business,Low
TAXP00030,30,886400,1,1,21000,0,0.164,0.15,17.0,14134.23,831.43,0.0,0.0,0.09376470588235294,0.19117647058823528,0.19052941176470586,4.882352941176471,1535.1415145317942,6048.78,Professional,Low
TAXP03100,40,995000,1,0,13700,0,0.198,0.37,30.0,23513.27,783.78,2.0,0.0666666666666666,0.1062,0.20233333333333334,0.22046666666666667,4.1,1520.2028016335082,7920.64,Salary,Low
TAXP04660,33,329200,0,1,0,1,-0.146,0.137,5.0,1201.22,240.24,1.0,0.2,0.11699999999999999,0.188,0.1238,3.8,321.06284381721906,807.48,Salary,Medium
TAXP03854,38,505800,1,0,0,0,0.33,0.062,7.0,1871.56,267.37,0.0,0.0,0.09814285714285716,0.21914285714285714,0.12214285714285715,5.285714285714286,217.0229194391799,579.21,Salary,Low
TAXP02789,51,429100,1,2,0,0,0.024,0.404,13.0,2901.83,223.22,0.0,0.0,0.11853846153846154,0.2630769230769231,0.14846153846153845,4.0,162.57003922175852,578.61,Salary,Low
TAXP00723,38,150000,1,3,0,0,-0.105,0.062,15.0,6815.43,454.36,0.0,0.0,0.13166666666666668,0.22593333333333335,0.165,4.4,1056.8446898007294,4226.91,Business,Low
TAXP01536,37,325800,1,0,0,0,0.177,0.197,20.0,8366.25,418.31,2.0,0.1,0.12229999999999999,0.19245,0.1953,3.7,797.412503056143,3502.01,Business,Low
TAXP01360,25,541400,1,0,0,2,-0.004,0.128,11.0,6355.37,577.76,1.0,0.0909090909090909,0.10290909090909092,0.24754545454545454,0.15172727272727274,3.090909090909091,752.9845805918544,2527.27,Salary+Business,Low
TAXP02222,65,373800,1,0,20700,0,0.141,0.201,28.0,7770.76,277.53,0.0,0.0,0.10492857142857144,0.21957142857142856,0.19392857142857145,4.321428571428571,376.0148552015932,1596.6,Salary+Investments,Low
TAXP03338,29,923600,1,1,0,1,0.261,0.287,41.0,28840.45,703.43,2.0,0.048780487804878,0.10917073170731707,0.22587804878048778,0.19,3.5121951219512195,723.0035156693527,2601.44,Professional,Low
TAXP00625,29,912500,1,1,0,2,0.13,0.267,5.0,2729.31,545.86,0.0,0.0,0.13140000000000002,0.2476,0.274,3.4,759.9694681169764,1870.55,Salary,Low
TAXP04346,49,841400,1,1,0,1,0.108,0.027,2.0,2270.54,1135.27,0.0,0.0,0.075,0.1855,0.183,5.0,766.2633345006141,1677.1,Salary,Low
TAXP01637,28,182400,1,1,0,0,0.321,0.014,5.0,807.24,161.45,0.0,0.0,0.15460000000000002,0.2082,0.205,4.0,96.34117639929461,275.4,Salary+Investments,Low
TAXP04364,60,423100,0,0,85500,2,0.334,0.312,1.0,50.3,50.3,0.0,0.0,0.117,0.225,0.541,3.0,0.0,50.3,Salary+Business,Medium
TAXP02342,37,566900,1,0,0,0,0.306,0.248,5.0,1471.72,294.34,0.0,0.0,0.13540000000000002,0.13799999999999998,0.1632,4.2,284.19059375707707,768.99,Salary,Low
TAXP01330,60,1109000,1,1,0,1,0.135,0.274,19.0,13361.58,703.24,4.0,0.2105263157894736,0.13657894736842105,0.22694736842105265,0.244,4.421052631578948,993.9149893778348,4418.26,Salary,Medium
TAXP01613,49,630400,1,2,0,0,0.094,0.337,12.0,4739.24,394.94,1.0,0.0833333333333333,0.11441666666666667,0.2335,0.20191666666666666,4.083333333333333,293.9809762037281,1079.94,Salary+Business,Low
TAXP03145,48,488100,1,0,0,0,-0.247,0.166,12.0,2321.84,193.49,0.0,0.0,0.11541666666666667,0.1915,0.19075,3.6666666666666665,139.98712683239083,381.97,Multiple,Low
TAXP02005,59,236400,1,1,0,2,-0.028,0.293,22.0,6016.37,273.47,3.0,0.1363636363636363,0.1084090909090909,0.2004090909090909,0.1894090909090909,3.8181818181818183,360.5403939233895,1140.08,Multiple,Low
TAXP04675,34,792600,0,1,0,0,0.163,0.298,33.0,74332.36,2252.5,3.0,0.0909090909090909,0.12384848484848485,0.2226969696969697,0.21927272727272726,4.0606060606060606,7517.494404343209,43099.76,Professional,Low
TAXP01395,26,169000,0,1,0,0,0.12,0.119,46.0,15337.65,333.43,7.0,0.1521739130434782,0.14395652173913043,0.25967391304347825,0.1964782608695652,3.9565217391304346,366.7849276054053,1482.81,Business,Medium
TAXP02412,52,2021200,1,0,0,0,0.19,0.517,12.0,6437.69,536.47,0.0,0.0,0.08941666666666666,0.2051666666666667,0.1689166666666667,3.5,216.5936578630943,889.23,Salary,Low
TAXP04284,41,465500,0,2,0,0,-0.232,0.409,21.0,9070.84,431.94,0.0,0.0,0.1290952380952381,0.23914285714285716,0.18933333333333333,3.761904761904762,579.761354486646,1980.18,Salary+Business,Low
TAXP04108,63,1629500,1,0,15900,0,0.3,0.389,15.0,28135.76,1875.72,0.0,0.0,0.1134,0.18053333333333335,0.1812,4.066666666666666,2406.672510709894,7484.73,Salary+Business,Low
TAXP00378,26,153600,1,1,5500,0,0.206,0.321,6.0,1346.74,224.46,1.0,0.1666666666666666,0.14516666666666667,0.18483333333333332,0.206,3.8333333333333335,253.8470552649108,687.32,Salary,Medium
TAXP02172,43,299200,0,2,27600,3,-0.006,0.197,13.0,3782.99,291.0,0.0,0.0,0.1283076923076923,0.31176923076923074,0.2196923076923077,3.230769230769231,291.1733125494602,1163.69,Salary+Investments,Low
TAXP03218,29,1551400,1,0,0,0,0.214,0.24,5.0,4314.05,862.81,0.0,0.0,0.0872,0.30979999999999996,0.1356,3.4,604.6181380011685,1545.32,Salary,Low
TAXP02198,55,656600,1,0,0,0,0.09,0.308,9.0,6429.69,714.41,0.0,0.0,0.11066666666666666,0.2501111111111111,0.1887777777777778,4.222222222222222,961.7045525783894,3131.73,Business,Low
TAXP01224,52,1141900,1,0,46300,0,0.038,0.433,32.0,34855.75,1089.24,1.0,0.03125,0.1109375,0.20434375,0.17878125,4.53125,1325.1849135844534,5129.77,Salary,Low
TAXP00401,55,571200,0,3,20700,2,-0.025,0.125,19.0,6544.56,344.45,2.0,0.1052631578947368,0.14673684210526317,0.2222105263157895,0.20589473684210527,3.8421052631578947,370.36040933834056,1305.32,Salary,Medium
TAXP00136,31,312900,1,0,0,0,-0.095,0.294,8.0,1714.68,214.34,1.0,0.125,0.11449999999999999,0.241875,0.149875,3.125,299.7842637154735,926.6,Professional,Low
TAXP02538,34,202200,1,1,0,0,0.19,0.357,24.0,6778.65,282.44,0.0,0.0,0.13420833333333335,0.22491666666666665,0.22633333333333336,3.9166666666666665,341.73635723937707,1623.06,Salary,Low
TAXP01705,65,770800,1,2,0,0,0.147,0.347,25.0,10976.14,439.05,0.0,0.0,0.09451999999999999,0.25056,0.15039999999999998,3.56,588.647668276477,2337.86,Business,Low
TAXP00433,51,591500,1,3,0,0,-0.121,0.43,14.0,2968.86,212.06,0.0,0.0,0.11364285714285714,0.20378571428571426,0.27485714285714286,4.214285714285714,207.8289875338391,859.28,Salary,Low
TAXP00562,27,826900,1,1,0,0,0.496,0.263,10.0,4813.07,481.31,2.0,0.2,0.131,0.17980000000000002,0.23359999999999997,4.4,495.9661535730034,1593.84,Salary,Medium
TAXP02398,32,569600,1,0,0,0,0.414,0.391,7.0,1784.21,254.89,2.0,0.2857142857142857,0.12971428571428573,0.15385714285714286,0.24628571428571427,4.857142857142857,378.93435476848697,1111.75,Salary,Medium
TAXP04898,41,1604700,0,1,0,0,0.503,0.052,5.0,1468.72,293.74,0.0,0.0,0.10300000000000001,0.22759999999999997,0.1976,4.4,190.90720057137707,550.05,Salary,Low
TAXP01643,64,150000,1,1,0,0,0.321,0.326,29.0,11154.89,384.65,3.0,0.1034482758620689,0.14631034482758623,0.22213793103448276,0.20689655172413793,4.0,572.9911847846236,2236.54,Professional,Low
TAXP02726,52,497700,0,2,0,0,0.004,0.313,7.0,4263.59,609.08,0.0,0.0,0.11071428571428572,0.25285714285714284,0.197,4.285714285714286,860.8812161743946,2372.29,Business,Low
TAXP01793,64,791700,1,0,0,0,-0.029,0.14,11.0,5192.72,472.07,0.0,0.0,0.11218181818181817,0.31163636363636366,0.22727272727272727,3.727272727272727,455.79450513062653,1276.79,Salary+Business,Low
TAXP04897,65,1011800,0,0,59100,0,0.207,0.176,34.0,15682.21,461.24,1.0,0.0294117647058823,0.1003235294117647,0.2091470588235294,0.18573529411764708,3.911764705882353,597.2461964064855,2772.34,Salary+Business,Medium
TAXP03617,24,1532900,1,0,0,0,-0.019,0.342,5.0,6739.49,1347.9,0.0,0.0,0.1166,0.26339999999999997,0.1494,3.6,1246.0000896348283,2703.23,Salary,Low
TAXP03292,47,793700,1,0,0,0,-0.077,0.24,39.0,21007.88,538.66,3.0,0.0769230769230769,0.11771794871794872,0.18853846153846154,0.20712820512820512,3.7948717948717947,714.3170464248285,3156.24,Professional,Low
TAXP01977,23,166300,1,1,18100,0,0.206,0.157,8.0,2316.55,289.57,0.0,0.0,0.10375,0.238375,0.26825,3.25,298.2202028433496,819.35,Salary,Low
TAXP01802,63,893900,1,0,0,0,0.219,0.122,3.0,2598.65,866.22,0.0,0.0,0.06566666666666666,0.10166666666666667,0.20433333333333334,4.333333333333333,1096.8512213301005,2116.95,Business,Low
TAXP04012,34,781800,1,2,0,0,0.335,0.077,27.0,21976.16,813.93,0.0,0.0,0.11551851851851852,0.22733333333333333,0.20007407407407407,4.185185185185185,1557.9905821455184,7790.2,Salary,Low
TAXP00998,55,709300,0,1,0,1,0.043,0.257,7.0,3381.85,483.12,0.0,0.0,0.12671428571428572,0.1724285714285714,0.2541428571428571,4.285714285714286,782.3951979110594,2224.45,Salary+Investments,Low
TAXP03959,54,413300,1,0,0,3,0.158,0.308,35.0,8775.26,250.72,3.0,0.0857142857142857,0.12860000000000002,0.2135142857142857,0.22148571428571429,3.9714285714285715,278.3246844380912,1200.54,Salary,Low
TAXP02932,55,1215800,1,2,0,0,0.195,0.261,31.0,32928.6,1062.21,0.0,0.0,0.09806451612903226,0.24654838709677418,0.20590322580645162,4.064516129032258,1714.9279920085928,8985.12,Salary+Investments,Low
TAXP03848,26,4672300,1,2,0,0,0.429,0.331,17.0,67717.62,3983.39,0.0,0.0,0.13641176470588234,0.22752941176470587,0.2128235294117647,4.0,4458.32119172042,12029.12,Salary+Investments,Low
TAXP02371,42,294300,0,2,0,1,-0.033,0.222,8.0,2165.01,270.63,0.0,0.0,0.164125,0.215875,0.180125,4.625,213.05646561667973,699.08,Multiple,Low
TAXP02553,33,475700,1,2,0,0,0.107,0.232,5.0,1769.0,353.8,0.0,0.0,0.18580000000000002,0.3408,0.34500000000000003,4.0,300.22771091290025,707.58,Salary,Low
TAXP00158,57,1318900,1,2,0,0,0.024,0.371,13.0,9783.18,752.55,1.0,0.0769230769230769,0.10815384615384614,0.2593846153846154,0.19869230769230767,4.153846153846154,812.150831189973,3154.2,Salary,Low
TAXP01357,38,495800,1,1,0,0,0.116,0.104,51.0,29236.15,573.26,2.0,0.0392156862745098,0.13270588235294117,0.23472549019607844,0.20125490196078433,3.6862745098039214,933.2044428104995,4886.74,Business,Low
TAXP01065,44,408700,1,1,0,0,0.048,0.466,32.0,17228.51,538.39,2.0,0.0625,0.11737500000000001,0.2175,0.18296874999999999,4.0625,803.4250193987407,3485.45,Salary+Business,Low
TAXP03440,62,2599300,1,1,0,0,0.322,0.079,11.0,20878.8,1898.07,0.0,0.0,0.0880909090909091,0.21654545454545457,0.12318181818181818,3.727272727272727,3445.9976227040283,11412.32,Salary,Low
TAXP04199,38,150000,1,2,0,0,-0.021,0.238,17.0,8140.34,478.84,1.0,0.0588235294117647,0.14541176470588235,0.1915294117647059,0.22411764705882353,3.3529411764705883,1241.627724425387,5237.83,Salary,Low
TAXP03756,57,454600,1,0,0,2,0.187,0.193,1.0,341.15,341.15,0.0,0.0,0.043,0.07,0.101,5.0,0.0,341.15,Salary+Investments,Low
TAXP02872,30,399100,1,0,26100,0,0.129,0.18,4.0,4754.47,1188.62,1.0,0.25,0.12975,0.2885,0.19949999999999998,3.25,1685.3020173522805,3703.49,Salary,Medium
TAXP03917,43,517600,1,0,0,0,0.126,0.548,10.0,3727.0,372.7,1.0,0.1,0.1212,0.22560000000000002,0.1879,2.8,452.34971137138774,1526.27,Business,Low
TAXP04371,65,212200,1,0,0,0,0.151,0.17,16.0,4226.35,264.15,1.0,0.0625,0.09768750000000001,0.1970625,0.1936875,3.6875,327.0730993263076,1129.31,Multiple,Low
TAXP00023,43,1567400,1,1,0,0,0.156,0.203,6.0,8991.34,1498.56,1.0,0.1666666666666666,0.12983333333333333,0.19633333333333333,0.246,5.5,2003.0401857343418,5487.25,Multiple,Low
TAXP02372,32,547500,1,4,0,1,-0.002,0.192,12.0,5588.51,465.71,1.0,0.0833333333333333,0.12933333333333333,0.27133333333333337,0.18983333333333333,3.5,836.2515629713165,3079.06,Salary+Business,Low
TAXP01180,58,877900,1,0,0,0,0.134,0.15,49.0,25741.19,525.33,3.0,0.0612244897959183,0.1263061224489796,0.24616326530612243,0.20238775510204082,4.061224489795919,468.2388133427891,2244.04,Salary,Low
TAXP03980,41,1135900,1,1,54700,0,-0.082,0.394,28.0,28655.35,1023.41,1.0,0.0357142857142857,0.1105,0.22007142857142856,0.2255,4.321428571428571,1647.9762321741714,6627.52,Salary,Medium
TAXP00048,44,763500,1,0,0,0,0.115,0.205,13.0,8373.68,644.13,2.0,0.1538461538461538,0.14453846153846153,0.22076923076923077,0.1886923076923077,4.846153846153846,854.5026901504517,2940.44,Salary,Low
TAXP01813,64,791600,1,1,0,0,-0.017,0.364,11.0,3312.53,301.14,1.0,0.0909090909090909,0.10463636363636364,0.2525454545454546,0.15609090909090909,4.909090909090909,513.5443827646166,1591.84,Professional,Low
TAXP04265,63,400900,1,2,0,0,-0.066,0.186,22.0,7184.36,326.56,0.0,0.0,0.08081818181818182,0.19759090909090912,0.1495,3.8636363636363638,665.504344500408,3218.8,Business,Low
TAXP02478,25,757000,0,3,0,0,0.347,0.417,8.0,5443.1,680.39,1.0,0.125,0.08499999999999999,0.15725,0.156875,4.0,695.666807207301,2197.21,Salary,Medium
TAXP03340,53,201300,1,1,0,1,-0.26,0.079,7.0,1435.65,205.09,0.0,0.0,0.13585714285714287,0.24300000000000002,0.17242857142857143,3.4285714285714284,193.3468989247294,562.49,Salary+Investments,Low
TAXP02240,56,521900,1,2,11000,0,-0.239,0.303,30.0,8460.91,282.03,4.0,0.1333333333333333,0.1274,0.23470000000000002,0.20063333333333333,3.966666666666667,276.63466063637486,996.97,Business,Medium
TAXP02741,51,351700,1,0,5900,0,0.251,0.337,17.0,7212.76,424.28,2.0,0.1176470588235294,0.14094117647058824,0.219,0.19199999999999998,4.117647058823529,509.6816400214942,1826.78,Salary,Low
TAXP02577,24,361300,1,2,0,0,-0.06,0.157,34.0,12355.78,363.41,2.0,0.0588235294117647,0.12202941176470589,0.22623529411764706,0.20855882352941177,4.411764705882353,684.5251340549455,3875.36,Salary+Investments,Low
TAXP03554,32,190600,0,0,0,1,-0.029,0.373,6.0,5236.79,872.8,1.0,0.1666666666666666,0.12933333333333333,0.1575,0.16033333333333336,2.8333333333333335,1089.4759626428968,2835.05,Salary,Medium
TAXP01817,26,1048700,0,1,0,0,-0.049,0.571,10.0,25177.72,2517.77,1.0,0.1,0.1581,0.2065,0.23210000000000003,4.0,6503.208145208537,20993.44,Business,Low
TAXP00770,55,2181700,1,2,40000,0,0.228,0.438,5.0,10884.21,2176.84,0.0,0.0,0.1496,0.197,0.2548,5.6,2027.705470259426,4905.78,Multiple,Low
TAXP04406,37,1622000,1,0,0,1,-0.084,0.366,8.0,11992.79,1499.1,0.0,0.0,0.11599999999999999,0.158,0.174375,4.5,2088.28237653024,6598.81,Business,Low
TAXP04735,60,491500,0,1,47200,0,0.23,0.3,62.0,28233.85,455.38,1.0,0.0161290322580645,0.10567741935483871,0.19391935483870967,0.20025806451612904,3.8870967741935485,749.3841779551835,3962.69,Salary,Low
TAXP03369,35,808500,1,0,0,1,0.093,0.216,15.0,11312.67,754.18,0.0,0.0,0.1246,0.22333333333333333,0.19413333333333332,3.533333333333333,1257.6206997694383,5123.63,Salary+Business,Low
TAXP04934,42,956300,1,0,47700,0,0.055,0.589,16.0,9932.25,620.77,1.0,0.0625,0.0908125,0.22575,0.19218749999999998,4.1875,673.1612761190664,2271.8,Salary+Investments,Low
TAXP01066,27,622400,1,1,19500,0,0.06,0.143,12.0,3370.69,280.89,0.0,0.0,0.12216666666666666,0.208,0.20925000000000002,4.666666666666667,298.6043918101898,1012.79,Salary+Business,Low
TAXP03633,60,406200,1,1,18300,0,-0.069,0.246,14.0,2867.36,204.81,0.0,0.0,0.108,0.21028571428571427,0.1862857142857143,4.214285714285714,270.8689650524243,1035.45,Salary+Investments,Low
TAXP01331,53,168100,1,1,0,0,0.09,0.367,74.0,19645.85,265.48,2.0,0.027027027027027,0.12382432432432433,0.2249189189189189,0.2078918918918919,3.9324324324324325,369.0892517377524,1756.99,Salary,Low
TAXP01574,22,644000,1,0,0,0,0.185,0.306,16.0,7751.5,484.47,1.0,0.0625,0.102625,0.2146875,0.18937500000000002,3.8125,538.5024700268328,2243.2,Business,Low
TAXP03184,25,976200,1,1,0,1,0.067,0.136,9.0,6586.34,731.82,0.0,0.0,0.11055555555555556,0.19655555555555554,0.2588888888888889,4.111111111111111,820.2197375568193,2397.64,Salary+Business,Low
TAXP01242,56,316100,1,0,0,1,0.046,0.225,16.0,3743.54,233.97,0.0,0.0,0.0875625,0.178625,0.2240625,3.3125,233.99858093230677,972.77,Business,Low
TAXP00024,42,581600,1,1,0,0,0.294,0.17,15.0,9145.56,609.7,0.0,0.0,0.1332,0.16893333333333335,0.19033333333333333,4.666666666666667,747.9082087567393,3063.14,Salary,Low
TAXP00779,22,678900,1,0,0,1,0.331,0.208,9.0,1121.26,124.58,0.0,0.0,0.09377777777777778,0.1378888888888889,0.19877777777777778,4.888888888888889,117.82457257625754,401.32,Salary,Low
TAXP04433,60,951200,1,1,0,0,-0.038,0.332,18.0,16889.95,938.33,2.0,0.1111111111111111,0.14716666666666667,0.23522222222222222,0.2035,3.2222222222222223,1253.9522867903436,4850.42,Salary,Low
TAXP04895,38,351200,0,2,0,0,-0.171,0.34,3.0,738.89,246.3,0.0,0.0,0.085,0.12333333333333334,0.18166666666666667,2.6666666666666665,110.08167165034031,353.93,Salary,Low
TAXP00146,42,482000,1,0,0,0,0.242,0.25,37.0,15961.58,431.39,5.0,0.1351351351351351,0.12197297297297297,0.26059459459459455,0.18608108108108107,4.054054054054054,772.3263331162384,4628.93,Salary,Low
TAXP01510,46,715000,1,0,0,0,-0.063,0.446,26.0,12126.22,466.39,2.0,0.0769230769230769,0.1483076923076923,0.2755384615384615,0.19588461538461538,4.115384615384615,504.2033295786074,1844.86,Professional,Low
TAXP02218,54,605700,0,2,0,0,0.153,0.13,10.0,5194.95,519.5,0.0,0.0,0.06839999999999999,0.2024,0.1926,3.9,1190.9738661677025,3888.15,Salary,Low
TAXP00617,61,1086700,1,0,0,0,0.269,0.202,22.0,20620.45,937.29,0.0,0.0,0.10572727272727273,0.1765,0.2125,4.318181818181818,1265.7531767720127,4928.93,Professional,Low
TAXP00397,29,1123600,1,0,10900,0,-0.264,0.222,14.0,8292.81,592.34,2.0,0.1428571428571428,0.13642857142857143,0.24207142857142858,0.17957142857142858,4.285714285714286,608.4116055334597,2216.83,Salary,Low
TAXP04184,51,3544500,0,0,0,1,0.084,0.107,8.0,57980.07,7247.51,1.0,0.125,0.110875,0.191375,0.18775,4.75,12092.691425512752,33027.95,Salary,Low
TAXP02421,62,170200,1,0,9000,0,0.219,0.078,20.0,1968.76,98.44,1.0,0.05,0.1169,0.24159999999999998,0.23945,3.9,92.72521922325123,443.63,Salary,Low
TAXP02935,65,377400,1,3,30900,0,0.049,0.228,82.0,33540.25,409.03,9.0,0.1097560975609756,0.13408536585365852,0.21982926829268293,0.21813414634146341,4.304878048780488,798.6746060320942,4147.34,Business,Medium
TAXP03393,30,366500,1,1,0,0,-0.007,0.416,6.0,1441.75,240.29,0.0,0.0,0.1505,0.24250000000000002,0.25733333333333336,3.3333333333333335,308.6773244290333,866.07,Multiple,Low
TAXP00829,64,1558000,0,2,0,0,-0.116,0.022,5.0,2440.32,488.06,0.0,0.0,0.11760000000000001,0.2244,0.1274,4.0,426.14181475185,1159.22,Professional,Low
TAXP00835,24,378000,1,1,0,0,0.184,0.304,2.0,561.89,280.94,0.0,0.0,0.183,0.3605,0.2305,4.5,315.57468537574425,504.09,Professional,Low
TAXP01489,53,823400,1,1,0,0,-0.087,0.326,26.0,20523.3,789.36,1.0,0.0384615384615384,0.1371923076923077,0.24296153846153848,0.21876923076923077,3.769230769230769,1465.4731007406658,5845.39,Salary,Low
TAXP04599,62,1520700,1,2,44900,0,0.001,0.073,5.0,3578.99,715.8,0.0,0.0,0.091,0.27240000000000003,0.10600000000000001,6.0,663.579974471804,1890.19,Salary,Low
TAXP00536,27,1028600,1,0,123200,0,-0.17,0.396,24.0,20255.04,843.96,0.0,0.0,0.11679166666666667,0.27475,0.21241666666666667,3.6666666666666665,1120.9032011342654,4025.4,Salary+Investments,Medium
TAXP04252,44,475800,1,1,0,0,0.11,0.472,9.0,2784.1,309.34,0.0,0.0,0.09944444444444443,0.20033333333333336,0.19166666666666668,3.2222222222222223,244.58056306210793,683.77,Professional,Low
TAXP02740,25,1770900,0,1,0,0,0.31,0.073,22.0,51121.91,2323.72,1.0,0.0454545454545454,0.13204545454545455,0.21459090909090908,0.23727272727272727,4.136363636363637,4686.947216275864,22642.49,Professional,Low
TAXP00305,34,621900,1,1,3500,1,0.137,0.291,29.0,24153.71,832.89,2.0,0.0689655172413793,0.12758620689655173,0.266,0.20082758620689656,4.068965517241379,1187.1704036227,4856.65,Professional,Low
TAXP03675,29,244000,1,1,0,0,-0.007,0.524,30.0,6865.69,228.86,2.0,0.0666666666666666,0.1438,0.21303333333333332,0.20716666666666667,4.1,264.62251066030063,1126.21,Business,Low
TAXP02301,56,456700,1,1,0,0,0.235,0.021,17.0,8348.52,491.09,2.0,0.1176470588235294,0.11905882352941177,0.17141176470588237,0.20552941176470588,4.294117647058823,744.231071647699,2903.08,Salary,Low
TAXP02521,43,556700,1,0,0,1,0.379,0.24,4.0,1991.15,497.79,0.0,0.0,0.03875,0.11350000000000002,0.14975,4.0,433.6570523947082,899.33,Salary+Investments,Low
TAXP03105,39,617700,1,1,0,1,0.266,0.772,27.0,8544.19,316.45,1.0,0.037037037037037,0.0974074074074074,0.22166666666666668,0.17662962962962964,3.888888888888889,278.0361585326034,1050.68,Salary,Low
TAXP01032,64,752200,0,0,5400,0,0.261,0.391,23.0,11892.33,517.06,0.0,0.0,0.12269565217391305,0.23343478260869563,0.18234782608695652,3.9130434782608696,609.3407227484511,2555.76,Salary,Low
TAXP03350,54,335900,1,1,0,1,0.167,0.342,6.0,3720.46,620.08,0.0,0.0,0.143,0.3183333333333333,0.21816666666666665,3.8333333333333335,624.8655540407606,1715.47,Business,Low
TAXP00250,56,279600,1,3,0,0,0.211,0.076,4.0,593.73,148.43,0.0,0.0,0.14475,0.1945,0.1865,3.5,118.71935404558096,323.78,Salary,Low
TAXP01309,24,150000,1,0,0,1,0.02,0.346,25.0,5944.93,237.8,1.0,0.04,0.13064,0.22972,0.19648,3.92,345.1020221316203,1514.06,Salary,Low
TAXP04628,53,1145600,1,3,0,0,0.044,0.113,3.0,1071.3,357.1,1.0,0.3333333333333333,0.20233333333333334,0.21466666666666667,0.22866666666666668,4.333333333333333,390.4981080619982,796.58,Salary+Investments,Medium
TAXP00838,64,1816700,0,1,138400,0,0.183,0.215,39.0,38514.33,987.55,2.0,0.0512820512820512,0.1155897435897436,0.238,0.21705128205128205,3.717948717948718,1310.8782276742122,5691.3,Professional,High
TAXP03457,37,770600,1,0,0,0,-0.038,0.452,46.0,46461.5,1010.03,1.0,0.0217391304347826,0.1145,0.21571739130434783,0.1853695652173913,3.8043478260869565,1720.3063739506592,8740.74,Salary,Low
TAXP00744,63,170400,1,1,0,1,-0.293,0.368,27.0,10777.93,399.18,2.0,0.074074074074074,0.12174074074074073,0.26166666666666666,0.17351851851851854,4.407407407407407,544.4584733517869,2631.36,Professional,Low
TAXP03502,48,1684000,1,0,11900,0,0.1,0.096,7.0,13587.57,1941.08,0.0,0.0,0.10385714285714286,0.163,0.17814285714285713,4.571428571428571,1820.6940094684462,4813.22,Salary,Low
TAXP02713,64,615900,0,1,66000,1,0.246,0.411,37.0,15119.64,408.64,0.0,0.0,0.12186486486486488,0.24235135135135136,0.21775675675675676,4.081081081081081,689.2647841915156,2776.82,Professional,Medium
TAXP04732,29,526800,1,1,0,0,0.291,0.324,29.0,9527.95,328.55,1.0,0.0344827586206896,0.11610344827586207,0.2753103448275862,0.1484137931034483,4.103448275862069,444.01118753601565,2177.85,Salary,Low
TAXP03611,56,1034300,1,0,0,0,-0.117,0.112,21.0,27856.45,1326.5,2.0,0.0952380952380952,0.1402857142857143,0.22533333333333333,0.19152380952380954,4.142857142857143,1764.2547390184468,6209.0,Business,Low
TAXP00069,25,1205600,0,1,13200,0,0.266,0.414,6.0,1502.56,250.43,0.0,0.0,0.07166666666666667,0.21250000000000002,0.1775,3.8333333333333335,200.58289624658093,623.39,Business,Low
TAXP04950,54,1193700,1,1,0,0,-0.05,0.176,48.0,51965.55,1082.62,2.0,0.0416666666666666,0.11997916666666668,0.2709375,0.19908333333333336,3.875,1496.6805900461457,7355.83,Business,Low
TAXP04672,31,471400,1,0,0,0,0.441,0.269,25.0,8142.79,325.71,1.0,0.04,0.10880000000000001,0.2148,0.19296,3.92,393.7380820807998,1554.58,Salary,Low
TAXP03667,32,654500,0,2,0,1,0.1,0.153,10.0,6646.52,664.65,0.0,0.0,0.09459999999999999,0.2166,0.1885,3.9,1330.689052189796,4345.13,Professional,Low
TAXP02015,29,2042500,1,2,46100,0,0.333,0.576,42.0,112435.98,2677.05,3.0,0.0714285714285714,0.12285714285714286,0.25357142857142856,0.18604761904761905,4.238095238095238,6001.023708118997,28999.54,Professional,Medium
TAXP01675,29,551800,1,1,0,0,0.031,0.388,28.0,10853.52,387.63,2.0,0.0714285714285714,0.1187142857142857,0.23957142857142857,0.18803571428571428,3.75,472.489081829008,1987.54,Business,Low
TAXP04534,47,220900,1,0,0,1,0.138,0.617,16.0,6394.07,399.63,2.0,0.125,0.136625,0.243,0.19725,3.9375,713.8668676951723,2828.62,Salary+Investments,Low
TAXP02288,23,3350000,1,0,0,0,0.082,0.375,50.0,95388.97,1907.78,2.0,0.04,0.11571999999999999,0.18764,0.20393999999999998,3.76,2301.4450769430387,9524.12,Business,Low
TAXP00673,39,388800,1,0,0,0,0.166,0.097,22.0,5058.24,229.92,1.0,0.0454545454545454,0.11149999999999999,0.23754545454545453,0.19749999999999998,3.0454545454545454,299.6501197984711,1343.76,Salary,Low
TAXP04931,39,1063400,0,1,0,0,0.2,0.059,18.0,40975.99,2276.44,1.0,0.0555555555555555,0.1257777777777778,0.22011111111111112,0.21322222222222223,3.9444444444444446,5302.4506393976635,17026.97,Salary,Low
TAXP03768,28,896200,1,2,0,0,0.068,0.133,48.0,28520.04,594.17,1.0,0.0208333333333333,0.12979166666666667,0.22733333333333336,0.2020833333333333,4.020833333333333,1332.2102576154207,8890.87,Salary+Business,Low
TAXP02289,37,1307800,1,1,0,1,0.202,0.159,22.0,50991.37,2317.79,0.0,0.0,0.10386363636363637,0.17763636363636362,0.21704545454545457,4.2272727272727275,2771.949356596884,9379.22,Salary,Low
TAXP03601,65,1305200,1,0,0,2,0.106,0.449,13.0,14493.17,1114.86,1.0,0.0769230769230769,0.1529230769230769,0.22438461538461538,0.20861538461538462,4.384615384615385,1331.9630727267524,5269.81,Business,Low
TAXP01803,51,522100,1,0,0,0,0.11,0.255,17.0,2963.44,174.32,0.0,0.0,0.12576470588235295,0.17094117647058824,0.19229411764705884,3.823529411764706,159.72218799371612,631.67,Business,Low
TAXP00563,49,674400,1,1,0,0,-0.01,0.46,17.0,8085.19,475.6,1.0,0.0588235294117647,0.11611764705882353,0.20335294117647057,0.19117647058823528,3.764705882352941,522.0795522412101,2236.2,Business,Low
TAXP02241,59,1575200,1,1,52200,0,0.155,0.255,24.0,68781.25,2865.89,3.0,0.125,0.12733333333333333,0.25545833333333334,0.24241666666666664,3.875,9593.897951208806,47663.01,Salary+Business,Medium
TAXP04542,44,790800,1,1,0,0,-0.049,0.164,24.0,14084.33,586.85,2.0,0.0833333333333333,0.13375,0.24495833333333336,0.23316666666666666,4.291666666666667,659.941592247435,2459.85,Salary,Low
TAXP03860,43,863700,0,2,38200,2,0.186,0.437,6.0,2362.87,393.81,0.0,0.0,0.13416666666666668,0.2598333333333333,0.137,4.666666666666667,428.2059541116479,1238.8,Business,Low
TAXP01323,47,639700,1,0,0,0,0.17,0.104,37.0,18650.82,504.08,3.0,0.081081081081081,0.12516216216216217,0.23432432432432432,0.22429729729729728,3.6486486486486487,1048.4192628332091,6206.75,Salary+Business,Low
TAXP04068,52,615900,1,1,0,0,0.195,0.316,19.0,11726.72,617.2,0.0,0.0,0.09542105263157895,0.20005263157894737,0.2023157894736842,4.526315789473684,1287.2994937133394,5700.58,Salary+Business,Low
TAXP02547,57,519300,1,1,0,0,-0.162,0.345,69.0,27378.02,396.78,5.0,0.072463768115942,0.12379710144927536,0.24205797101449278,0.19626086956521738,4.043478260869565,771.685351270195,5789.8,Salary,Low
TAXP04758,30,1202500,1,0,0,0,0.288,0.051,45.0,45656.95,1014.6,4.0,0.0888888888888888,0.11046666666666667,0.19795555555555555,0.21355555555555555,4.333333333333333,1691.5664685247734,10985.24,Salary,Low
TAXP01448,30,1936800,0,2,3200,0,0.32,0.152,16.0,12690.94,793.18,0.0,0.0,0.08925,0.193,0.200375,3.875,936.1220723522121,2986.3,Professional,Low
TAXP04244,44,378200,1,0,0,0,0.282,0.232,45.0,9760.65,216.9,1.0,0.0222222222222222,0.104,0.18615555555555557,0.19039999999999999,4.111111111111111,285.6561241168384,1354.1,Salary+Business,Low
TAXP02655,40,640400,1,1,0,0,0.095,0.195,11.0,6645.49,604.14,0.0,0.0,0.0910909090909091,0.20663636363636365,0.16663636363636364,4.545454545454546,1179.3041206776447,4141.25,Business,Low
TAXP02401,40,471400,1,0,0,1,0.086,0.317,1.0,50.0,50.0,0.0,0.0,0.101,0.126,0.261,5.0,0.0,50.0,Salary,Low
TAXP01071,59,564100,1,0,11000,1,-0.228,0.438,24.0,9366.37,390.27,0.0,0.0,0.13066666666666668,0.24175,0.230125,3.5416666666666665,531.2312055067611,1921.37,Salary,Low
TAXP02219,32,407300,1,2,8000,1,0.125,0.184,19.0,7920.25,416.86,1.0,0.0526315789473684,0.104,0.23973684210526314,0.17873684210526317,3.473684210526316,868.1308405890619,3838.75,Salary+Investments,Low
TAXP03641,49,212000,0,0,0,0,-0.114,0.238,1.0,50.0,50.0,0.0,0.0,0.046,0.082,0.21,3.0,0.0,50.0,Salary,Low
TAXP04601,39,1109500,1,1,0,1,0.292,0.638,12.0,7625.73,635.48,1.0,0.0833333333333333,0.13849999999999998,0.2554166666666667,0.26525000000000004,3.9166666666666665,611.1765878149962,2065.7,Multiple,Low
TAXP01026,49,500000,1,0,0,0,-0.089,0.531,1.0,54.35,54.35,0.0,0.0,0.046,0.186,0.093,3.0,0.0,54.35,Salary+Business,Low
TAXP02191,37,1096400,1,0,0,0,0.292,0.444,30.0,14219.64,473.99,3.0,0.1,0.11713333333333333,0.24873333333333333,0.17673333333333333,4.166666666666667,444.0454975166707,1593.56,Salary,Low
TAXP04959,35,1007600,1,1,0,0,0.307,0.064,17.0,8916.0,524.47,2.0,0.1176470588235294,0.14023529411764704,0.21105882352941177,0.28952941176470587,4.588235294117647,655.6117998811358,2251.59,Salary+Business,Low
TAXP04327,48,1379400,1,0,0,0,0.104,0.272,5.0,1050.56,210.11,0.0,0.0,0.0902,0.1984,0.2142,3.0,93.34658681494467,301.42,Business,Low
TAXP03454,44,1092500,0,1,0,0,0.13,0.123,18.0,6785.98,377.0,0.0,0.0,0.13216666666666665,0.19316666666666665,0.17994444444444443,3.388888888888889,530.9435068196868,2382.77,Multiple,Low
TAXP01412,52,3236900,1,1,8200,1,0.057,0.698,30.0,73902.98,2463.43,0.0,0.0,0.10723333333333333,0.2126,0.20036666666666667,4.266666666666667,3377.1050196743786,15155.19,Salary+Business,Low
TAXP02238,27,609100,0,1,0,0,0.286,0.158,25.0,15603.28,624.13,2.0,0.08,0.10792,0.24224,0.17748,3.36,1317.3993167294923,6367.57,Salary,Low
TAXP00328,29,619400,1,1,0,1,0.263,0.496,9.0,9119.06,1013.23,1.0,0.1111111111111111,0.12477777777777778,0.2728888888888889,0.1418888888888889,3.888888888888889,1493.058276327857,3989.63,Business,Low
TAXP02953,36,525800,1,0,0,1,0.08,0.147,10.0,3699.95,370.0,1.0,0.1,0.1232,0.23199999999999998,0.1706,4.1,499.7697166640296,1704.94,Business,Low
TAXP00184,21,1441600,1,1,46000,0,0.143,0.439,8.0,16717.25,2089.66,0.0,0.0,0.1395,0.205125,0.22112500000000002,3.375,4113.3424426160755,12102.88,Salary,Low
TAXP04127,46,1345100,0,0,13600,1,0.222,0.25,6.0,7782.77,1297.13,0.0,0.0,0.123,0.31916666666666665,0.16816666666666666,3.3333333333333335,1055.8598074634087,3251.9,Salary,Low
TAXP04512,24,575400,0,0,0,1,0.104,0.533,29.0,11453.61,394.95,0.0,0.0,0.10689655172413794,0.2379655172413793,0.1612758620689655,3.8275862068965516,616.9576986331473,2519.14,Salary,Low
TAXP03180,48,854600,1,0,0,0,0.017,0.12,10.0,4160.42,416.04,0.0,0.0,0.1125,0.155,0.2071,4.0,497.86679163987003,1400.83,Salary+Business,Low
TAXP03751,45,530500,1,2,29700,1,0.166,0.492,50.0,20181.22,403.62,4.0,0.08,0.12592,0.21660000000000001,0.17681999999999998,3.88,593.6960955111149,3387.45,Salary+Investments,Medium
TAXP04745,61,567700,1,0,10900,0,-0.018,0.214,35.0,26349.86,752.85,4.0,0.1142857142857142,0.13620000000000002,0.2156857142857143,0.19231428571428572,4.228571428571429,2516.251448875737,15089.68,Business,Low
TAXP02319,54,3247800,1,0,0,0,0.27,0.199,2.0,15451.5,7725.75,0.0,0.0,0.10450000000000001,0.1045,0.199,5.0,6806.171469497372,12538.44,Salary+Investments,Low
TAXP00946,40,503100,1,1,0,1,-0.218,0.353,65.0,18694.09,287.6,3.0,0.0461538461538461,0.11746153846153846,0.2426923076923077,0.2070923076923077,3.6615384615384614,337.0902639913238,1832.39,Business,Low
TAXP01990,43,244100,1,0,5500,1,0.253,0.473,3.0,838.09,279.36,0.0,0.0,0.13733333333333334,0.07766666666666666,0.4443333333333333,3.6666666666666665,117.69911653590835,359.32,Multiple,Low
TAXP03126,64,970400,0,1,0,0,-0.138,0.15,38.0,25376.64,667.81,3.0,0.0789473684210526,0.1241842105263158,0.23505263157894737,0.17186842105263156,3.789473684210526,573.2199107668654,2138.39,Salary,Low
TAXP01820,37,538700,1,1,0,0,-0.106,0.273,17.0,4942.2,290.72,0.0,0.0,0.10223529411764706,0.20735294117647057,0.17976470588235294,4.235294117647059,215.86076520900608,725.59,Salary+Business,Low
TAXP02925,60,399400,0,1,0,1,0.021,0.101,18.0,4445.0,246.94,1.0,0.0555555555555555,0.13755555555555554,0.26122222222222224,0.1511111111111111,4.944444444444445,205.77470410542014,727.22,Salary,Low
TAXP03066,46,651900,1,2,0,0,0.239,0.276,14.0,4887.68,349.12,0.0,0.0,0.10392857142857144,0.22342857142857145,0.16092857142857145,3.5,372.5623990069934,1274.19,Salary,Low
TAXP04426,34,1097500,1,2,0,0,-0.091,0.552,15.0,21342.57,1422.84,0.0,0.0,0.09853333333333333,0.2714666666666667,0.19913333333333333,4.266666666666667,2738.539259459841,10447.98,Professional,Low
TAXP00674,28,251900,1,0,0,0,0.041,0.076,10.0,7427.99,742.8,0.0,0.0,0.1574,0.2435,0.2455,4.8,1157.9806318707485,3609.21,Salary+Business,Low
TAXP01329,44,594600,1,2,0,0,-0.107,0.393,6.0,1982.84,330.47,0.0,0.0,0.15733333333333333,0.2356666666666667,0.22399999999999998,4.833333333333333,326.01252832777254,850.98,Salary+Business,Low
TAXP02976,25,817200,1,3,0,0,0.048,0.086,23.0,28583.92,1242.78,2.0,0.0869565217391304,0.13217391304347825,0.23895652173913046,0.17930434782608695,3.4782608695652173,1995.6236095560187,7726.81,Salary,Low
TAXP02652,56,165800,1,2,0,0,0.106,0.294,31.0,8747.68,282.18,4.0,0.1290322580645161,0.12370967741935483,0.20964516129032257,0.1955483870967742,4.645161290322581,226.04665539643352,893.91,Salary,Low
TAXP03042,24,596600,1,1,0,0,-0.101,0.268,3.0,16671.23,5557.08,0.0,0.0,0.17700000000000002,0.35200000000000004,0.282,4.0,8775.797894746285,15681.7,Salary,Low
TAXP01737,38,242700,1,0,0,0,-0.149,0.235,9.0,2273.34,252.59,0.0,0.0,0.12022222222222223,0.24911111111111112,0.18755555555555556,3.3333333333333335,228.17637290043854,640.03,Salary,Low
TAXP00630,65,150000,1,1,8200,0,0.126,0.17,27.0,14647.93,542.52,1.0,0.037037037037037,0.1325925925925926,0.2064814814814815,0.19985185185185184,4.7407407407407405,1280.3266115910221,5539.23,Salary,Low
TAXP02059,50,421200,1,1,0,1,-0.1,0.43,57.0,17467.87,306.45,1.0,0.0175438596491228,0.11807017543859649,0.21264912280701756,0.21750877192982457,3.982456140350877,420.64816109340796,2381.25,Salary,Low
TAXP01035,58,444500,1,1,15300,0,-0.118,0.116,35.0,5969.52,170.56,0.0,0.0,0.10508571428571428,0.23565714285714284,0.18057142857142858,3.5714285714285716,161.92086366104738,700.68,Salary,Low
TAXP04385,21,1093400,1,2,0,0,-0.107,0.352,11.0,4943.73,449.43,1.0,0.0909090909090909,0.13245454545454546,0.1930909090909091,0.2853636363636363,4.363636363636363,708.3766976686909,2479.59,Professional,Low
TAXP03453,36,2629100,1,0,33200,0,0.058,0.107,6.0,19955.19,3325.86,0.0,0.0,0.102,0.24283333333333332,0.162,4.0,4972.070694428026,12962.04,Salary,Low
TAXP00860,62,1050400,1,1,0,0,-0.028,0.099,18.0,8490.88,471.72,1.0,0.0555555555555555,0.11788888888888888,0.23716666666666666,0.2347222222222222,3.611111111111111,395.1583923414869,1237.17,Business,Low
TAXP00960,53,872000,1,0,0,0,-0.13,0.157,7.0,1676.69,239.53,0.0,0.0,0.06571428571428571,0.3405714285714286,0.14771428571428571,3.857142857142857,219.2508972018348,635.98,Salary,Low
TAXP02940,40,378600,1,0,0,0,0.415,0.172,18.0,8174.69,454.15,0.0,0.0,0.09177777777777779,0.19344444444444445,0.1721111111111111,3.2777777777777777,750.5113088654741,2695.94,Professional,Low
TAXP00278,62,291800,1,0,0,0,-0.077,0.138,39.0,13541.55,347.22,1.0,0.0256410256410256,0.09915384615384615,0.2145897435897436,0.19866666666666669,4.333333333333333,582.7193082002626,2811.35,Professional,Low
TAXP00707,33,337400,1,1,0,0,0.064,0.36,29.0,13633.79,470.13,4.0,0.1379310344827586,0.16131034482758622,0.27520689655172415,0.21793103448275863,3.896551724137931,869.5081015474498,3536.59,Salary,Low
TAXP04606,21,745100,1,1,0,0,0.029,0.021,3.0,959.24,319.75,0.0,0.0,0.12666666666666668,0.243,0.131,3.3333333333333335,467.21493183901276,859.24,Salary,Low
TAXP00296,56,738100,1,0,0,0,0.316,0.591,40.0,36171.45,904.29,2.0,0.05,0.10905000000000001,0.20754999999999998,0.21084999999999998,3.45,1990.064634228912,10649.83,Salary,Low
TAXP03599,50,181100,0,1,0,0,0.099,0.13,11.0,6433.71,584.88,2.0,0.1818181818181818,0.16072727272727272,0.2837272727272727,0.27136363636363636,2.8181818181818183,663.6756332289277,1822.64,Salary,Medium
TAXP01097,50,2026300,1,2,6200,0,0.134,0.2,51.0,273186.12,5356.59,2.0,0.0392156862745098,0.11103921568627452,0.2454705882352941,0.1768627450980392,3.823529411764706,31461.38317182405,225484.55,Professional,Low
TAXP01369,44,1593700,0,1,21100,0,0.082,0.453,16.0,16123.04,1007.69,2.0,0.125,0.111125,0.195375,0.163375,4.25,1890.5789626249416,7842.14,Multiple,Medium
TAXP01495,30,503900,0,1,0,0,0.025,0.102,7.0,6257.73,893.96,1.0,0.1428571428571428,0.12014285714285713,0.2394285714285714,0.25357142857142856,3.4285714285714284,1474.316938149422,4181.14,Salary,Low
TAXP02168,26,189900,1,1,0,0,0.13,0.121,31.0,5682.27,183.3,1.0,0.032258064516129,0.12680645161290321,0.2030967741935484,0.21661290322580645,4.290322580645161,160.24692174588648,792.7,Business,Low
TAXP04166,61,809100,1,3,0,0,-0.038,0.123,34.0,35097.94,1032.29,3.0,0.088235294117647,0.11091176470588235,0.21355882352941177,0.1835,4.5588235294117645,1970.369486663888,10609.86,Salary+Investments,Low
TAXP02846,59,306200,1,1,0,0,0.191,0.229,6.0,3859.93,643.32,1.0,0.1666666666666666,0.165,0.18999999999999997,0.1825,4.166666666666667,1310.8156258363213,3314.21,Business,Low
TAXP00796,47,595000,1,2,0,1,0.226,0.229,11.0,11523.33,1047.58,1.0,0.0909090909090909,0.11545454545454546,0.15790909090909092,0.23409090909090907,3.727272727272727,2045.5104465945103,7099.81,Salary+Business,Low
TAXP01792,44,646300,0,3,0,1,0.219,0.544,20.0,8081.15,404.06,3.0,0.15,0.13920000000000002,0.2435,0.18075000000000002,4.3,685.6327287056595,3201.83,Professional,Medium
TAXP03141,22,567200,1,1,0,0,0.162,0.214,12.0,5422.5,451.88,1.0,0.0833333333333333,0.11708333333333333,0.24033333333333332,0.17525000000000002,3.8333333333333335,575.3484662121967,1603.61,Salary,Low
TAXP01623,48,1125000,1,0,0,1,0.405,0.335,30.0,31300.3,1043.34,0.0,0.0,0.1168,0.29286666666666666,0.1754666666666667,3.8666666666666667,1631.7735053432598,7061.57,Salary,Low
TAXP00783,30,2371400,1,0,0,0,0.012,0.351,29.0,33737.79,1163.37,0.0,0.0,0.09606896551724138,0.16510344827586207,0.17096551724137932,4.344827586206897,1304.3463270388936,5903.03,Salary+Business,Low
TAXP04624,26,1195300,0,1,0,0,-0.212,0.098,5.0,5442.73,1088.55,0.0,0.0,0.11039999999999998,0.1812,0.2152,5.6,1361.6524480314351,3343.6,Salary+Business,Low
TAXP04822,46,400600,1,2,0,1,0.166,0.256,13.0,5066.61,389.74,1.0,0.0769230769230769,0.11376923076923076,0.22161538461538463,0.256,4.0,369.7089492303718,1155.86,Salary+Business,Low
TAXP04213,53,968500,1,0,0,0,0.41,0.138,3.0,1761.06,587.02,0.0,0.0,0.06966666666666667,0.161,0.20766666666666667,5.333333333333333,793.3372553334426,1502.84,Professional,Low
TAXP03646,32,224400,1,1,34700,0,-0.166,0.305,27.0,3954.76,146.47,1.0,0.037037037037037,0.10429629629629629,0.239,0.19274074074074074,4.111111111111111,149.7495830376266,672.01,Salary+Business,Low
TAXP00772,47,1729500,1,1,0,0,0.303,0.474,29.0,49871.89,1719.72,3.0,0.1034482758620689,0.1266896551724138,0.23010344827586207,0.20555172413793105,4.068965517241379,2627.2099938561696,8868.83,Business,Low
TAXP03002,36,1066500,0,0,13400,0,0.241,0.375,21.0,19164.74,912.61,2.0,0.0952380952380952,0.1229047619047619,0.22014285714285714,0.22476190476190475,4.666666666666667,2222.4466294859217,9828.47,Salary+Business,Low
TAXP00827,32,664600,1,0,0,1,-0.121,0.212,20.0,7913.98,395.7,0.0,0.0,0.11779999999999999,0.23984999999999998,0.1416,3.85,443.12207286717876,1701.78,Professional,Low
TAXP04152,27,1852400,0,2,0,1,0.117,0.033,15.0,19975.86,1331.72,0.0,0.0,0.1222,0.2617333333333333,0.2412,2.6666666666666665,1111.8599244689055,3634.89,Multiple,Low
TAXP02307,36,2618700,1,0,0,0,-0.171,0.229,18.0,21219.53,1178.86,2.0,0.1111111111111111,0.13355555555555554,0.20922222222222223,0.217,4.444444444444445,1034.0499417954259,4052.98,Salary,Low
TAXP01058,31,873900,1,0,0,0,0.176,0.135,4.0,675.64,168.91,0.0,0.0,0.047,0.239,0.179,3.75,162.94491707322447,412.5,Salary,Low
TAXP02504,26,921300,1,0,0,1,0.141,0.235,4.0,1597.08,399.27,0.0,0.0,0.105,0.24725,0.17775,3.5,245.27961078464443,663.91,Salary,Low
TAXP00989,23,522700,1,1,0,0,0.119,0.453,16.0,4416.64,276.04,0.0,0.0,0.07475,0.198875,0.154875,3.25,289.8044694157309,914.56,Professional,Low
TAXP03270,51,360600,1,1,31300,0,0.372,0.297,16.0,2507.79,156.74,0.0,0.0,0.0850625,0.2545625,0.1445625,4.25,231.00250759732023,972.05,Professional,Low
TAXP03686,32,788200,1,0,8300,0,0.111,0.101,7.0,4414.22,630.6,1.0,0.1428571428571428,0.1517142857142857,0.28271428571428575,0.1977142857142857,3.4285714285714284,806.109041604883,2261.3,Salary,Low
TAXP03490,47,547900,1,0,31100,0,0.4,0.277,26.0,6692.6,257.41,1.0,0.0384615384615384,0.11446153846153846,0.1931923076923077,0.18757692307692306,4.076923076923077,248.37131556293198,1120.24,Salary,Low
TAXP01502,27,414600,1,1,16900,0,0.161,0.302,52.0,18235.66,350.69,1.0,0.0192307692307692,0.10151923076923076,0.19592307692307692,0.1724230769230769,4.038461538461538,741.2251760941928,4281.7,Salary,Low
TAXP00514,32,610900,1,1,6600,0,0.361,0.238,36.0,13917.54,386.6,1.0,0.0277777777777777,0.11597222222222221,0.264,0.2038888888888889,4.166666666666667,850.8952798065947,5008.01,Salary,Low
TAXP00688,32,1911800,0,1,5200,0,0.293,0.243,11.0,10406.19,946.02,0.0,0.0,0.08872727272727272,0.16036363636363637,0.21909090909090911,4.363636363636363,1211.1634261988834,3875.91,Salary,Low
TAXP04553,45,395900,1,1,0,0,-0.323,0.207,3.0,2564.63,854.88,0.0,0.0,0.10099999999999999,0.206,0.15033333333333335,2.6666666666666665,519.5627716006347,1401.32,Business,Low
TAXP00848,31,1199800,1,1,0,2,0.114,0.395,5.0,4755.26,951.05,0.0,0.0,0.0634,0.1786,0.18,3.2,940.0414150823356,2364.75,Professional,Low
TAXP03916,26,545200,1,1,0,0,0.235,0.205,13.0,6061.45,466.27,2.0,0.1538461538461538,0.13899999999999998,0.23676923076923076,0.246,4.153846153846154,497.0189881620115,1702.11,Salary+Investments,Low
TAXP01376,31,845100,0,0,23900,0,0.013,0.19,21.0,9504.62,452.6,0.0,0.0,0.11833333333333333,0.2168095238095238,0.22623809523809527,4.0476190476190474,453.4678176222075,1719.38,Business,Low
TAXP01563,51,361100,1,0,27600,0,0.283,0.33,11.0,1902.62,172.97,0.0,0.0,0.09527272727272727,0.2307272727272727,0.18345454545454548,4.2727272727272725,272.55040177419056,931.41,Salary+Investments,Low
TAXP00952,31,899900,1,0,39800,0,0.107,0.336,16.0,18113.98,1132.12,0.0,0.0,0.1134375,0.22575,0.209875,4.5625,1348.7723207315853,3885.53,Salary,Low
TAXP01742,53,1883100,1,1,0,0,0.189,0.223,13.0,13885.87,1068.14,0.0,0.0,0.11161538461538462,0.26715384615384613,0.16861538461538464,3.923076923076923,1144.175736972097,4314.43,Salary,Low
TAXP00978,55,483000,1,2,0,1,0.295,0.225,17.0,7846.5,461.56,0.0,0.0,0.07911764705882353,0.158,0.21552941176470589,3.588235294117647,785.5500742304907,3309.35,Professional,Low
TAXP04177,38,873200,0,2,28300,0,0.183,0.456,52.0,70321.05,1352.33,4.0,0.0769230769230769,0.12688461538461537,0.23025,0.18496153846153846,4.096153846153846,3952.793158326786,28117.21,Multiple,Medium
TAXP00298,31,497300,1,1,4700,0,-0.021,0.728,7.0,2920.29,417.18,0.0,0.0,0.1542857142857143,0.199,0.27685714285714286,5.0,589.8850273812443,1702.33,Salary,Low
TAXP00763,61,1107400,1,0,48600,0,-0.199,0.289,17.0,8554.29,503.19,0.0,0.0,0.108,0.2171764705882353,0.19570588235294117,3.7058823529411766,571.2250836135128,2285.04,Multiple,Low
TAXP02461,47,262500,1,1,0,1,-0.059,0.256,16.0,2454.52,153.41,0.0,0.0,0.12125,0.2264375,0.23925,3.75,90.92901359485505,342.01,Salary+Investments,Low
TAXP01712,41,150000,1,0,5200,2,0.052,0.397,27.0,25213.51,933.83,2.0,0.074074074074074,0.14055555555555554,0.24155555555555555,0.15974074074074074,3.7777777777777777,3115.770949715888,15810.4,Salary,Low
TAXP00415,41,529500,1,3,0,0,0.225,0.342,50.0,24846.48,496.93,2.0,0.04,0.12706,0.24786000000000002,0.18969999999999998,3.92,608.4335933209716,2459.69,Salary+Business,Low
TAXP03256,34,831500,1,0,0,1,-0.002,0.213,12.0,4235.56,352.96,1.0,0.0833333333333333,0.14066666666666666,0.22525000000000003,0.22875,4.75,403.386884411419,1341.3,Salary+Business,Low
TAXP01178,51,723400,0,3,36000,0,0.123,0.309,8.0,2763.03,345.38,1.0,0.125,0.1405,0.2065,0.23374999999999999,3.375,239.88645286810768,655.92,Salary,Medium
TAXP01374,34,204600,1,0,0,0,0.141,0.064,27.0,10481.88,388.22,0.0,0.0,0.12040740740740741,0.23137037037037037,0.18192592592592594,3.888888888888889,655.3173244275416,2629.75,Salary+Investments,Low
TAXP01157,26,650600,1,1,0,0,0.099,0.393,22.0,21382.81,971.95,1.0,0.0454545454545454,0.14027272727272727,0.2877272727272727,0.17440909090909093,4.2727272727272725,1363.8619794597257,4502.49,Professional,Low
TAXP00975,56,316500,1,0,18100,0,0.089,0.554,27.0,10306.93,381.74,2.0,0.074074074074074,0.12844444444444444,0.20918518518518517,0.2195185185185185,3.925925925925926,473.2575207906371,1874.05,Salary,Low
TAXP00105,64,331900,1,2,14800,2,0.086,0.102,16.0,5653.2,353.32,2.0,0.125,0.1325,0.276875,0.2364375,4.0,449.93395547939406,1901.67,Business,Medium
TAXP04775,35,548000,1,0,0,0,0.079,0.084,6.0,1340.93,223.49,0.0,0.0,0.0585,0.222,0.17833333333333334,4.833333333333333,204.51847832571676,527.12,Salary+Investments,Low
TAXP04357,41,1193500,1,0,29700,2,0.119,0.326,7.0,3040.52,434.36,0.0,0.0,0.10128571428571428,0.194,0.19114285714285714,3.142857142857143,343.05309044908296,909.08,Salary+Business,Low
TAXP02909,58,274100,1,0,0,0,0.291,0.328,15.0,2526.07,168.4,0.0,0.0,0.106,0.2258,0.18166666666666667,4.533333333333333,137.67913011609207,464.7,Business,Low
TAXP00293,31,1875200,1,2,0,1,0.263,0.167,12.0,10029.06,835.76,0.0,0.0,0.10791666666666666,0.24575,0.18158333333333332,4.916666666666667,749.5281441195339,2707.29,Salary,Low
TAXP03928,60,233500,1,0,0,0,-0.049,0.164,22.0,6056.74,275.31,0.0,0.0,0.08577272727272728,0.16545454545454547,0.17904545454545454,4.090909090909091,467.35653437631794,1666.74,Multiple,Low
TAXP04497,43,460600,1,0,0,0,0.182,0.559,11.0,1459.63,132.69,0.0,0.0,0.10772727272727273,0.17172727272727273,0.17027272727272727,4.454545454545454,110.14910006647602,319.19,Salary,Low
TAXP00668,37,919700,1,0,23300,2,0.327,0.36,6.0,2312.26,385.38,0.0,0.0,0.09733333333333334,0.2821666666666667,0.15966666666666665,3.0,395.0391073636465,1103.82,Salary+Business,Low
TAXP01827,26,1207800,1,1,0,0,0.036,0.555,5.0,2361.74,472.35,0.0,0.0,0.0648,0.138,0.1972,4.2,305.75456917272714,851.57,Salary+Business,Low
TAXP01766,64,585900,1,2,0,1,0.072,0.236,55.0,17720.72,322.19,2.0,0.0363636363636363,0.11867272727272728,0.21280000000000002,0.19381818181818183,3.8727272727272726,425.2698778591583,2500.0,Business,Low
TAXP02659,36,571000,1,1,0,1,-0.066,0.149,2.0,3542.45,1771.22,0.0,0.0,0.0625,0.1625,0.2225,4.5,2402.9114770315614,3470.34,Salary+Business,Low
TAXP03512,56,238300,1,2,11700,0,0.121,0.146,5.0,1470.45,294.09,2.0,0.4,0.1986,0.29700000000000004,0.121,4.6,424.7179612990249,1047.75,Salary,Medium
TAXP01364,47,1209100,1,1,0,0,0.076,0.264,33.0,95177.4,2884.16,3.0,0.0909090909090909,0.12212121212121213,0.22066666666666668,0.23284848484848486,3.6666666666666665,6847.310485903305,34461.51,Multiple,Low
TAXP03564,41,575200,1,1,0,1,0.18,0.244,18.0,10112.57,561.81,2.0,0.1111111111111111,0.13605555555555554,0.2207222222222222,0.17305555555555557,4.277777777777778,1008.2443578026358,4451.15,Salary,Low
TAXP02828,25,2598300,1,1,0,0,0.323,0.281,7.0,10354.04,1479.15,0.0,0.0,0.11257142857142857,0.22428571428571428,0.19842857142857143,3.0,1307.6095517958024,3499.39,Salary,Low
