profile_id,source_risk,mode,target,status,predicted_class,success,valid,constraint_feasible,violations,p0_low,p0_medium,p0_high,p_low,p_medium,p_high,l0,l1,l2,optimization_steps,runtime_seconds,final_objective,changed_features,cf_age,cf_annual_income,cf_tax_return_filed,cf_late_filing_count,cf_outstanding_dues,cf_previous_default_count,cf_income_growth_rate,cf_deduction_claim_ratio,cf_transaction_count,cf_total_transaction_value,cf_average_transaction_value,cf_transaction_anomaly_count,cf_transaction_anomaly_ratio,cf_avg_anomaly_score,cf_avg_location_risk_score,cf_avg_device_risk_score,cf_avg_transaction_frequency,cf_std_transaction_amount,cf_max_transaction_amount
TAXP04291,Medium,unconstrained,Low,SUCCESS,Low,True,False,False,immutable:age|immutable:previous_default_count|immutable:transaction_count|derived:transaction_anomaly_count|categorical:income_sources,0.004767288453876972,0.9952322840690613,5.245059924163797e-07,0.7891342043876648,0.210865780711174,1.34103583793177e-09,19,4.923282623291016,1.0007445812225342,7,0.04448837500058289,0.7958202362060547,age|annual_income|tax_return_filed|late_filing_count|outstanding_dues|previous_default_count|income_growth_rate|deduction_claim_ratio|transaction_count|total_transaction_value|average_transaction_value|transaction_anomaly_count|transaction_anomaly_ratio|avg_anomaly_score|avg_location_risk_score|avg_device_risk_score|avg_transaction_frequency|std_transaction_amount|max_transaction_amount,27.021349024213727,331065.87366645725,0.07902271154314744,1.8111953983108995,-5589.316872401689,-0.1263482400778611,0.17799342245216238,0.16994630543385694,34.761262182317566,19568.00775882775,230.71625861081503,4.73811461053943,0.11611785738894759,0.11689909394054461,0.2240725034775805,0.16609600184559414,3.694538751762538,358.43131366390367,2419.2443106380697
TAXP04291,Medium,constrained,Low,SUCCESS,Low,True,True,True,,0.004767288453876972,0.9952322840690613,5.245059924163797e-07,0.6598374843597412,0.34016239643096924,7.314304184546927e-08,16,5.285491943359375,1.4182442426681519,11,0.0036723339999298332,0.8380695581436157,annual_income|tax_return_filed|late_filing_count|outstanding_dues|income_growth_rate|deduction_claim_ratio|total_transaction_value|average_transaction_value|transaction_anomaly_count|transaction_anomaly_ratio|avg_anomaly_score|avg_location_risk_score|avg_device_risk_score|avg_transaction_frequency|std_transaction_amount|max_transaction_amount,29.000000642981544,249550.15147300554,0.12437110645482641,1.7027677357190716,-8827.941100347818,3.593553898895152e-09,0.17549955589524519,0.1528461026524554,38.00000043403885,22046.342331413944,131.09655826812013,4.073554685342366,0.10719880275920043,0.11393044863372881,0.21924541945624798,0.16166714059942658,3.620187289802624,151.59447228616648,1531.259115099001
TAXP01707,Medium,unconstrained,Low,SUCCESS,Low,True,False,False,immutable:age|immutable:previous_default_count|immutable:transaction_count|derived:transaction_anomaly_count|categorical:income_sources,0.11093470454216003,0.889065146446228,5.48963043911499e-08,0.8310756087303162,0.16892434656620026,3.302821349748797e-09,19,2.0496792793273926,0.4228134751319885,3,0.0005180839998502051,0.5805911421775818,age|annual_income|tax_return_filed|late_filing_count|outstanding_dues|previous_default_count|income_growth_rate|deduction_claim_ratio|transaction_count|total_transaction_value|average_transaction_value|transaction_anomaly_count|transaction_anomaly_ratio|avg_anomaly_score|avg_location_risk_score|avg_device_risk_score|avg_transaction_frequency|std_transaction_amount|max_transaction_amount,41.08702837846639,409115.76513778616,1.0337665744767572,-0.08051595390389665,17504.782587561363,0.9457914953551314,0.2612427431029062,0.44520105590000075,37.7071845519181,35115.56617064425,780.0805057374473,4.886728622671475,0.12159400828881026,0.12909492436783723,0.21353091147838785,0.19948571431198445,4.176038189995655,2023.716149393644,11923.53296742999
TAXP01707,Medium,constrained,Low,SUCCESS,Low,True,True,True,,0.11093470454216003,0.889065146446228,5.48963043911499e-08,0.6992943286895752,0.3007056713104248,2.2827080670140276e-08,16,1.8315849304199219,0.5018100142478943,4,0.0012169169986009365,0.7036498785018921,annual_income|tax_return_filed|late_filing_count|outstanding_dues|income_growth_rate|deduction_claim_ratio|total_transaction_value|average_transaction_value|transaction_anomaly_count|transaction_anomaly_ratio|avg_anomaly_score|avg_location_risk_score|avg_device_risk_score|avg_transaction_frequency|std_transaction_amount|max_transaction_amount,40.00000008348515,389603.9762546102,1.0450465959417528,-0.10737718526989148,16706.006870843354,0.9999999972595282,0.26537793592246334,0.44099150291691297,39.00000028892566,35626.681863235324,757.8375573161051,4.656355415536578,0.1193937275283723,0.12842917111358806,0.21276548651335755,0.1982905220765596,4.185313810962467,1973.1054800789766,12166.905701607542
TAXP04363,Medium,unconstrained,Low,SUCCESS,Low,True,False,False,immutable:age|immutable:previous_default_count|immutable:transaction_count|derived:transaction_anomaly_count|categorical:income_sources,0.004077436402440071,0.9959224462509155,1.0003776651501539e-07,0.6973717212677002,0.30262821912765503,2.9346258756390853e-09,19,4.039981842041016,0.8304525017738342,6,0.000973166001131176,0.9963656067848206,age|annual_income|tax_return_filed|late_filing_count|outstanding_dues|previous_default_count|income_growth_rate|deduction_claim_ratio|transaction_count|total_transaction_value|average_transaction_value|transaction_anomaly_count|transaction_anomaly_ratio|avg_anomaly_score|avg_location_risk_score|avg_device_risk_score|avg_transaction_frequency|std_transaction_amount|max_transaction_amount,66.43152439461664,378398.53727161593,1.0673788001447564,-0.1601169644730035,-4794.368542542454,-0.10804960518084583,0.18280377872616585,0.6028821605064436,19.28375555125967,22125.146595981787,688.611127894282,4.7758473381162805,0.2140929241765922,0.1535292743069292,0.26457578391827874,0.23253137927771841,4.647457686395203,1095.7051619178176,6906.850589315538
TAXP04363,Medium,constrained,Low,SUCCESS,Low,True,True,True,,0.004077436402440071,0.9959224462509155,1.0003776651501539e-07,0.68628990650177,0.31371012330055237,3.58363152486163e-08,16,4.3118181228637695,1.117012619972229,10,0.0029888749995734543,0.7280630469322205,annual_income|tax_return_filed|late_filing_count|outstanding_dues|income_growth_rate|deduction_claim_ratio|total_transaction_value|average_transaction_value|transaction_anomaly_count|transaction_anomaly_ratio|avg_anomaly_score|avg_location_risk_score|avg_device_risk_score|avg_transaction_frequency|std_transaction_amount|max_transaction_amount,65.00000013041068,300620.4693495686,1.1121622902878516,-0.2666973385395357,-7996.7582719030415,3.593553898895152e-09,0.18198947769369717,0.5895067390539721,22.00000003790413,24705.129665030036,593.7471558252485,4.517316015125837,0.20533254488338182,0.15096849014287272,0.26966313591287194,0.22788668355683386,4.569331406799532,884.0380127308797,7590.126992074862
TAXP02079,Medium,unconstrained,Low,SUCCESS,Low,True,False,False,immutable:age|immutable:previous_default_count|immutable:transaction_count|derived:transaction_anomaly_count|categorical:income_sources,0.00016006911755539477,0.9998356103897095,4.310706572141498e-06,0.8142011761665344,0.18579883873462677,3.794826952674413e-11,19,10.626274108886719,2.2073278427124023,16,0.0023936249999678694,0.8862268328666687,age|annual_income|tax_return_filed|late_filing_count|outstanding_dues|previous_default_count|income_growth_rate|deduction_claim_ratio|transaction_count|total_transaction_value|average_transaction_value|transaction_anomaly_count|transaction_anomaly_ratio|avg_anomaly_score|avg_location_risk_score|avg_device_risk_score|avg_transaction_frequency|std_transaction_amount|max_transaction_amount,54.98214626763517,-172835.35933327058,0.18143345336677885,-0.42569471880760346,-12821.430364081314,-0.2890568530320733,-0.01582749999292471,0.07511351712544445,-4.470144208817576,10813.677661052738,-52.591640389835106,0.41987120047606274,0.29808505729554063,0.1528647294975103,0.13180562416681701,0.29209939570778226,4.754117015254002,-464.18507333581033,4005.4772480062834
TAXP02079,Medium,constrained,Low,SUCCESS,Low,True,True,True,,0.00016006911755539477,0.9998356103897095,4.310706572141498e-06,0.6290982961654663,0.3709017336368561,2.7703004334966863e-08,16,11.596506118774414,3.037153482437134,28,0.008292332999189966,1.0540778636932373,annual_income|tax_return_filed|late_filing_count|outstanding_dues|income_growth_rate|deduction_claim_ratio|total_transaction_value|average_transaction_value|transaction_anomaly_count|transaction_anomaly_ratio|avg_anomaly_score|avg_location_risk_score|avg_device_risk_score|avg_transaction_frequency|std_transaction_amount|max_transaction_amount,55.00000018797516,-410452.3531418673,0.32719706955017924,-0.7507113732976616,-22973.801176313493,3.593553898895152e-09,-0.03751953318330692,0.02167445330771514,2.99999984076587,19629.563921063702,-396.72360727056287,0.8139693526903927,0.27132311162600026,0.14405965980934393,0.11946828533480577,0.27589995681238155,4.680573659449936,-1088.52929831316,6266.448107563068
TAXP01751,Medium,unconstrained,Low,SUCCESS,Low,True,False,False,immutable:age|immutable:previous_default_count|immutable:transaction_count|derived:transaction_anomaly_count|categorical:income_sources,0.024392144754529,0.9755746126174927,3.32574600179214e-05,0.6172651648521423,0.382733553647995,1.3512906207324704e-06,19,2.1280972957611084,0.43107980489730835,3,0.000488499999846681,1.4957666397094727,age|annual_income|tax_return_filed|late_filing_count|outstanding_dues|previous_default_count|income_growth_rate|deduction_claim_ratio|transaction_count|total_transaction_value|average_transaction_value|transaction_anomaly_count|transaction_anomaly_ratio|avg_anomaly_score|avg_location_risk_score|avg_device_risk_score|avg_transaction_frequency|std_transaction_amount|max_transaction_amount,45.06013938501142,311667.86764257203,1.033746216135773,2.919399891126513,4205.53778885596,-0.05397425435936554,-0.19672593297177046,0.13115737407840936,4.579092318636377,5149.865999587802,475.75163115993763,0.886910032207366,0.16005642248312135,0.15634220789993483,0.25976005773571215,0.15530079489529747,4.613909765865842,739.1951097425055,3002.3772977792105
TAXP01751,Medium,constrained,Low,SUCCESS,Low,True,True,True,,0.024392144754529,0.9755746126174927,3.32574600179214e-05,0.6767224073410034,0.3232736885547638,3.89017350244103e-06,16,2.5693981647491455,0.661842942237854,6,0.0018245829996885732,0.7758504152297974,annual_income|tax_return_filed|late_filing_count|outstanding_dues|income_growth_rate|deduction_claim_ratio|total_transaction_value|average_transaction_value|transaction_anomaly_count|transaction_anomaly_ratio|avg_anomaly_score|avg_location_risk_score|avg_device_risk_score|avg_transaction_frequency|std_transaction_amount|max_transaction_amount,45.99999993444443,251758.93910007156,1.0674975235392086,2.83914851064689,1808.8458991214284,3.593553898895152e-09,-0.21048069544732548,0.11912937981598615,6.0000003507987465,7051.953307103025,404.0753296901304,0.9207538240632972,0.15345895067756352,0.15432115954096082,0.2585567270025888,0.15179423184124385,4.561218824749661,583.5319541415645,3685.42091126683
TAXP00851,Medium,unconstrained,Low,SUCCESS,Low,True,False,False,immutable:age|immutable:previous_default_count|immutable:transaction_count|derived:transaction_anomaly_count|categorical:income_sources,0.001345815951935947,0.9986359477043152,1.8253807866130956e-05,0.7994670867919922,0.20053298771381378,6.772911120833669e-09,19,7.641282081604004,1.5554503202438354,11,0.0016874169996299315,0.8194884657859802,age|annual_income|tax_return_filed|late_filing_count|outstanding_dues|previous_default_count|income_growth_rate|deduction_claim_ratio|transaction_count|total_transaction_value|average_transaction_value|transaction_anomaly_count|transaction_anomaly_ratio|avg_anomaly_score|avg_location_risk_score|avg_device_risk_score|avg_transaction_frequency|std_transaction_amount|max_transaction_amount,35.641391838047554,283899.9413798633,0.12450875481972024,0.7003655475117729,-8903.031465025653,-0.20178653157569681,0.05660282869659597,0.18941762262486395,19.88913286678489,19342.363504666795,233.98079082725883,4.5826918589120025,0.1755393099048661,0.12255739237924737,0.2044791082651633,0.17423101739534683,4.464318855577415,746.8278241905473,7806.101865943732
TAXP00851,Medium,constrained,Low,SUCCESS,Low,True,True,True,,0.001345815951935947,0.9986359477043152,1.8253807866130956e-05,0.6795531511306763,0.32044580578804016,1.0200491260548006e-06,16,8.182694435119629,2.1016736030578613,18,0.005388499999753549,0.8607136607170105,annual_income|tax_return_filed|late_filing_count|outstanding_dues|income_growth_rate|deduction_claim_ratio|total_transaction_value|average_transaction_value|transaction_anomaly_count|transaction_anomaly_ratio|avg_anomaly_score|avg_location_risk_score|avg_device_risk_score|avg_transaction_frequency|std_transaction_amount|max_transaction_amount,33.99999985085242,130067.56757275341,0.20466583666678495,0.5053545900362655,-14673.344837655788,3.593553898895152e-09,0.04919074543230523,0.15755527473415631,24.999999957079222,23943.748516333195,57.21813985997153,3.996359959814776,0.15985439555269226,0.11825779995605526,0.19733776029638497,0.16546120897477457,4.366624223332068,368.40829238710717,8798.836945696752
TAXP01193,Medium,unconstrained,Low,SUCCESS,Low,True,False,False,immutable:age|immutable:previous_default_count|immutable:transaction_count|derived:transaction_anomaly_count|categorical:income_sources,0.006730689201503992,0.9932379722595215,3.1298834073822945e-05,0.6100796461105347,0.3899197578430176,6.132744942988211e-07,19,3.530921459197998,0.7137285470962524,5,0.000813291999293142,1.421899437904358,age|annual_income|tax_return_filed|late_filing_count|outstanding_dues|previous_default_count|income_growth_rate|deduction_claim_ratio|transaction_count|total_transaction_value|average_transaction_value|transaction_anomaly_count|transaction_anomaly_ratio|avg_anomaly_score|avg_location_risk_score|avg_device_risk_score|avg_transaction_frequency|std_transaction_amount|max_transaction_amount,50.88723525012734,439467.02097845834,0.056243004577543054,0.8654742422202244,-3992.7597507785704,0.9103921545138739,0.10417317159819214,0.5809833380006668,3.6358497897138875,5314.617140039149,238.22095765518145,0.8115055475646666,0.15566379407163225,0.14175410418579062,0.3018161473584965,0.145336738493048,3.744094129204184,68.72007897423964,2078.5355419802463
TAXP01193,Medium,constrained,Low,SUCCESS,Low,True,True,True,,0.006730689201503992,0.9932379722595215,3.1298834073822945e-05,0.7305711507797241,0.26942697167396545,1.8902300098488922e-06,16,4.014551162719727,1.0466138124465942,10,0.0029888749995734543,0.6357995867729187,annual_income|tax_return_filed|late_filing_count|outstanding_dues|income_growth_rate|deduction_claim_ratio|total_transaction_value|average_transaction_value|transaction_anomaly_count|transaction_anomaly_ratio|avg_anomaly_score|avg_location_risk_score|avg_device_risk_score|avg_transaction_frequency|std_transaction_amount|max_transaction_amount,49.000000146179154,336413.3059435981,0.1122197076821635,0.7310076904704199,-7983.402459959963,0.9999999972595282,0.09822671756986164,0.5775711567377437,6.0000003507987465,8379.965622814525,115.12823744621448,0.868215550676307,0.14470256861958003,0.1396373361305379,0.2971869480046994,0.13954200735629851,3.654209998788739,-190.29617182894208,3058.633785446218
TAXP00766,Medium,unconstrained,Low,SUCCESS,Low,True,False,False,immutable:age|immutable:previous_default_count|immutable:transaction_count|derived:transaction_anomaly_count|categorical:income_sources,0.010959027335047722,0.9887219667434692,0.00031889008823782206,0.7511829137802124,0.248813658952713,3.4912111459561856e-06,19,4.078276634216309,0.8381945490837097,6,0.0009467089985264465,0.9899792075157166,age|annual_income|tax_return_filed|late_filing_count|outstanding_dues|previous_default_count|income_growth_rate|deduction_claim_ratio|transaction_count|total_transaction_value|average_transaction_value|transaction_anomaly_count|transaction_anomaly_ratio|avg_anomaly_score|avg_location_risk_score|avg_device_risk_score|avg_transaction_frequency|std_transaction_amount|max_transaction_amount,46.25161090027564,60868.115678476286,0.06749487374923058,0.837655897384313,37195.38760007435,-0.1082787155100915,0.047943150228891306,0.41350726712259944,43.15489331267193,16607.311855944845,139.9402905067227,1.7745728554855718,0.0302077131839981,0.11967783766692482,0.2197826960507231,0.20952707941070123,3.9916527155625015,301.0614551904056,2653.6906970830287
TAXP00766,Medium,constrained,Low,SUCCESS,Low,True,True,True,,0.010959027335047722,0.9887219667434692,0.00031889008823782206,0.7268943190574646,0.2730770707130432,2.8685206416412257e-05,16,4.601985931396484,1.3130724430084229,10,0.0030106249996606493,0.7226820588111877,annual_income|tax_return_filed|late_filing_count|outstanding_dues|income_growth_rate|deduction_claim_ratio|total_transaction_value|average_transaction_value|transaction_anomaly_count|transaction_anomaly_ratio|avg_anomaly_score|avg_location_risk_score|avg_device_risk_score|avg_transaction_frequency|std_transaction_amount|max_transaction_amount,48.000000075600916,-14864.999058878282,0.11199542998511713,0.7289311859469108,33950.256735177085,3.593553898895152e-09,0.056038642437269866,0.39717322877269623,45.99999927313331,18616.84759797194,39.693047023582494,0.981816576292832,0.02134384187675643,0.12211398746747956,0.21517207733321708,0.2055366769092713,3.9136194242907796,154.56545375459427,1798.649954233094
TAXP00119,Medium,unconstrained,Low,SUCCESS,Low,True,False,False,immutable:age|immutable:previous_default_count|immutable:transaction_count|derived:transaction_anomaly_count|categorical:income_sources,0.0223102830350399,0.9776565432548523,3.3211224945262074e-05,0.6794798970222473,0.32051974534988403,3.7448253920047136e-07,19,4.22788143157959,0.8549415469169617,6,0.0009372499989694916,0.9569664001464844,age|annual_income|tax_return_filed|late_filing_count|outstanding_dues|previous_default_count|income_growth_rate|deduction_claim_ratio|transaction_count|total_transaction_value|average_transaction_value|transaction_anomaly_count|transaction_anomaly_ratio|avg_anomaly_score|avg_location_risk_score|avg_device_risk_score|avg_transaction_frequency|std_transaction_amount|max_transaction_amount,47.86719909097614,1939714.5805009273,1.0676876914966302,0.8390113349549483,11391.518265128361,-0.10603955873070608,0.016166752250561967,0.13017873044470893,15.296310914232182,23806.393278040698,1321.9926599062067,2.7741338981718386,0.16325767318204285,0.11526160237324723,0.2091926033973466,0.17384256479826224,3.423652037884163,1165.1877853389394,6970.655312226654
TAXP00119,Medium,constrained,Low,SUCCESS,Low,True,True,True,,0.0223102830350399,0.9776565432548523,3.3211224945262074e-05,0.6761911511421204,0.3238053023815155,3.5329767342773266e-06,16,4.616898536682129,1.1558502912521362,10,0.0029909590011811815,0.6765305995941162,annual_income|tax_return_filed|late_filing_count|outstanding_dues|income_growth_rate|deduction_claim_ratio|total_transaction_value|average_transaction_value|transaction_anomaly_count|transaction_anomaly_ratio|avg_anomaly_score|avg_location_risk_score|avg_device_risk_score|avg_transaction_frequency|std_transaction_amount|max_transaction_amount,47.00000000502267,1860008.5610048017,1.1131386395913303,0.7323871805791583,8152.054293677961,3.593553898895152e-09,-0.0012720654721110058,0.1129918887630359,16.999999936269194,26251.645518011188,1417.287035501959,2.6264682536867023,0.15449812664617135,0.11257798338963464,0.20600909389077493,0.16924458277486268,3.357654532062522,965.3050070672622,7875.867373702436
TAXP03106,Medium,unconstrained,Low,SUCCESS,Low,True,False,False,immutable:age|immutable:previous_default_count|immutable:transaction_count|derived:transaction_anomaly_count|categorical:income_sources,0.0025858988519757986,0.9974141120910645,1.4113705759655204e-08,0.7613633871078491,0.23863665759563446,1.5046465462464909e-10,19,4.116055965423584,0.8385348320007324,6,0.000958542001171736,1.0009548664093018,age|annual_income|tax_return_filed|late_filing_count|outstanding_dues|previous_default_count|income_growth_rate|deduction_claim_ratio|transaction_count|total_transaction_value|average_transaction_value|transaction_anomaly_count|transaction_anomaly_ratio|avg_anomaly_score|avg_location_risk_score|avg_device_risk_score|avg_transaction_frequency|std_transaction_amount|max_transaction_amount,57.02831057512973,549931.3275373265,1.067445541460634,0.8388156049136818,15298.950991177266,-0.10865810096284417,0.44664281817586515,0.15111342835443678,44.2747210167289,27177.31177876657,364.30554004295686,6.776990106832686,0.13570501127037016,0.15353412276966238,0.24569894960150893,0.20964903313089361,4.142381592755234,430.2068732710592,5173.587947939441
TAXP03106,Medium,constrained,Low,SUCCESS,Low,True,True,True,,0.0025858988519757986,0.9974141120910645,1.4113705759655204e-08,0.7742093801498413,0.22579069435596466,4.106276652038332e-09,16,4.685040473937988,1.324436902999878,10,0.0030087499999353895,0.631891667842865,annual_income|tax_return_filed|late_filing_count|outstanding_dues|income_growth_rate|deduction_claim_ratio|total_transaction_value|average_transaction_value|transaction_anomaly_count|transaction_anomaly_ratio|avg_anomaly_score|avg_location_risk_score|avg_device_risk_score|avg_transaction_frequency|std_transaction_amount|max_transaction_amount,55.00000018797516,470041.8190985574,1.1123472398806427,0.7315207666174791,12081.860670898566,3.593553898895152e-09,0.44998554872442975,0.13479328679771432,46.99999912802012,29737.127437542662,264.77438843517,5.964560458036593,0.12690552744569605,0.15099949857291484,0.24301877714666872,0.2051325268848027,4.082913277250768,222.01457317789118,5809.400917351736
TAXP04825,Medium,unconstrained,Low,SUCCESS,Low,True,False,False,immutable:age|immutable:previous_default_count|immutable:transaction_count|derived:transaction_anomaly_count|categorical:income_sources,0.0006394138326868415,0.999283492565155,7.711023499723524e-05,0.7326304316520691,0.2673695981502533,1.989289799553262e-08,19,8.195772171020508,1.6812740564346313,12,0.0018241249999846332,1.152077317237854,age|annual_income|tax_return_filed|late_filing_count|outstanding_dues|previous_default_count|income_growth_rate|deduction_claim_ratio|transaction_count|total_transaction_value|average_transaction_value|transaction_anomaly_count|transaction_anomaly_ratio|avg_anomaly_score|avg_location_risk_score|avg_device_risk_score|avg_transaction_frequency|std_transaction_amount|max_transaction_amount,22.262910175386402,878805.8911490147,0.1361809599029481,0.6725891405205013,-9723.828730371968,-0.2178352757559333,0.14017602589455236,0.12440749075880175,12.487446279445049,18152.70226298688,463.2242134208872,3.5477280418852057,0.19557951884214397,0.12680985650943105,0.2638739814347926,0.1601343378330477,4.018801513127862,552.5121738955911,6871.737460275448
TAXP04825,Medium,constrained,Low,SUCCESS,Low,True,True,True,,0.0006394138326868415,0.999283492565155,7.711023499723524e-05,0.7230083346366882,0.27698877453804016,2.897819285863079e-06,16,9.423097610473633,2.3806087970733643,21,0.0063061250002647284,0.8021767139434814,annual_income|tax_return_filed|late_filing_count|outstanding_dues|income_growth_rate|deduction_claim_ratio|total_transaction_value|average_transaction_value|transaction_anomaly_count|transaction_anomaly_ratio|avg_anomaly_score|avg_location_risk_score|avg_device_risk_score|avg_transaction_frequency|std_transaction_amount|max_transaction_amount,22.999999456165206,702431.7518709197,0.24064267580134613,0.42518079406673576,-17231.051015198755,3.593553898895152e-09,0.09793518367599743,0.08601961324933924,18.000000027499116,24191.848645394362,300.68714922967,3.1600005343331654,0.17555558811937588,0.12054689221656632,0.253563516728816,0.15031875727371447,3.866868530390323,47.68934706368532,8343.957282259724
TAXP03735,High,unconstrained,Low,SUCCESS,Low,True,False,False,immutable:age|immutable:previous_default_count|immutable:transaction_count|derived:transaction_anomaly_count|categorical:income_sources,4.249244511811412e-07,0.21933390200138092,0.7806656956672668,0.7064151763916016,0.2935848534107208,3.7116323903241266e-10,19,19.08441162109375,4.1238932609558105,37,0.0055096670002967585,1.2943120002746582,age|annual_income|tax_return_filed|late_filing_count|outstanding_dues|previous_default_count|income_growth_rate|deduction_claim_ratio|transaction_count|total_transaction_value|average_transaction_value|transaction_anomaly_count|transaction_anomaly_ratio|avg_anomaly_score|avg_location_risk_score|avg_device_risk_score|avg_transaction_frequency|std_transaction_amount|max_transaction_amount,43.24387014834274,313894.9216833998,0.3988324947660732,4.194691778452296,101865.54843425038,0.3396732917080067,0.13252460437635596,0.3842508963600787,2.686070010278492,20758.169128538964,222.1897614186638,1.10232113596557,0.011763334667082001,0.10359709452288889,0.2086662610815411,0.18368192141673134,2.9657523028695048,-263.44101346808293,10535.742882872088
TAXP03735,High,constrained,Low,SUCCESS,Low,True,True,True,,4.249244511811412e-07,0.21933390200138092,0.7806656956672668,0.6356503963470459,0.3643450140953064,4.560165507427882e-06,16,20.699615478515625,6.065483093261719,84,0.02507545800108346,1.1169981956481934,annual_income|tax_return_filed|late_filing_count|outstanding_dues|income_growth_rate|deduction_claim_ratio|total_transaction_value|average_transaction_value|transaction_anomaly_count|transaction_anomaly_ratio|avg_anomaly_score|avg_location_risk_score|avg_device_risk_score|avg_transaction_frequency|std_transaction_amount|max_transaction_amount,49.000000146179154,868397.1962192501,0.8544891592689657,2.8505393639007957,67805.98245224214,0.9999999972595282,0.1463989443094005,0.4899807582475597,21.000000005759986,5883.748315735513,-811.8180846565257,-1.5555200683081694e-07,1.729087324708889e-09,0.0801008978950341,0.1925266878650193,0.1845581571005388,2.905195531024952,-433.2073304144335,22206.99824022517
TAXP03056,Medium,unconstrained,Low,SUCCESS,Low,True,False,False,immutable:age|immutable:previous_default_count|immutable:transaction_count|derived:transaction_anomaly_count|categorical:income_sources,0.00026126205921173096,0.9997368454933167,1.9356627944944194e-06,0.8407154083251953,0.1592845618724823,1.3954869482191157e-09,19,7.193816661834717,1.4460684061050415,10,0.001570665999679477,0.8269156813621521,age|annual_income|tax_return_filed|late_filing_count|outstanding_dues|previous_default_count|income_growth_rate|deduction_claim_ratio|transaction_count|total_transaction_value|average_transaction_value|transaction_anomaly_count|transaction_anomaly_ratio|avg_anomaly_score|avg_location_risk_score|avg_device_risk_score|avg_transaction_frequency|std_transaction_amount|max_transaction_amount,32.35230032833003,83768.00243930914,0.11372089456828494,-0.26989451714199886,-8051.142529178744,0.8207271598340048,0.27505407873291743,0.33449082704897143,-0.7147939449077327,7266.556856088217,-16.541406231183487,0.621810597378943,0.22789832274649124,0.18550436330267617,0.31519549876247194,0.2697384118712115,4.327714423118899,-442.60161508123383,1691.380657832155
TAXP03056,Medium,constrained,Low,SUCCESS,Low,True,True,True,,0.00026126205921173096,0.9997368454933167,1.9356627944944194e-06,0.7479248046875,0.25207510590553284,6.754761727734149e-08,16,7.750726699829102,1.9852627515792847,18,0.005386582999562961,0.7176458835601807,annual_income|tax_return_filed|late_filing_count|outstanding_dues|income_growth_rate|deduction_claim_ratio|total_transaction_value|average_transaction_value|transaction_anomaly_count|transaction_anomaly_ratio|avg_anomaly_score|avg_location_risk_score|avg_device_risk_score|avg_transaction_frequency|std_transaction_amount|max_transaction_amount,35.9999999920089,-81622.30385512533,0.20679134600975313,-0.48506715623938934,-14717.705099764995,0.9999999972595282,0.3117224545229087,0.30178696481038214,3.9999996956526793,12426.312397343248,-221.95688741550293,0.840131263441373,0.2100328201534789,0.18090192995222404,0.3084802477954051,0.26104099731738944,4.189322042966577,-856.8697004485514,3274.355407579009
TAXP03977,Medium,unconstrained,Low,SUCCESS,Low,True,False,False,immutable:age|immutable:previous_default_count|immutable:transaction_count|derived:transaction_anomaly_count|categorical:income_sources,3.236068369005807e-05,0.9999421834945679,2.5548870326019824e-05,0.7027677893638611,0.2972322404384613,2.5208460319170456e-10,19,13.008920669555664,2.6709721088409424,19,0.0028827909991377965,1.4510397911071777,age|annual_income|tax_return_filed|late_filing_count|outstanding_dues|previous_default_count|income_growth_rate|deduction_claim_ratio|transaction_count|total_transaction_value|average_transaction_value|transaction_anomaly_count|transaction_anomaly_ratio|avg_anomaly_score|avg_location_risk_score|avg_device_risk_score|avg_transaction_frequency|std_transaction_amount|max_transaction_amount,19.079382670018685,432366.29462093825,0.21637427914903629,-0.513647520991728,-15484.711206109978,-0.34064788968801685,-0.13049852208693663,0.3850209152503822,-6.087124378489335,12872.128860898481,-147.80226283314983,0.2865472532342068,0.2909989936104212,0.15953622302839285,0.2273380289845294,0.24239804227206296,4.693969054631136,-622.7427437380445,4817.10940174927
TAXP03977,Medium,constrained,Low,SUCCESS,Low,True,True,True,,3.236068369005807e-05,0.9999421834945679,2.5548870326019824e-05,0.6122676134109497,0.38773229718208313,7.931861745191782e-08,16,14.213176727294922,3.637768268585205,32,0.009544290998746874,1.1102186441421509,annual_income|tax_return_filed|late_filing_count|outstanding_dues|income_growth_rate|deduction_claim_ratio|total_transaction_value|average_transaction_value|transaction_anomaly_count|transaction_anomaly_ratio|avg_anomaly_score|avg_location_risk_score|avg_device_risk_score|avg_transaction_frequency|std_transaction_amount|max_transaction_amount,21.000000078355612,171619.7963789584,0.372573236016116,-0.8698911502095215,-26737.32054872217,3.593553898895152e-09,-0.19750978545629358,0.3283827672952605,2.99999984076587,21874.991016488962,-478.41543428958164,0.7839792891567803,0.26132642955325264,0.15116723306469568,0.2149439391459249,0.22511811449403304,4.499850196836704,-1325.5288227309532,7637.404481398689
TAXP02970,Medium,unconstrained,Low,SUCCESS,Low,True,False,False,immutable:age|immutable:previous_default_count|immutable:transaction_count|derived:transaction_anomaly_count|categorical:income_sources,0.001584933721460402,0.9418409466743469,0.056574124842882156,0.6342873573303223,0.3657102882862091,2.3293780486710602e-06,19,8.084793090820312,1.6509405374526978,12,0.001826499999879161,1.2930388450622559,age|annual_income|tax_return_filed|late_filing_count|outstanding_dues|previous_default_count|income_growth_rate|deduction_claim_ratio|transaction_count|total_transaction_value|average_transaction_value|transaction_anomaly_count|transaction_anomaly_ratio|avg_anomaly_score|avg_location_risk_score|avg_device_risk_score|avg_transaction_frequency|std_transaction_amount|max_transaction_amount,20.497780421155824,445432.6546816961,0.13172290875930293,1.6760472016511732,49906.06720306943,-0.21576032308904713,-0.04259172601662256,0.27223527990084395,19.334066855152805,14043.142020643745,28.44958594069908,1.5400906054273695,0.053241020740393746,0.10533915804864019,0.24205161919536167,0.20810904490996335,3.7197968538089494,-76.42484800698821,1381.1078506546555
TAXP02970,Medium,constrained,Low,SUCCESS,Low,True,True,True,,0.001584933721460402,0.9418409466743469,0.056574124842882156,0.6990645527839661,0.30085664987564087,7.885515515226871e-05,16,8.909334182739258,2.3727169036865234,23,0.006875708000734448,0.7479007244110107,annual_income|tax_return_filed|late_filing_count|outstanding_dues|income_growth_rate|deduction_claim_ratio|total_transaction_value|average_transaction_value|transaction_anomaly_count|transaction_anomaly_ratio|avg_anomaly_score|avg_location_risk_score|avg_device_risk_score|avg_transaction_frequency|std_transaction_amount|max_transaction_amount,25.000000360668576,444920.6720492793,0.23994242949858502,1.3807631825856372,40867.80454022157,3.593553898895152e-09,-0.08607171913336081,0.22261104650369323,24.999999957079222,14706.352441333538,-213.09038827022277,0.7124006032591402,0.028496026494588385,0.1036757741192226,0.22971417025681903,0.19671774138755901,3.5423694582029626,-288.17845739681593,604.8638046865317
TAXP02136,High,unconstrained,Low,SUCCESS,Low,True,False,False,immutable:age|immutable:previous_default_count|immutable:transaction_count|derived:transaction_anomaly_count|categorical:income_sources,7.140223715396132e-06,0.07405561953783035,0.9259372353553772,0.7347261905670166,0.2652738094329834,6.436974064882861e-09,19,14.097387313842773,2.9351556301116943,25,0.0037657080010831123,0.8816471695899963,age|annual_income|tax_return_filed|late_filing_count|outstanding_dues|previous_default_count|income_growth_rate|deduction_claim_ratio|transaction_count|total_transaction_value|average_transaction_value|transaction_anomaly_count|transaction_anomaly_ratio|avg_anomaly_score|avg_location_risk_score|avg_device_risk_score|avg_transaction_frequency|std_transaction_amount|max_transaction_amount,21.86240954426661,730434.4055739051,0.27203062393744437,-0.6003840553326487,112639.67653692982,-0.2642068186811216,0.05589547140286496,0.46483478754016516,0.5297699820956865,-455.4237359926774,766.6097236606251,0.1704262374298442,0.03617795873625945,0.13724654917209383,0.21631084617878252,0.24090253510000584,3.4159034096114387,226.45619047319076,8585.407004616507
TAXP02136,High,constrained,Low,SUCCESS,Low,True,True,True,,7.140223715396132e-06,0.07405561953783035,0.9259372353553772,0.6464825868606567,0.35351577401161194,1.7297089698331547e-06,16,14.586957931518555,3.882251501083374,44,0.013147625000783592,0.8056439757347107,annual_income|tax_return_filed|late_filing_count|outstanding_dues|income_growth_rate|deduction_claim_ratio|total_transaction_value|average_transaction_value|transaction_anomaly_count|transaction_anomaly_ratio|avg_anomaly_score|avg_location_risk_score|avg_device_risk_score|avg_transaction_frequency|std_transaction_amount|max_transaction_amount,30.00000033188634,1151022.6561684404,0.48657797464275904,-0.9787368311738658,96750.65622952272,3.593553898895152e-09,0.004401145696552852,0.5115886987478164,10.999999625232784,-8229.917771359798,916.0829823969688,-5.493834942527087e-09,1.729087324708889e-09,0.13006388788305082,0.20122755546798812,0.23960805108713845,3.106005754010479,-213.46343141979537,12520.674580675084
TAXP01596,Medium,unconstrained,Low,SUCCESS,Low,True,False,False,immutable:age|immutable:previous_default_count|immutable:transaction_count|derived:transaction_anomaly_count|categorical:income_sources,0.03604074567556381,0.9639192819595337,3.9968716009752825e-05,0.7416011691093445,0.25839683413505554,2.0675686300819507e-06,19,2.000056266784668,0.4173530340194702,3,0.0005067920010333182,0.932660698890686,age|annual_income|tax_return_filed|late_filing_count|outstanding_dues|previous_default_count|income_growth_rate|deduction_claim_ratio|transaction_count|total_transaction_value|average_transaction_value|transaction_anomaly_count|transaction_anomaly_ratio|avg_anomaly_score|avg_location_risk_score|avg_device_risk_score|avg_transaction_frequency|std_transaction_amount|max_transaction_amount,57.02928155236999,839568.9604628948,1.0337756450247204,-0.0808781757479109,-2392.753461383403,-0.053956232832370665,0.0550392857592834,0.08003754503753444,8.294898598207205,6565.109610899548,446.9282913439579,1.8867952099237435,0.21560824449401106,0.15812513242536466,0.285558858167259,0.24432703654200164,3.5607083348056934,171.21336904474515,370.03150536003795
TAXP01596,Medium,constrained,Low,SUCCESS,Low,True,True,True,,0.03604074567556381,0.9639192819595337,3.9968716009752825e-05,0.6849158406257629,0.31507718563079834,7.059793006192194e-06,16,2.125883102416992,0.5510989427566528,5,0.0015202909999061376,0.7354286313056946,annual_income|tax_return_filed|late_filing_count|outstanding_dues|income_growth_rate|deduction_claim_ratio|total_transaction_value|average_transaction_value|transaction_anomaly_count|transaction_anomaly_ratio|avg_anomaly_score|avg_location_risk_score|avg_device_risk_score|avg_transaction_frequency|std_transaction_amount|max_transaction_amount,56.999999565784755,798948.9524502017,1.0562714326408684,-0.1347270248528194,-3986.7145886879734,3.593553898895152e-09,0.06470787119632657,0.07120914048613605,8.999999915459169,7831.270865649573,401.69546133890873,1.9008214473749807,0.21120237962376603,0.15702315701754727,0.28815829389413905,0.24196394284439335,3.5499012283250346,80.93648655880997,-83.23599178248696
TAXP03500,Medium,unconstrained,Low,SUCCESS,Low,True,False,False,immutable:age|immutable:previous_default_count|immutable:transaction_count|bound:transaction_anomaly_ratio|derived:transaction_anomaly_count|categorical:income_sources,0.04098544642329216,0.9588202238082886,0.00019427045481279492,0.6551202535629272,0.3448789119720459,7.794827752150013e-07,19,4.091485500335693,0.8384127020835876,6,0.00094554200040875,0.8344113826751709,age|annual_income|tax_return_filed|late_filing_count|outstanding_dues|previous_default_count|income_growth_rate|deduction_claim_ratio|transaction_count|total_transaction_value|average_transaction_value|transaction_anomaly_count|transaction_anomaly_ratio|avg_anomaly_score|avg_location_risk_score|avg_device_risk_score|avg_transaction_frequency|std_transaction_amount|max_transaction_amount,19.720604741953217,1114170.4279278216,1.0674360005879617,-0.16132980198208202,113212.72364931446,-0.10848140383959959,-0.035096106870557975,0.22994465563288086,19.15340357959894,13125.634098398903,753.7380321459295,-0.22461022853387158,-0.013224522299294467,0.11086734823951648,0.19580878663253615,0.1885638395852953,4.742205170383691,1325.3969616703325,3232.5182897531386
TAXP03500,Medium,constrained,Low,SUCCESS,Low,True,True,True,,0.04098544642329216,0.9588202238082886,0.00019427045481279492,0.6240683794021606,0.37592968344688416,1.923320041896659e-06,14,6.282817363739014,1.7563692331314087,18,0.005461459000798641,0.6552891135215759,annual_income|tax_return_filed|late_filing_count|outstanding_dues|income_growth_rate|deduction_claim_ratio|total_transaction_value|average_transaction_value|avg_anomaly_score|avg_location_risk_score|avg_device_risk_score|avg_transaction_frequency|std_transaction_amount|max_transaction_amount,21.99999976726041,1344843.0261072484,1.203852181932902,-0.489977357945536,103627.65292233774,3.593553898895152e-09,-0.07726131701989031,0.17945290460469746,22.00000003790413,6451.884918642363,736.3162396073193,-1.5555200683081694e-07,1.729087324708889e-09,0.10423098770918401,0.18270410074459925,0.17944717931139315,4.953798373053997,1890.8425622064285,635.4818591082767
TAXP03549,Medium,unconstrained,Low,SUCCESS,Low,True,False,False,immutable:age|immutable:previous_default_count|immutable:transaction_count|derived:transaction_anomaly_count|categorical:income_sources,0.0002178716822527349,0.6992673277854919,0.30051472783088684,0.6233838796615601,0.3766157031059265,4.459343756479939e-07,19,9.467626571655273,1.9802405834197998,15,0.002296333001140738,1.0682035684585571,age|annual_income|tax_return_filed|late_filing_count|outstanding_dues|previous_default_count|income_growth_rate|deduction_claim_ratio|transaction_count|total_transaction_value|average_transaction_value|transaction_anomaly_count|transaction_anomaly_ratio|avg_anomaly_score|avg_location_risk_score|avg_device_risk_score|avg_transaction_frequency|std_transaction_amount|max_transaction_amount,45.89657826313298,676613.0008238296,0.16925343197609855,1.5974445791093603,89211.74917592097,-0.2772356647092943,-0.03147082484501407,0.07603087832105757,8.974694185635679,23554.384951522843,1453.9398176439374,0.43935276525505973,0.029380292066418248,0.13973008243583096,0.2418824828340176,0.21133402693342201,3.302722699805245,4910.90418027679,25136.82400598334
TAXP03549,Medium,constrained,Low,SUCCESS,Low,True,True,True,,0.0002178716822527349,0.6992673277854919,0.30051472783088684,0.6462063193321228,0.35377827286720276,1.5346153304562904e-05,16,11.257410049438477,3.011359691619873,32,0.009585334000803414,0.7162826657295227,annual_income|tax_return_filed|late_filing_count|outstanding_dues|income_growth_rate|deduction_claim_ratio|total_transaction_value|average_transaction_value|transaction_anomaly_count|transaction_anomaly_ratio|avg_anomaly_score|avg_location_risk_score|avg_device_risk_score|avg_transaction_frequency|std_transaction_amount|max_transaction_amount,50.99999990566219,1021076.3542933358,0.34725399958495534,1.1764849362760113,75637.64535138983,3.593553898895152e-09,-0.04207687221466941,0.07196470083477824,15.999999845039273,9520.049778967723,1078.7864629879543,-5.493834942527087e-09,1.729087324708889e-09,0.1311533897321407,0.22661463861989112,0.21527050319899804,3.0300028800879883,4147.738267210182,27131.341333727927
TAXP04637,Medium,unconstrained,Low,SUCCESS,Low,True,False,False,immutable:age|immutable:previous_default_count|immutable:transaction_count|derived:transaction_anomaly_count|categorical:income_sources,0.0018834753427654505,0.9980903267860413,2.6139341571251862e-05,0.8441648483276367,0.15583516657352448,2.5304116135771437e-08,19,7.139965534210205,1.4789788722991943,11,0.0016852080007083714,0.7386170625686646,age|annual_income|tax_return_filed|late_filing_count|outstanding_dues|previous_default_count|income_growth_rate|deduction_claim_ratio|transaction_count|total_transaction_value|average_transaction_value|transaction_anomaly_count|transaction_anomaly_ratio|avg_anomaly_score|avg_location_risk_score|avg_device_risk_score|avg_transaction_frequency|std_transaction_amount|max_transaction_amount,56.12372924709965,-7452.134291748051,1.1251681570750653,0.7001142621373724,62491.83460051567,-0.19992571916483537,-0.08248414302002105,0.25550549487774016,84.08835961276435,37596.6066126927,87.5385248905759,4.586879082142909,0.03170133798127061,0.1266653254798976,0.220425321683428,0.19178721247672437,3.7107535151614175,158.62321611780976,5685.164214464076
TAXP04637,Medium,constrained,Low,SUCCESS,Low,True,True,True,,0.0018834753427654505,0.9980903267860413,2.6139341571251862e-05,0.6755963563919067,0.32436665892601013,3.69318513548933e-05,16,8.051179885864258,2.81660532951355,15,0.0045200829990790226,0.8388235569000244,annual_income|tax_return_filed|late_filing_count|outstanding_dues|income_growth_rate|deduction_claim_ratio|total_transaction_value|average_transaction_value|transaction_anomaly_count|transaction_anomaly_ratio|avg_anomaly_score|avg_location_risk_score|avg_device_risk_score|avg_transaction_frequency|std_transaction_amount|max_transaction_amount,60.00000015919292,3233.074008562602,1.1718729684480897,0.5883516581886307,59170.67139132834,3.593553898895152e-09,-0.10989343634192245,0.2383552532701469,89.00000059624566,39925.17999332116,-13.427862202217057,2.0197601054745964,0.022693936563727684,0.13016679731214992,0.21580130751987078,0.1868398238894657,3.6372923744213184,-29.52738973246187,5699.636809704127
TAXP02874,Medium,unconstrained,Low,SUCCESS,Low,True,False,False,immutable:age|immutable:previous_default_count|immutable:transaction_count|derived:transaction_anomaly_count|categorical:income_sources,0.011681693606078625,0.9878911972045898,0.0004270797944627702,0.8262282013893127,0.1737697273492813,2.102614189425367e-06,19,4.1347737312316895,0.8469722270965576,6,0.0009712920000310987,0.7697492241859436,age|annual_income|tax_return_filed|late_filing_count|outstanding_dues|previous_default_count|income_growth_rate|deduction_claim_ratio|transaction_count|total_transaction_value|average_transaction_value|transaction_anomaly_count|transaction_anomaly_ratio|avg_anomaly_score|avg_location_risk_score|avg_device_risk_score|avg_transaction_frequency|std_transaction_amount|max_transaction_amount,66.07553146709014,44415.146412548725,1.0677194944055381,1.8378077160569473,17799.167867537555,-0.1086812202126145,0.16155747341937918,0.2707370178423368,19.20131505551998,8622.465833464648,80.90579837196447,2.7781923714911874,0.12312726795248338,0.14671080275585757,0.2645975328222775,0.21231606025147545,3.992667268112972,3.516113741181016,1779.8575948138828
TAXP02874,Medium,constrained,Low,SUCCESS,Low,True,True,True,,0.011681693606078625,0.9878911972045898,0.0004270797944627702,0.7357668280601501,0.264194130897522,3.899154762621038e-05,16,4.340298175811768,1.1235235929489136,10,0.0030374590005521895,0.6573282480239868,annual_income|tax_return_filed|late_filing_count|outstanding_dues|income_growth_rate|deduction_claim_ratio|total_transaction_value|average_transaction_value|transaction_anomaly_count|transaction_anomaly_ratio|avg_anomaly_score|avg_location_risk_score|avg_device_risk_score|avg_transaction_frequency|std_transaction_amount|max_transaction_amount,64.00000044150589,-38481.13845800457,1.1131298378003438,1.7289497609283118,14548.444593376786,3.593553898895152e-09,0.15201154886722548,0.2579549008212531,22.00000003790413,11146.938164150211,-14.128743846300608,2.513946083020916,0.11427026689328805,0.14380410970211194,0.26076352920295476,0.20767615895507566,3.9234940849443003,-203.91636815734455,2080.430963961405
TAXP00068,Medium,unconstrained,Low,SUCCESS,Low,True,False,False,immutable:age|immutable:previous_default_count|immutable:transaction_count|derived:transaction_anomaly_count|categorical:income_sources,0.0189532358199358,0.9810466170310974,7.161683868162072e-08,0.6892688274383545,0.3107311427593231,5.410048853349281e-09,19,2.238969087600708,0.44781693816185,3,0.0004972500009898795,1.325315237045288,age|annual_income|tax_return_filed|late_filing_count|outstanding_dues|previous_default_count|income_growth_rate|deduction_claim_ratio|transaction_count|total_transaction_value|average_transaction_value|transaction_anomaly_count|transaction_anomaly_ratio|avg_anomaly_score|avg_location_risk_score|avg_device_risk_score|avg_transaction_frequency|std_transaction_amount|max_transaction_amount,34.855234619372524,405665.5855939745,1.033762296761545,2.9191625548842377,-2394.095068709912,0.9458506576588915,0.2301281557907154,0.36712453338405154,11.571769393195085,6732.700493467995,299.2476510046903,1.8868246963545374,0.14723035530969325,0.17219489553445214,0.273716125511846,0.2236689065192967,3.7163601120160483,303.7868664718336,2240.815299916838
TAXP00068,Medium,constrained,Low,SUCCESS,Low,True,True,True,,0.0189532358199358,0.9810466170310974,7.161683868162072e-08,0.6037815809249878,0.3962183892726898,2.4551408017714493e-08,16,2.3449783325195312,0.5872768759727478,5,0.0015313339990825625,1.0190786123275757,annual_income|tax_return_filed|late_filing_count|outstanding_dues|income_growth_rate|deduction_claim_ratio|total_transaction_value|average_transaction_value|transaction_anomaly_count|transaction_anomaly_ratio|avg_anomaly_score|avg_location_risk_score|avg_device_risk_score|avg_transaction_frequency|std_transaction_amount|max_transaction_amount,35.9999999920089,365205.2779399235,1.0563148144961887,2.8653108114349113,-3989.6713580263568,0.9999999972595282,0.23970274312205034,0.3587671592547478,12.999999807692625,7991.844168910182,250.28247729119806,1.8566746332950523,0.14282113311249228,0.17082059862590238,0.2762365340260457,0.22130072812933296,3.6806538161100946,200.21757563027143,2704.3397797647776
TAXP00754,High,unconstrained,Low,SUCCESS,Low,True,False,False,immutable:age|immutable:previous_default_count|immutable:transaction_count|derived:transaction_anomaly_count|categorical:income_sources,6.801470249229169e-07,0.9999899864196777,9.2501359176822e-06,0.6094933152198792,0.39050671458244324,3.892982724379435e-12,19,18.372060775756836,3.687540292739868,25,0.0037859999993088422,1.9067895412445068,age|annual_income|tax_return_filed|late_filing_count|outstanding_dues|previous_default_count|income_growth_rate|deduction_claim_ratio|transaction_count|total_transaction_value|average_transaction_value|transaction_anomaly_count|transaction_anomaly_ratio|avg_anomaly_score|avg_location_risk_score|avg_device_risk_score|avg_transaction_frequency|std_transaction_amount|max_transaction_amount,61.51737041431064,2342301.9140250064,0.2865269273317119,4.324227841285543,-20715.485933032913,-0.4581461635261569,0.03577803624895949,0.252080389078622,-9.018820783416228,16163.7192887207,-116.01045746798991,0.010802682306945699,0.2771188572608182,0.1105468754249111,0.3286046769438381,0.19233535126207574,5.21514895317251,-769.5271779580823,6297.2991811718475
TAXP00754,High,constrained,Low,SUCCESS,Low,True,True,True,,6.801470249229169e-07,0.9999899864196777,9.2501359176822e-06,0.7431284189224243,0.25687146186828613,9.988669802396544e-08,16,20.58401870727539,5.316910266876221,48,0.014419541001188918,1.0840741395950317,annual_income|tax_return_filed|late_filing_count|outstanding_dues|income_growth_rate|deduction_claim_ratio|total_transaction_value|average_transaction_value|transaction_anomaly_count|transaction_anomaly_ratio|avg_anomaly_score|avg_location_risk_score|avg_device_risk_score|avg_transaction_frequency|std_transaction_amount|max_transaction_amount,52.000000357913876,1869928.028365218,0.5615750569158986,3.6926497298980516,-40601.66827316665,3.593553898895152e-09,0.07702261116949037,0.15639987910161768,2.99999984076587,34067.37106812014,-736.6566783967495,0.6755342365382112,0.22517809898414698,0.09527759646860542,0.30630288286261925,0.16523703739448176,4.817523083863617,-1426.729529544535,11376.744190963838
TAXP01933,High,unconstrained,Low,SUCCESS,Low,True,False,False,immutable:age|immutable:previous_default_count|immutable:transaction_count|bound:transaction_anomaly_ratio|derived:transaction_anomaly_count|categorical:income_sources,3.70289635611698e-05,0.9485211372375488,0.05144193023443222,0.6186579465866089,0.3813420832157135,6.443860028904069e-11,19,15.936738967895508,3.518585681915283,28,0.004234375001033186,1.2583950757980347,age|annual_income|tax_return_filed|late_filing_count|outstanding_dues|previous_default_count|income_growth_rate|deduction_claim_ratio|transaction_count|total_transaction_value|average_transaction_value|transaction_anomaly_count|transaction_anomaly_ratio|avg_anomaly_score|avg_location_risk_score|avg_device_risk_score|avg_transaction_frequency|std_transaction_amount|max_transaction_amount,32.538986733054855,785374.5577566975,1.3183682307076943,-0.7812031845432279,172507.2827699238,-0.5428068458155242,-0.39138084276418506,0.21119606675239816,10.866919545015636,-12811.110745237353,115.55029714383693,-0.04462625543323684,-0.021347947418609486,0.09438163961339317,0.2085324300930934,0.15155700115066345,3.698020085675977,-623.9267004850287,498.82869377744873
TAXP01933,High,constrained,Low,SUCCESS,Low,True,True,True,,3.70289635611698e-05,0.9485211372375488,0.05144193023443222,0.6289371848106384,0.37106287479400635,2.724700187695106e-10,16,21.993513107299805,6.0338826179504395,62,0.018568833000244922,1.1160693168640137,annual_income|tax_return_filed|late_filing_count|outstanding_dues|income_growth_rate|deduction_claim_ratio|total_transaction_value|average_transaction_value|transaction_anomaly_count|transaction_anomaly_ratio|avg_anomaly_score|avg_location_risk_score|avg_device_risk_score|avg_transaction_frequency|std_transaction_amount|max_transaction_amount,42.99999999703749,1164219.2951890228,1.7085927001655667,-1.7694811595871407,144283.72134481667,3.593553898895152e-09,-0.48486152316346176,0.4194637282459749,24.000000102192413,-40233.075131493664,-271.22650795552534,-1.5555200683081694e-07,1.729087324708889e-09,0.0685081324628802,0.1658108744151003,0.21028532149946483,3.8793165862237613,-936.1476587974989,15965.179607731447
TAXP02508,Medium,unconstrained,Low,SUCCESS,Low,True,False,False,immutable:age|immutable:previous_default_count|immutable:transaction_count|derived:transaction_anomaly_count|categorical:income_sources,0.02880697138607502,0.9711928367614746,2.485550112396595e-07,0.8157297968864441,0.1842702031135559,5.906378941489265e-09,19,3.3970608711242676,0.6995319724082947,5,0.000811249999969732,0.5993559956550598,age|annual_income|tax_return_filed|late_filing_count|outstanding_dues|previous_default_count|income_growth_rate|deduction_claim_ratio|transaction_count|total_transaction_value|average_transaction_value|transaction_anomaly_count|transaction_anomaly_ratio|avg_anomaly_score|avg_location_risk_score|avg_device_risk_score|avg_transaction_frequency|std_transaction_amount|max_transaction_amount,22.74989190202794,754208.957831144,1.056163213164922,1.8651514453572149,-3994.0149306827443,0.9098582578017866,0.04827044116598145,0.13764871482040872,17.747455593820007,62209.77619820825,2834.5090533032703,2.8126305719022353,0.13899471833042154,0.11609516904261823,0.23867731225409072,0.17800464573134658,4.1121705195321665,7639.693302579921,33005.27336622603
TAXP02508,Medium,constrained,Low,SUCCESS,Low,True,True,True,,0.02880697138607502,0.9711928367614746,2.485550112396595e-07,0.7230002880096436,0.27699974179267883,4.0281275204279154e-08,16,3.513932228088379,0.9084758758544922,8,0.0024176669994631084,0.6044676303863525,annual_income|tax_return_filed|late_filing_count|outstanding_dues|income_growth_rate|deduction_claim_ratio|total_transaction_value|average_transaction_value|transaction_anomaly_count|transaction_anomaly_ratio|avg_anomaly_score|avg_location_risk_score|avg_device_risk_score|avg_transaction_frequency|std_transaction_amount|max_transaction_amount,22.999999456165206,699318.6661180743,1.0897150133059958,1.7838925114263078,-6395.467464854835,0.9999999972595282,0.0352385578862577,0.12504929271898768,20.000000003158732,64061.48760459121,2761.223252631919,2.6483182241085896,0.1324159178209896,0.11395518724672954,0.24259346171039417,0.174429647758134,4.058837206897745,7493.425695344495,33364.984177084094
TAXP01138,Medium,unconstrained,Low,SUCCESS,Low,True,False,False,immutable:age|immutable:previous_default_count|immutable:transaction_count|derived:transaction_anomaly_count|categorical:income_sources,0.0008754777372814715,0.99912029504776,4.154849648330128e-06,0.7019442915916443,0.2980557084083557,5.741396691405498e-09,19,7.122200012207031,1.4314944744110107,10,0.0015420830004586605,1.209301233291626,age|annual_income|tax_return_filed|late_filing_count|outstanding_dues|previous_default_count|income_growth_rate|deduction_claim_ratio|transaction_count|total_transaction_value|average_transaction_value|transaction_anomaly_count|transaction_anomaly_ratio|avg_anomaly_score|avg_location_risk_score|avg_device_risk_score|avg_transaction_frequency|std_transaction_amount|max_transaction_amount,62.54427960767588,470601.55995373876,1.1133936227729633,-0.2712613980928791,71462.42379876379,-0.18182575185823768,0.08752653339979066,0.06798358071074054,107.50804870346185,85652.76238184865,473.4167637795746,5.628648937617993,0.03145654457855314,0.11825973752407626,0.22491800707719814,0.20375738431938226,4.084359540695297,825.168608098686,13525.347554111715
TAXP01138,Medium,constrained,Low,SUCCESS,Low,True,True,True,,0.0008754777372814715,0.99912029504776,4.154849648330128e-06,0.7462348341941833,0.2537613809108734,3.700474962897715e-06,16,9.175559997558594,3.367591381072998,15,0.00435891699999047,0.7993673086166382,annual_income|tax_return_filed|late_filing_count|outstanding_dues|income_growth_rate|deduction_claim_ratio|total_transaction_value|average_transaction_value|transaction_anomaly_count|transaction_anomaly_ratio|avg_anomaly_score|avg_location_risk_score|avg_device_risk_score|avg_transaction_frequency|std_transaction_amount|max_transaction_amount,65.00000013041068,371361.42148712935,1.1705608296986536,-0.40733449859106474,67386.54462126982,3.593553898895152e-09,0.08868913404597834,0.04766771356948574,111.99999725864222,88522.12824415765,357.57481894517747,2.2875663740169014,0.02042470130415805,0.11571267276039315,0.2189679872749372,0.19790969460447758,3.994926489826028,581.6141752877865,14619.307686153266
TAXP00968,Medium,unconstrained,Low,SUCCESS,Low,True,False,False,immutable:age|immutable:previous_default_count|immutable:transaction_count|bound:transaction_anomaly_ratio|derived:transaction_anomaly_count|categorical:income_sources,0.07255889475345612,0.9273703098297119,7.07758154021576e-05,0.7774287462234497,0.22257068753242493,5.301526471157558e-07,19,2.6752872467041016,0.5522015690803528,4,0.000621917000898975,0.5910179615020752,age|annual_income|tax_return_filed|late_filing_count|outstanding_dues|previous_default_count|income_growth_rate|deduction_claim_ratio|transaction_count|total_transaction_value|average_transaction_value|transaction_anomaly_count|transaction_anomaly_ratio|avg_anomaly_score|avg_location_risk_score|avg_device_risk_score|avg_transaction_frequency|std_transaction_amount|max_transaction_amount,38.47157751962731,302236.08134207904,0.04451660017068304,0.8922302186075003,74809.26150276927,-0.072367520222832,0.42632665553078164,0.16085373217776033,14.116293709520061,4334.745083568399,330.3587016400741,-0.15095372464337897,-0.008807656266308597,0.08945493631792135,0.18950574651514268,0.2348387109276659,3.685234122038217,685.7024594546147,3280.016267878511
TAXP00968,Medium,constrained,Low,SUCCESS,Low,True,True,True,,0.07255889475345612,0.9273703098297119,7.07758154021576e-05,0.6625961661338806,0.33740219473838806,1.5807131603651214e-06,14,3.9883599281311035,1.1367303133010864,12,0.003364041000168072,0.5605604648590088,annual_income|tax_return_filed|late_filing_count|outstanding_dues|income_growth_rate|deduction_claim_ratio|total_transaction_value|average_transaction_value|avg_anomaly_score|avg_location_risk_score|avg_device_risk_score|avg_transaction_frequency|std_transaction_amount|max_transaction_amount,40.00000008348515,154277.28495035076,0.1333664472574102,0.6795777629133599,68430.16288216329,3.593553898895152e-09,0.4440307003923941,0.19452115942448908,15.999999845039273,-700.3311285308137,133.38516523172325,-5.493834942527087e-09,1.729087324708889e-09,0.0835018580994118,0.17923623889303958,0.2394767581601209,3.5716406742151134,935.2974237021295,5262.476720756169
TAXP02860,Medium,unconstrained,Low,SUCCESS,Low,True,False,False,immutable:age|immutable:previous_default_count|immutable:transaction_count|derived:transaction_anomaly_count|categorical:income_sources,1.3870155157746922e-07,0.9999998807907104,5.825788562674461e-08,0.8669528365135193,0.1330471634864807,3.423065867216857e-13,19,21.125572204589844,4.363248825073242,31,0.004349124999862397,1.134221076965332,age|annual_income|tax_return_filed|late_filing_count|outstanding_dues|previous_default_count|income_growth_rate|deduction_claim_ratio|transaction_count|total_transaction_value|average_transaction_value|transaction_anomaly_count|transaction_anomaly_ratio|avg_anomaly_score|avg_location_risk_score|avg_device_risk_score|avg_transaction_frequency|std_transaction_amount|max_transaction_amount,35.453958116720344,-315523.57113571,1.3657080700238033,0.1617352067867206,-26520.554230211193,0.46876921468653365,-0.302872923593422,0.2605770930353886,-10.131146011685722,21432.841842759182,403.054451906658,-0.20590930388005324,0.4298026187000668,0.20076889804847584,0.27744190141177344,0.2640357657141274,3.4902080684174677,-737.5713838109361,7929.395341189749
TAXP02860,Medium,constrained,Low,SUCCESS,Low,True,True,True,,1.3870155157746922e-07,0.9999998807907104,5.825788562674461e-08,0.6052360534667969,0.3947639763355255,7.272821789250372e-10,16,21.2594051361084,5.62189245223999,50,0.014218917000107467,1.4671558141708374,annual_income|tax_return_filed|late_filing_count|outstanding_dues|income_growth_rate|deduction_claim_ratio|total_transaction_value|average_transaction_value|transaction_anomaly_count|transaction_anomaly_ratio|avg_anomaly_score|avg_location_risk_score|avg_device_risk_score|avg_transaction_frequency|std_transaction_amount|max_transaction_amount,26.999999738478174,-712791.998566254,1.6069937835828516,-0.38546526096051004,-44067.32544590249,0.9999999972595282,-0.4209522591891276,0.1736328187278342,1.9999999858790645,33175.87895988718,629.4814870436905,0.7708725706688885,0.38543628807554164,0.18883377417572084,0.2599293162962125,0.2367495119375556,3.2254175449297677,-1991.7790507977131,12450.37383002796
TAXP03972,Medium,unconstrained,Low,SUCCESS,Low,True,False,False,immutable:age|immutable:previous_default_count|immutable:transaction_count|derived:transaction_anomaly_count|categorical:income_sources,0.002576387720182538,0.9974109530448914,1.2778235031873919e-05,0.6439733505249023,0.35602661967277527,2.591892567238574e-08,19,6.338061332702637,1.2773772478103638,9,0.0013297499990585493,1.2083139419555664,age|annual_income|tax_return_filed|late_filing_count|outstanding_dues|previous_default_count|income_growth_rate|deduction_claim_ratio|transaction_count|total_transaction_value|average_transaction_value|transaction_anomaly_count|transaction_anomaly_ratio|avg_anomaly_score|avg_location_risk_score|avg_device_risk_score|avg_transaction_frequency|std_transaction_amount|max_transaction_amount,49.306719413823394,579941.8181988038,0.10152147788245369,1.7578214360864237,20658.7816824483,1.838038266156805,0.27674439696635267,0.4814295981770302,5.68452956321288,8105.509630568687,174.87252422681945,0.6624848402720154,0.07998492406474575,0.14333344760505295,0.17570107840198484,0.2590703552014047,3.5411063744491473,339.9460836014114,3773.749552860658
TAXP03972,Medium,constrained,Low,SUCCESS,Low,True,True,True,,0.002576387720182538,0.9974109530448914,1.2778235031873919e-05,0.658021092414856,0.34197819232940674,7.843527214390633e-07,16,7.239055156707764,1.8412456512451172,17,0.0049014579999493435,0.8005548119544983,annual_income|tax_return_filed|late_filing_count|outstanding_dues|income_growth_rate|deduction_claim_ratio|total_transaction_value|average_transaction_value|transaction_anomaly_count|transaction_anomaly_ratio|avg_anomaly_score|avg_location_risk_score|avg_device_risk_score|avg_transaction_frequency|std_transaction_amount|max_transaction_amount,52.000000357913876,413929.6089142502,0.1930009776075866,1.545092588459288,14024.470019898905,1.999999955026046,0.31451825410046147,0.45085502843001923,9.999999770345976,11391.143356725212,-28.438568177078082,0.6173321862653105,0.06173322368139567,0.13810845666258187,0.1719767128839859,0.24959471658925458,3.4034568130600094,82.43631640497222,5395.131601018118
TAXP02181,Medium,unconstrained,Low,SUCCESS,Low,True,False,False,immutable:age|immutable:previous_default_count|immutable:transaction_count|derived:transaction_anomaly_count|categorical:income_sources,0.002656667958945036,0.9973433613777161,2.186548186955406e-08,0.6586780548095703,0.3413219749927521,1.8840173865442011e-10,19,4.878326416015625,0.9985817670822144,7,0.001056708000760409,1.2196711301803589,age|annual_income|tax_return_filed|late_filing_count|outstanding_dues|previous_default_count|income_growth_rate|deduction_claim_ratio|transaction_count|total_transaction_value|average_transaction_value|transaction_anomaly_count|transaction_anomaly_ratio|avg_anomaly_score|avg_location_risk_score|avg_device_risk_score|avg_transaction_frequency|std_transaction_amount|max_transaction_amount,57.733901109963455,2860731.8662806056,1.0786484744661495,1.8125122178231428,-5587.713604071785,-0.12599764598895286,0.08135816962543883,0.14765921102059898,10.735821910832552,79472.63988472006,5526.984665452054,2.736765811952897,0.19886042497200263,0.15014579323652352,0.276678538557505,0.21846477688358568,3.66332670836685,7509.029950234782,30715.055494839587
TAXP02181,Medium,constrained,Low,SUCCESS,Low,True,True,True,,0.002656667958945036,0.9973433613777161,2.186548186955406e-08,0.6071574091911316,0.3928426206111908,1.0994255505991646e-09,16,5.362711429595947,1.3635190725326538,12,0.0034833329991670325,0.9484599232673645,annual_income|tax_return_filed|late_filing_count|outstanding_dues|income_growth_rate|deduction_claim_ratio|total_transaction_value|average_transaction_value|transaction_anomaly_count|transaction_anomaly_ratio|avg_anomaly_score|avg_location_risk_score|avg_device_risk_score|avg_transaction_frequency|std_transaction_amount|max_transaction_amount,56.999999565784755,2775656.56723273,1.1348557262639392,1.677561533370459,-9592.520895570391,3.593553898895152e-09,0.05741762974431869,0.12588457814044832,14.000000135265658,82720.74411707348,5654.9486317659575,2.6304318902413604,0.1878879967422749,0.14668247845357932,0.2831820947612441,0.21274321797895163,3.571911799968229,7251.094290781662,29560.42806448115
TAXP01139,Medium,unconstrained,Low,SUCCESS,Low,True,False,False,immutable:age|immutable:previous_default_count|immutable:transaction_count|derived:transaction_anomaly_count|categorical:income_sources,0.009299950674176216,0.9902348518371582,0.00046521067270077765,0.7116944789886475,0.2883031964302063,2.349044962102198e-06,19,4.8983330726623535,0.9882720112800598,7,0.001049500000590342,1.0265283584594727,age|annual_income|tax_return_filed|late_filing_count|outstanding_dues|previous_default_count|income_growth_rate|deduction_claim_ratio|transaction_count|total_transaction_value|average_transaction_value|transaction_anomaly_count|transaction_anomaly_ratio|avg_anomaly_score|avg_location_risk_score|avg_device_risk_score|avg_transaction_frequency|std_transaction_amount|max_transaction_amount,56.49451736398994,472519.4931643223,1.0788311620210533,1.8125627080535454,40483.835254715756,1.875005946539547,0.29459179858232154,0.34509584327185283,25.669845499439248,14184.099822596032,178.81047247865274,1.7345828028276382,0.053466323786313115,0.12481790480022095,0.26146495235989337,0.16176528528887912,4.3091281937935975,102.58091182893656,2539.0249095558333
TAXP01139,Medium,constrained,Low,SUCCESS,Low,True,True,True,,0.009299950674176216,0.9902348518371582,0.00046521067270077765,0.69945228099823,0.3005155622959137,3.220609505660832e-05,16,5.316596031188965,1.3828924894332886,12,0.0034897919995273696,0.7537754774093628,annual_income|tax_return_filed|late_filing_count|outstanding_dues|income_growth_rate|deduction_claim_ratio|total_transaction_value|average_transaction_value|transaction_anomaly_count|transaction_anomaly_ratio|avg_anomaly_score|avg_location_risk_score|avg_device_risk_score|avg_transaction_frequency|std_transaction_amount|max_transaction_amount,53.99999973572348,387394.0218301893,1.1348925683661601,1.68092465438622,36410.569515607225,1.999999955026046,0.31691876542842556,0.32824174249978616,28.99999984931268,17189.835033186333,63.921492229510704,1.2279106348491036,0.042341748051426,0.12213434381608684,0.2560652949633174,0.1557233683922642,4.231230835746518,93.87139712697751,3171.069624186992
TAXP03819,Medium,unconstrained,Low,SUCCESS,Low,True,False,False,immutable:age|immutable:previous_default_count|immutable:transaction_count|bound:deduction_claim_ratio|derived:transaction_anomaly_count|categorical:income_sources,6.837118426972211e-09,1.0,3.500182188531653e-08,0.6670330762863159,0.3329668939113617,5.243337760807052e-16,19,18.67557144165039,3.853759527206421,28,0.004015582999272738,1.475856900215149,age|annual_income|tax_return_filed|late_filing_count|outstanding_dues|previous_default_count|income_growth_rate|deduction_claim_ratio|transaction_count|total_transaction_value|average_transaction_value|transaction_anomaly_count|transaction_anomaly_ratio|avg_anomaly_score|avg_location_risk_score|avg_device_risk_score|avg_transaction_frequency|std_transaction_amount|max_transaction_amount,52.585875963806636,1482993.6434655753,1.3259505817053399,-0.7544799169278238,-23270.017290401323,0.5083769949248409,-0.023844011220391176,-0.04191300299875633,-9.570126073887156,32118.307719725824,7435.943869039962,-0.0835569724260834,0.4374867073449524,0.25332997540943336,0.32814855840983065,0.2987924334845268,8.144173104361847,9199.74246728927,20035.25665808896
TAXP03819,Medium,constrained,Low,SUCCESS,Low,True,True,True,,6.837118426972211e-09,1.0,3.500182188531653e-08,0.7044622302055359,0.2955377697944641,2.396286728073571e-12,16,19.997909545898438,5.482768535614014,56,0.01605724999899394,1.0858502388000488,annual_income|tax_return_filed|late_filing_count|outstanding_dues|income_growth_rate|deduction_claim_ratio|total_transaction_value|average_transaction_value|transaction_anomaly_count|transaction_anomaly_ratio|avg_anomaly_score|avg_location_risk_score|avg_device_risk_score|avg_transaction_frequency|std_transaction_amount|max_transaction_amount,47.00000000502267,1124134.2738221125,1.6679976755220838,-1.5088855367773713,-47348.74789905876,0.9999999972595282,-0.16518609459114938,1.787359704685798e-09,1.9999999858790645,51471.96674467308,7384.193430715704,0.7500882008407683,0.3750441076278602,0.23296182721205044,0.32252369051408136,0.2666066982724894,8.312709174284958,7649.131533014274,25209.606002872657
TAXP02089,Medium,unconstrained,Low,SUCCESS,Low,True,False,False,immutable:age|immutable:previous_default_count|immutable:transaction_count|derived:transaction_anomaly_count|categorical:income_sources,0.04196752980351448,0.9580279588699341,4.480995357880602e-06,0.8190786838531494,0.1809213012456894,1.4338698406390904e-07,19,2.6891701221466064,0.5609915256500244,4,0.0006281659989326727,0.5950716137886047,age|annual_income|tax_return_filed|late_filing_count|outstanding_dues|previous_default_count|income_growth_rate|deduction_claim_ratio|transaction_count|total_transaction_value|average_transaction_value|transaction_anomaly_count|transaction_anomaly_ratio|avg_anomaly_score|avg_location_risk_score|avg_device_risk_score|avg_transaction_frequency|std_transaction_amount|max_transaction_amount,56.47056964545104,332028.68265614164,0.04464882860321373,2.8927590587280507,22201.05445372429,-0.0719504044416498,0.22475588713627917,0.4119812557694379,12.13690548265427,8809.632434429837,531.6352197406759,0.8494961876246067,0.06262365713620047,0.12240246806342044,0.20821320770970317,0.23536194202133082,3.002565548198457,588.9027768388385,2649.6844224564293
TAXP02089,Medium,constrained,Low,SUCCESS,Low,True,True,True,,0.04196752980351448,0.9580279588699341,4.480995357880602e-06,0.6054927110671997,0.3945060074329376,1.2632758625841234e-06,16,2.418917417526245,0.6394685506820679,6,0.0017598330014152452,0.8261399865150452,annual_income|tax_return_filed|late_filing_count|outstanding_dues|income_growth_rate|deduction_claim_ratio|total_transaction_value|average_transaction_value|transaction_anomaly_count|transaction_anomaly_ratio|avg_anomaly_score|avg_location_risk_score|avg_device_risk_score|avg_transaction_frequency|std_transaction_amount|max_transaction_amount,57.999999254689556,291018.89391675347,0.06688784132455083,2.8392713594877423,20601.913231464594,3.593553898895152e-09,0.2347350201424774,0.40323604184686884,14.000000135265658,9443.795409589755,482.37227184191914,0.8151630091766725,0.05822593082534366,0.12081896978911227,0.20783540483287238,0.23297373809218308,2.9697778693750534,484.4945447892211,2440.969010177089
TAXP03967,Medium,unconstrained,Low,SUCCESS,Low,True,False,False,immutable:age|immutable:previous_default_count|immutable:transaction_count|derived:transaction_anomaly_count|categorical:income_sources,0.008737261407077312,0.9912627935409546,7.113666322666745e-10,0.8500328660011292,0.14996710419654846,2.325573587869112e-11,19,3.5159082412719727,0.7154946327209473,5,0.0007647080001333961,0.6074676513671875,age|annual_income|tax_return_filed|late_filing_count|outstanding_dues|previous_default_count|income_growth_rate|deduction_claim_ratio|transaction_count|total_transaction_value|average_transaction_value|transaction_anomaly_count|transaction_anomaly_ratio|avg_anomaly_score|avg_location_risk_score|avg_device_risk_score|avg_transaction_frequency|std_transaction_amount|max_transaction_amount,30.776893572740757,217665.96531444893,1.0561656767705416,2.8648464299527365,-3991.6369872003597,-0.08939082693958234,0.2020496991974161,0.737305149560695,26.706859521980682,11272.017848320984,159.85159736406695,3.8163690840382305,0.12693523496802972,0.14467614287370473,0.24122464404281213,0.21523005528382508,4.154863654281545,188.8602768536548,2992.267230969714
TAXP03967,Medium,constrained,Low,SUCCESS,Low,True,True,True,,0.008737261407077312,0.9912627935409546,7.113666322666745e-10,0.6322101950645447,0.3677898049354553,4.815839949046108e-10,16,3.189112663269043,0.8301002383232117,7,0.0020507079989329213,0.9124004244804382,annual_income|tax_return_filed|late_filing_count|outstanding_dues|income_growth_rate|deduction_claim_ratio|total_transaction_value|average_transaction_value|transaction_anomaly_count|transaction_anomaly_ratio|avg_anomaly_score|avg_location_risk_score|avg_device_risk_score|avg_transaction_frequency|std_transaction_amount|max_transaction_amount,29.000000642981544,178031.7904220021,1.0786431889122747,2.8108111636277213,-5588.9648194153015,3.593553898895152e-09,0.19531725571460778,0.7293788266462384,28.99999984931268,12523.156949363263,111.45685576341793,3.553832408321318,0.12254594196882979,0.1434919990907971,0.2411167931041487,0.21288888534774378,4.118629796974917,84.07829946167237,3434.8143510590517
TAXP00524,Medium,unconstrained,Low,SUCCESS,Low,True,False,False,immutable:age|immutable:previous_default_count|immutable:transaction_count|derived:transaction_anomaly_count|categorical:income_sources,0.0040863580070436,0.9959132075309753,3.2451524134557985e-07,0.7346578240394592,0.26534223556518555,5.418110848864899e-09,19,5.657847881317139,1.147302269935608,8,0.0012080420001439052,0.8686005473136902,age|annual_income|tax_return_filed|late_filing_count|outstanding_dues|previous_default_count|income_growth_rate|deduction_claim_ratio|transaction_count|total_transaction_value|average_transaction_value|transaction_anomaly_count|transaction_anomaly_ratio|avg_anomaly_score|avg_location_risk_score|avg_device_risk_score|avg_transaction_frequency|std_transaction_amount|max_transaction_amount,22.865916048770277,407821.38452737516,1.0903329303882314,0.7847227163452246,-6407.968517520152,1.8607515648768103,0.020992475660039436,0.1429110103829254,10.285986281865831,31920.868286925856,1740.697435848752,2.698985215819185,0.19666318158438517,0.13470990453781725,0.2349959697494508,0.24173332060529482,4.500616134164562,5220.537805734759,23300.516015171655
TAXP00524,Medium,constrained,Low,SUCCESS,Low,True,True,True,,0.0040863580070436,0.9959132075309753,3.2451524134557985e-07,0.6079759001731873,0.3920239806175232,6.931263385467901e-08,16,5.738302230834961,1.4682952165603638,13,0.00379945900021994,0.8625213503837585,annual_income|tax_return_filed|late_filing_count|outstanding_dues|income_growth_rate|deduction_claim_ratio|total_transaction_value|average_transaction_value|transaction_anomaly_count|transaction_anomaly_ratio|avg_anomaly_score|avg_location_risk_score|avg_device_risk_score|avg_transaction_frequency|std_transaction_amount|max_transaction_amount,21.000000078355612,314330.33826870547,1.147034874194445,0.6507772135893714,-10419.59802499823,1.999999955026046,0.002697350861508921,0.12197331360053976,14.000000135265658,35198.16054688361,1609.8486602576518,2.599346439566843,0.18566760270063465,0.13120500706548122,0.24068661643268915,0.23589820160879388,4.41046544156883,4948.505251850264,24433.27941730104
TAXP04055,Medium,unconstrained,Low,SUCCESS,Low,True,False,False,immutable:age|immutable:previous_default_count|immutable:transaction_count|derived:transaction_anomaly_count|categorical:income_sources,0.020743483677506447,0.9783530235290527,0.0009034803370013833,0.7527529001235962,0.24723438918590546,1.2702340427495074e-05,19,3.1072938442230225,0.6598266959190369,5,0.0007787499998812564,0.7585147023200989,age|annual_income|tax_return_filed|late_filing_count|outstanding_dues|previous_default_count|income_growth_rate|deduction_claim_ratio|transaction_count|total_transaction_value|average_transaction_value|transaction_anomaly_count|transaction_anomaly_ratio|avg_anomaly_score|avg_location_risk_score|avg_device_risk_score|avg_transaction_frequency|std_transaction_amount|max_transaction_amount,59.121897807979025,881139.8529974779,1.055671746240218,0.8649233251998486,18199.450527236964,-0.09054316358302567,0.207365642323998,0.2715119034189959,5.313176864554229,6030.588305328625,374.0507691256549,0.8112191240289014,0.15563584848851048,0.1492006631019439,0.24016037085788236,0.27268265363997657,2.912478427233511,532.6705051064198,1764.2999141735313
TAXP04055,Medium,constrained,Low,SUCCESS,Low,True,True,True,,0.020743483677506447,0.9783530235290527,0.0009034803370013833,0.7055172324180603,0.2944064140319824,7.628270395798609e-05,16,3.396937847137451,0.9510884881019592,10,0.0029144579984858865,0.5907736420631409,annual_income|tax_return_filed|late_filing_count|outstanding_dues|income_growth_rate|deduction_claim_ratio|total_transaction_value|average_transaction_value|transaction_anomaly_count|transaction_anomaly_ratio|avg_anomaly_score|avg_location_risk_score|avg_device_risk_score|avg_transaction_frequency|std_transaction_amount|max_transaction_amount,60.99999984809772,786560.1445723694,1.1095863218555393,0.7303394051039461,14188.956469931201,3.593553898895152e-09,0.2304303840584534,0.25203511647223076,6.0000003507987465,9240.558406770413,246.9061934711258,0.8681728685050146,0.14469545950166546,0.14775570080348005,0.24363430575292666,0.2677706382847723,2.827141596440388,419.00271414686904,1597.3942597957816
TAXP02430,Medium,unconstrained,Low,SUCCESS,Low,True,False,False,immutable:age|immutable:previous_default_count|immutable:transaction_count|derived:transaction_anomaly_count|categorical:income_sources,0.3659525215625763,0.6340215802192688,2.5865263523883186e-05,0.6084851622581482,0.3915070593357086,7.836904842406511e-06,19,0.7499996423721313,0.14999991655349731,1,0.0001747090009303065,1.0052516460418701,age|annual_income|tax_return_filed|late_filing_count|outstanding_dues|previous_default_count|income_growth_rate|deduction_claim_ratio|transaction_count|total_transaction_value|average_transaction_value|transaction_anomaly_count|transaction_anomaly_ratio|avg_anomaly_score|avg_location_risk_score|avg_device_risk_score|avg_transaction_frequency|std_transaction_amount|max_transaction_amount,21.615795065484246,2393249.4365385724,1.0112724889881282,0.9730227476950883,32801.82976291695,-0.01806876708563626,0.15920636836056362,0.07765020041798279,7.524178978988401,9347.14314164238,1113.3207360233482,0.9622366272801722,0.12279400284836929,0.10801095982205397,0.27409364962185157,0.17431036591542065,3.6428055595391142,1937.9562934895855,5901.920340624551
TAXP02430,Medium,constrained,Low,SUCCESS,Low,True,True,True,,0.3659525215625763,0.6340215802192688,2.5865263523883186e-05,0.6087521910667419,0.39123594760894775,1.1870390153490007e-05,16,0.8919851183891296,0.22571012377738953,2,0.0005933329994149972,0.7197566628456116,annual_income|tax_return_filed|late_filing_count|outstanding_dues|income_growth_rate|deduction_claim_ratio|total_transaction_value|average_transaction_value|transaction_anomaly_count|transaction_anomaly_ratio|avg_anomaly_score|avg_location_risk_score|avg_device_risk_score|avg_transaction_frequency|std_transaction_amount|max_transaction_amount,21.99999976726041,2372998.1797731817,1.0225402820106846,0.94606124605465,32003.497284080448,3.593553898895152e-09,0.1575374841143513,0.07330026216846008,8.000000060572361,9976.587421456501,1135.5215459884944,0.9647025941814383,0.12058780951082479,0.10750385569824059,0.27291999291717356,0.17547390084799766,3.660337285152403,1989.0352018627666,6132.842010101757
TAXP00355,Medium,unconstrained,Low,SUCCESS,Low,True,False,False,immutable:age|immutable:previous_default_count|immutable:transaction_count|derived:transaction_anomaly_count|categorical:income_sources,0.04509945958852768,0.9548589587211609,4.158742740401067e-05,0.6995095610618591,0.3004895746707916,9.137908136835904e-07,19,2.8652822971343994,0.5773822069168091,4,0.0006166250004753238,0.9590418934822083,age|annual_income|tax_return_filed|late_filing_count|outstanding_dues|previous_default_count|income_growth_rate|deduction_claim_ratio|transaction_count|total_transaction_value|average_transaction_value|transaction_anomaly_count|transaction_anomaly_ratio|avg_anomaly_score|avg_location_risk_score|avg_device_risk_score|avg_transaction_frequency|std_transaction_amount|max_transaction_amount,34.53337703793879,1322719.2205249371,1.0450392051248938,-0.10805167471722421,9006.141776637503,-0.07187989790974153,0.112048967818561,0.3287934270402632,3.0981710977813535,5907.339582302735,616.734538195995,0.849569734886148,0.19118180622795394,0.08045428945161853,0.2176796091113258,0.14217651387734814,5.06879262547602,367.21690818645186,2375.721798485067
TAXP00355,Medium,constrained,Low,SUCCESS,Low,True,True,True,,0.04509945958852768,0.9548589587211609,4.158742740401067e-05,0.6522970199584961,0.3476993441581726,3.623908014560584e-06,16,2.9071998596191406,0.7624077200889587,7,0.002056666000498808,0.7555525302886963,annual_income|tax_return_filed|late_filing_count|outstanding_dues|income_growth_rate|deduction_claim_ratio|total_transaction_value|average_transaction_value|transaction_anomaly_count|transaction_anomaly_ratio|avg_anomaly_score|avg_location_risk_score|avg_device_risk_score|avg_transaction_frequency|std_transaction_amount|max_transaction_amount,33.000000161947625,1262884.806075579,1.0787607252967464,-0.18912451302184885,6611.429243368251,3.593553898895152e-09,0.11843700793746614,0.3158155420240601,4.999999550539485,7664.733283025828,544.3836944555211,0.922878844729873,0.184575770170605,0.0782316260953806,0.21372164272187746,0.14407770366467992,5.123922495568101,191.1699054681211,3025.94522851946
TAXP00065,Medium,unconstrained,Low,SUCCESS,Low,True,False,False,immutable:age|immutable:previous_default_count|immutable:transaction_count|derived:transaction_anomaly_count|categorical:income_sources,0.00038853695150464773,0.9995251893997192,8.623382746009156e-05,0.6095962524414062,0.39040377736091614,1.2314625763565346e-08,19,10.604546546936035,2.1397645473480225,15,0.002200625000114087,1.4524441957473755,age|annual_income|tax_return_filed|late_filing_count|outstanding_dues|previous_default_count|income_growth_rate|deduction_claim_ratio|transaction_count|total_transaction_value|average_transaction_value|transaction_anomaly_count|transaction_anomaly_ratio|avg_anomaly_score|avg_location_risk_score|avg_device_risk_score|avg_transaction_frequency|std_transaction_amount|max_transaction_amount,31.442187025409876,783702.2152721079,0.16736962474083206,1.5979879118753817,11249.791366690768,0.7267145974147182,0.19851221985048048,0.1875036418441724,2.856774023382492,15023.639197686442,352.5069297388404,1.4293020943370016,0.16658796620503458,0.13465261279980312,0.21228743259434726,0.23675017843497875,3.85232491905974,239.2743765437358,6549.290406455017
TAXP00065,Medium,constrained,Low,SUCCESS,Low,True,True,True,,0.00038853695150464773,0.9995251893997192,8.623382746009156e-05,0.6939970254898071,0.30600133538246155,1.5795574199728435e-06,16,12.235254287719727,3.0979695320129395,29,0.008386999999856926,0.9059290885925293,annual_income|tax_return_filed|late_filing_count|outstanding_dues|income_growth_rate|deduction_claim_ratio|total_transaction_value|average_transaction_value|transaction_anomaly_count|transaction_anomaly_ratio|avg_anomaly_score|avg_location_risk_score|avg_device_risk_score|avg_transaction_frequency|std_transaction_amount|max_transaction_amount,26.999999738478174,520848.72241367196,0.3197162191040629,1.237620109856808,-245.11447924262757,0.9999999972595282,0.20206661399915254,0.1303931195917449,9.999999770345976,21169.86290476692,55.79109077332396,1.3541221623700337,0.13541221378999563,0.1255114398046648,0.2011953738110236,0.21923719087427093,3.64813779368781,-380.9171281383956,9308.636943860041
TAXP04397,Medium,unconstrained,Low,SUCCESS,Low,True,False,False,immutable:age|immutable:previous_default_count|immutable:transaction_count|derived:transaction_anomaly_count|categorical:income_sources,0.0005756030441261828,0.9986193180084229,0.0008050782489590347,0.7733917236328125,0.22660814225673676,7.083816910835594e-08,19,9.754084587097168,2.0364608764648438,15,0.00222258400026476,1.0677297115325928,age|annual_income|tax_return_filed|late_filing_count|outstanding_dues|previous_default_count|income_growth_rate|deduction_claim_ratio|transaction_count|total_transaction_value|average_transaction_value|transaction_anomaly_count|transaction_anomaly_ratio|avg_anomaly_score|avg_location_risk_score|avg_device_risk_score|avg_transaction_frequency|std_transaction_amount|max_transaction_amount,45.34568913511199,758568.5955614506,0.17035443972393127,0.5911560635337786,25820.095720827085,-0.2706690797854001,0.07871628664820267,0.15384833972233952,22.118521973201947,49169.266149017254,1047.7996130945312,3.425639212581231,0.10430897700744575,0.127278720622657,0.22319929909539815,0.195710632575906,3.5074800241449102,4184.638682320686,28415.30993217473
TAXP04397,Medium,constrained,Low,SUCCESS,Low,True,True,True,,0.0005756030441261828,0.9986193180084229,0.0008050782489590347,0.789615273475647,0.21034468710422516,3.99862983613275e-05,16,11.57405948638916,3.1227357387542725,28,0.008088417000180925,0.7359627485275269,annual_income|tax_return_filed|late_filing_count|outstanding_dues|income_growth_rate|deduction_claim_ratio|total_transaction_value|average_transaction_value|transaction_anomaly_count|transaction_anomaly_ratio|avg_anomaly_score|avg_location_risk_score|avg_device_risk_score|avg_transaction_frequency|std_transaction_amount|max_transaction_amount,48.000000075600916,989810.3595022783,0.31549288238672546,0.2484997197903488,15196.607047171387,3.593553898895152e-09,0.06190943106202751,0.09136941194055906,28.99999984931268,57379.75184746619,725.241586660411,2.196689869571853,0.07574792923403953,0.12071091474172409,0.21014371634485499,0.17828350778217109,3.4876014546725487,3532.6939363425627,28763.832143409905
TAXP00734,Medium,unconstrained,Low,SUCCESS,Low,True,False,False,immutable:age|immutable:previous_default_count|immutable:transaction_count|bound:transaction_anomaly_ratio|derived:transaction_anomaly_count|categorical:income_sources,0.00020325116929598153,0.9333478808403015,0.06644879281520844,0.7632442712783813,0.23675569891929626,9.221111374468904e-11,19,15.998907089233398,3.451327085494995,26,0.0037714159989263862,0.8178830742835999,age|annual_income|tax_return_filed|late_filing_count|outstanding_dues|previous_default_count|income_growth_rate|deduction_claim_ratio|transaction_count|total_transaction_value|average_transaction_value|transaction_anomaly_count|transaction_anomaly_ratio|avg_anomaly_score|avg_location_risk_score|avg_device_risk_score|avg_transaction_frequency|std_transaction_amount|max_transaction_amount,14.659698849315678,678373.798618232,1.2946885014199907,-0.7228447324392107,149899.09968695062,-0.4655386513385853,0.02345573652135971,0.40326167486215114,14.129944887742237,-7883.781181618173,386.84351820795416,0.02337102958831916,-0.02185226526307711,0.09645339566831726,0.17176902523465717,0.21881051712283878,3.8859465377526154,-781.3143406159122,6753.709276003536
TAXP00734,Medium,constrained,Low,SUCCESS,Low,True,True,True,,0.00020325116929598153,0.9333478808403015,0.06644879281520844,0.6361873745918274,0.363812655210495,3.157450967350428e-09,16,18.169342041015625,5.0735249519348145,52,0.015084415999808698,0.9542509317398071,annual_income|tax_return_filed|late_filing_count|outstanding_dues|income_growth_rate|deduction_claim_ratio|total_transaction_value|average_transaction_value|transaction_anomaly_count|transaction_anomaly_ratio|avg_anomaly_score|avg_location_risk_score|avg_device_risk_score|avg_transaction_frequency|std_transaction_amount|max_transaction_amount,24.00000067176378,1330761.3511758393,1.609878262627987,-1.4593523695955661,128360.96738368679,3.593553898895152e-09,-0.10218072485870663,0.5310442610545147,27.00000013953906,-25662.430948245645,502.3377590931335,-1.5555200683081694e-07,1.729087324708889e-09,0.07786724840973211,0.14041435106014918,0.23017216680892058,3.8872512066216167,-1209.4602105313081,14361.759292384459
TAXP00207,Medium,unconstrained,Low,SUCCESS,Low,True,False,False,immutable:age|immutable:previous_default_count|immutable:transaction_count|derived:transaction_anomaly_count|categorical:income_sources,0.008001336827874184,0.9763388633728027,0.015659792348742485,0.8529049754142761,0.14708071947097778,1.4327254575619008e-05,19,5.318066596984863,1.093644142150879,8,0.001230375000886852,0.6688658595085144,age|annual_income|tax_return_filed|late_filing_count|outstanding_dues|previous_default_count|income_growth_rate|deduction_claim_ratio|transaction_count|total_transaction_value|average_transaction_value|transaction_anomaly_count|transaction_anomaly_ratio|avg_anomaly_score|avg_location_risk_score|avg_device_risk_score|avg_transaction_frequency|std_transaction_amount|max_transaction_amount,53.18791162329714,191163.89347854536,1.0907207019127632,0.7825539277939066,27061.147516641176,-0.1450890126770057,-0.04011831722667042,0.17557694379622124,16.260812978879066,11541.975214184293,369.3383343048514,2.6985464457243182,0.13222163115087943,0.13080352072616103,0.26440597036994373,0.2270036828064257,4.122060232900713,255.474684591126,4553.607364877815
TAXP00207,Medium,constrained,Low,SUCCESS,Low,True,True,True,,0.008001336827874184,0.9763388633728027,0.015659792348742485,0.7103641033172607,0.2890946567058563,0.0005411965539678931,16,5.696478843688965,1.453106164932251,13,0.003802708999501192,0.7412140369415283,annual_income|tax_return_filed|late_filing_count|outstanding_dues|income_growth_rate|deduction_claim_ratio|total_transaction_value|average_transaction_value|transaction_anomaly_count|transaction_anomaly_ratio|avg_anomaly_score|avg_location_risk_score|avg_device_risk_score|avg_transaction_frequency|std_transaction_amount|max_transaction_amount,53.99999973572348,96439.58265022235,1.1480262514922037,0.6451126331700585,22913.394026074755,3.593553898895152e-09,-0.02924170922203255,0.1543710596469303,20.000000003158732,14916.780047552353,445.3297396337097,2.4187986979140828,0.12093992999426603,0.12838068281540335,0.25873353136098826,0.22102003379937343,4.051727770677308,-24.404200403762843,5619.616158562649
TAXP01796,Medium,unconstrained,Low,SUCCESS,Low,True,False,False,immutable:age|immutable:previous_default_count|immutable:transaction_count|derived:transaction_anomaly_count|categorical:income_sources,0.009178681299090385,0.990812361240387,8.98241614777362e-06,0.8867910504341125,0.11320887506008148,5.822467485927518e-08,19,4.958272933959961,1.046806812286377,8,0.00121620800018718,0.5721300840377808,age|annual_income|tax_return_filed|late_filing_count|outstanding_dues|previous_default_count|income_growth_rate|deduction_claim_ratio|transaction_count|total_transaction_value|average_transaction_value|transaction_anomaly_count|transaction_anomaly_ratio|avg_anomaly_score|avg_location_risk_score|avg_device_risk_score|avg_transaction_frequency|std_transaction_amount|max_transaction_amount,29.00292273486497,353113.59601435595,1.0906115865802277,1.7850357774714132,8539.467295684923,-0.14092417316946854,0.046223112041166345,0.39489736097854133,8.256610068485854,8286.919707375659,157.80509465487876,1.6962585459368458,0.14893641212119835,0.13898054856782377,0.2093166750010958,0.22440802390019907,3.7790385560836373,405.9842963044415,2597.287983266092
TAXP01796,Medium,constrained,Low,SUCCESS,Low,True,True,True,,0.009178681299090385,0.990812361240387,8.98241614777362e-06,0.6475225687026978,0.35247552394866943,1.8988467900271644e-06,16,4.89031982421875,1.2672723531723022,12,0.0035150419989804504,0.8420555591583252,annual_income|tax_return_filed|late_filing_count|outstanding_dues|income_growth_rate|deduction_claim_ratio|total_transaction_value|average_transaction_value|transaction_anomaly_count|transaction_anomaly_ratio|avg_anomaly_score|avg_location_risk_score|avg_device_risk_score|avg_transaction_frequency|std_transaction_amount|max_transaction_amount,26.999999738478174,269609.0476124175,1.1372475289779758,1.67442867353284,5256.373135970397,3.593553898895152e-09,0.0015775452708758353,0.38751730821343766,12.000000425492043,10758.00147629586,46.62334185649388,1.6788147336187829,0.13990121414026796,0.13613226906479006,0.20739774855472334,0.2193927320608955,3.7160045424773527,386.3475530252365,3361.8731378036528
TAXP00361,High,unconstrained,Low,SUCCESS,Low,True,False,False,immutable:age|immutable:previous_default_count|immutable:transaction_count|derived:transaction_anomaly_count|categorical:income_sources,2.4947041765699396e-07,0.032406195998191833,0.9675934910774231,0.6467651724815369,0.35323479771614075,1.4019024829892146e-10,19,18.398210525512695,3.8477795124053955,33,0.004782583000633167,1.188486099243164,age|annual_income|tax_return_filed|late_filing_count|outstanding_dues|previous_default_count|income_growth_rate|deduction_claim_ratio|transaction_count|total_transaction_value|average_transaction_value|transaction_anomaly_count|transaction_anomaly_ratio|avg_anomaly_score|avg_location_risk_score|avg_device_risk_score|avg_transaction_frequency|std_transaction_amount|max_transaction_amount,21.059454113996317,1149569.6313521655,0.3348003835920065,0.22662463987198733,138599.86076770883,-0.5634631056972698,-0.22555812684514995,0.23121025767502174,-1.5574989495647316,-2826.047022686913,915.170404850953,-0.07381737174468928,0.012476565030291792,0.1214900389892329,0.25934833059103224,0.1857334699610776,3.2199348897604243,-252.32665432195745,8731.952277023918
TAXP00361,High,constrained,Low,SUCCESS,Low,True,True,True,,2.4947041765699396e-07,0.032406195998191833,0.9675934910774231,0.6034544110298157,0.39654541015625,1.7728483214796142e-07,16,23.43785285949707,6.272193431854248,75,0.021655333999660797,1.2349705696105957,annual_income|tax_return_filed|late_filing_count|outstanding_dues|income_growth_rate|deduction_claim_ratio|total_transaction_value|average_transaction_value|transaction_anomaly_count|transaction_anomaly_ratio|avg_anomaly_score|avg_location_risk_score|avg_device_risk_score|avg_transaction_frequency|std_transaction_amount|max_transaction_amount,30.00000033188634,1824612.1941050617,0.7712671224678155,-0.6745812176754298,104943.66504524011,3.593553898895152e-09,-0.26245405243417674,0.5278451466691272,12.000000425492043,-22212.189110677027,-21.288500034386743,-5.493834942527087e-09,1.729087324708889e-09,0.09825234126488022,0.2184882416613574,0.1968129480715862,2.830575596551939,-655.7130042657645,18789.608507536825
TAXP03676,Medium,unconstrained,Low,SUCCESS,Low,True,False,False,immutable:age|immutable:previous_default_count|immutable:transaction_count|derived:transaction_anomaly_count|categorical:income_sources,0.002292725956067443,0.9977072477340698,1.0817031298460122e-10,0.6465778946876526,0.353422075510025,2.058381243230656e-12,19,4.618215560913086,0.9581678509712219,7,0.0010548749996814877,1.282852053642273,age|annual_income|tax_return_filed|late_filing_count|outstanding_dues|previous_default_count|income_growth_rate|deduction_claim_ratio|transaction_count|total_transaction_value|average_transaction_value|transaction_anomaly_count|transaction_anomaly_ratio|avg_anomaly_score|avg_location_risk_score|avg_device_risk_score|avg_transaction_frequency|std_transaction_amount|max_transaction_amount,56.70501026807957,2553881.0604073517,1.0787554173464569,5.813065531749924,-5613.135952832115,-0.12655993917086666,0.14683533381287073,0.36691583950238005,19.69449589328791,24744.680193888897,1064.0068168957582,2.735360517172312,0.11495335582376123,0.11533855336487088,0.269762860607644,0.20072206681114219,3.397227430020524,988.5817958099941,6497.550950320377
TAXP03676,Medium,constrained,Low,SUCCESS,Low,True,True,True,,0.002292725956067443,0.9977072477340698,1.0817031298460122e-10,0.7710761427879333,0.22892391681671143,3.379879015552589e-11,16,5.407317161560059,1.4252715110778809,13,0.0037716660008300096,0.6007826328277588,annual_income|tax_return_filed|late_filing_count|outstanding_dues|income_growth_rate|deduction_claim_ratio|total_transaction_value|average_transaction_value|transaction_anomaly_count|transaction_anomaly_ratio|avg_anomaly_score|avg_location_risk_score|avg_device_risk_score|avg_transaction_frequency|std_transaction_amount|max_transaction_amount,55.00000018797516,2434884.6286601443,1.146835322139254,5.655105077169086,-10527.762340505427,3.593553898895152e-09,0.13021697207234106,0.34260142074962147,23.000000010962495,25798.06601916207,979.2357899686971,2.3379213947879522,0.10164875560283942,0.11222402431916578,0.27776843283219754,0.1939028854917889,3.299218017379664,690.9463191156988,7830.021107308341
TAXP04938,Medium,unconstrained,Low,SUCCESS,Low,True,False,False,immutable:age|immutable:previous_default_count|immutable:transaction_count|bound:transaction_anomaly_ratio|derived:transaction_anomaly_count|categorical:income_sources,0.008173746056854725,0.9915884137153625,0.00023779527691658586,0.7729167938232422,0.2270832061767578,3.6089200960987e-08,19,6.122322082519531,1.309702754020691,10,0.0015022080006019678,0.5947421789169312,age|annual_income|tax_return_filed|late_filing_count|outstanding_dues|previous_default_count|income_growth_rate|deduction_claim_ratio|transaction_count|total_transaction_value|average_transaction_value|transaction_anomaly_count|transaction_anomaly_ratio|avg_anomaly_score|avg_location_risk_score|avg_device_risk_score|avg_transaction_frequency|std_transaction_amount|max_transaction_amount,57.8331926929428,269624.2562124217,1.1132466127067149,1.7305506549852836,113046.69419227424,-0.18217067383307195,0.05156302732764161,0.29338043336788694,5.228246494116295,-4301.174650998653,-20.894487228182015,-0.37953981397908954,-0.022264580953324287,0.0811898491161637,0.17930740971829862,0.16293153331344015,4.275937647006144,158.2577235017459,2474.0581945665062
TAXP04938,Medium,constrained,Low,SUCCESS,Low,True,True,True,,0.008173746056854725,0.9915884137153625,0.00023779527691658586,0.638075590133667,0.3619242310523987,2.5890443566822796e-07,14,9.981313705444336,2.7181568145751953,26,0.00754433399924892,0.7067813277244568,annual_income|tax_return_filed|late_filing_count|outstanding_dues|income_growth_rate|deduction_claim_ratio|total_transaction_value|average_transaction_value|avg_anomaly_score|avg_location_risk_score|avg_device_risk_score|avg_transaction_frequency|std_transaction_amount|max_transaction_amount,55.00000018797516,525185.667947147,1.303124738125404,1.280721293356253,99830.66314303395,3.593553898895152e-09,-0.02768336644336193,0.2236930777846703,9.999999770345976,-14375.311681102996,-438.52636058348537,-5.493834942527087e-09,1.729087324708889e-09,0.06948926632435781,0.15867781944114534,0.1484938402268288,4.589714551769895,851.1879583196906,6543.854748221325
TAXP04281,Medium,unconstrained,Low,SUCCESS,Low,True,False,False,immutable:age|immutable:previous_default_count|immutable:transaction_count|derived:transaction_anomaly_count|categorical:income_sources,0.007073620334267616,0.9929248094558716,1.5256216556736035e-06,0.7306045889854431,0.2693954110145569,1.2279531169667735e-08,19,4.86249303817749,0.9918960332870483,7,0.0010675000012270175,0.998835563659668,age|annual_income|tax_return_filed|late_filing_count|outstanding_dues|previous_default_count|income_growth_rate|deduction_claim_ratio|transaction_count|total_transaction_value|average_transaction_value|transaction_anomaly_count|transaction_anomaly_ratio|avg_anomaly_score|avg_location_risk_score|avg_device_risk_score|avg_transaction_frequency|std_transaction_amount|max_transaction_amount,50.01686025945052,1668896.6496016637,1.0794442190812938,2.8120044911114634,19774.567304824173,1.8755201703496556,-0.05045376586494296,0.2121137347491045,5.683335557804666,10122.94022825145,1624.2368608756728,0.7350757060541979,0.09562489143528316,0.1380918555966639,0.22755962919873463,0.2856311206450875,3.4451542487402658,1760.84149114696,5538.277632749166
TAXP04281,Medium,constrained,Low,SUCCESS,Low,True,True,True,,0.007073620334267616,0.9929248094558716,1.5256216556736035e-06,0.6674401164054871,0.3325594961643219,3.003454196459643e-07,16,5.3213348388671875,1.3891388177871704,13,0.0037961250000080327,0.7248531579971313,annual_income|tax_return_filed|late_filing_count|outstanding_dues|income_growth_rate|deduction_claim_ratio|total_transaction_value|average_transaction_value|transaction_anomaly_count|transaction_anomaly_ratio|avg_anomaly_score|avg_location_risk_score|avg_device_risk_score|avg_transaction_frequency|std_transaction_amount|max_transaction_amount,48.000000075600916,1598314.9049514486,1.148513776647916,2.652205806231379,14878.594967956662,1.999999955026046,-0.026964496893663065,0.18732319094764677,8.999999915459169,6402.34698455244,1599.8825679600668,0.7415511475923438,0.08239456878606226,0.13393728247234907,0.23548402172338664,0.2784782797202624,3.373968986532941,2050.497484149945,6900.579648687675
TAXP02112,Medium,unconstrained,Low,SUCCESS,Low,True,False,False,immutable:age|immutable:previous_default_count|immutable:transaction_count|derived:transaction_anomaly_count|categorical:income_sources,0.05156553164124489,0.9484337568283081,7.781264343975636e-07,0.6579679846763611,0.34203195571899414,8.692164499279897e-08,19,2.1238012313842773,0.42860549688339233,3,0.0004907080001430586,1.1284277439117432,age|annual_income|tax_return_filed|late_filing_count|outstanding_dues|previous_default_count|income_growth_rate|deduction_claim_ratio|transaction_count|total_transaction_value|average_transaction_value|transaction_anomaly_count|transaction_anomaly_ratio|avg_anomaly_score|avg_location_risk_score|avg_device_risk_score|avg_transaction_frequency|std_transaction_amount|max_transaction_amount,40.58338355262858,872301.4787085908,1.0338422295656948,1.9192973399577622,-2394.9855090335914,0.94615734671291,0.2762352195280453,0.15199738712116717,19.585997505766766,17953.854957149313,692.1322964332329,2.8867265961784554,0.13624293744786442,0.10706643684657194,0.2305818160889696,0.24149273623156753,3.472526240172333,1163.8420106820276,6427.8263674904265
TAXP02112,Medium,constrained,Low,SUCCESS,Low,True,True,True,,0.05156553164124489,0.9484337568283081,7.781264343975636e-07,0.6149823069572449,0.38501736521720886,3.234192149648152e-07,16,2.2607173919677734,0.5761730670928955,5,0.001504874999227468,0.8673370480537415,annual_income|tax_return_filed|late_filing_count|outstanding_dues|income_growth_rate|deduction_claim_ratio|total_transaction_value|average_transaction_value|transaction_anomaly_count|transaction_anomaly_ratio|avg_anomaly_score|avg_location_risk_score|avg_device_risk_score|avg_transaction_frequency|std_transaction_amount|max_transaction_amount,40.00000008348515,832236.6675794839,1.0564288794363783,1.865621401132343,-3992.456065432205,0.9999999972595282,0.28361272078495714,0.1436521121899063,21.000000005759986,19221.91758248297,643.2788198281139,2.768605454999782,0.13183835239416136,0.10562944910931456,0.23310719912715547,0.23911528104531476,3.437089318881084,1067.9059339652952,6363.687117774049
TAXP01985,Medium,unconstrained,Low,SUCCESS,Low,True,False,False,immutable:age|immutable:previous_default_count|immutable:transaction_count|derived:transaction_anomaly_count|categorical:income_sources,0.0464056096971035,0.9532777667045593,0.000316653837217018,0.8226187825202942,0.1773720234632492,9.209514246322215e-06,19,2.217292308807373,0.44397103786468506,3,0.00048475000039616134,0.8023948669433594,age|annual_income|tax_return_filed|late_filing_count|outstanding_dues|previous_default_count|income_growth_rate|deduction_claim_ratio|transaction_count|total_transaction_value|average_transaction_value|transaction_anomaly_count|transaction_anomaly_ratio|avg_anomaly_score|avg_location_risk_score|avg_device_risk_score|avg_transaction_frequency|std_transaction_amount|max_transaction_amount,55.15045356936176,308326.3611903248,1.033769665181989,0.9192514228014311,-2393.993575957078,-0.05424630043818457,0.2103201229329308,0.28628949742173165,8.573483788792059,3897.6035048994654,128.0145488269136,1.8878269348851864,0.19338430036974014,0.12150369676516037,0.34173253230096523,0.19330978285907766,3.8595790541465242,66.14151464143333,1454.989762483066
TAXP01985,Medium,constrained,Low,SUCCESS,Low,True,True,True,,0.0464056096971035,0.9532777667045593,0.000316653837217018,0.7541442513465881,0.2458154261112213,4.039454142912291e-05,16,2.253979444503784,0.5680622458457947,5,0.0015013330012152437,0.6211099028587341,annual_income|tax_return_filed|late_filing_count|outstanding_dues|income_growth_rate|deduction_claim_ratio|total_transaction_value|average_transaction_value|transaction_anomaly_count|transaction_anomaly_ratio|avg_anomaly_score|avg_location_risk_score|avg_device_risk_score|avg_transaction_frequency|std_transaction_amount|max_transaction_amount,53.99999973572348,267783.89490873786,1.056314971271092,0.8653804607711717,-3989.9790079333816,3.593553898895152e-09,0.21985333757353198,0.2780119834009388,9.999999770345976,5162.017468913884,79.08890233863201,1.8897771659173137,0.18897771669842361,0.12003862773609791,0.3431261423952816,0.1909592831366295,3.835189304492594,-37.824164960282815,1910.7394255291065
TAXP00705,High,unconstrained,Low,SUCCESS,Low,True,False,False,immutable:age|immutable:previous_default_count|immutable:transaction_count|derived:transaction_anomaly_count|categorical:income_sources,2.8642821447988354e-10,0.0041299378499388695,0.995870053768158,0.7192145586013794,0.2807854413986206,3.668660698580989e-13,19,25.00128936767578,5.571591377258301,54,0.007746291999865207,1.2598108053207397,age|annual_income|tax_return_filed|late_filing_count|outstanding_dues|previous_default_count|income_growth_rate|deduction_claim_ratio|transaction_count|total_transaction_value|average_transaction_value|transaction_anomaly_count|transaction_anomaly_ratio|avg_anomaly_score|avg_location_risk_score|avg_device_risk_score|avg_transaction_frequency|std_transaction_amount|max_transaction_amount,39.339069349111945,1889575.0450383783,0.5287755075525749,0.577961095725479,122939.22452736353,-0.8368013495415546,-0.09282552517264145,0.18700143006026432,-18.066572130746426,-343.09700088259524,1806.2841468448914,-0.9162744860737599,0.13292823890177788,0.11113567585211008,0.19205811520033622,0.29488667380072275,3.4199036111424332,1394.1769621585445,11266.756835530723
TAXP00705,High,constrained,Low,SUCCESS,Low,True,True,True,,2.8642821447988354e-10,0.0041299378499388695,0.995870053768158,0.6036505699157715,0.3963494896888733,5.7415023846374424e-09,16,25.40922737121582,7.524261951446533,109,0.031463208000786835,1.4029773473739624,annual_income|tax_return_filed|late_filing_count|outstanding_dues|income_growth_rate|deduction_claim_ratio|total_transaction_value|average_transaction_value|transaction_anomaly_count|transaction_anomaly_ratio|avg_anomaly_score|avg_location_risk_score|avg_device_risk_score|avg_transaction_frequency|std_transaction_amount|max_transaction_amount,50.99999990566219,2112487.817175182,1.0119133176026265,-0.862816622066368,88139.427495867,3.593553898895152e-09,-0.213434404604152,0.23951221099557574,3.9999996956526793,-7110.540304946846,1037.511611268592,0.10982036778546622,0.027455101735568737,0.06897228099825403,0.16058568940969192,0.2953222475301129,3.3383649818737426,403.48655710984747,10636.563973925675
TAXP01460,Medium,unconstrained,Low,SUCCESS,Low,True,False,False,immutable:age|immutable:previous_default_count|immutable:transaction_count|derived:transaction_anomaly_count|categorical:income_sources,0.011294174939393997,0.9887006878852844,5.171697921468876e-06,0.6235520839691162,0.37644779682159424,1.4973240070048632e-07,19,3.892759323120117,0.8190100789070129,6,0.0009267919995181728,1.0948771238327026,age|annual_income|tax_return_filed|late_filing_count|outstanding_dues|previous_default_count|income_growth_rate|deduction_claim_ratio|transaction_count|total_transaction_value|average_transaction_value|transaction_anomaly_count|transaction_anomaly_ratio|avg_anomaly_score|avg_location_risk_score|avg_device_risk_score|avg_transaction_frequency|std_transaction_amount|max_transaction_amount,43.26152377361596,721676.1832222757,1.0678773219400983,-0.16175462742387792,-4802.426115622813,-0.10815737534825348,0.3981053183881297,0.32438040011523106,11.236931705535847,24165.2787122569,1677.9912713898354,2.777054630431241,0.2367700285471191,0.15627486096119486,0.216400208766976,0.19850025709893102,3.9920045075507247,3204.5449067915624,13657.464260064786
TAXP01460,Medium,constrained,Low,SUCCESS,Low,True,True,True,,0.011294174939393997,0.9887006878852844,5.171697921468876e-06,0.7296934127807617,0.27030566334724426,9.635176638767007e-07,16,4.376762390136719,1.1458302736282349,11,0.0032872499996301485,0.5794903635978699,annual_income|tax_return_filed|late_filing_count|outstanding_dues|income_growth_rate|deduction_claim_ratio|total_transaction_value|average_transaction_value|transaction_anomaly_count|transaction_anomaly_ratio|avg_anomaly_score|avg_location_risk_score|avg_device_risk_score|avg_transaction_frequency|std_transaction_amount|max_transaction_amount,40.999999963226664,624919.0800541046,1.1246805871265235,-0.29666902537339546,-8836.748768304582,3.593553898895152e-09,0.39056765986432596,0.30320156199470816,12.000000425492043,27268.226466799337,1621.3101992423713,2.7091524072616338,0.22576269463608928,0.15271251830918642,0.21982172054221125,0.19269923353763593,3.927701407235088,2951.0242495914213,14697.967238540687
TAXP00874,Medium,unconstrained,Low,SUCCESS,Low,True,False,False,immutable:age|immutable:previous_default_count|immutable:transaction_count|derived:transaction_anomaly_count|categorical:income_sources,0.0003370597551111132,0.9996628761291504,6.456919976471909e-08,0.7315956354141235,0.26840439438819885,8.61672469487651e-11,19,7.892811298370361,1.6463994979858398,12,0.0018692499997996492,1.160684585571289,age|annual_income|tax_return_filed|late_filing_count|outstanding_dues|previous_default_count|income_growth_rate|deduction_claim_ratio|transaction_count|total_transaction_value|average_transaction_value|transaction_anomaly_count|transaction_anomaly_ratio|avg_anomaly_score|avg_location_risk_score|avg_device_risk_score|avg_transaction_frequency|std_transaction_amount|max_transaction_amount,27.086161755001157,450408.68329048017,0.13555524886838843,3.6792347651144994,-9681.334983420327,-0.21285135425653345,0.14959878478451252,0.5384143838349389,-0.5966658754081671,4841.374779272686,635.2468610231947,0.5452994243392615,0.17334665983141295,0.13174176874540738,0.26272138626385944,0.24567623457654642,3.388274478416209,1074.5709743461468,6503.159504882286
TAXP00874,Medium,constrained,Low,SUCCESS,Low,True,True,True,,0.0003370597551111132,0.9996628761291504,6.456919976471909e-08,0.6464932560920715,0.35350677371025085,8.79219630434136e-09,16,8.997787475585938,2.371427297592163,23,0.0066841249990829965,0.9354697465896606,annual_income|tax_return_filed|late_filing_count|outstanding_dues|income_growth_rate|deduction_claim_ratio|total_transaction_value|average_transaction_value|transaction_anomaly_count|transaction_anomaly_ratio|avg_anomaly_score|avg_location_risk_score|avg_device_risk_score|avg_transaction_frequency|std_transaction_amount|max_transaction_amount,24.00000067176378,260177.34178070747,0.2612697737621662,3.385736663752804,-18749.463474613476,3.593553898895152e-09,0.12394411165771506,0.4970378402054767,4.999999550539485,569.7187479575059,433.0972986568161,0.7438239286651402,0.14876478521657427,0.1245013219886125,0.2516477700063221,0.23273557006600404,3.190791559917051,477.72483340435633,8977.432874947619
TAXP01231,Medium,unconstrained,Low,SUCCESS,Low,True,False,False,immutable:age|immutable:previous_default_count|immutable:transaction_count|bound:transaction_anomaly_ratio|derived:transaction_anomaly_count|categorical:income_sources,0.14642296731472015,0.8535491228103638,2.7984964617644437e-05,0.7015660405158997,0.29843324422836304,7.278057410076144e-07,19,2.61918044090271,0.5405113101005554,4,0.0006565420007973444,0.6685401201248169,age|annual_income|tax_return_filed|late_filing_count|outstanding_dues|previous_default_count|income_growth_rate|deduction_claim_ratio|transaction_count|total_transaction_value|average_transaction_value|transaction_anomaly_count|transaction_anomaly_ratio|avg_anomaly_score|avg_location_risk_score|avg_device_risk_score|avg_transaction_frequency|std_transaction_amount|max_transaction_amount,36.52760093320137,367185.77562936035,1.04459035857741,-0.10589485213611582,104416.77810550321,-0.07120391115015284,0.1252589708179216,0.44678888551287715,27.105243255189656,4986.144163039255,162.65546302199004,-0.1500646299744024,-0.008797417733972884,0.09696734446476257,0.1910530449607992,0.1951130198987943,4.351340004271648,249.2030768180773,3192.5967114998093
TAXP01231,Medium,constrained,Low,SUCCESS,Low,True,True,True,,0.14642296731472015,0.8535491228103638,2.7984964617644437e-05,0.634617030620575,0.3653818368911743,1.0378561228208127e-06,14,3.6837589740753174,1.0112781524658203,10,0.0029485830000339774,0.5880829691886902,annual_income|tax_return_filed|late_filing_count|outstanding_dues|income_growth_rate|deduction_claim_ratio|total_transaction_value|average_transaction_value|avg_anomaly_score|avg_location_risk_score|avg_device_risk_score|avg_transaction_frequency|std_transaction_amount|max_transaction_amount,38.000000133165386,243756.43932484172,1.1093450452797176,-0.2618359118967293,99784.85185172409,3.593553898895152e-09,0.1105818432988887,0.4730430390535901,28.99999984931268,1304.9069539647153,22.13118805492047,-1.5555200683081694e-07,1.729087324708889e-09,0.09263018604549207,0.18365447158681494,0.19916388945161345,4.264994995337194,-71.17405089785734,4548.071319863128
TAXP01410,Medium,unconstrained,Low,SUCCESS,Low,True,False,False,immutable:age|immutable:previous_default_count|immutable:transaction_count|derived:transaction_anomaly_count|categorical:income_sources,0.8559154272079468,0.14408457279205322,4.754121007977119e-08,0.9474403858184814,0.05255958065390587,1.3436334711514064e-08,19,0.7499996423721313,0.1499999314546585,1,0.00018512499991629738,0.1555837094783783,age|annual_income|tax_return_filed|late_filing_count|outstanding_dues|previous_default_count|income_growth_rate|deduction_claim_ratio|transaction_count|total_transaction_value|average_transaction_value|transaction_anomaly_count|transaction_anomaly_ratio|avg_anomaly_score|avg_location_risk_score|avg_device_risk_score|avg_transaction_frequency|std_transaction_amount|max_transaction_amount,50.384204918533555,920349.3639457595,1.0112724889881282,0.9730227476950883,-798.1714838798653,0.9819312265803379,0.17920636421744673,0.5966502092859155,23.524178784265338,28505.452283859828,1136.8592228563753,2.9622366186092344,0.12279400284836929,0.1376140397411446,0.26128135067342684,0.19218963208076306,3.3571944248671906,1613.215072526043,6020.230401091139
TAXP01410,Medium,constrained,Low,SUCCESS,Low,True,True,True,,0.8559154272079468,0.14408457279205322,4.754121007977119e-08,0.9231275916099548,0.07687247544527054,2.7617900855148036e-08,16,0.49205929040908813,0.12356775999069214,1,0.00031816599948797375,0.1555837094783783,annual_income|tax_return_filed|late_filing_count|outstanding_dues|income_growth_rate|deduction_claim_ratio|total_transaction_value|average_transaction_value|transaction_anomaly_count|transaction_anomaly_ratio|avg_anomaly_score|avg_location_risk_score|avg_device_risk_score|avg_transaction_frequency|std_transaction_amount|max_transaction_amount,50.0000002167574,920349.3639457595,1.0112724889881282,0.9730227476950883,-798.1714838798653,0.9999999972595282,0.17920636421744673,0.5966502438550527,24.000000102192413,28505.452283859828,1136.8592228563753,2.9470561336991334,0.12279399846543593,0.1376140397411446,0.26128135067342684,0.19218963208076306,3.3571944248671906,1613.215072526043,6020.230401091139
TAXP03359,Medium,unconstrained,Low,SUCCESS,Low,True,False,False,immutable:age|immutable:previous_default_count|immutable:transaction_count|derived:transaction_anomaly_count|categorical:income_sources,0.0003619083436205983,0.9945669174194336,0.005071279592812061,0.6971689462661743,0.302830308675766,7.146477400965523e-07,19,10.813421249389648,2.258852243423462,17,0.0025602919995435514,1.1868013143539429,age|annual_income|tax_return_filed|late_filing_count|outstanding_dues|previous_default_count|income_growth_rate|deduction_claim_ratio|transaction_count|total_transaction_value|average_transaction_value|transaction_anomaly_count|transaction_anomaly_ratio|avg_anomaly_score|avg_location_risk_score|avg_device_risk_score|avg_transaction_frequency|std_transaction_amount|max_transaction_amount,41.57330849390042,-44232.72519822023,1.1931448591888143,-0.46709499257074394,32102.85393163088,-0.3118973794247277,-0.16249184096861577,0.20844103614660695,0.10785025629535028,13095.769129822918,-120.27736330120217,1.3656126042875378,0.21176567421956471,0.1665412297123221,0.2483462212064337,0.24206570263471,4.026086476652599,-241.0042233139634,4242.934289480358
TAXP03359,Medium,constrained,Low,SUCCESS,Low,True,True,True,,0.0003619083436205983,0.9945669174194336,0.005071279592812061,0.6427086591720581,0.35725441575050354,3.702843241626397e-05,16,11.04227352142334,2.86592435836792,27,0.00795908400141343,0.9990903735160828,annual_income|tax_return_filed|late_filing_count|outstanding_dues|income_growth_rate|deduction_claim_ratio|total_transaction_value|average_transaction_value|transaction_anomaly_count|transaction_anomaly_ratio|avg_anomaly_score|avg_location_risk_score|avg_device_risk_score|avg_transaction_frequency|std_transaction_amount|max_transaction_amount,42.99999999703749,-272088.2923363915,1.3144697763823434,-0.7546066248945669,23272.760833964217,3.593553898895152e-09,-0.21406331902862527,0.19589356281621156,8.000000060572361,19707.199325800822,-409.30440613973826,1.5089392417008103,0.1886173782149269,0.16004485055622975,0.23668530180191902,0.22915195237346728,3.9245485886563136,-480.3870319284606,6370.453870811223
TAXP04411,Medium,unconstrained,Low,SUCCESS,Low,True,False,False,immutable:age|immutable:previous_default_count|immutable:transaction_count|derived:transaction_anomaly_count|categorical:income_sources,0.007232096511870623,0.9927679300308228,1.642382585487212e-08,0.7148088812828064,0.2851911187171936,7.240458788082549e-10,19,3.3772339820861816,0.6925093531608582,5,0.0007812080002622679,1.151181697845459,age|annual_income|tax_return_filed|late_filing_count|outstanding_dues|previous_default_count|income_growth_rate|deduction_claim_ratio|transaction_count|total_transaction_value|average_transaction_value|transaction_anomaly_count|transaction_anomaly_ratio|avg_anomaly_score|avg_location_risk_score|avg_device_risk_score|avg_transaction_frequency|std_transaction_amount|max_transaction_amount,28.269157066432154,1729926.7496989716,1.0557664830745006,3.8662585111737147,-3998.74703028357,0.9096688163716034,0.06773927081850484,0.11134428911182753,11.663302244845186,24969.771276136446,1453.9840435711644,1.8115224294628633,0.13184995840170632,0.14362531272752319,0.23636863159882357,0.2696796894445369,4.55515189075223,1370.8095739548871,6468.56184601223
TAXP04411,Medium,constrained,Low,SUCCESS,Low,True,True,True,,0.007232096511870623,0.9927679300308228,1.642382585487212e-08,0.691693127155304,0.30830684304237366,4.573825762577144e-09,16,3.7241146564483643,0.9590678215026855,9,0.0027014169991161907,0.7765918374061584,annual_income|tax_return_filed|late_filing_count|outstanding_dues|income_growth_rate|deduction_claim_ratio|total_transaction_value|average_transaction_value|transaction_anomaly_count|transaction_anomaly_ratio|avg_anomaly_score|avg_location_risk_score|avg_device_risk_score|avg_transaction_frequency|std_transaction_amount|max_transaction_amount,29.000000642981544,1664183.9953199364,1.099935146840592,3.759716406772265,-7212.750543634318,0.9999999972595282,0.053812705482688995,0.0941036405680008,14.000000135265658,27320.54162700245,1357.3169688234293,1.7229320612679175,0.12306657747420745,0.1415309398126721,0.2367297504721011,0.2654949146274614,4.486366218815499,1175.8484444092146,7193.183232833392
TAXP04031,Medium,unconstrained,Low,SUCCESS,Low,True,False,False,immutable:age|immutable:previous_default_count|immutable:transaction_count|bound:transaction_anomaly_ratio|derived:transaction_anomaly_count|categorical:income_sources,0.0031728597823530436,0.9957432150840759,0.0010838629677891731,0.7448166608810425,0.25518327951431274,1.0007854100990698e-08,19,8.766877174377441,1.7934869527816772,13,0.0019660420002765022,0.7830637097358704,age|annual_income|tax_return_filed|late_filing_count|outstanding_dues|previous_default_count|income_growth_rate|deduction_claim_ratio|transaction_count|total_transaction_value|average_transaction_value|transaction_anomaly_count|transaction_anomaly_ratio|avg_anomaly_score|avg_location_risk_score|avg_device_risk_score|avg_transaction_frequency|std_transaction_amount|max_transaction_amount,48.205086957036826,466288.27224249253,0.14765974954861927,-0.3474244634831227,107518.32685580319,0.7665013902911928,0.061300843448143245,0.009209012540050632,23.84460072373099,2221.0417342852434,16.413788065205495,-0.4920810420327171,-0.028985051017844904,0.08815708712703951,0.15899403521612843,0.1578299806928014,3.8242543825962247,-49.94092087476611,-744.5074282154264
TAXP04031,Medium,constrained,Low,SUCCESS,Low,True,True,True,,0.0031728597823530436,0.9957432150840759,0.0010838629677891731,0.6573857665061951,0.34261414408683777,4.5680895510713526e-08,14,13.000754356384277,3.8560171127319336,39,0.011459249999461463,0.7908546924591064,annual_income|tax_return_filed|late_filing_count|outstanding_dues|income_growth_rate|deduction_claim_ratio|total_transaction_value|average_transaction_value|avg_anomaly_score|avg_location_risk_score|avg_device_risk_score|avg_transaction_frequency|std_transaction_amount|max_transaction_amount,53.00000004681868,973519.0520215806,0.4617809330173035,-1.0517725038215022,86043.54506019811,0.9999999972595282,0.1524749677667137,1.787359704685798e-09,29.999999704199485,-15340.15716354249,-729.8666180209271,-1.5555200683081694e-07,1.729087324708889e-09,0.06789294447548204,0.12522400816038465,0.15531254220676988,4.327072091399259,509.5857727785783,-6755.870889436674
TAXP01519,Medium,unconstrained,Low,SUCCESS,Low,True,False,False,immutable:age|immutable:previous_default_count|immutable:transaction_count|derived:transaction_anomaly_count|categorical:income_sources,0.022559888660907745,0.9770170450210571,0.0004230001359246671,0.6795433163642883,0.3204522430896759,4.449764674063772e-06,19,3.494661808013916,0.7125915884971619,5,0.0007920000007288763,1.1464574337005615,age|annual_income|tax_return_filed|late_filing_count|outstanding_dues|previous_default_count|income_growth_rate|deduction_claim_ratio|transaction_count|total_transaction_value|average_transaction_value|transaction_anomaly_count|transaction_anomaly_ratio|avg_anomaly_score|avg_location_risk_score|avg_device_risk_score|avg_transaction_frequency|std_transaction_amount|max_transaction_amount,64.91092823555447,416617.22603509965,1.0565583307134832,-0.13535402561210885,-4007.1289044257137,-0.0899266622223025,0.2714203488306054,0.3170707257924576,1.6541468183967787,6365.71323773469,698.4758226867542,0.8166485850792663,0.238960513451491,0.14207140832002707,0.14280014702046434,0.1456367706687373,4.454740552989563,1029.0699031515512,3488.5698197654765
TAXP01519,Medium,constrained,Low,SUCCESS,Low,True,True,True,,0.022559888660907745,0.9770170450210571,0.0004230001359246671,0.6847060322761536,0.3152675926685333,2.639487138367258e-05,16,3.64924693107605,0.9557162523269653,9,0.0027341249988239724,0.7422345876693726,annual_income|tax_return_filed|late_filing_count|outstanding_dues|income_growth_rate|deduction_claim_ratio|total_transaction_value|average_transaction_value|transaction_anomaly_count|transaction_anomaly_ratio|avg_anomaly_score|avg_location_risk_score|avg_device_risk_score|avg_transaction_frequency|std_transaction_amount|max_transaction_amount,63.000000752601096,335012.06278924213,1.1023211264868005,-0.24470332250518312,-7251.520775216413,3.593553898895152e-09,0.288382466296233,0.3010472111997546,3.9999996956526793,8836.774483724315,604.7382191054851,0.9205994423402379,0.23014987067847492,0.13912548999873034,0.13909560322393724,0.14099715257486445,4.440374142715524,919.8451866092876,4408.169149154435
TAXP00343,Medium,unconstrained,Low,SUCCESS,Low,True,False,False,immutable:age|immutable:previous_default_count|immutable:transaction_count|derived:transaction_anomaly_count|categorical:income_sources,0.00022587952844332904,0.6962043642997742,0.3035697340965271,0.7946304082870483,0.2053694874048233,9.232110897983148e-08,19,13.256604194641113,2.7907235622406006,23,0.003508084000714007,0.9529784917831421,age|annual_income|tax_return_filed|late_filing_count|outstanding_dues|previous_default_count|income_growth_rate|deduction_claim_ratio|transaction_count|total_transaction_value|average_transaction_value|transaction_anomaly_count|transaction_anomaly_ratio|avg_anomaly_score|avg_location_risk_score|avg_device_risk_score|avg_transaction_frequency|std_transaction_amount|max_transaction_amount,38.17531266927395,372922.0733007886,1.2561198595879073,0.3591553843963793,92899.24730480944,0.5932891529046448,-0.1466354143773074,0.1866119568752632,48.915425818143056,36667.747615414286,-154.10443324289213,3.3336609060084257,0.015126742943097043,0.09858560920494192,0.17860278392513973,0.19114394237101204,3.799236062694205,-114.30166379800085,4320.197350522596
TAXP00343,Medium,constrained,Low,SUCCESS,Low,True,True,True,,0.00022587952844332904,0.6962043642997742,0.3035697340965271,0.6199859976768494,0.37991154193878174,0.00010245574958389625,16,14.204024314880371,4.483320713043213,39,0.011526917000082904,0.9533997774124146,annual_income|tax_return_filed|late_filing_count|outstanding_dues|income_growth_rate|deduction_claim_ratio|total_transaction_value|average_transaction_value|transaction_anomaly_count|transaction_anomaly_ratio|avg_anomaly_score|avg_location_risk_score|avg_device_risk_score|avg_transaction_frequency|std_transaction_amount|max_transaction_amount,45.00000005470291,204295.7148943477,1.4194372929108687,-0.14484715370928658,80687.95010553359,0.9999999972595282,-0.13744907698560438,0.2486144506466802,60.000001023038436,32403.019493987194,-623.2820365232616,-2.3058109288598416e-07,1.729087324708889e-09,0.09225404107324649,0.16398494916408982,0.20824483846092312,3.607145589203842,-347.47006634862464,4844.092149929495
TAXP01210,Medium,unconstrained,Low,SUCCESS,Low,True,False,False,immutable:age|immutable:previous_default_count|immutable:transaction_count|derived:transaction_anomaly_count|categorical:income_sources,0.0182119682431221,0.9731667637825012,0.00862131081521511,0.6337157487869263,0.36627116799354553,1.3171861610317137e-05,19,4.011056900024414,0.8367502689361572,6,0.0009482080004090676,0.9734896421432495,age|annual_income|tax_return_filed|late_filing_count|outstanding_dues|previous_default_count|income_growth_rate|deduction_claim_ratio|transaction_count|total_transaction_value|average_transaction_value|transaction_anomaly_count|transaction_anomaly_ratio|avg_anomaly_score|avg_location_risk_score|avg_device_risk_score|avg_transaction_frequency|std_transaction_amount|max_transaction_amount,65.68453297801969,788120.2984854333,1.0676815548789957,-0.16231055594801447,78496.86112441057,-0.10817848422847853,-0.02552470058864871,0.5436534057257916,17.15971895781176,17673.08642719531,719.3237531215353,0.773735605561165,0.03674042714911922,0.1189727499831314,0.23653870100164204,0.1663652244124859,5.150636306593499,1199.947604432975,6866.747607866777
TAXP01210,Medium,constrained,Low,SUCCESS,Low,True,True,True,,0.0182119682431221,0.9731667637825012,0.00862131081521511,0.6765366792678833,0.3234311640262604,3.2183746952796355e-05,16,4.664444446563721,1.2272611856460571,11,0.0032810419997986173,0.6285622119903564,annual_income|tax_return_filed|late_filing_count|outstanding_dues|income_growth_rate|deduction_claim_ratio|total_transaction_value|average_transaction_value|transaction_anomaly_count|transaction_anomaly_ratio|avg_anomaly_score|avg_location_risk_score|avg_device_risk_score|avg_transaction_frequency|std_transaction_amount|max_transaction_amount,65.00000013041068,746768.79402935,1.1242137114651864,-0.29906275540501315,74497.70412476106,3.593553898895152e-09,-0.04872098919336523,0.522355688663355,20.000000003158732,17418.7312246316,594.2684695479403,0.5148816950155084,0.025744090017896907,0.11552886103342722,0.2306326884887566,0.16029453743629063,5.23968456027426,1012.1118078538816,8010.630405104697
TAXP03170,Medium,unconstrained,Low,SUCCESS,Low,True,False,False,immutable:age|immutable:previous_default_count|immutable:transaction_count|derived:transaction_anomaly_count|categorical:income_sources,0.02758822776377201,0.97239750623703,1.4310930964711588e-05,0.7244143486022949,0.2755853831768036,3.0187163702066755e-07,19,3.5403201580047607,0.7131413817405701,5,0.0008047079991229111,0.9448293447494507,age|annual_income|tax_return_filed|late_filing_count|outstanding_dues|previous_default_count|income_growth_rate|deduction_claim_ratio|transaction_count|total_transaction_value|average_transaction_value|transaction_anomaly_count|transaction_anomaly_ratio|avg_anomaly_score|avg_location_risk_score|avg_device_risk_score|avg_transaction_frequency|std_transaction_amount|max_transaction_amount,41.653240359386814,175510.62297897658,1.0562092377971797,1.865301308079302,-3994.7111075342054,0.9110470323932375,-0.2789628608325476,0.1487966307017596,14.658794273649423,13677.956362477727,684.5676495804723,2.8131545750387867,0.16545713433394194,0.12326799134418116,0.2306928257485316,0.176654489165172,3.859879453981151,1089.909043352287,6596.099328336147
TAXP03170,Medium,constrained,Low,SUCCESS,Low,True,True,True,,0.02758822776377201,0.97239750623703,1.4310930964711588e-05,0.7526522874832153,0.24734589457511902,1.7522748976261937e-06,16,3.8145322799682617,0.9866032004356384,9,0.0027044160015066154,0.5538992881774902,annual_income|tax_return_filed|late_filing_count|outstanding_dues|income_growth_rate|deduction_claim_ratio|total_transaction_value|average_transaction_value|transaction_anomaly_count|transaction_anomaly_ratio|avg_anomaly_score|avg_location_risk_score|avg_device_risk_score|avg_transaction_frequency|std_transaction_amount|max_transaction_amount,40.00000008348515,94393.1005586508,1.1009214177557936,1.758128129396789,-7201.240631133385,0.9999999972595282,-0.28971358880647013,0.1361669001092411,16.999999936269194,16293.810988275825,626.0688972735014,2.663325241771883,0.15666618846345873,0.12058800081528434,0.22557197368263956,0.17201986391418642,3.8039312539150263,877.9089192251447,7465.252159188572
TAXP00730,Medium,unconstrained,Low,SUCCESS,Low,True,False,False,immutable:age|immutable:previous_default_count|immutable:transaction_count|derived:transaction_anomaly_count|categorical:income_sources,0.022054292261600494,0.9779452681541443,4.497618419918581e-07,0.7334355711936951,0.26656433939933777,1.1329699844964125e-08,19,2.8554656505584717,0.574103057384491,4,0.0006435000013880199,0.9149010181427002,age|annual_income|tax_return_filed|late_filing_count|outstanding_dues|previous_default_count|income_growth_rate|deduction_claim_ratio|transaction_count|total_transaction_value|average_transaction_value|transaction_anomaly_count|transaction_anomaly_ratio|avg_anomaly_score|avg_location_risk_score|avg_device_risk_score|avg_transaction_frequency|std_transaction_amount|max_transaction_amount,48.01706278689253,209210.22511845874,0.04507292711242772,0.8921439108649251,3506.4200262983504,0.928149533310288,0.27409473518037875,0.10901799358868666,53.1354512224153,14971.969957256073,128.71378350328007,4.852711935665516,0.08210101963261598,0.11423742775953888,0.20625465436818943,0.19136136124905562,3.7031900830418194,107.14518526888753,637.1209254963987
TAXP00730,Medium,constrained,Low,SUCCESS,Low,True,True,True,,0.022054292261600494,0.9779452681541443,4.497618419918581e-07,0.6467974185943604,0.3532024025917053,1.423841808900761e-07,16,3.132516860961914,0.8791205286979675,6,0.0018133749999833526,0.8511524200439453,annual_income|tax_return_filed|late_filing_count|outstanding_dues|income_growth_rate|deduction_claim_ratio|total_transaction_value|average_transaction_value|transaction_anomaly_count|transaction_anomaly_ratio|avg_anomaly_score|avg_location_risk_score|avg_device_risk_score|avg_transaction_frequency|std_transaction_amount|max_transaction_amount,49.000000146179154,169015.98749569827,0.06755641909689214,0.8383104153526713,1908.1034326554218,0.9999999972595282,0.28369552331102504,0.10057740290370068,55.00000174860439,16240.914713399983,80.72216147150687,4.273828624108992,0.07770596526751053,0.11281360773932432,0.20496033872578243,0.18909325520981957,3.6721274701238404,8.945066579339027,168.79857254040326
TAXP04756,Medium,unconstrained,Low,SUCCESS,Low,True,False,False,immutable:age|immutable:previous_default_count|immutable:transaction_count|derived:transaction_anomaly_count|categorical:income_sources,0.05104079470038414,0.9489591121673584,7.555568259931533e-08,0.8677525520324707,0.1322474628686905,2.0081583063102926e-09,19,2.1734087467193604,0.4381358027458191,3,0.0005035000012867386,0.5689026117324829,age|annual_income|tax_return_filed|late_filing_count|outstanding_dues|previous_default_count|income_growth_rate|deduction_claim_ratio|transaction_count|total_transaction_value|average_transaction_value|transaction_anomaly_count|transaction_anomaly_ratio|avg_anomaly_score|avg_location_risk_score|avg_device_risk_score|avg_transaction_frequency|std_transaction_amount|max_transaction_amount,29.8465141733177,358591.26701692963,1.0338184893660873,1.9191012749229288,-2394.639799344255,0.9458042037626139,-0.47401140168113753,0.2780177866948572,10.577315093117923,4424.021094528924,136.63303401008807,1.8867389381092514,0.16005040033268073,0.16614179978489102,0.22546414947504156,0.2253773843467543,4.030002512988215,70.1830810292829,1558.3033656300217
TAXP04756,Medium,constrained,Low,SUCCESS,Low,True,True,True,,0.05104079470038414,0.9489591121673584,7.555568259931533e-08,0.6699437499046326,0.3300562798976898,1.7994327805581634e-08,16,1.8389214277267456,0.4624411165714264,4,0.0012234169989824295,0.7967071533203125,annual_income|tax_return_filed|late_filing_count|outstanding_dues|income_growth_rate|deduction_claim_ratio|total_transaction_value|average_transaction_value|transaction_anomaly_count|transaction_anomaly_ratio|avg_anomaly_score|avg_location_risk_score|avg_device_risk_score|avg_transaction_frequency|std_transaction_amount|max_transaction_amount,31.00000002079114,338321.3012594699,1.0450691715277947,1.8921383127105387,-3192.9064664738416,0.9999999972595282,-0.4789913631293091,0.27368116944632265,12.000000425492043,5059.725499643888,112.0745170975606,1.8941392819476621,0.15784492579620774,0.1650310642533104,0.22358921186088038,0.22419576448939854,4.012125939136929,18.074851368186046,1796.958697065044
TAXP04140,Medium,unconstrained,Low,SUCCESS,Low,True,False,False,immutable:age|immutable:previous_default_count|immutable:transaction_count|derived:transaction_anomaly_count|categorical:income_sources,0.008099961094558239,0.9918999671936035,1.7434292942652974e-07,0.748225212097168,0.25177478790283203,3.9782825922429765e-09,19,4.317410945892334,0.8668370842933655,6,0.0009440840003662743,0.8055404424667358,age|annual_income|tax_return_filed|late_filing_count|outstanding_dues|previous_default_count|income_growth_rate|deduction_claim_ratio|transaction_count|total_transaction_value|average_transaction_value|transaction_anomaly_count|transaction_anomaly_ratio|avg_anomaly_score|avg_location_risk_score|avg_device_risk_score|avg_transaction_frequency|std_transaction_amount|max_transaction_amount,52.006090339378346,692597.5411861883,1.0675794944170984,2.8393228144996177,-4802.294492208983,-0.10829429587406714,0.4906799711470978,0.6081713076463311,2.213548278555706,5149.8268481510095,143.4251288754432,0.7739518393869871,0.18679968809066905,0.10726394342508133,0.18272711746484419,0.15495432928075697,4.29786090936454,-71.55996901151661,1884.115460221467
TAXP04140,Medium,constrained,Low,SUCCESS,Low,True,True,True,,0.008099961094558239,0.9918999671936035,1.7434292942652974e-07,0.6838493347167969,0.3161506950855255,2.252813580128077e-08,16,4.89669132232666,1.2446861267089844,11,0.003307541999674868,0.6289114356040955,annual_income|tax_return_filed|late_filing_count|outstanding_dues|income_growth_rate|deduction_claim_ratio|total_transaction_value|average_transaction_value|transaction_anomaly_count|transaction_anomaly_ratio|avg_anomaly_score|avg_location_risk_score|avg_device_risk_score|avg_transaction_frequency|std_transaction_amount|max_transaction_amount,50.0000002167574,588372.5728376443,1.1237138234885464,2.7030437867559893,-8817.958336612164,3.593553898895152e-09,0.5153589716517748,0.5894280596975561,4.999999550539485,8287.878286102314,19.849459603547643,0.8794885770598848,0.1758977198976831,0.10358704666386918,0.17418918461603924,0.14920312066125085,4.2112637011224185,-350.82149849953726,2765.4835776032414
TAXP02506,Medium,unconstrained,Low,SUCCESS,Low,True,False,False,immutable:age|immutable:previous_default_count|immutable:transaction_count|derived:transaction_anomaly_count|categorical:income_sources,9.5042705652304e-06,0.9965963959693909,0.0033940772991627455,0.8926507830619812,0.10734926164150238,3.895924471919443e-09,19,17.554264068603516,3.534222364425659,24,0.0036041669991391245,0.8606545329093933,age|annual_income|tax_return_filed|late_filing_count|outstanding_dues|previous_default_count|income_growth_rate|deduction_claim_ratio|transaction_count|total_transaction_value|average_transaction_value|transaction_anomaly_count|transaction_anomaly_ratio|avg_anomaly_score|avg_location_risk_score|avg_device_risk_score|avg_transaction_frequency|std_transaction_amount|max_transaction_amount,72.37110209524577,761040.8731894494,0.27131111671802055,1.353223763443331,-19846.584274492416,0.5676336604054449,0.06932058096451073,0.04361460321709276,-8.259904139273868,18500.758851818355,456.60892538398633,0.0690392834739445,0.27933169512534084,0.15223376271528152,0.19212395254158765,0.1400401329286531,4.592499781632701,162.7801143557183,7825.917808412449
TAXP02506,Medium,constrained,Low,SUCCESS,Low,True,True,True,,9.5042705652304e-06,0.9965963959693909,0.0033940772991627455,0.7845565676689148,0.21543432772159576,9.15276450541569e-06,16,18.126117706298828,4.644138336181641,40,0.01190958299957856,0.9094921946525574,annual_income|tax_return_filed|late_filing_count|outstanding_dues|income_growth_rate|deduction_claim_ratio|total_transaction_value|average_transaction_value|transaction_anomaly_count|transaction_anomaly_ratio|avg_anomaly_score|avg_location_risk_score|avg_device_risk_score|avg_transaction_frequency|std_transaction_amount|max_transaction_amount,64.00000044150589,403976.8677120258,0.4634596562829423,0.9148598849350394,-33918.99848554099,0.9999999972595282,0.1470205489870648,1.787359704685798e-09,2.99999984076587,30419.619072575413,-51.53268858796139,0.7280927677784187,0.2426975952857593,0.14088406208490228,0.17203679922744575,0.11679176076323129,4.3808196234429335,-744.0968144972858,10612.253646584604
TAXP01328,Medium,unconstrained,Low,SUCCESS,Low,True,False,False,immutable:age|immutable:previous_default_count|immutable:transaction_count|bound:transaction_anomaly_ratio|derived:transaction_anomaly_count|categorical:income_sources,0.2341649979352951,0.7658233642578125,1.1595483556448016e-05,0.6193666458129883,0.38063210248947144,1.2013078958261758e-06,19,1.487041711807251,0.2974996268749237,2,0.00034679099917411804,0.8936803340911865,age|annual_income|tax_return_filed|late_filing_count|outstanding_dues|previous_default_count|income_growth_rate|deduction_claim_ratio|transaction_count|total_transaction_value|average_transaction_value|transaction_anomaly_count|transaction_anomaly_ratio|avg_anomaly_score|avg_location_risk_score|avg_device_risk_score|avg_transaction_frequency|std_transaction_amount|max_transaction_amount,64.23371741128554,166612.78728868417,1.0225358251241543,-0.053910979216835186,102404.09435396893,-0.03611125936291365,0.1264807414239772,0.24831061817811204,8.049213314361266,469.5820021355121,144.36637092577064,-0.07547206320710353,-0.00441075011185732,0.08664000578084635,0.2605654392790241,0.20486331785981973,3.368894718066881,88.20817002094452,1042.7072019954794
TAXP01328,Medium,constrained,Low,SUCCESS,Low,True,True,True,,0.2341649979352951,0.7658233642578125,1.1595483556448016e-05,0.6569265127182007,0.3430725932121277,8.60566217397718e-07,14,2.7935380935668945,0.7500180006027222,7,0.002128083999195951,0.5469166040420532,annual_income|tax_return_filed|late_filing_count|outstanding_dues|income_growth_rate|deduction_claim_ratio|total_transaction_value|average_transaction_value|avg_anomaly_score|avg_location_risk_score|avg_device_risk_score|avg_transaction_frequency|std_transaction_amount|max_transaction_amount,65.00000013041068,66712.96573829441,1.0781889224324275,-0.1869501099783497,98460.35239736609,3.593553898895152e-09,0.10326612964122535,0.2269668615065511,8.999999915459169,-2654.0560238027047,23.841612469364577,-5.493834942527087e-09,1.729087324708889e-09,0.08303458199722341,0.2543405378846123,0.19915783776393525,3.4564291745005695,-112.38496811455002,1703.0936943229513
TAXP03207,Medium,unconstrained,Low,SUCCESS,Low,True,False,False,immutable:age|immutable:previous_default_count|immutable:transaction_count|derived:transaction_anomaly_count|categorical:income_sources,0.11186083406209946,0.8881368637084961,2.33948890127067e-06,0.6996257305145264,0.3003738522529602,3.186833623658458e-07,19,1.399779200553894,0.28385451436042786,2,0.00034579199927975424,1.1363729238510132,age|annual_income|tax_return_filed|late_filing_count|outstanding_dues|previous_default_count|income_growth_rate|deduction_claim_ratio|transaction_count|total_transaction_value|average_transaction_value|transaction_anomaly_count|transaction_anomaly_ratio|avg_anomaly_score|avg_location_risk_score|avg_device_risk_score|avg_transaction_frequency|std_transaction_amount|max_transaction_amount,38.23772429242833,877702.3523163019,1.02250413419732,-0.05387453191675684,-1596.8298496024163,0.9638679126184848,0.2858025399710216,0.3593126515985122,4.1259100711858245,6049.767457559137,1267.890884524415,0.9247236880320923,0.19558922265660938,0.13082421552742124,0.25396011663627704,0.27745600926978997,2.9644802334761686,1695.1552572206756,4579.313321381579
TAXP03207,Medium,constrained,Low,SUCCESS,Low,True,True,True,,0.11186083406209946,0.8881368637084961,2.33948890127067e-06,0.7311912775039673,0.26880815625190735,5.65777725114458e-07,16,1.650158166885376,0.42650705575942993,4,0.0012177910011814674,0.6124320030212402,annual_income|tax_return_filed|late_filing_count|outstanding_dues|income_growth_rate|deduction_claim_ratio|total_transaction_value|average_transaction_value|transaction_anomaly_count|transaction_anomaly_ratio|avg_anomaly_score|avg_location_risk_score|avg_device_risk_score|avg_transaction_frequency|std_transaction_amount|max_transaction_amount,38.99999982207018,837502.2417297006,1.0449755545142483,-0.10766061662697157,-3194.3963483689404,0.9999999972595282,0.2937049524795677,0.3548022606983719,4.999999550539485,5435.882400759097,1222.1171467248632,0.9558994643475054,0.19117990403487445,0.1295048397199738,0.2565302602070751,0.2751163489621477,2.9290318855645836,1792.623823303163,5008.965525225857
TAXP03596,Medium,unconstrained,Low,SUCCESS,Low,True,False,False,immutable:age|immutable:previous_default_count|immutable:transaction_count|derived:transaction_anomaly_count|categorical:income_sources,0.02083069272339344,0.9791689515113831,4.069818544394366e-07,0.6376621723175049,0.36233776807785034,1.4675062054436694e-08,19,2.816969394683838,0.5706228017807007,4,0.0006498750008177012,1.1903396844863892,age|annual_income|tax_return_filed|late_filing_count|outstanding_dues|previous_default_count|income_growth_rate|deduction_claim_ratio|transaction_count|total_transaction_value|average_transaction_value|transaction_anomaly_count|transaction_anomaly_ratio|avg_anomaly_score|avg_location_risk_score|avg_device_risk_score|avg_transaction_frequency|std_transaction_amount|max_transaction_amount,66.11133548947788,3844539.989600407,1.0448857448912048,0.8930169643991002,-3194.3471878167875,-0.07178713371501094,-0.19791875031359255,0.33993303336524394,3.12287367997979,20711.335169486938,3741.753427209647,0.848564551463874,0.1912040014025036,0.14779231829701114,0.22538019006256205,0.17780430320026744,4.529013443668465,2595.0236098419346,7820.100950561488
TAXP03596,Medium,constrained,Low,SUCCESS,Low,True,True,True,,0.02083069272339344,0.9791689515113831,4.069818544394366e-07,0.7244630455970764,0.27553704380989075,2.5838529538191324e-08,16,3.411721706390381,0.8772371411323547,8,0.002414499998849351,0.6172546744346619,annual_income|tax_return_filed|late_filing_count|outstanding_dues|income_growth_rate|deduction_claim_ratio|total_transaction_value|average_transaction_value|transaction_anomaly_count|transaction_anomaly_ratio|avg_anomaly_score|avg_location_risk_score|avg_device_risk_score|avg_transaction_frequency|std_transaction_amount|max_transaction_amount,65.00000013041068,3760451.0768956617,1.0901792685868101,0.7849636035193087,-6398.681930635959,3.593553898895152e-09,-0.21647291634806262,0.3226304110005846,4.999999550539485,23263.492302046398,3833.1642044882306,0.9122555139591505,0.18245109939361026,0.14480788538531741,0.23064134426232508,0.17329730160780016,4.483137261092395,2385.916237140583,7354.858313451879
TAXP02929,Medium,unconstrained,Low,SUCCESS,Low,True,False,False,immutable:age|immutable:previous_default_count|immutable:transaction_count|derived:transaction_anomaly_count|categorical:income_sources,0.053792763501405716,0.9461560249328613,5.125175812281668e-05,0.7482966184616089,0.25170254707336426,8.40007089664141e-07,19,2.838782787322998,0.5709691643714905,4,0.0006539160003740108,0.8643249273300171,age|annual_income|tax_return_filed|late_filing_count|outstanding_dues|previous_default_count|income_growth_rate|deduction_claim_ratio|transaction_count|total_transaction_value|average_transaction_value|transaction_anomaly_count|transaction_anomaly_ratio|avg_anomaly_score|avg_location_risk_score|avg_device_risk_score|avg_transaction_frequency|std_transaction_amount|max_transaction_amount,29.475223774175767,165782.55061914236,1.0446485668592775,1.8924183137334938,33810.585263212386,0.9280799601642401,0.29312967778672716,0.028631786020052674,19.114664225389035,8817.62564228358,221.5387247681362,1.8489978823038558,0.08640151440188376,0.09318840532994616,0.21676074974007703,0.1924659829906779,4.15805981795805,329.16430932522394,3122.2262965076716
TAXP02929,Medium,constrained,Low,SUCCESS,Low,True,True,True,,0.053792763501405716,0.9461560249328613,5.125175812281668e-05,0.7173863649368286,0.28261032700538635,3.3753444768080954e-06,16,2.952177047729492,0.7733318209648132,7,0.0021273339989420492,0.6497377753257751,annual_income|tax_return_filed|late_filing_count|outstanding_dues|income_growth_rate|deduction_claim_ratio|total_transaction_value|average_transaction_value|transaction_anomaly_count|transaction_anomaly_ratio|avg_anomaly_score|avg_location_risk_score|avg_device_risk_score|avg_transaction_frequency|std_transaction_amount|max_transaction_amount,27.99999942738297,104942.87989701936,1.0789214643652207,1.810959777235687,31385.796532097957,0.9999999972595282,0.3019161363126045,0.015898348015737862,21.000000005759986,6745.105184183661,148.11796962443577,1.6745071637339488,0.0797384388497502,0.09097493672647476,0.21537021944637078,0.18890594235009586,4.186451732540587,150.82377080871424,3814.693794502172
TAXP00875,Medium,unconstrained,Low,SUCCESS,Low,True,False,False,immutable:age|immutable:previous_default_count|immutable:transaction_count|derived:transaction_anomaly_count|categorical:income_sources,0.000554604921489954,0.9317917227745056,0.06765367090702057,0.7287815809249878,0.2712184190750122,2.429435852491224e-08,19,11.82925033569336,2.499424695968628,20,0.003022083999894676,0.8431558012962341,age|annual_income|tax_return_filed|late_filing_count|outstanding_dues|previous_default_count|income_growth_rate|deduction_claim_ratio|transaction_count|total_transaction_value|average_transaction_value|transaction_anomaly_count|transaction_anomaly_ratio|avg_anomaly_score|avg_location_risk_score|avg_device_risk_score|avg_transaction_frequency|std_transaction_amount|max_transaction_amount,54.632836442104335,300164.1308806592,0.22190623837869805,-0.5367850174670685,93648.23210422955,-0.36106304882215756,0.17278018245875892,0.3748180677281626,2.5387072430405233,-4639.234678214654,-319.17225709235447,0.22514014798054605,0.03842397211913916,0.11779898007688164,0.17332481397585806,0.24560280210427107,3.658413155492701,-640.9410368229524,-2543.637190492267
TAXP00875,Medium,constrained,Low,SUCCESS,Low,True,True,True,,0.000554604921489954,0.9317917227745056,0.06765367090702057,0.6316335201263428,0.36836639046669006,8.85104114445312e-08,16,11.23476791381836,3.1314868927001953,33,0.009788499999558553,0.8448150157928467,annual_income|tax_return_filed|late_filing_count|outstanding_dues|income_growth_rate|deduction_claim_ratio|total_transaction_value|average_transaction_value|transaction_anomaly_count|transaction_anomaly_ratio|avg_anomaly_score|avg_location_risk_score|avg_device_risk_score|avg_transaction_frequency|std_transaction_amount|max_transaction_amount,61.99999953700252,339144.9797231898,0.37444992119150033,-0.9032395721977009,82685.97449758058,3.593553898895152e-09,0.1318141065106246,0.4179257473290352,12.000000425492043,-17893.588612222098,-629.2633388695298,0.09531094302045606,0.00794258701784948,0.1071175292479236,0.15628724243884146,0.2477859650487736,3.7767675595124928,-1096.1577058696637,-4870.2754894856225
TAXP02456,Medium,unconstrained,Low,SUCCESS,Low,True,False,False,immutable:age|immutable:previous_default_count|immutable:transaction_count|derived:transaction_anomaly_count|categorical:income_sources,0.0067805699072778225,0.9932193160057068,9.740740125607772e-08,0.8064017295837402,0.19359824061393738,8.884093460892473e-10,19,5.340953350067139,1.095259428024292,8,0.0012419169997883728,0.721417248249054,age|annual_income|tax_return_filed|late_filing_count|outstanding_dues|previous_default_count|income_growth_rate|deduction_claim_ratio|transaction_count|total_transaction_value|average_transaction_value|transaction_anomaly_count|transaction_anomaly_ratio|avg_anomaly_score|avg_location_risk_score|avg_device_risk_score|avg_transaction_frequency|std_transaction_amount|max_transaction_amount,42.65832432023246,532389.9978628968,1.0899228072418052,2.785551683902229,-6297.063897686474,-0.1445343301797989,0.17403753034065153,0.26699853687233693,11.539251416927206,13553.691280782175,496.6765013264812,2.695304889093224,0.1822470387821008,0.12964667120416054,0.18379430306299818,0.2328967234906476,3.6614555373778703,750.6282562317839,6325.362991234097
TAXP02456,Medium,constrained,Low,SUCCESS,Low,True,True,True,,0.0067805699072778225,0.9932193160057068,9.740740125607772e-08,0.7563951015472412,0.24360491335391998,9.779800080877976e-09,16,5.349735260009766,1.3771008253097534,13,0.003918000000339816,0.5834985375404358,annual_income|tax_return_filed|late_filing_count|outstanding_dues|income_growth_rate|deduction_claim_ratio|total_transaction_value|average_transaction_value|transaction_anomaly_count|transaction_anomaly_ratio|avg_anomaly_score|avg_location_risk_score|avg_device_risk_score|avg_transaction_frequency|std_transaction_amount|max_transaction_amount,40.00000008348515,426374.79020393675,1.1482073265052473,2.6502046350611934,-10550.4475565878,3.593553898895152e-09,0.17243006225378466,0.24674144941764573,14.999999990152467,16180.07077578941,486.1534432991517,2.5636926179045916,0.17091282570086663,0.1262397634836409,0.18260339591076136,0.2270113816759532,3.6001470141954126,479.54131004278725,7247.5825794217
TAXP04868,Medium,unconstrained,Low,SUCCESS,Low,True,False,False,immutable:age|immutable:previous_default_count|immutable:transaction_count|derived:transaction_anomaly_count|categorical:income_sources,5.46616647625342e-05,0.9939286708831787,0.0060166786424815655,0.6234875321388245,0.3765120208263397,4.135405333727249e-07,19,13.591802597045898,2.8027923107147217,20,0.003010500000527827,1.5803505182266235,age|annual_income|tax_return_filed|late_filing_count|outstanding_dues|previous_default_count|income_growth_rate|deduction_claim_ratio|transaction_count|total_transaction_value|average_transaction_value|transaction_anomaly_count|transaction_anomaly_ratio|avg_anomaly_score|avg_location_risk_score|avg_device_risk_score|avg_transaction_frequency|std_transaction_amount|max_transaction_amount,64.73884084004347,96123.98408293922,0.22651188189537452,0.45190521406000994,-16427.613768059615,0.6395362503650367,0.2653752120298414,0.19666180139594586,-6.538019769975936,14033.056421083307,-67.86581275920662,0.24572025112205953,0.28840552428093175,0.11527869166262335,0.24922169160330862,0.12424247657880001,3.3322666335145215,-705.084733044466,4577.009382967997
TAXP04868,Medium,constrained,Low,SUCCESS,Low,True,True,True,,5.46616647625342e-05,0.9939286708831787,0.0060166786424815655,0.7341523766517639,0.2658325433731079,1.5075086594151799e-05,16,13.972755432128906,3.7045233249664307,34,0.010124166999958106,0.8707597255706787,annual_income|tax_return_filed|late_filing_count|outstanding_dues|income_growth_rate|deduction_claim_ratio|total_transaction_value|average_transaction_value|transaction_anomaly_count|transaction_anomaly_ratio|avg_anomaly_score|avg_location_risk_score|avg_device_risk_score|avg_transaction_frequency|std_transaction_amount|max_transaction_amount,63.000000752601096,-199528.54452901531,0.3922796173676318,0.054413558955359265,-28734.935798109313,0.9999999972595282,0.2549454843249083,0.14044210852628025,2.99999984076587,23358.951714121144,-458.5916589223792,0.7685334451268055,0.25617781526359873,0.10612803758817912,0.23266999536775698,0.11815385540515837,3.1259064691928415,-1514.2591826038831,6971.778678529412
TAXP01429,Medium,unconstrained,Low,SUCCESS,Low,True,False,False,immutable:age|immutable:previous_default_count|immutable:transaction_count|derived:transaction_anomaly_count|categorical:income_sources,0.0030169072560966015,0.9969804883003235,2.665883130248403e-06,0.6260887980461121,0.3739112317562103,1.535889815329483e-08,19,6.149803161621094,1.2583553791046143,9,0.001389375000144355,1.283406376838684,age|annual_income|tax_return_filed|late_filing_count|outstanding_dues|previous_default_count|income_growth_rate|deduction_claim_ratio|transaction_count|total_transaction_value|average_transaction_value|transaction_anomaly_count|transaction_anomaly_ratio|avg_anomaly_score|avg_location_risk_score|avg_device_risk_score|avg_transaction_frequency|std_transaction_amount|max_transaction_amount,25.43539663138058,859618.6077215502,0.10204085073990365,1.7559896376636615,13274.86278445555,-0.16399014814683976,0.06186235581637277,0.2848135421793305,36.81872541127794,60297.96354749857,1128.016895384355,3.6594316452228455,0.07758573483096641,0.1111980803542783,0.21761978498688875,0.18107147710123775,3.915404214628967,1824.3017068921167,10914.063960207943
TAXP01429,Medium,constrained,Low,SUCCESS,Low,True,True,True,,0.0030169072560966015,0.9969804883003235,2.665883130248403e-06,0.7283869385719299,0.27161213755607605,9.814938266572426e-07,16,7.550914287567139,2.064887285232544,16,0.004767000000356347,0.7177723050117493,annual_income|tax_return_filed|late_filing_count|outstanding_dues|income_growth_rate|deduction_claim_ratio|total_transaction_value|average_transaction_value|transaction_anomaly_count|transaction_anomaly_ratio|avg_anomaly_score|avg_location_risk_score|avg_device_risk_score|avg_transaction_frequency|std_transaction_amount|max_transaction_amount,24.00000067176378,747219.9724375437,0.18228926516621302,1.5635809638147788,7441.378498764438,3.593553898895152e-09,0.04936606506651947,0.2534786512653046,40.99999999869927,64727.20853223104,950.7471963412196,2.5341164523238406,0.06180771930403138,0.10684383925316722,0.21016581275270432,0.17245696375781752,3.788570674606942,1486.4984317958292,11065.0194684769
TAXP03913,Medium,unconstrained,Low,SUCCESS,Low,True,False,False,immutable:age|immutable:previous_default_count|immutable:transaction_count|derived:transaction_anomaly_count|categorical:income_sources,0.017391221597790718,0.9826002717018127,8.465805876767263e-06,0.8465615510940552,0.15343837440013885,1.1244475928151587e-07,19,2.6386215686798096,0.5459477305412292,4,0.0006442499998229323,0.7589268684387207,age|annual_income|tax_return_filed|late_filing_count|outstanding_dues|previous_default_count|income_growth_rate|deduction_claim_ratio|transaction_count|total_transaction_value|average_transaction_value|transaction_anomaly_count|transaction_anomaly_ratio|avg_anomaly_score|avg_location_risk_score|avg_device_risk_score|avg_transaction_frequency|std_transaction_amount|max_transaction_amount,34.440569323417606,382894.207479738,1.044889305921146,0.8926869086373794,-3195.6816589341106,-0.071347903868831,0.03347358499437027,0.019009034548000264,7.095634083037025,5323.284762965397,286.4600608065637,1.8486550744099692,0.21340359394901026,0.16685624763926737,0.26903419722212224,0.22246453625520002,4.040955669276595,185.37742003639585,1962.3266777152357
TAXP03913,Medium,constrained,Low,SUCCESS,Low,True,True,True,,0.017391221597790718,0.9826002717018127,8.465805876767263e-06,0.7631397843360901,0.23685944080352783,7.681361466893577e-07,16,2.732356548309326,0.7106739282608032,7,0.002126457999111153,0.6026611328125,annual_income|tax_return_filed|late_filing_count|outstanding_dues|income_growth_rate|deduction_claim_ratio|total_transaction_value|average_transaction_value|transaction_anomaly_count|transaction_anomaly_ratio|avg_anomaly_score|avg_location_risk_score|avg_device_risk_score|avg_transaction_frequency|std_transaction_amount|max_transaction_amount,33.000000161947625,323569.3615993039,1.0786065259813715,0.8125355187125717,-5602.656826102138,3.593553898895152e-09,0.028847310526651695,0.006684428445555224,8.999999915459169,7154.927900617759,224.2420769550888,1.8613596745115,0.2068177456827308,0.16484736301902186,0.26673146613827553,0.2193623593258506,3.9974708828815357,37.15649564455748,2458.4830403610695
TAXP02377,Medium,unconstrained,Low,SUCCESS,Low,True,False,False,immutable:age|immutable:previous_default_count|immutable:transaction_count|derived:transaction_anomaly_count|categorical:income_sources,0.021598681807518005,0.978327214717865,7.407314842566848e-05,0.8291205167770386,0.17087896168231964,4.920407263853122e-07,19,3.530386447906494,0.710429310798645,5,0.0007774589994369308,0.6716254949569702,age|annual_income|tax_return_filed|late_filing_count|outstanding_dues|previous_default_count|income_growth_rate|deduction_claim_ratio|transaction_count|total_transaction_value|average_transaction_value|transaction_anomaly_count|transaction_anomaly_ratio|avg_anomaly_score|avg_location_risk_score|avg_device_risk_score|avg_transaction_frequency|std_transaction_amount|max_transaction_amount,27.143629562041898,837900.4125843578,1.0561631459756777,-0.13342199711413083,16498.422474815205,-0.08949874070481462,0.22073284059512663,0.33142130803805,8.978786702984973,6957.999962395253,239.25985520308808,1.811776027773508,0.17079969342490373,0.12560248577081642,0.2320405901562701,0.1856671558225884,3.6424106512951124,83.08085432909502,1600.4783440334404
TAXP02377,Medium,constrained,Low,SUCCESS,Low,True,True,True,,0.021598681807518005,0.978327214717865,7.407314842566848e-05,0.669988751411438,0.3300025165081024,8.822104064165615e-06,16,3.5072312355041504,0.883470356464386,8,0.002412957999695209,0.7361127138137817,annual_income|tax_return_filed|late_filing_count|outstanding_dues|income_growth_rate|deduction_claim_ratio|total_transaction_value|average_transaction_value|transaction_anomaly_count|transaction_anomaly_ratio|avg_anomaly_score|avg_location_risk_score|avg_device_risk_score|avg_transaction_frequency|std_transaction_amount|max_transaction_amount,29.000000642981544,776248.150488035,1.0901802316326432,-0.21432364030632844,14070.66944169714,3.593553898895152e-09,0.23077016585279428,0.31882459529276214,10.999999625232784,8839.821981046338,177.10455300531726,1.8064022195476759,0.1642183771117215,0.12339757833087188,0.22874415017214894,0.1822941077461486,3.5927488966170866,-77.14015305914381,2278.231030987653
TAXP04480,Medium,unconstrained,Low,SUCCESS,Low,True,False,False,immutable:age|immutable:previous_default_count|immutable:transaction_count|derived:transaction_anomaly_count|categorical:income_sources,0.0015688241692259908,0.9984310269355774,1.7538178553877515e-07,0.8862019777297974,0.11379801481962204,5.911020978244252e-11,19,6.536589622497559,1.3655266761779785,10,0.001525540999864461,0.6041525602340698,age|annual_income|tax_return_filed|late_filing_count|outstanding_dues|previous_default_count|income_growth_rate|deduction_claim_ratio|transaction_count|total_transaction_value|average_transaction_value|transaction_anomaly_count|transaction_anomaly_ratio|avg_anomaly_score|avg_location_risk_score|avg_device_risk_score|avg_transaction_frequency|std_transaction_amount|max_transaction_amount,23.21169692164252,664759.375734439,0.1132355642612154,2.731220980050696,-8062.555706399633,-0.17852605334482308,-0.05996197021874239,0.08231406100301303,21.36822251714078,22228.06246234133,505.6178406224359,3.620169224640839,0.13165830149161384,0.12660454422895634,0.2128810665486545,0.2183014755944548,3.404339386818977,136.6803516328165,4042.3386244768653
TAXP04480,Medium,constrained,Low,SUCCESS,Low,True,True,True,,0.0015688241692259908,0.9984310269355774,1.7538178553877515e-07,0.6311464905738831,0.36885347962379456,2.4131956877226912e-08,16,7.294915676116943,1.8657126426696777,16,0.004762000000482658,1.01153564453125,annual_income|tax_return_filed|late_filing_count|outstanding_dues|income_growth_rate|deduction_claim_ratio|total_transaction_value|average_transaction_value|transaction_anomaly_count|transaction_anomaly_ratio|avg_anomaly_score|avg_location_risk_score|avg_device_risk_score|avg_transaction_frequency|std_transaction_amount|max_transaction_amount,22.999999456165206,542385.689278096,0.18254418115860171,2.5692458553662254,-13020.05009555066,3.593553898895152e-09,-0.09788947013529056,0.056956544460122605,25.999999811966028,26261.43716605828,379.0516170578602,3.073683922589134,0.11821861488151439,0.12247777634829583,0.2063384728061215,0.21110061035088684,3.295194502713061,-190.62297979046912,5392.633858350989
TAXP00737,Medium,unconstrained,Low,SUCCESS,Low,True,False,False,immutable:age|immutable:previous_default_count|immutable:transaction_count|derived:transaction_anomaly_count|categorical:income_sources,0.020577915012836456,0.9794209003448486,1.1813156106654787e-06,0.6310723423957825,0.36892765760421753,3.298072215329739e-08,19,2.7902097702026367,0.5654355883598328,4,0.0006355410005198792,1.4414974451065063,age|annual_income|tax_return_filed|late_filing_count|outstanding_dues|previous_default_count|income_growth_rate|deduction_claim_ratio|transaction_count|total_transaction_value|average_transaction_value|transaction_anomaly_count|transaction_anomaly_ratio|avg_anomaly_score|avg_location_risk_score|avg_device_risk_score|avg_transaction_frequency|std_transaction_amount|max_transaction_amount,31.362692843944817,1058976.7286681072,1.044857883751288,1.8925707492061745,-3198.611469260024,-0.07170434956909422,0.0866489679373054,0.1593966171151689,3.370773026110797,5382.646550316551,530.4263333262616,0.8488614790716777,0.19120533381424593,0.10710511589118642,0.15881249818623958,0.16331628602553613,3.9397509817946363,554.1755108815956,2705.5859208537972
TAXP00737,Medium,constrained,Low,SUCCESS,Low,True,True,True,,0.020577915012836456,0.9794209003448486,1.1813156106654787e-06,0.674491286277771,0.32550856471061707,1.4399294911981997e-07,16,3.33444881439209,0.8539213538169861,8,0.0024065420002443716,0.7805423140525818,annual_income|tax_return_filed|late_filing_count|outstanding_dues|income_growth_rate|deduction_claim_ratio|total_transaction_value|average_transaction_value|transaction_anomaly_count|transaction_anomaly_ratio|avg_anomaly_score|avg_location_risk_score|avg_device_risk_score|avg_transaction_frequency|std_transaction_amount|max_transaction_amount,31.00000002079114,984189.4842415962,1.0901841957980494,1.785185854589383,-6427.128446265851,3.593553898895152e-09,0.06880585335688359,0.14322644511818824,4.999999550539485,7886.84948755186,467.6237001553266,0.9124871943980506,0.18249744453098948,0.10418288338223028,0.16019256963236855,0.1587068605004436,3.901058039732119,345.71179925219724,3493.006151016986
TAXP01903,Medium,unconstrained,Low,SUCCESS,Low,True,False,False,immutable:age|immutable:previous_default_count|immutable:transaction_count|derived:transaction_anomaly_count|categorical:income_sources,8.216327529453338e-08,0.9999986886978149,1.1899115861524479e-06,0.8352059125900269,0.16479401290416718,1.1422521186289086e-13,19,17.882944107055664,3.6389479637145996,26,0.0038187909995031077,0.9488036036491394,age|annual_income|tax_return_filed|late_filing_count|outstanding_dues|previous_default_count|income_growth_rate|deduction_claim_ratio|transaction_count|total_transaction_value|average_transaction_value|transaction_anomaly_count|transaction_anomaly_ratio|avg_anomaly_score|avg_location_risk_score|avg_device_risk_score|avg_transaction_frequency|std_transaction_amount|max_transaction_amount,32.78310125078231,520161.96158438147,1.2969554217255261,-0.7057269363635787,-21093.080205001417,-0.4616913784202845,0.1409720597030737,0.00972500876744331,-9.634522954644645,22660.95674159296,4334.236306414944,-0.019251718667902873,0.4425454539689336,0.22261672894098777,0.3560705360858088,0.1650863571643285,7.678469058410657,3477.3076206355554,12671.088868257038
TAXP01903,Medium,constrained,Low,SUCCESS,Low,True,True,True,,8.216327529453338e-08,0.9999986886978149,1.1899115861524479e-06,0.6896383166313171,0.31036168336868286,1.2691446782397975e-09,16,18.0362491607666,4.832091808319092,48,0.01423041700036265,1.047912359237671,annual_income|tax_return_filed|late_filing_count|outstanding_dues|income_growth_rate|deduction_claim_ratio|total_transaction_value|average_transaction_value|transaction_anomaly_count|transaction_anomaly_ratio|avg_anomaly_score|avg_location_risk_score|avg_device_risk_score|avg_transaction_frequency|std_transaction_amount|max_transaction_amount,26.000000049573377,196013.4653947018,1.5600405959705377,-1.2930675660727107,-39440.76244978088,3.593553898895152e-09,0.027829784246743663,1.787359704685798e-09,1.9999999858790645,38571.82848883204,4270.6494017491905,0.7884111259652846,0.39420555595761203,0.2086616256616724,0.33842894939428825,0.13960712156391458,7.2194732522570675,2249.790714733924,16757.004325872927
TAXP04090,Medium,unconstrained,Low,SUCCESS,Low,True,False,False,immutable:age|immutable:previous_default_count|immutable:transaction_count|derived:transaction_anomaly_count|categorical:income_sources,0.08641380816698074,0.9093983769416809,0.004187784623354673,0.781614363193512,0.21834945678710938,3.622959411586635e-05,19,2.7353384494781494,0.5618507862091064,4,0.0006410000005416805,0.6331308484077454,age|annual_income|tax_return_filed|late_filing_count|outstanding_dues|previous_default_count|income_growth_rate|deduction_claim_ratio|transaction_count|total_transaction_value|average_transaction_value|transaction_anomaly_count|transaction_anomaly_ratio|avg_anomaly_score|avg_location_risk_score|avg_device_risk_score|avg_transaction_frequency|std_transaction_amount|max_transaction_amount,22.530119753179967,1192304.7512698087,1.044122587059484,0.8921072357692212,61126.1417751017,-0.07209543824455678,0.020227438035218134,0.13588841113943068,15.097775608796344,8114.73863458057,489.27514950636333,0.8493966802993129,0.05002206463428617,0.12307092673638124,0.24595364319294608,0.16138614716991673,4.1887613956629,377.23664634780334,1049.689500654602
TAXP04090,Medium,constrained,Low,SUCCESS,Low,True,True,True,,0.08641380816698074,0.9093983769416809,0.004187784623354673,0.6108386516571045,0.38898083567619324,0.00018053573148790747,16,2.452237129211426,0.643038809299469,6,0.0018124590005754726,0.734251081943512,annual_income|tax_return_filed|late_filing_count|outstanding_dues|income_growth_rate|deduction_claim_ratio|total_transaction_value|average_transaction_value|transaction_anomaly_count|transaction_anomaly_ratio|avg_anomaly_score|avg_location_risk_score|avg_device_risk_score|avg_transaction_frequency|std_transaction_amount|max_transaction_amount,24.00000067176378,1217043.8325369705,1.0664066837636605,0.8379473635620951,59533.39063170981,3.593553898895152e-09,0.011525163029919863,0.12722321612734677,16.999999936269194,8527.49770877418,459.13137754330535,0.7752466725957239,0.04560274771975043,0.12159196206011244,0.24342848545945456,0.1591090810973012,4.2244314129337,325.4571330911908,622.3874913143754
TAXP00525,Medium,unconstrained,Low,SUCCESS,Low,True,False,False,immutable:age|immutable:previous_default_count|immutable:transaction_count|derived:transaction_anomaly_count|categorical:income_sources,0.02253643050789833,0.9772328734397888,0.0002306097885593772,0.6248201131820679,0.37517407536506653,5.786821475339821e-06,19,3.7430572509765625,0.7957406044006348,6,0.0009480839999014279,1.2641665935516357,age|annual_income|tax_return_filed|late_filing_count|outstanding_dues|previous_default_count|income_growth_rate|deduction_claim_ratio|transaction_count|total_transaction_value|average_transaction_value|transaction_anomaly_count|transaction_anomaly_ratio|avg_anomaly_score|avg_location_risk_score|avg_device_risk_score|avg_transaction_frequency|std_transaction_amount|max_transaction_amount,62.27446854369143,1665855.3319447376,1.0679848471271884,0.8382120419793003,30186.045943389727,-0.10507325306911025,0.05956517621219221,0.4120761480512316,28.42176656988881,58924.81909728599,1852.5595800752108,2.773208489425243,0.08349847629750665,0.1356010202720025,0.22861784652443615,0.1957594393814646,3.4330096262792065,4285.256127702931,22055.01684975341
TAXP00525,Medium,constrained,Low,SUCCESS,Low,True,True,True,,0.02253643050789833,0.9772328734397888,0.0002306097885593772,0.7424851059913635,0.2574513256549835,6.35877440799959e-05,16,4.4375176429748535,1.2283577919006348,11,0.003300041998954839,0.6295991539955139,annual_income|tax_return_filed|late_filing_count|outstanding_dues|income_growth_rate|deduction_claim_ratio|total_transaction_value|average_transaction_value|transaction_anomaly_count|transaction_anomaly_ratio|avg_anomaly_score|avg_location_risk_score|avg_device_risk_score|avg_transaction_frequency|std_transaction_amount|max_transaction_amount,60.99999984809772,1566165.051105517,1.1254449543646394,0.7027698767398474,26106.268809857276,3.593553898895152e-09,0.03644045645750301,0.3904574306224324,30.99999955908629,55925.407317343925,1784.2990654305727,2.244469441937225,0.07240223896614396,0.1341236149741173,0.2294920904745709,0.1897708169612203,3.3769253326885202,4007.527335807198,22469.98459138097
TAXP03071,Medium,unconstrained,Low,SUCCESS,Low,True,False,False,immutable:age|immutable:previous_default_count|immutable:transaction_count|bound:transaction_anomaly_ratio|derived:transaction_anomaly_count|categorical:income_sources,2.6779646304930793e-06,0.9535256028175354,0.04647163301706314,0.6037548184394836,0.39624518156051636,1.0554112271632388e-11,19,19.822038650512695,4.117431163787842,30,0.004496541001572041,1.386856198310852,age|annual_income|tax_return_filed|late_filing_count|outstanding_dues|previous_default_count|income_growth_rate|deduction_claim_ratio|transaction_count|total_transaction_value|average_transaction_value|transaction_anomaly_count|transaction_anomaly_ratio|avg_anomaly_score|avg_location_risk_score|avg_device_risk_score|avg_transaction_frequency|std_transaction_amount|max_transaction_amount,49.48570632017252,1830877.6544940968,0.33474757284608725,0.2039297100977454,205339.17338377645,-0.5772364346473942,-0.05112149099722926,0.3484491792208657,-9.937450540523322,12392.03057836965,172.37247567247584,-1.1569425841554597,-0.06835471488654085,0.12505012773745716,0.23854040719311836,0.2518407610927613,5.826441868301387,-155.41127879934652,9904.211914045987
TAXP03071,Medium,constrained,Low,SUCCESS,Low,True,True,True,,2.6779646304930793e-06,0.9535256028175354,0.04647163301706314,0.612659215927124,0.38734087347984314,1.2194287801747805e-09,14,24.60423469543457,7.703912258148193,95,0.027799625000625383,1.3933274745941162,annual_income|tax_return_filed|late_filing_count|outstanding_dues|income_growth_rate|deduction_claim_ratio|total_transaction_value|average_transaction_value|avg_anomaly_score|avg_location_risk_score|avg_device_risk_score|avg_transaction_frequency|std_transaction_amount|max_transaction_amount,60.00000015919292,2974721.6912814546,1.0556470653911922,-1.582673310181919,151548.2046813529,3.593553898895152e-09,0.015680280266837765,0.3798960492930643,4.999999550539485,-23876.451015390223,-1166.9660373142679,-5.493834942527087e-09,1.729087324708889e-09,0.07270627861312073,0.16338027718912096,0.19787777544232854,6.388199429106606,-366.6868490181778,12740.090137458565
TAXP03254,Medium,unconstrained,Low,SUCCESS,Low,True,False,False,immutable:age|immutable:previous_default_count|immutable:transaction_count|derived:transaction_anomaly_count|categorical:income_sources,0.00015093942056410015,0.9998490810394287,1.2303927876544662e-09,0.7727015614509583,0.22729845345020294,2.6746265792410018e-12,19,9.96006965637207,2.067563056945801,15,0.0021954170006210916,0.880111813545227,age|annual_income|tax_return_filed|late_filing_count|outstanding_dues|previous_default_count|income_growth_rate|deduction_claim_ratio|transaction_count|total_transaction_value|average_transaction_value|transaction_anomaly_count|transaction_anomaly_ratio|avg_anomaly_score|avg_location_risk_score|avg_device_risk_score|avg_transaction_frequency|std_transaction_amount|max_transaction_amount,30.442440767671563,993958.8169699605,1.1729856447279936,0.5874947178450233,-12283.168306905836,0.7309932381982988,0.24479842238615543,0.2811742913777084,15.46393395851166,20440.99955022622,150.41655527479543,5.445295258207395,0.2390276950540774,0.14125551423858482,0.23016467463063184,0.24227030085781615,3.562145541857634,-302.47527412283716,5155.969363759107
TAXP03254,Medium,constrained,Low,SUCCESS,Low,True,True,True,,0.00015093942056410015,0.9998490810394287,1.2303927876544662e-09,0.6152781844139099,0.3847218155860901,1.984844510971584e-10,16,9.955549240112305,2.580106496810913,22,0.0063517079997836845,1.0366038084030151,annual_income|tax_return_filed|late_filing_count|outstanding_dues|income_growth_rate|deduction_claim_ratio|total_transaction_value|average_transaction_value|transaction_anomaly_count|transaction_anomaly_ratio|avg_anomaly_score|avg_location_risk_score|avg_device_risk_score|avg_transaction_frequency|std_transaction_amount|max_transaction_amount,26.999999738478174,845457.2674375562,1.258972356552817,0.39124149702552097,-18438.467478394377,0.9999999972595282,0.24538525933648925,0.25467712220344707,22.00000003790413,24183.241644047666,-24.61392161613651,4.903742218210473,0.2228973782476999,0.13622298612250672,0.22147316099120246,0.2333778286500088,3.4193930570102617,-715.2376495765029,6756.69150774997
TAXP04372,Medium,unconstrained,Low,SUCCESS,Low,True,False,False,immutable:age|immutable:previous_default_count|immutable:transaction_count|derived:transaction_anomaly_count|categorical:income_sources,3.5238779667705333e-14,1.0,1.0793354925098253e-11,0.9152427315711975,0.08475730568170547,1.83400684035603e-21,19,45.35479736328125,9.667937278747559,72,0.010107083999173483,1.9829829931259155,age|annual_income|tax_return_filed|late_filing_count|outstanding_dues|previous_default_count|income_growth_rate|deduction_claim_ratio|transaction_count|total_transaction_value|average_transaction_value|transaction_anomaly_count|transaction_anomaly_ratio|avg_anomaly_score|avg_location_risk_score|avg_device_risk_score|avg_transaction_frequency|std_transaction_amount|max_transaction_amount,56.18873281460883,-1211420.1926788087,1.8365626784005413,-1.9424317455025646,-62429.885893917526,-1.239093383686261,-0.05352527861561979,0.03218933050517689,-21.39109536960321,44131.90084081519,-24.938810218449703,-1.6205746170724125,0.839909205341956,0.24486983963238113,0.2713333285224907,0.4047766681680758,3.000856366356596,-1261.1715872163966,15584.894133815409
TAXP04372,Medium,constrained,Low,SUCCESS,Low,True,True,True,,3.5238779667705333e-14,1.0,1.0793354925098253e-11,0.6469866037368774,0.35301336646080017,7.172178424284087e-16,16,45.49000930786133,12.083931922912598,114,0.032541292001042166,2.7722697257995605,annual_income|tax_return_filed|late_filing_count|outstanding_dues|income_growth_rate|deduction_claim_ratio|total_transaction_value|average_transaction_value|transaction_anomaly_count|transaction_anomaly_ratio|avg_anomaly_score|avg_location_risk_score|avg_device_risk_score|avg_transaction_frequency|std_transaction_amount|max_transaction_amount,35.0000003031041,-2157809.0443607448,2.353050160948783,-3.183864734243188,-103263.59835033894,3.593553898895152e-09,-0.5874028228334274,1.787359704685798e-09,1.0000001309922553,60495.236270954774,-615.6208271055431,0.740921953677235,0.7409219526893522,0.21890490327865614,0.23321410556817362,0.34444949468723807,2.562812170690959,-5220.757042535093,23223.654400665437
TAXP04309,Medium,unconstrained,Low,SUCCESS,Low,True,False,False,immutable:age|immutable:previous_default_count|immutable:transaction_count|derived:transaction_anomaly_count|categorical:income_sources,0.7715346813201904,0.2284652292728424,8.615930369160196e-08,0.899383544921875,0.1006164401769638,2.2721080128462745e-08,19,0.7499996423721313,0.1499999314546585,1,0.00017458399997849483,0.25937366485595703,age|annual_income|tax_return_filed|late_filing_count|outstanding_dues|previous_default_count|income_growth_rate|deduction_claim_ratio|transaction_count|total_transaction_value|average_transaction_value|transaction_anomaly_count|transaction_anomaly_ratio|avg_anomaly_score|avg_location_risk_score|avg_device_risk_score|avg_transaction_frequency|std_transaction_amount|max_transaction_amount,38.38420521661499,807749.4020530828,0.011272437182258233,0.9730227476950883,17001.8281146897,0.9819312265803379,0.42079364863934876,0.44365019797942973,18.52417856445885,31221.51753803,1652.3092318528782,0.9622366225908544,0.050425576655007326,0.12731359152429797,0.22840286129424447,0.2194462108249812,3.8242996645591667,5045.9881054651605,22265.080370570657
TAXP04309,Medium,constrained,Low,SUCCESS,Low,True,True,True,,0.7715346813201904,0.2284652292728424,8.615930369160196e-08,0.8537707328796387,0.14622929692268372,4.9961659698283256e-08,16,0.4832971692085266,0.12086647748947144,1,0.0003142079985991586,0.25937366485595703,annual_income|tax_return_filed|late_filing_count|outstanding_dues|income_growth_rate|deduction_claim_ratio|total_transaction_value|average_transaction_value|transaction_anomaly_count|transaction_anomaly_ratio|avg_anomaly_score|avg_location_risk_score|avg_device_risk_score|avg_transaction_frequency|std_transaction_amount|max_transaction_amount,38.000000133165386,807749.4020530828,0.011272437182258233,0.9730227476950883,17001.827321777568,0.9999999972595282,0.42079364863934876,0.44365019797942973,19.00000000055748,31221.51753803,1652.3092318528782,0.95808588225301,0.05042557538806565,0.12731359152429797,0.22840286129424447,0.2194462108249812,3.8242996645591667,5045.9881054651605,22265.080370570657
