profile_id,age,annual_income,income_sources,tax_return_filed,late_filing_count,outstanding_dues,previous_default_count,income_growth_rate,deduction_claim_ratio,tax_compliance_score,compliance_risk,transaction_count,total_transaction_value,average_transaction_value,transaction_anomaly_count,transaction_anomaly_ratio,financial_risk_score,overall_risk_score,overall_risk
TAXP00001,44,809500,Salary,1,2,0,0,-0.085,0.101,0.97,Low,23.0,12387.97,538.61,1.0,0.043478260869565216,0.3702781151397546,0.183,Low
TAXP00002,31,307400,Business,1,2,0,0,0.12,0.159,0.827,Low,29.0,5574.46,192.22,2.0,0.06896551724137931,0.455614511720649,0.3,Low
TAXP00003,35,1115800,Business,1,0,26800,0,0.144,0.075,0.805,Low,27.0,44346.06,1642.45,0.0,0.0,0.2666699940269237,0.227,Low
TAXP00004,25,1279400,Business,1,0,0,2,0.059,0.225,0.842,Low,29.0,40547.7,1398.2,1.0,0.034482758620689655,0.3848123933297218,0.26,Low
TAXP00005,23,159500,Salary,0,1,0,0,0.248,0.127,0.837,Low,37.0,7089.43,191.61,2.0,0.05405405405405406,0.43770983334928715,0.287,Low
TAXP00006,26,254500,Business,1,2,0,2,-0.007,0.06,0.813,Low,11.0,3948.84,358.99,0.0,0.0,0.17095139154261707,0.18,Low
TAXP00007,37,712700,Salary,1,0,0,0,0.109,0.128,0.98,Low,29.0,11381.14,392.45,0.0,0.0,0.24347002626463055,0.121,Low
TAXP00008,28,517600,Salary+Investments,1,1,65600,0,0.041,0.411,0.512,Medium,35.0,9507.9,271.65,0.0,0.0,0.2590354126106533,0.385,Low
TAXP00009,31,642200,Multiple,0,1,260700,0,0.472,0.501,0.02,High,70.0,56656.49,809.38,3.0,0.04285714285714286,0.4868628387086001,0.758,High
TAXP00010,34,351700,Salary,1,1,27100,0,-0.006,0.49,0.771,Low,23.0,5193.48,225.8,0.0,0.0,0.20797846165827272,0.22,Low
TAXP00011,34,1224300,Salary,1,1,0,0,0.219,0.453,0.874,Low,40.0,48517.64,1212.94,2.0,0.05,0.4760724901367068,0.284,Low
TAXP00012,21,1137900,Salary,1,0,0,0,0.387,0.243,0.98,Low,16.0,12740.94,796.31,1.0,0.0625,0.4140762985363643,0.197,Low
TAXP00013,26,681600,Business,0,0,7300,0,-0.047,0.204,0.868,Low,16.0,16743.45,1046.47,1.0,0.0625,0.4200019558518443,0.262,Low
TAXP00014,63,1463500,Salary+Investments,1,1,8300,1,0.115,0.494,0.807,Low,46.0,78156.59,1699.06,2.0,0.043478260869565216,0.48539344268900386,0.325,Low
TAXP00015,51,910100,Business,1,0,0,0,-0.058,0.355,0.98,Low,6.0,2872.82,478.8,0.0,0.0,0.15758245836891102,0.082,Low
TAXP00016,26,350100,Salary,1,0,0,0,-0.222,0.135,0.98,Low,54.0,22676.84,419.94,4.0,0.07407407407407407,0.5756554167367893,0.27,Low
TAXP00017,33,847700,Salary,1,0,36900,1,-0.026,0.595,0.697,Medium,50.0,24997.05,499.94,2.0,0.04,0.46306764304277404,0.375,Low
TAXP00018,38,325900,Salary,0,0,19400,0,0.009,0.135,0.775,Low,5.0,655.23,131.05,1.0,0.2,0.7856440135302668,0.477,Medium
TAXP00019,61,1223500,Salary+Investments,1,1,0,0,0.018,0.498,0.938,Low,6.0,4515.88,752.65,0.0,0.0,0.16738767594314344,0.109,Low
TAXP00020,60,627000,Professional,1,1,0,0,0.052,0.395,0.925,Low,10.0,4167.58,416.76,1.0,0.1,0.5002618112156656,0.266,Low
TAXP00021,55,569000,Business,0,1,51500,1,0.101,0.404,0.458,Medium,2.0,383.39,191.7,0.0,0.0,0.12208656031686214,0.353,Low
TAXP00022,25,398100,Salary,1,2,0,0,-0.091,0.155,0.894,Low,38.0,13533.03,356.13,3.0,0.07894736842105263,0.5371872734616616,0.3,Low
TAXP00023,43,1567400,Multiple,1,1,0,0,0.156,0.203,0.919,Low,6.0,8991.34,1498.56,1.0,0.16666666666666666,0.7323274179320294,0.374,Low
TAXP00024,42,581600,Salary,1,1,0,0,0.294,0.17,0.925,Low,15.0,9145.56,609.7,0.0,0.0,0.19811494665312984,0.13,Low
TAXP00025,49,477500,Salary+Investments,1,0,0,1,0.313,0.298,0.841,Low,56.0,20735.52,370.28,0.0,0.0,0.3284847990668048,0.235,Low
TAXP00026,59,504400,Salary+Investments,0,0,27800,1,0.058,0.195,0.617,Medium,23.0,11529.1,501.27,0.0,0.0,0.22524261631533127,0.312,Low
TAXP00027,35,953600,Business,1,0,17500,0,0.243,0.099,0.881,Low,25.0,29308.21,1172.33,0.0,0.0,0.25151006152104505,0.179,Low
TAXP00028,46,845600,Salary+Investments,0,1,0,1,-0.009,0.154,0.796,Low,14.0,5997.58,428.4,1.0,0.07142857142857142,0.42225916191773466,0.302,Low
TAXP00029,32,874900,Salary,0,1,0,1,0.045,0.226,0.778,Low,6.0,1650.28,275.05,1.0,0.16666666666666666,0.695578431119409,0.435,Medium
TAXP00030,30,886400,Professional,1,1,21000,0,0.164,0.15,0.865,Low,17.0,14134.23,831.43,0.0,0.0,0.21268380325015102,0.17,Low
TAXP00031,35,3038000,Salary,0,1,0,1,0.046,0.445,0.764,Low,43.0,90290.87,2099.79,5.0,0.11627906976744186,0.7184673449592422,0.453,Medium
TAXP00032,54,485100,Business,1,0,0,0,-0.102,0.463,0.924,Low,27.0,9051.91,335.26,0.0,0.0,0.23221574054808325,0.146,Low
TAXP00033,40,449500,Salary,1,0,0,0,0.233,0.232,0.98,Low,13.0,3478.92,267.61,1.0,0.07692307692307693,0.4262824871652569,0.203,Low
TAXP00034,51,361800,Salary,1,1,0,0,-0.033,0.271,0.93,Low,17.0,1782.83,104.87,0.0,0.0,0.16790570698634028,0.114,Low
TAXP00035,52,1012800,Salary,1,2,35600,0,0.017,0.369,0.644,Medium,39.0,62864.62,1611.91,1.0,0.02564102564102564,0.39793697338561185,0.375,Low
TAXP00036,37,1465300,Salary,1,0,0,0,0.269,0.509,0.914,Low,28.0,34192.61,1221.16,2.0,0.07142857142857142,0.4998745589840951,0.272,Low
TAXP00037,63,598800,Business,1,0,20500,1,0.186,0.293,0.801,Low,3.0,557.9,185.97,0.0,0.0,0.12535281648595967,0.166,Low
TAXP00038,23,355000,Business,1,0,0,0,0.128,0.187,0.978,Low,13.0,4277.05,329.0,0.0,0.0,0.1769062328573961,0.092,Low
TAXP00039,61,359000,Salary,1,1,0,0,-0.135,0.172,0.935,Low,15.0,3201.53,213.44,1.0,0.06666666666666667,0.3953882455297725,0.214,Low
TAXP00040,21,1038400,Multiple,1,0,26300,0,-0.086,0.569,0.77,Low,5.0,1423.49,284.7,0.0,0.0,0.14240309648712218,0.191,Low
TAXP00041,38,1110000,Multiple,1,0,0,0,0.164,0.163,0.963,Low,2.0,389.21,194.6,0.0,0.0,0.122412035337463,0.075,Low
TAXP00042,58,961100,Salary,1,1,244100,0,0.201,0.156,0.02,High,3.0,4550.84,1516.95,0.0,0.0,0.17082739336352826,0.616,Medium
TAXP00043,51,402500,Salary,1,2,0,0,0.14,0.488,0.894,Low,48.0,15735.81,327.83,5.0,0.10416666666666667,0.6578337151583693,0.354,Low
TAXP00044,35,768300,Professional,0,1,453200,2,0.024,0.229,0.02,High,10.0,9172.4,917.24,0.0,0.0,0.187363367965856,0.623,Medium
TAXP00045,60,707000,Salary+Business,1,2,0,0,0.019,0.347,0.859,Low,17.0,12958.7,762.28,1.0,0.058823529411764705,0.40491828226572557,0.26,Low
TAXP00046,27,760800,Salary,0,1,0,1,0.135,0.344,0.796,Low,5.0,1419.31,283.86,0.0,0.0,0.1423394624904631,0.176,Low
TAXP00047,51,1217300,Salary+Business,0,2,0,0,-0.1,0.097,0.776,Low,31.0,31117.48,1003.79,2.0,0.06451612903225806,0.4845754811170386,0.341,Low
TAXP00048,44,763500,Salary,1,0,0,0,0.115,0.205,0.961,Low,13.0,8373.68,644.13,2.0,0.15384615384615385,0.699154913838403,0.336,Low
TAXP00049,30,1059800,Salary,1,1,0,0,-0.122,0.124,0.943,Low,25.0,21598.15,863.93,1.0,0.04,0.3768880357536042,0.201,Low
TAXP00050,62,682400,Salary+Business,1,0,0,0,-0.068,0.141,0.918,Low,3.0,1978.39,659.46,0.0,0.0,0.15275701902233113,0.114,Low
TAXP00051,55,800400,Professional,1,0,0,0,0.129,0.152,0.924,Low,48.0,30451.07,634.4,1.0,0.020833333333333332,0.397137440351018,0.221,Low
TAXP00052,21,1024000,Salary+Investments,1,0,0,0,0.193,0.099,0.98,Low,40.0,18401.18,460.03,1.0,0.025,0.3725490651934025,0.179,Low
TAXP00053,24,227700,Salary,1,1,0,1,0.155,0.542,0.849,Low,4.0,700.03,175.01,0.0,0.0,0.12796273570254468,0.141,Low
TAXP00054,23,516400,Salary,1,1,0,0,-0.078,0.266,0.888,Low,15.0,13099.63,873.31,1.0,0.06666666666666667,0.42590664082736196,0.253,Low
TAXP00055,39,463300,Salary,1,0,0,0,-0.199,0.43,0.948,Low,22.0,7013.97,318.82,1.0,0.045454545454545456,0.3615194659291005,0.191,Low
TAXP00056,39,410300,Salary,1,0,11100,0,0.099,0.243,0.887,Low,4.0,1634.04,408.51,0.0,0.0,0.14629938663370345,0.128,Low
TAXP00057,53,533200,Salary,1,1,0,1,-0.204,0.477,0.866,Low,47.0,26033.19,553.9,2.0,0.0425531914893617,0.46194978287952937,0.282,Low
TAXP00058,51,1907100,Business,1,0,0,0,0.251,0.052,0.98,Low,21.0,19480.77,927.66,2.0,0.09523809523809523,0.5450312633414314,0.256,Low
TAXP00059,21,348500,Business,1,0,0,0,-0.073,0.063,0.965,Low,10.0,3371.83,337.18,0.0,0.0,0.16567316505632806,0.094,Low
TAXP00060,42,1305200,Professional,1,0,0,0,0.457,0.257,0.959,Low,37.0,30186.45,815.85,3.0,0.08108108108108109,0.5582725959804044,0.274,Low
TAXP00061,56,193500,Salary,1,0,0,0,-0.054,0.255,0.881,Low,12.0,2218.77,184.9,1.0,0.08333333333333333,0.43552240244175144,0.261,Low
TAXP00062,61,510700,Salary,1,0,141200,1,0.174,0.387,0.139,High,48.0,23123.7,481.74,2.0,0.041666666666666664,0.45992101055360446,0.681,High
TAXP00063,34,730800,Professional,1,1,0,0,-0.018,0.245,0.965,Low,29.0,10187.66,351.3,3.0,0.10344827586206896,0.5824502370729271,0.281,Low
TAXP00064,22,991300,Salary,1,0,21200,0,0.073,0.262,0.836,Low,18.0,10496.02,583.11,0.0,0.0,0.20891292983263515,0.184,Low
TAXP00065,27,1084700,Salary+Investments,0,2,23300,1,0.129,0.252,0.586,Medium,10.0,7001.71,700.17,2.0,0.2,0.841506759964739,0.606,Medium
TAXP00066,36,1150800,Salary,1,2,12100,1,0.238,0.257,0.736,Low,15.0,14065.04,937.67,0.0,0.0,0.20744903179492916,0.239,Low
TAXP00067,40,505700,Business,1,0,0,1,0.263,0.068,0.953,Low,29.0,12154.42,419.12,1.0,0.034482758620689655,0.3586870406152977,0.187,Low
TAXP00068,36,466000,Salary+Investments,1,3,0,1,0.216,0.38,0.748,Low,13.0,4841.14,372.4,2.0,0.15384615384615385,0.6872810354176121,0.448,Medium
TAXP00069,25,1205600,Business,0,1,13200,0,0.266,0.414,0.671,Medium,6.0,1502.56,250.43,0.0,0.0,0.14354987440066377,0.246,Low
TAXP00070,36,566400,Professional,1,2,26000,0,0.001,0.159,0.728,Low,3.0,1090.15,363.38,0.0,0.0,0.13984251985574286,0.213,Low
TAXP00071,34,259400,Professional,1,0,0,0,0.204,0.293,0.92,Low,11.0,3262.77,296.62,0.0,0.0,0.16681992144608226,0.119,Low
TAXP00072,42,287400,Salary,1,2,0,1,0.045,0.137,0.731,Low,5.0,1311.03,262.21,0.0,0.0,0.14062252728372177,0.211,Low
TAXP00073,24,335300,Professional,0,1,0,1,0.258,0.229,0.761,Low,2.0,124.3,62.15,0.0,0.0,0.09786172681070694,0.175,Low
TAXP00074,56,929800,Salary+Investments,0,0,0,0,0.118,0.327,0.777,Low,19.0,8941.83,470.62,0.0,0.0,0.2081894196720141,0.216,Low
TAXP00075,39,720200,Multiple,1,0,8900,1,0.199,0.377,0.844,Low,1.0,168.38,168.38,0.0,0.0,0.11536457825629486,0.138,Low
TAXP00076,35,1068600,Business,1,1,8400,0,0.147,0.556,0.859,Low,14.0,12211.21,872.23,1.0,0.07142857142857142,0.43767253338410295,0.275,Low
TAXP00077,61,477900,Salary,0,1,0,1,0.222,0.287,0.742,Low,17.0,5664.02,333.18,0.0,0.0,0.1928654268940162,0.229,Low
TAXP00078,54,728600,Salary+Business,1,2,0,0,-0.029,0.182,0.855,Low,8.0,5827.65,728.46,0.0,0.0,0.1745223871661671,0.158,Low
TAXP00079,27,1019800,Business,1,0,0,0,-0.152,0.239,0.98,Low,15.0,16411.16,1094.08,0.0,0.0,0.210795636897517,0.106,Low
TAXP00080,27,520200,Salary,1,0,6400,0,0.258,0.268,0.98,Low,25.0,18557.49,742.3,1.0,0.04,0.3735972859485095,0.179,Low
TAXP00081,21,903100,Salary,0,0,42400,0,0.315,0.203,0.593,Medium,36.0,36160.38,1004.46,1.0,0.027777777777777776,0.3829611387720181,0.396,Low
TAXP00082,46,403600,Salary,0,2,0,0,0.081,0.245,0.749,Low,18.0,7128.13,396.01,1.0,0.05555555555555555,0.3838613761324587,0.311,Low
TAXP00083,36,500500,Business,1,1,0,1,0.23,0.061,0.902,Low,16.0,3837.14,239.82,0.0,0.0,0.18182973491916773,0.136,Low
TAXP00084,37,493800,Salary,1,0,9600,0,-0.161,0.094,0.976,Low,5.0,942.49,188.5,0.0,0.0,0.1334879757575721,0.073,Low
TAXP00085,43,274800,Salary,1,0,0,0,0.001,0.219,0.964,Low,12.0,2344.55,195.38,2.0,0.16666666666666666,0.7117134945806576,0.34,Low
TAXP00086,45,923000,Salary,1,0,67100,0,0.113,0.149,0.587,Medium,10.0,3486.56,348.66,0.0,0.0,0.16639762505688763,0.302,Low
TAXP00087,21,463600,Multiple,1,1,0,0,-0.178,0.447,0.929,Low,24.0,13161.38,548.39,0.0,0.0,0.23111159851187615,0.143,Low
TAXP00088,25,655900,Salary,1,1,0,2,-0.145,0.273,0.807,Low,3.0,4032.01,1344.0,0.0,0.0,0.16820073803719682,0.182,Low
TAXP00089,56,918800,Salary,1,1,0,0,0.125,0.344,0.834,Low,52.0,27113.75,521.42,2.0,0.038461538461538464,0.46282387668323194,0.3,Low
TAXP00090,63,896500,Business,1,1,0,0,0.003,0.194,0.901,Low,12.0,16090.9,1340.91,2.0,0.16666666666666666,0.7534448301897392,0.394,Low
TAXP00091,58,1049500,Salary,1,0,5700,0,0.045,0.27,0.941,Low,17.0,14406.63,847.45,1.0,0.058823529411764705,0.40721546912789364,0.216,Low
TAXP00092,61,605500,Multiple,1,0,9200,0,0.035,0.381,0.916,Low,1.0,1004.64,1004.64,0.0,0.0,0.15404356520246304,0.116,Low
TAXP00093,41,479200,Salary+Investments,1,1,0,1,-0.105,0.331,0.88,Low,12.0,3176.17,264.68,1.0,0.08333333333333333,0.44327672948133423,0.265,Low
TAXP00094,58,613700,Salary,1,0,0,0,0.065,0.01,0.98,Low,21.0,11598.95,552.33,3.0,0.14285714285714285,0.6909306417083857,0.322,Low
TAXP00095,60,192900,Business,1,1,14000,1,0.098,0.098,0.83,Low,29.0,10591.57,365.23,2.0,0.06896551724137931,0.4694990771416339,0.305,Low
TAXP00096,61,229300,Salary,1,1,24600,0,0.007,0.418,0.793,Low,24.0,5892.47,245.52,1.0,0.041666666666666664,0.3512101144334464,0.272,Low
TAXP00097,27,250800,Salary,1,0,0,1,0.02,0.462,0.906,Low,35.0,16827.69,480.79,2.0,0.05714285714285714,0.4599691546058723,0.259,Low
TAXP00098,27,317000,Salary,1,2,18000,0,0.067,0.175,0.848,Low,52.0,17106.42,328.97,4.0,0.07692307692307693,0.5797697419983416,0.344,Low
TAXP00099,39,866800,Salary,1,0,0,0,0.231,0.43,0.948,Low,4.0,2490.41,622.6,0.0,0.0,0.1554315455087735,0.099,Low
TAXP00100,43,338700,Salary,1,1,50400,0,0.085,0.167,0.576,Medium,51.0,15511.69,304.15,1.0,0.0196078431372549,0.38893149897944745,0.408,Medium
TAXP00101,64,495100,Business,1,1,0,0,-0.208,0.169,0.971,Low,12.0,3286.0,273.83,1.0,0.08333333333333333,0.4440121878656388,0.216,Low
TAXP00102,35,1656400,Salary,1,0,0,1,-0.091,0.038,0.886,Low,17.0,12692.53,746.62,2.0,0.11764705882352941,0.5985858644431213,0.332,Low
TAXP00103,58,502900,Salary,0,2,5300,0,0.249,0.543,0.652,Medium,3.0,578.26,192.75,0.0,0.0,0.12612706569132087,0.248,Low
TAXP00104,60,1105400,Business,1,1,22600,3,-0.01,0.156,0.646,Medium,26.0,36368.42,1398.79,0.0,0.0,0.2592637204159367,0.311,Low
TAXP00105,64,331900,Business,1,2,14800,2,0.086,0.102,0.732,Low,16.0,5653.2,353.32,2.0,0.125,0.6027150771105707,0.419,Medium
TAXP00106,29,560600,Salary,1,0,0,0,0.408,0.132,0.928,Low,14.0,5968.54,426.32,1.0,0.07142857142857142,0.42215401101508976,0.23,Low
TAXP00107,31,328000,Salary,0,1,17900,0,0.201,0.108,0.651,Medium,19.0,7504.53,394.98,0.0,0.0,0.20439309391210714,0.284,Low
TAXP00108,30,509200,Salary,1,3,11500,0,-0.244,0.155,0.73,Low,35.0,19598.89,559.97,2.0,0.05714285714285714,0.463273126605802,0.357,Low
TAXP00109,54,1190300,Salary,1,2,0,0,0.331,0.415,0.834,Low,38.0,33793.25,889.3,3.0,0.07894736842105263,0.5570225179276256,0.342,Low
TAXP00110,51,187400,Salary+Business,1,0,0,0,0.124,0.251,0.964,Low,3.0,2255.31,751.77,0.0,0.0,0.15559769609665358,0.09,Low
TAXP00111,39,888700,Salary+Investments,1,0,3700,0,0.159,0.179,0.973,Low,13.0,25939.57,1995.35,1.0,0.07692307692307693,0.46983825361641923,0.226,Low
TAXP00112,25,771300,Salary,1,0,0,0,0.149,0.355,0.949,Low,5.0,1941.56,388.31,0.0,0.0,0.1491226201650519,0.095,Low
TAXP00113,44,423800,Salary,1,2,0,0,0.246,0.299,0.84,Low,32.0,7073.04,221.03,1.0,0.03125,0.3459359216226704,0.244,Low
TAXP00114,53,229500,Salary+Business,1,1,9500,0,0.087,0.371,0.857,Low,33.0,11004.63,333.47,6.0,0.18181818181818182,0.8556297496654224,0.464,Medium
TAXP00115,42,684600,Professional,1,0,0,0,-0.137,0.529,0.938,Low,27.0,15085.95,558.74,2.0,0.07407407407407407,0.4877259521109745,0.254,Low
TAXP00116,33,444000,Salary,1,0,17000,0,0.152,0.105,0.891,Low,11.0,4154.99,377.73,0.0,0.0,0.1720534198262975,0.137,Low
TAXP00117,47,768500,Salary,1,1,0,0,-0.121,0.082,0.87,Low,21.0,9471.76,451.04,1.0,0.047619047619047616,0.372254343320313,0.239,Low
TAXP00118,50,660300,Business,1,2,0,0,0.391,0.149,0.859,Low,15.0,5075.57,338.37,0.0,0.0,0.18535717724229803,0.161,Low
TAXP00119,47,2059600,Business,1,1,16200,0,0.042,0.156,0.841,Low,17.0,20075.2,1180.89,3.0,0.17647058823529413,0.8026484029608522,0.449,Medium
TAXP00120,60,547100,Salary,1,0,5000,1,0.092,0.367,0.962,Low,38.0,24493.29,644.56,5.0,0.13157894736842105,0.7237268516234848,0.347,Low
TAXP00121,35,311100,Salary,1,1,0,1,-0.008,0.294,0.836,Low,13.0,5031.35,387.03,1.0,0.07692307692307693,0.4342695265693712,0.286,Low
TAXP00122,48,739600,Salary,1,0,3100,2,0.154,0.292,0.821,Low,16.0,6678.91,417.43,1.0,0.0625,0.4000762222086447,0.278,Low
TAXP00123,59,761600,Salary,1,0,9200,0,0.173,0.085,0.911,Low,8.0,7767.63,970.95,0.0,0.0,0.18075469925368595,0.13,Low
TAXP00124,30,1729500,Business,1,0,29400,0,-0.009,0.066,0.816,Low,4.0,2727.78,681.94,0.0,0.0,0.15740543790492217,0.172,Low
TAXP00125,33,1185900,Professional,1,1,0,0,0.172,0.315,0.941,Low,5.0,4117.59,823.52,0.0,0.0,0.16541772354599682,0.107,Low
TAXP00126,23,840400,Business,1,2,0,0,0.111,0.247,0.882,Low,24.0,23302.93,970.96,1.0,0.041666666666666664,0.380999834528361,0.236,Low
TAXP00127,37,1864100,Salary,0,0,11700,1,0.085,0.126,0.687,Medium,52.0,60166.54,1157.05,4.0,0.07692307692307693,0.6070323647004203,0.445,Medium
TAXP00128,23,276200,Salary,1,1,7600,0,-0.02,0.234,0.935,Low,8.0,2617.08,327.14,0.0,0.0,0.15717506755896013,0.106,Low
TAXP00129,54,410100,Salary+Investments,1,0,0,1,0.47,0.126,0.952,Low,37.0,10214.5,276.07,0.0,0.0,0.267227217734404,0.147,Low
TAXP00130,24,333600,Business,1,1,0,0,0.289,0.049,0.979,Low,4.0,603.53,150.88,0.0,0.0,0.12476156662137966,0.068,Low
TAXP00131,52,490900,Salary,1,1,0,0,0.217,0.141,0.929,Low,40.0,18848.12,471.2,3.0,0.075,0.5380690660583394,0.281,Low
TAXP00132,47,241200,Salary,1,1,0,0,0.28,0.221,0.855,Low,9.0,1122.71,124.75,0.0,0.0,0.14026865866638868,0.143,Low
TAXP00133,65,1026900,Salary+Business,1,1,0,0,0.148,0.236,0.908,Low,14.0,8821.03,630.07,1.0,0.07142857142857142,0.43062012453569365,0.244,Low
TAXP00134,36,553900,Salary+Business,1,0,0,0,0.044,0.316,0.924,Low,4.0,381.98,95.5,0.0,0.0,0.11491142884716332,0.094,Low
TAXP00135,36,225400,Salary+Investments,0,2,0,0,-0.323,0.133,0.82,Low,16.0,2595.99,162.25,0.0,0.0,0.1733875782995833,0.177,Low
TAXP00136,31,312900,Professional,1,0,0,0,-0.095,0.294,0.98,Low,8.0,1714.68,214.34,1.0,0.125,0.5605281789280624,0.263,Low
TAXP00137,45,814600,Business,1,1,0,0,0.446,0.243,0.923,Low,30.0,10752.42,358.41,0.0,0.0,0.2454266973295518,0.153,Low
TAXP00138,30,1188500,Business,0,2,32200,0,0.286,0.37,0.507,Medium,4.0,3036.15,759.04,0.0,0.0,0.15972790043527157,0.343,Low
TAXP00139,26,2737000,Salary,1,0,0,0,0.132,0.418,0.942,Low,24.0,46894.48,1953.94,1.0,0.041666666666666664,0.3961741387419875,0.21,Low
TAXP00140,63,5297300,Professional,1,2,0,0,-0.152,0.066,0.889,Low,14.0,82810.43,5915.03,1.0,0.07142857142857142,0.4792176036853363,0.277,Low
TAXP00141,51,876000,Business,1,1,0,1,0.202,0.303,0.85,Low,29.0,21093.21,727.35,3.0,0.10344827586206896,0.5982217441430151,0.352,Low
TAXP00142,26,318800,Salary,1,0,0,0,0.056,0.353,0.966,Low,22.0,11048.17,502.19,1.0,0.045454545454545456,0.37136097293927695,0.186,Low
TAXP00143,48,150000,Salary+Investments,1,1,0,0,0.212,0.238,0.844,Low,23.0,5514.78,239.77,1.0,0.043478260869565216,0.3527546289931113,0.245,Low
TAXP00144,34,788200,Salary,1,0,45400,0,-0.078,0.33,0.656,Medium,,,,,,,,Low
TAXP00145,29,362000,Salary,0,1,0,2,0.022,0.478,0.641,Medium,8.0,2332.04,291.5,0.0,0.0,0.15467910662703055,0.267,Low
TAXP00146,42,482000,Salary,1,0,0,0,0.242,0.25,0.922,Low,37.0,15961.58,431.39,5.0,0.13513513513513514,0.7228378563496619,0.368,Low
TAXP00147,56,418300,Salary+Investments,1,1,87000,0,0.408,0.193,0.475,Medium,15.0,2844.8,189.65,0.0,0.0,0.172835650520986,0.367,Low
TAXP00148,21,587300,Salary+Investments,1,1,17800,1,-0.005,0.244,0.767,Low,26.0,16520.44,635.4,4.0,0.15384615384615385,0.7498395312850473,0.466,Medium
TAXP00149,36,1400400,Business,1,0,0,0,-0.06,0.331,0.98,Low,6.0,8548.48,1424.75,0.0,0.0,0.1812313930320318,0.093,Low
TAXP00150,62,727800,Multiple,1,1,0,1,0.264,0.259,0.873,Low,21.0,12407.96,590.86,2.0,0.09523809523809523,0.5352493098471331,0.311,Low
TAXP00151,38,579800,Salary+Investments,1,3,0,1,-0.102,0.242,0.83,Low,17.0,10980.01,645.88,1.0,0.058823529411764705,0.40132547658342993,0.274,Low
TAXP00152,25,308400,Salary+Investments,1,0,0,2,-0.09,0.165,0.857,Low,21.0,7321.56,348.65,1.0,0.047619047619047616,0.3666770983180467,0.244,Low
TAXP00153,40,194600,Salary+Investments,1,1,0,0,0.143,0.23,0.922,Low,49.0,12926.24,263.8,4.0,0.08163265306122448,0.5826904786022281,0.305,Low
TAXP00154,51,458000,Salary,1,2,0,0,0.434,0.076,0.843,Low,6.0,764.31,127.38,0.0,0.0,0.12895503446525236,0.144,Low
TAXP00155,65,625300,Salary+Business,1,0,0,0,-0.036,0.215,0.95,Low,30.0,37759.25,1258.64,2.0,0.06666666666666667,0.492659275076182,0.249,Low
TAXP00156,49,2321300,Business,1,1,0,0,0.041,0.27,0.881,Low,17.0,31691.47,1864.2,2.0,0.11764705882352941,0.618438137016168,0.344,Low
TAXP00157,23,713900,Salary+Business,1,0,9400,2,0.118,0.344,0.833,Low,58.0,36283.67,625.58,1.0,0.017241379310344827,0.3967452745985508,0.27,Low
TAXP00158,57,1318900,Salary,1,2,0,0,0.024,0.371,0.927,Low,13.0,9783.18,752.55,1.0,0.07692307692307693,0.4486820912606588,0.242,Low
TAXP00159,56,453700,Salary+Business,1,0,0,0,-0.183,0.239,0.894,Low,36.0,8049.97,223.61,0.0,0.0,0.2587478497147618,0.175,Low
TAXP00160,50,276900,Multiple,1,3,3300,0,0.228,0.02,0.843,Low,38.0,14484.51,381.17,2.0,0.05263157894736842,0.45181661060310474,0.29,Low
TAXP00161,61,324400,Salary,1,3,0,0,0.13,0.158,0.834,Low,12.0,1837.69,153.14,0.0,0.0,0.1564546136392866,0.162,Low
TAXP00162,55,385600,Multiple,1,0,0,0,0.159,0.44,0.905,Low,8.0,4126.21,515.78,1.0,0.125,0.5795375584901817,0.313,Low
TAXP00163,31,3009300,Salary,1,1,0,0,0.077,0.096,0.946,Low,30.0,59584.1,1986.14,1.0,0.03333333333333333,0.39255830243582795,0.206,Low
TAXP00164,39,359800,Salary,1,0,0,0,0.342,0.347,0.98,Low,23.0,8791.39,382.23,1.0,0.043478260869565216,0.36284744841822025,0.174,Low
TAXP00165,43,1188800,Salary,1,1,0,0,0.019,0.293,0.845,Low,7.0,4752.45,678.92,0.0,0.0,0.16907379381684925,0.161,Low
TAXP00166,42,339300,Salary+Business,0,2,0,0,-0.072,0.05,0.793,Low,19.0,3475.5,182.92,0.0,0.0,0.18774127776330257,0.198,Low
TAXP00167,49,1271200,Business,1,0,0,0,0.366,0.037,0.906,Low,12.0,25107.55,2092.3,0.0,0.0,0.21310020975796556,0.148,Low
TAXP00168,52,857600,Salary,1,1,0,0,-0.252,0.483,0.873,Low,8.0,3517.05,439.63,0.0,0.0,0.16357619891441083,0.143,Low
TAXP00169,25,580700,Professional,0,1,0,1,0.075,0.13,0.727,Low,4.0,418.94,104.74,0.0,0.0,0.11689712508079346,0.203,Low
TAXP00170,46,631200,Salary,1,0,50000,0,0.088,0.14,0.684,Medium,19.0,3542.67,186.46,1.0,0.05263157894736842,0.36183891960166226,0.337,Low
TAXP00171,22,405700,Business,1,1,7400,0,0.082,0.154,0.905,Low,12.0,4943.37,411.95,1.0,0.08333333333333333,0.45285345198428517,0.256,Low
TAXP00172,44,896200,Salary+Investments,1,1,0,0,-0.148,0.259,0.894,Low,3.0,4606.47,1535.49,0.0,0.0,0.17109105439719974,0.135,Low
TAXP00173,39,468400,Professional,1,0,0,0,-0.09,0.223,0.899,Low,17.0,13231.66,778.33,1.0,0.058823529411764705,0.40537033981884985,0.238,Low
TAXP00174,30,269000,Salary+Business,1,1,34600,0,0.253,0.251,0.684,Medium,27.0,6908.31,255.86,0.0,0.0,0.22636735399596775,0.276,Low
TAXP00175,65,259000,Business,0,1,0,1,0.322,0.257,0.694,Medium,9.0,2665.35,296.15,2.0,0.2222222222222222,0.8922761303107624,0.57,Medium
TAXP00176,32,736000,Multiple,1,2,0,0,0.033,0.563,0.82,Low,25.0,19473.04,778.92,1.0,0.04,0.37464163750349594,0.268,Low
TAXP00177,23,2026200,Salary,1,0,12800,0,-0.049,0.181,0.912,Low,7.0,2720.66,388.67,0.0,0.0,0.15698547762975812,0.119,Low
TAXP00178,37,729400,Salary,0,0,0,1,-0.186,0.227,0.822,Low,5.0,2071.83,414.37,0.0,0.0,0.15052927663357252,0.166,Low
TAXP00179,55,596800,Salary,1,1,0,2,0.25,0.447,0.734,Low,9.0,1792.13,199.13,0.0,0.0,0.150359145230632,0.214,Low
TAXP00180,21,798500,Business,1,1,0,0,0.26,0.35,0.919,Low,19.0,9783.13,514.9,0.0,0.0,0.21013802896994577,0.139,Low
TAXP00181,43,1664500,Professional,0,2,0,0,-0.35,0.24,0.755,Low,7.0,8348.69,1192.67,0.0,0.0,0.18129506071879775,0.216,Low
TAXP00182,39,761200,Salary+Business,1,1,0,3,-0.288,0.16,0.765,Low,39.0,25277.13,648.13,1.0,0.02564102564102564,0.37817307445426146,0.299,Low
TAXP00183,59,483500,Salary,0,1,0,0,0.122,0.355,0.838,Low,29.0,10567.88,364.41,0.0,0.0,0.24186437982038334,0.198,Low
TAXP00184,21,1441600,Salary,1,1,46000,0,0.143,0.439,0.672,Medium,8.0,16717.25,2089.66,0.0,0.0,0.19738653637719614,0.269,Low
TAXP00185,21,885100,Professional,1,0,0,0,0.024,0.543,0.967,Low,23.0,20479.72,890.42,0.0,0.0,0.2377001325455516,0.125,Low
TAXP00186,46,1964000,Multiple,1,0,11300,0,0.095,0.087,0.973,Low,19.0,25419.59,1337.87,2.0,0.10526315789473684,0.5782150609219123,0.275,Low
TAXP00187,29,741700,Salary,1,2,0,0,0.06,0.085,0.934,Low,27.0,11290.29,418.16,0.0,0.0,0.2370011730760901,0.143,Low
TAXP00188,52,269200,Salary,1,0,0,0,0.104,0.256,0.965,Low,36.0,11682.02,324.5,1.0,0.027777777777777776,0.35847061484415366,0.181,Low
TAXP00189,33,242700,Salary,1,0,0,0,-0.044,0.32,0.926,Low,12.0,4734.93,394.58,1.0,0.08333333333333333,0.45192028980621773,0.244,Low
TAXP00190,46,2133800,Business,1,2,0,0,0.098,0.581,0.842,Low,22.0,32708.96,1486.77,0.0,0.0,0.2449011751503532,0.197,Low
TAXP00191,22,2248500,Salary,1,2,0,0,-0.008,0.496,0.891,Low,19.0,15730.32,827.91,0.0,0.0,0.22043508748691598,0.159,Low
TAXP00192,52,571200,Salary,1,1,0,0,-0.021,0.269,0.944,Low,1.0,50.0,50.0,0.0,0.0,0.0893000032739525,0.071,Low
TAXP00193,44,493300,Professional,1,1,0,0,-0.199,0.236,0.902,Low,23.0,6519.86,283.47,3.0,0.13043478260869565,0.6433327440441109,0.343,Low
TAXP00194,21,1861600,Salary,1,0,0,0,0.072,0.155,0.936,Low,63.0,123647.57,1962.66,4.0,0.06349206349206349,0.5741769794323144,0.294,Low
TAXP00195,32,292900,Salary,1,0,0,1,0.228,0.514,0.848,Low,3.0,449.83,149.94,0.0,0.0,0.12070530807997543,0.138,Low
TAXP00196,23,341300,Salary,1,0,0,0,0.048,0.278,0.957,Low,18.0,3626.82,201.49,0.0,0.0,0.18590831414787276,0.107,Low
TAXP00197,23,1032900,Salary+Investments,1,0,0,0,0.043,0.19,0.921,Low,9.0,9360.52,1040.06,1.0,0.1111111111111111,0.5528343949240102,0.292,Low
TAXP00198,52,489200,Salary,1,2,0,0,0.301,0.249,0.878,Low,25.0,8994.04,359.76,1.0,0.04,0.35790011984730474,0.228,Low
TAXP00199,40,647600,Salary,1,0,112400,0,0.264,0.158,0.426,High,25.0,13290.69,531.63,0.0,0.0,0.23436028064012204,0.421,Medium
TAXP00200,57,577800,Salary,0,1,69300,1,0.378,0.141,0.395,High,10.0,10649.68,1064.97,0.0,0.0,0.19060276315763808,0.419,Medium
TAXP00201,32,828800,Professional,1,0,0,1,0.461,0.335,0.841,Low,23.0,15750.94,684.82,2.0,0.08695652173913043,0.5189630944226556,0.321,Low
TAXP00202,53,1790700,Salary+Investments,1,1,0,0,0.11,0.331,0.885,Low,40.0,59599.17,1489.98,2.0,0.05,0.4805361872470566,0.279,Low
TAXP00203,48,693800,Salary,1,0,0,1,-0.085,0.204,0.882,Low,22.0,12848.4,584.02,1.0,0.045454545454545456,0.3746328578159095,0.233,Low
TAXP00204,50,1033400,Salary,1,2,0,0,0.017,0.348,0.87,Low,32.0,34276.24,1071.13,2.0,0.0625,0.48325248753527006,0.289,Low
TAXP00205,58,150000,Salary,1,2,0,0,0.192,0.108,0.875,Low,15.0,3481.17,232.08,0.0,0.0,0.17719849073469396,0.148,Low
TAXP00206,52,627600,Professional,0,1,0,0,0.33,0.206,0.796,Low,12.0,4144.38,345.36,1.0,0.08333333333333333,0.4490354132562399,0.314,Low
TAXP00207,54,354200,Multiple,1,1,33500,0,-0.068,0.21,0.782,Low,20.0,6505.62,325.28,3.0,0.15,0.699110852619832,0.434,Medium
TAXP00208,54,270300,Business,1,0,14300,0,0.141,0.168,0.896,Low,27.0,7156.16,265.04,0.0,0.0,0.22712983642727924,0.159,Low
TAXP00209,41,345400,Salary,1,0,0,0,-0.027,0.136,0.98,Low,43.0,18144.86,421.97,2.0,0.046511627906976744,0.4534313663652393,0.215,Low
TAXP00210,53,511000,Salary+Business,1,1,0,0,0.077,0.264,0.935,Low,19.0,5114.78,269.2,1.0,0.05263157894736842,0.36977809148083013,0.202,Low
TAXP00211,58,1256900,Salary+Business,1,1,0,1,0.074,0.297,0.844,Low,26.0,44054.39,1694.4,3.0,0.11538461538461539,0.6441934788531757,0.376,Low
TAXP00212,54,250100,Salary,1,2,0,1,0.161,0.296,0.809,Low,7.0,2717.01,388.14,0.0,0.0,0.15695640078323322,0.176,Low
TAXP00213,48,664500,Salary,1,2,0,0,0.425,0.415,0.788,Low,26.0,11703.78,450.15,0.0,0.0,0.23467649497553897,0.222,Low
TAXP00214,24,458700,Salary,1,0,0,0,0.176,0.13,0.98,Low,29.0,13397.65,461.99,1.0,0.034482758620689655,0.36079696138922307,0.173,Low
TAXP00215,40,513400,Salary+Business,1,1,0,0,0.031,0.415,0.92,Low,30.0,11233.43,374.45,4.0,0.13333333333333333,0.6863744174938048,0.353,Low
TAXP00216,23,1338000,Professional,1,0,0,0,0.005,0.323,0.98,Low,2.0,859.94,429.97,0.0,0.0,0.1395653748327088,0.074,Low
TAXP00217,25,957600,Professional,1,1,0,0,0.069,0.119,0.968,Low,45.0,35965.61,799.24,1.0,0.022222222222222223,0.3949646937026525,0.195,Low
TAXP00218,37,1702600,Salary+Investments,0,1,0,0,-0.039,0.387,0.766,Low,19.0,24494.9,1289.21,1.0,0.05263157894736842,0.40372681981383446,0.31,Low
TAXP00219,41,581600,Salary,1,1,31500,0,0.122,0.466,0.704,Low,13.0,10435.78,802.75,1.0,0.07692307692307693,0.4500825314788045,0.365,Low
TAXP00220,44,393800,Salary,1,0,0,0,-0.286,0.179,0.937,Low,31.0,6716.8,216.67,1.0,0.03225806451612903,0.3449101642300933,0.19,Low
TAXP00221,61,553200,Salary,1,0,0,0,0.066,0.375,0.909,Low,9.0,1346.61,149.62,0.0,0.0,0.14418863578400065,0.115,Low
TAXP00222,55,774000,Salary+Investments,0,1,0,0,0.079,0.397,0.766,Low,30.0,24859.88,828.66,3.0,0.1,0.5935920094608665,0.396,Low
TAXP00223,40,738100,Business,1,0,0,0,-0.086,0.394,0.949,Low,20.0,17651.53,882.58,2.0,0.1,0.5557434524290448,0.278,Low
TAXP00224,36,297700,Salary,1,0,0,0,0.039,0.469,0.923,Low,64.0,24015.58,375.24,4.0,0.0625,0.535023334831066,0.283,Low
TAXP00225,53,693800,Salary,1,1,0,0,0.279,0.423,0.917,Low,69.0,37163.72,538.6,1.0,0.014492753623188406,0.38442975198464663,0.219,Low
TAXP00226,33,766100,Salary+Business,0,1,0,2,0.291,0.326,0.736,Low,31.0,13032.68,420.41,2.0,0.06451612903225806,0.46570693125915197,0.355,Low
TAXP00227,60,3982100,Salary+Business,1,0,0,0,0.015,0.585,0.95,Low,8.0,34151.82,4268.98,0.0,0.0,0.21289367068225465,0.123,Low
TAXP00228,56,2510700,Professional,0,0,0,1,0.184,0.562,0.768,Low,13.0,20155.21,1550.4,0.0,0.0,0.21051645370851202,0.222,Low
TAXP00229,51,351700,Salary,1,0,0,0,-0.14,0.492,0.934,Low,9.0,2168.68,240.96,0.0,0.0,0.1544815917778598,0.106,Low
TAXP00230,32,528500,Salary+Investments,1,1,0,0,0.053,0.316,0.942,Low,15.0,4059.91,270.66,2.0,0.13333333333333333,0.6205247618106671,0.311,Low
TAXP00231,48,226600,Salary+Business,1,0,0,0,0.137,0.559,0.952,Low,16.0,5365.61,335.35,1.0,0.0625,0.3953346002535113,0.204,Low
TAXP00232,57,424800,Professional,1,0,157800,0,0.344,0.087,0.124,High,41.0,22956.19,559.91,2.0,0.04878048780487805,0.459204349929477,0.688,High
TAXP00233,24,815800,Professional,1,0,0,1,0.291,0.133,0.957,Low,20.0,19122.98,956.15,2.0,0.1,0.5574802205845184,0.275,Low
TAXP00234,28,1548700,Salary+Investments,1,0,30100,0,0.133,0.195,0.816,Low,29.0,26911.91,928.0,4.0,0.13793103448275862,0.7172984882493486,0.424,Medium
TAXP00235,44,384500,Multiple,1,0,0,0,-0.046,0.096,0.98,Low,17.0,4901.72,288.34,3.0,0.17647058823529413,0.7720896599217195,0.358,Low
TAXP00236,37,405900,Business,1,0,0,0,0.317,0.195,0.98,Low,29.0,6981.89,240.75,2.0,0.06896551724137931,0.46048035134654447,0.218,Low
TAXP00237,52,150000,Salary,1,2,0,2,0.046,0.333,0.78,Low,1.0,51.78,51.78,0.0,0.0,0.09004496311619657,0.162,Low
TAXP00238,39,578200,Salary,0,0,0,0,0.172,0.019,0.894,Low,20.0,16653.03,832.65,2.0,0.1,0.5544804724900074,0.308,Low
TAXP00239,65,302500,Salary+Business,0,3,0,1,0.08,0.226,0.673,Medium,33.0,9112.9,276.15,0.0,0.0,0.25154728405470883,0.293,Low
TAXP00240,34,444000,Professional,1,3,0,0,0.419,0.626,0.765,Low,29.0,9554.33,329.46,1.0,0.034482758620689655,0.35347440650847506,0.288,Low
TAXP00241,37,345700,Salary,0,2,0,0,0.002,0.211,0.837,Low,18.0,7030.8,390.6,1.0,0.05555555555555555,0.3835635901789399,0.262,Low
TAXP00242,21,607300,Salary,1,0,0,0,0.247,0.294,0.915,Low,15.0,6255.69,417.05,0.0,0.0,0.18988461919002322,0.132,Low
TAXP00243,32,183400,Salary+Investments,1,1,23000,0,0.086,0.589,0.661,Medium,33.0,6446.91,195.36,3.0,0.09090909090909091,0.5440644168245027,0.431,Medium
TAXP00244,31,226000,Salary+Investments,1,0,0,1,0.191,0.286,0.938,Low,20.0,5936.58,296.83,1.0,0.05,0.3671296142715241,0.199,Low
TAXP00245,55,3011000,Multiple,1,0,0,0,0.359,0.115,0.98,Low,12.0,37500.94,3125.08,1.0,0.08333333333333333,0.49680866456335343,0.235,Low
TAXP00246,36,257200,Business,1,0,0,0,-0.221,0.552,0.956,Low,40.0,9795.14,244.88,1.0,0.025,0.3588986690215365,0.186,Low
TAXP00247,30,295100,Salary+Business,1,0,98800,0,0.09,0.294,0.488,Medium,11.0,7918.63,719.88,0.0,0.0,0.1860301427004901,0.365,Low
TAXP00248,35,2439500,Salary+Investments,1,1,56100,0,-0.043,0.095,0.577,Medium,15.0,40363.96,2690.93,0.0,0.0,0.23032657394748882,0.336,Low
TAXP00249,46,5263900,Salary,1,1,0,0,0.171,0.256,0.924,Low,6.0,9585.3,1597.55,0.0,0.0,0.18371558387112155,0.124,Low
TAXP00250,56,279600,Salary,1,3,0,0,0.211,0.076,0.811,Low,4.0,593.73,148.43,0.0,0.0,0.12440843318755233,0.16,Low
TAXP00251,65,498600,Multiple,1,0,0,0,0.025,0.048,0.948,Low,5.0,603.3,120.66,0.0,0.0,0.12386514318731268,0.084,Low
TAXP00252,23,831200,Salary,1,2,0,0,0.016,0.301,0.834,Low,50.0,41690.42,833.81,4.0,0.08,0.6061576450088213,0.364,Low
TAXP00253,58,2256600,Business,1,1,16600,2,0.133,0.134,0.702,Low,32.0,63452.06,1982.88,2.0,0.0625,0.4966157886256688,0.387,Low
TAXP00254,38,319400,Professional,1,0,0,0,-0.104,0.528,0.98,Low,8.0,2226.88,278.36,0.0,0.0,0.1536806538859427,0.08,Low
TAXP00255,57,544800,Professional,0,1,7900,0,0.153,0.276,0.719,Low,15.0,8772.89,584.86,0.0,0.0,0.19721307686197662,0.243,Low
TAXP00256,22,1137600,Salary,1,0,0,0,-0.031,0.185,0.98,Low,10.0,27059.86,2705.99,1.0,0.1,0.5408398376889384,0.254,Low
TAXP00257,49,888900,Salary+Business,1,1,4600,1,0.217,0.46,0.758,Low,35.0,34706.75,991.62,0.0,0.0,0.28709395413541494,0.262,Low
TAXP00258,62,495800,Salary,1,3,0,0,-0.111,0.107,0.869,Low,9.0,6298.87,699.87,0.0,0.0,0.17757600530612758,0.152,Low
TAXP00259,22,590300,Salary+Investments,1,0,0,0,0.009,0.21,0.98,Low,53.0,34695.62,654.63,3.0,0.05660377358490566,0.5276254151138653,0.248,Low
TAXP00260,56,241500,Salary,1,0,0,1,-0.02,0.376,0.908,Low,51.0,13844.98,271.47,3.0,0.058823529411764705,0.5158834915087155,0.283,Low
TAXP00261,26,547600,Professional,0,1,0,0,0.052,0.352,0.77,Low,26.0,7317.12,281.43,2.0,0.07692307692307693,0.47835219559197717,0.342,Low
TAXP00262,65,536600,Salary+Business,1,1,102400,1,0.32,0.515,0.364,High,9.0,5489.69,609.97,0.0,0.0,0.1745948329868372,0.428,Medium
TAXP00263,54,768300,Salary,1,0,0,0,0.235,0.479,0.95,Low,40.0,28139.23,703.48,1.0,0.025,0.38175607794096217,0.199,Low
TAXP00264,61,435800,Salary,0,2,39500,1,0.023,0.116,0.556,Medium,28.0,10461.48,373.62,4.0,0.14285714285714285,0.7099121776228674,0.564,Medium
TAXP00265,61,912800,Salary+Business,1,1,0,0,0.023,0.163,0.901,Low,5.0,5540.47,1108.09,0.0,0.0,0.17185612868892153,0.132,Low
TAXP00266,35,1347700,Salary,1,1,0,0,0.242,0.195,0.936,Low,16.0,26670.02,1666.88,1.0,0.0625,0.4301031493291209,0.229,Low
TAXP00267,39,727000,Salary,1,1,0,0,-0.086,0.8,0.826,Low,19.0,10210.34,537.39,2.0,0.10526315789473684,0.5584328070078214,0.347,Low
TAXP00268,52,837300,Business,1,0,0,0,0.104,0.164,0.98,Low,1.0,206.83,206.83,0.0,0.0,0.11980687985176694,0.065,Low
TAXP00269,28,675400,Multiple,0,1,9500,0,0.003,0.079,0.763,Low,42.0,41126.37,979.2,3.0,0.07142857142857142,0.5499857572418521,0.378,Low
TAXP00270,34,650000,Business,1,0,0,0,0.073,0.458,0.98,Low,10.0,4726.87,472.69,0.0,0.0,0.1729901433796194,0.089,Low
TAXP00271,25,386600,Salary,1,0,0,0,0.229,0.361,0.951,Low,20.0,6418.86,320.94,0.0,0.0,0.20382021297194364,0.119,Low
TAXP00272,60,816400,Multiple,1,0,0,0,-0.007,0.128,0.98,Low,33.0,20166.69,611.11,1.0,0.030303030303030304,0.3687531819061842,0.177,Low
TAXP00273,32,606000,Business,1,1,12600,1,0.256,0.057,0.761,Low,15.0,7713.49,514.23,0.0,0.0,0.1944235811449751,0.219,Low
TAXP00274,39,2933800,Business,1,2,14800,0,0.452,0.198,0.743,Low,34.0,91241.99,2683.59,0.0,0.0,0.3047770661729977,0.278,Low
TAXP00275,41,2017900,Salary,1,1,10600,0,0.197,0.256,0.851,Low,13.0,14291.51,1099.35,1.0,0.07692307692307693,0.4569028955799292,0.288,Low
TAXP00276,37,858200,Salary,1,0,0,0,0.087,0.717,0.885,Low,5.0,2856.06,571.21,0.0,0.0,0.15748557144189113,0.134,Low
TAXP00277,56,375200,Salary,1,0,0,0,0.285,0.209,0.977,Low,51.0,14887.86,291.92,1.0,0.0196078431372549,0.3880431392831303,0.187,Low
TAXP00278,62,291800,Professional,1,0,0,0,-0.077,0.138,0.957,Low,39.0,13541.55,347.22,1.0,0.02564102564102564,0.3646490882857646,0.188,Low
TAXP00279,46,1532400,Salary,1,0,21200,0,0.343,0.247,0.845,Low,2.0,2517.46,1258.73,0.0,0.0,0.1628568762144436,0.159,Low
TAXP00280,58,785400,Professional,1,0,0,0,-0.02,0.223,0.956,Low,63.0,28224.81,448.01,3.0,0.047619047619047616,0.48975568080113335,0.245,Low
TAXP00281,25,918400,Salary,1,2,17600,1,0.447,0.408,0.691,Medium,8.0,7915.97,989.5,1.0,0.125,0.5936650606944867,0.437,Medium
TAXP00282,64,185100,Salary,0,1,55100,0,-0.015,0.335,0.514,Medium,14.0,2031.88,145.13,0.0,0.0,0.16313947282756433,0.341,Low
TAXP00283,26,1267400,Salary,1,0,0,1,0.206,0.224,0.976,Low,25.0,15333.57,613.34,0.0,0.0,0.23745963322671187,0.12,Low
TAXP00284,23,901600,Business,0,1,5400,0,-0.15,0.16,0.8,Low,26.0,23008.88,884.96,1.0,0.038461538461538464,0.3762543635415795,0.279,Low
TAXP00285,22,292200,Salary+Business,1,2,0,0,0.066,0.369,0.8,Low,1.0,2936.7,2936.7,1.0,1.0,1.0,0.56,Medium
TAXP00286,31,462900,Salary,1,1,0,0,-0.073,0.114,0.939,Low,33.0,12524.29,379.52,3.0,0.09090909090909091,0.558430751849688,0.285,Low
TAXP00287,58,785900,Salary,1,1,0,0,-0.131,0.106,0.957,Low,14.0,12382.42,884.46,0.0,0.0,0.20226024510921434,0.115,Low
TAXP00288,34,675000,Salary,1,2,0,1,0.293,0.054,0.829,Low,6.0,6249.31,1041.55,0.0,0.0,0.17443416003614842,0.173,Low
TAXP00289,56,526700,Salary+Business,1,1,24100,0,-0.096,0.361,0.838,Low,26.0,9853.78,378.99,3.0,0.11538461538461539,0.6117185993446678,0.364,Low
TAXP00290,40,603300,Salary,1,1,0,0,-0.018,0.371,0.929,Low,22.0,9870.85,448.68,1.0,0.045454545454545456,0.36891933175716357,0.205,Low
TAXP00291,25,542200,Salary+Business,1,0,70700,0,-0.036,0.293,0.594,Medium,41.0,24217.52,590.67,0.0,0.0,0.2993882155629226,0.358,Low
TAXP00292,42,725500,Salary,1,0,8300,1,0.282,0.317,0.839,Low,43.0,21378.87,497.18,4.0,0.09302325581395349,0.6104735242139623,0.363,Low
TAXP00293,31,1875200,Salary,1,2,0,1,0.263,0.167,0.809,Low,12.0,10029.06,835.76,0.0,0.0,0.1931886124107711,0.192,Low
TAXP00294,34,150000,Salary+Business,1,0,0,0,0.303,0.221,0.904,Low,9.0,2289.83,254.43,0.0,0.0,0.15565723043416166,0.123,Low
TAXP00295,44,548100,Business,1,1,0,0,-0.026,0.073,0.965,Low,6.0,1128.19,188.03,0.0,0.0,0.13735604107001836,0.081,Low
TAXP00296,56,738100,Salary,1,0,0,0,0.316,0.591,0.972,Low,40.0,36171.45,904.29,2.0,0.05,0.46970191289272,0.227,Low
TAXP00297,47,804400,Multiple,1,1,0,0,-0.027,0.223,0.939,Low,32.0,34079.24,1064.98,3.0,0.09375,0.5862524410206618,0.297,Low
TAXP00298,31,497300,Salary,1,1,4700,0,-0.021,0.728,0.872,Low,7.0,2920.29,417.18,0.0,0.0,0.15851925200442085,0.142,Low
TAXP00299,53,183500,Salary,0,2,9400,0,-0.012,0.272,0.701,Low,32.0,12403.24,387.6,2.0,0.0625,0.4612152932806445,0.372,Low
TAXP00300,52,823100,Salary,0,3,0,0,-0.006,0.218,0.725,Low,10.0,14884.06,1488.41,0.0,0.0,0.19786620342536948,0.24,Low
TAXP00301,31,2254500,Business,1,0,27400,1,0.085,0.178,0.778,Low,20.0,32122.55,1606.13,0.0,0.0,0.23873374993725227,0.23,Low
TAXP00302,59,215400,Salary+Business,0,1,0,2,-0.034,0.064,0.719,Low,22.0,8554.91,388.86,1.0,0.045454545454545456,0.3658198058879502,0.319,Low
TAXP00303,58,1210700,Salary,1,0,19800,0,0.137,0.024,0.854,Low,27.0,29403.01,1089.0,3.0,0.1111111111111111,0.6244202199703157,0.361,Low
TAXP00304,48,513100,Multiple,1,0,13200,0,-0.318,0.242,0.886,Low,2.0,548.95,274.48,0.0,0.0,0.12984714087095042,0.121,Low
TAXP00305,34,621900,Professional,1,1,3500,1,0.137,0.291,0.838,Low,29.0,24153.71,832.89,2.0,0.06896551724137931,0.48736691872773213,0.308,Low
TAXP00306,36,304600,Multiple,1,0,0,1,-0.074,0.335,0.847,Low,5.0,3306.04,661.21,1.0,0.2,0.8206574417772899,0.453,Medium
TAXP00307,40,510900,Salary+Business,1,1,3100,1,-0.007,0.297,0.912,Low,4.0,844.01,211.0,0.0,0.0,0.13200322259347902,0.108,Low
TAXP00308,29,1657400,Multiple,1,0,0,0,-0.003,0.504,0.94,Low,43.0,73927.84,1719.25,3.0,0.06976744186046512,0.5606394733469207,0.285,Low
TAXP00309,34,988800,Professional,1,1,0,0,0.251,0.226,0.917,Low,38.0,42372.37,1115.06,2.0,0.05263157894736842,0.47508810924913536,0.259,Low
TAXP00310,27,2262500,Salary,1,1,0,0,0.181,0.238,0.914,Low,5.0,3134.71,626.94,0.0,0.0,0.159503698220114,0.119,Low
TAXP00311,27,1517300,Business,1,1,0,0,0.074,0.276,0.898,Low,,,,,,,,Low
TAXP00312,54,891700,Professional,1,0,0,1,-0.014,0.387,0.937,Low,8.0,7035.67,879.46,1.0,0.125,0.5911078718249246,0.301,Low
TAXP00313,26,2281500,Business,0,0,0,1,0.225,0.552,0.779,Low,22.0,82658.15,3757.19,1.0,0.045454545454545456,0.41502328329746546,0.308,Low
TAXP00314,42,891600,Salary+Business,1,1,10300,0,0.387,0.079,0.841,Low,9.0,2593.45,288.16,0.0,0.0,0.15835100500518973,0.159,Low
TAXP00315,40,1179800,Salary,1,0,0,0,0.096,0.095,0.98,Low,24.0,25857.89,1077.41,3.0,0.125,0.6582567526163189,0.307,Low
TAXP00316,23,525000,Salary+Investments,1,1,9800,0,-0.156,0.074,0.917,Low,8.0,5474.26,684.28,1.0,0.125,0.5856659079309938,0.309,Low
TAXP00317,58,681900,Salary,1,1,19300,0,-0.012,0.349,0.788,Low,5.0,3506.83,701.37,0.0,0.0,0.16193589352140098,0.189,Low
TAXP00318,65,393400,Multiple,1,0,0,0,0.189,0.151,0.949,Low,2.0,960.14,480.07,0.0,0.0,0.14195343450448356,0.092,Low
TAXP00319,49,1325400,Salary,0,1,2200,0,0.029,0.293,0.783,Low,31.0,39565.63,1276.31,2.0,0.06451612903225806,0.4897865449344514,0.34,Low
TAXP00320,51,278300,Salary,1,0,0,0,-0.037,0.133,0.968,Low,26.0,13986.58,537.95,0.0,0.0,0.23853790353964396,0.125,Low
TAXP00321,31,1141700,Salary+Business,1,0,0,0,-0.044,0.501,0.925,Low,33.0,25071.53,759.74,2.0,0.06060606060606061,0.47347354733446245,0.254,Low
TAXP00322,58,566600,Salary+Business,1,0,5300,0,0.115,0.401,0.926,Low,,,,,,,,Low
TAXP00323,56,1510600,Salary+Business,1,1,19300,0,-0.145,0.306,0.801,Low,17.0,19547.51,1149.85,0.0,0.0,0.21971753642590208,0.208,Low
TAXP00324,40,1116100,Multiple,1,1,0,0,0.094,0.361,0.951,Low,52.0,35367.07,680.14,1.0,0.019230769230769232,0.40512310592051043,0.209,Low
TAXP00325,52,2411100,Salary,1,0,16300,0,0.114,0.191,0.895,Low,79.0,164983.52,2088.4,3.0,0.0379746835443038,0.4913173805044711,0.279,Low
TAXP00326,63,1100100,Salary+Investments,1,0,0,1,0.028,0.456,0.867,Low,36.0,27896.88,774.91,1.0,0.027777777777777776,0.3773336724961551,0.243,Low
TAXP00327,48,209600,Salary,1,1,16300,0,-0.067,0.344,0.752,Low,17.0,3503.02,206.06,0.0,0.0,0.18247137656423312,0.219,Low
TAXP00328,29,619400,Business,1,1,0,1,0.263,0.496,0.831,Low,9.0,9119.06,1013.23,1.0,0.1111111111111111,0.5522674525925585,0.341,Low
TAXP00329,35,279500,Business,1,0,0,1,-0.113,0.083,0.964,Low,29.0,4656.72,160.58,1.0,0.034482758620689655,0.33793741450754267,0.172,Low
TAXP00330,29,447600,Salary,1,1,52800,1,0.128,0.194,0.614,Medium,5.0,2784.09,556.82,0.0,0.0,0.15693235007062295,0.283,Low
TAXP00331,35,1929600,Business,1,1,0,0,0.216,0.157,0.973,Low,8.0,28219.47,3527.43,1.0,0.125,0.6212514933268732,0.294,Low
TAXP00332,61,1028600,Salary+Business,1,0,0,0,0.126,0.155,0.951,Low,13.0,7870.52,605.42,0.0,0.0,0.1901191123746745,0.113,Low
TAXP00333,29,393000,Salary,1,0,55300,0,0.297,0.043,0.689,Medium,37.0,17435.76,471.24,3.0,0.08108108108108109,0.5463734800247191,0.417,Medium
TAXP00334,61,313300,Multiple,1,0,6500,0,-0.082,0.409,0.952,Low,18.0,3330.09,185.0,2.0,0.1111111111111111,0.5507310343293534,0.274,Low
TAXP00335,33,665500,Business,1,2,0,0,-0.027,0.105,0.899,Low,24.0,11131.4,463.81,2.0,0.08333333333333333,0.5024812265071044,0.282,Low
TAXP00336,43,270700,Salary,0,1,6400,0,0.026,0.206,0.751,Low,17.0,7790.76,458.28,1.0,0.058823529411764705,0.3938880748065885,0.314,Low
TAXP00337,44,400900,Professional,0,1,0,1,0.627,0.359,0.706,Low,7.0,1179.48,168.5,0.0,0.0,0.1389090026753982,0.224,Low
TAXP00338,26,813700,Salary,1,1,0,0,0.181,0.313,0.933,Low,,,,,,,,Low
TAXP00339,29,1493400,Salary,0,2,0,0,0.211,0.268,0.709,Low,14.0,9888.71,706.34,2.0,0.14285714285714285,0.6688117097200195,0.461,Medium
TAXP00340,34,1007600,Professional,1,1,0,0,0.205,0.138,0.913,Low,21.0,13494.77,642.61,2.0,0.09523809523809523,0.5370696083847089,0.29,Low
TAXP00341,23,150000,Salary,1,1,0,0,0.113,0.205,0.95,Low,10.0,1839.97,184.0,1.0,0.1,0.482573822100011,0.245,Low
TAXP00342,54,809300,Salary,0,0,191300,0,0.268,0.49,0.02,High,17.0,6110.69,359.45,0.0,0.0,0.19450894886645775,0.627,Medium
TAXP00343,45,684600,Salary+Business,1,1,111300,1,-0.199,0.178,0.371,High,60.0,24589.76,409.83,4.0,0.06666666666666667,0.5506829587299941,0.594,Medium
TAXP00344,59,875700,Salary,1,1,0,0,0.144,0.194,0.914,Low,3.0,1870.11,623.37,0.0,0.0,0.15153668586468283,0.115,Low
TAXP00345,59,2081100,Salary+Business,1,0,0,0,0.169,0.329,0.857,Low,29.0,35029.66,1207.92,0.0,0.0,0.26784522206616335,0.199,Low
TAXP00346,36,150000,Salary+Business,0,1,48000,0,0.263,0.188,0.51,Medium,7.0,800.22,114.32,0.0,0.0,0.13054558452570342,0.328,Low
TAXP00347,57,424700,Salary,1,1,17100,0,-0.085,0.165,0.847,Low,22.0,10216.12,464.37,0.0,0.0,0.21966427068086986,0.183,Low
TAXP00348,23,994700,Business,1,2,0,0,-0.073,0.144,0.877,Low,35.0,26089.4,745.41,3.0,0.08571428571428572,0.5637608340681461,0.321,Low
TAXP00349,40,208100,Salary,1,0,0,0,-0.063,0.15,0.96,Low,9.0,10769.48,1196.61,2.0,0.2222222222222222,0.9225430678299585,0.437,Medium
TAXP00350,50,1881200,Professional,0,1,0,0,0.184,0.3,0.769,Low,31.0,31946.54,1030.53,3.0,0.0967741935483871,0.5915975031386638,0.393,Low
TAXP00351,41,847400,Salary,1,0,0,1,0.186,0.457,0.895,Low,33.0,16321.72,494.6,0.0,0.0,0.26416810632530674,0.177,Low
TAXP00352,54,1195700,Multiple,1,0,0,0,-0.052,0.263,0.98,Low,69.0,58109.91,842.17,1.0,0.014492753623188406,0.39412178436670964,0.188,Low
TAXP00353,59,430900,Salary,1,0,0,0,0.406,0.278,0.958,Low,10.0,4947.95,494.79,0.0,0.0,0.1739806763534684,0.101,Low
TAXP00354,40,1167800,Professional,1,1,21800,1,0.146,0.199,0.781,Low,11.0,5873.57,533.96,0.0,0.0,0.17955323882388158,0.201,Low
TAXP00355,33,1402900,Salary,1,0,12200,0,0.12,0.346,0.897,Low,5.0,3568.17,713.63,1.0,0.2,0.8223119029217205,0.427,Medium
TAXP00356,47,768700,Salary,1,2,0,0,0.067,0.43,0.884,Low,79.0,33784.39,427.65,4.0,0.05063291139240506,0.4986936603377583,0.288,Low
TAXP00357,60,769500,Business,0,1,0,0,0.249,0.277,0.767,Low,34.0,26130.39,768.54,0.0,0.0,0.27764479283428295,0.253,Low
TAXP00358,65,789700,Business,1,1,0,1,0.162,0.162,0.804,Low,4.0,2143.86,535.96,1.0,0.25,0.9771834548907148,0.548,Medium
TAXP00359,57,349100,Multiple,1,0,0,0,0.402,0.334,0.906,Low,27.0,6250.52,231.5,2.0,0.07407407407407407,0.4686479116576224,0.263,Low
TAXP00360,32,584500,Salary,1,0,0,0,-0.094,0.162,0.978,Low,58.0,23003.9,396.62,3.0,0.05172413793103448,0.5006628968334046,0.237,Low
TAXP00361,30,582400,Salary,0,1,165500,0,-0.147,0.203,0.02,High,12.0,7843.73,653.64,1.0,0.08333333333333333,0.4628589663508754,0.747,High
TAXP00362,46,856600,Salary,1,1,0,1,-0.018,0.078,0.859,Low,4.0,2687.98,672.0,0.0,0.0,0.15708674357431418,0.148,Low
TAXP00363,39,1335200,Salary,0,0,152700,1,0.189,0.069,0.02,High,1.0,197.23,197.23,0.0,0.0,0.11877993791169957,0.592,Medium
TAXP00364,48,303300,Salary+Investments,1,1,0,2,0.032,0.248,0.845,Low,41.0,13203.05,322.03,1.0,0.024390243902439025,0.3667338573767401,0.25,Low
TAXP00365,62,594100,Salary+Investments,0,0,0,1,0.303,0.124,0.802,Low,9.0,5345.83,593.98,0.0,0.0,0.17401915607178853,0.187,Low
TAXP00366,45,1888700,Salary+Investments,1,0,8900,0,0.037,0.091,0.92,Low,5.0,6186.14,1237.23,0.0,0.0,0.17424773984299835,0.122,Low
TAXP00367,36,380500,Salary,1,0,9800,0,0.273,0.3,0.825,Low,32.0,33758.66,1054.96,3.0,0.09375,0.5860473995733099,0.36,Low
TAXP00368,60,359600,Salary,1,0,0,0,-0.033,0.134,0.932,Low,6.0,756.36,126.06,0.0,0.0,0.12872976293926086,0.095,Low
TAXP00369,40,751900,Salary+Business,0,1,2000,2,0.289,0.206,0.662,Medium,22.0,10783.67,490.17,3.0,0.13636363636363635,0.67083584389789,0.488,Medium
TAXP00370,48,1193800,Salary,1,0,0,1,0.319,0.119,0.911,Low,6.0,6266.18,1044.36,1.0,0.16666666666666666,0.7244926437864826,0.375,Low
TAXP00371,27,655400,Professional,1,0,2800,0,0.01,0.296,0.927,Low,31.0,11621.57,374.89,1.0,0.03225806451612903,0.3567731298562964,0.201,Low
TAXP00372,43,1692300,Salary,1,1,0,1,0.178,0.312,0.841,Low,6.0,14947.04,2491.17,2.0,0.3333333333333333,1.0,0.537,Medium
TAXP00373,40,1204600,Salary,1,2,0,1,0.143,0.378,0.755,Low,10.0,8193.32,819.33,1.0,0.1,0.5149150423772709,0.366,Low
TAXP00374,26,1191600,Salary+Investments,1,2,8300,0,0.183,0.078,0.881,Low,20.0,11284.42,564.22,0.0,0.0,0.21604216747658062,0.163,Low
TAXP00375,30,968700,Salary,0,1,26500,0,0.306,0.236,0.651,Medium,9.0,9060.72,1006.75,4.0,0.4444444444444444,1.0,0.642,Medium
TAXP00376,52,3473400,Multiple,1,1,12100,0,0.256,0.499,0.797,Low,74.0,225236.52,3043.74,2.0,0.02702702702702703,0.4633665254094846,0.32,Low
TAXP00377,29,560700,Salary,1,0,0,0,0.182,0.201,0.917,Low,4.0,993.03,248.26,1.0,0.25,0.9605185821665874,0.478,Medium
TAXP00378,26,153600,Salary,1,1,5500,0,0.206,0.321,0.81,Low,6.0,1346.74,224.46,1.0,0.16666666666666666,0.6911824636607128,0.416,Medium
TAXP00379,23,2063200,Salary,0,4,0,0,-0.103,0.164,0.72,Low,9.0,6578.77,730.97,0.0,0.0,0.17851878918039385,0.234,Low
TAXP00380,22,467500,Salary,1,2,0,1,0.093,0.246,0.85,Low,20.0,5262.84,263.14,1.0,0.05,0.36452314046348283,0.247,Low
TAXP00381,40,702500,Business,1,1,0,0,-0.076,0.081,0.941,Low,12.0,6628.28,552.36,0.0,0.0,0.18420896173076115,0.115,Low
TAXP00382,42,1668800,Salary,1,0,0,0,0.097,0.309,0.98,Low,11.0,9902.06,900.19,1.0,0.09090909090909091,0.49087787905913527,0.232,Low
TAXP00383,49,205100,Professional,1,0,0,0,0.279,0.103,0.913,Low,21.0,9073.66,432.08,2.0,0.09523809523809523,0.5284668996109183,0.286,Low
TAXP00384,46,264000,Salary+Investments,1,0,0,0,0.099,0.605,0.927,Low,24.0,5214.15,217.26,1.0,0.041666666666666664,0.3485658799314054,0.197,Low
TAXP00385,45,205200,Salary,1,0,0,0,-0.301,0.077,0.931,Low,46.0,23848.93,518.46,2.0,0.043478260869565216,0.4596476963440046,0.245,Low
TAXP00386,65,366900,Salary,0,1,0,0,-0.067,0.311,0.802,Low,4.0,392.9,98.22,0.0,0.0,0.11551724317711991,0.161,Low
TAXP00387,32,892000,Salary,1,4,0,1,0.193,0.349,0.7,Low,15.0,18415.86,1227.72,0.0,0.0,0.21329611229902662,0.261,Low
TAXP00388,53,948000,Salary+Business,1,0,0,0,0.014,0.01,0.98,Low,3.0,1108.99,369.66,0.0,0.0,0.14021357566278503,0.074,Low
TAXP00389,24,793100,Business,1,1,0,1,0.225,0.549,0.87,Low,11.0,3034.79,275.89,0.0,0.0,0.1652525123994788,0.146,Low
TAXP00390,59,235000,Salary,1,0,0,0,-0.093,0.298,0.98,Low,36.0,8409.97,233.61,1.0,0.027777777777777776,0.35136038599837915,0.169,Low
TAXP00391,37,150000,Business,1,0,0,0,0.161,0.332,0.98,Low,89.0,24449.45,274.71,4.0,0.0449438202247191,0.4703373567490729,0.223,Low
TAXP00392,36,675900,Business,0,1,22200,0,0.169,0.225,0.648,Medium,29.0,10718.03,369.59,0.0,0.0,0.24216990179620151,0.303,Low
TAXP00393,27,462800,Salary,1,0,18800,1,0.226,0.377,0.8,Low,33.0,12730.28,385.77,1.0,0.030303030303030304,0.35878407018446135,0.271,Low
TAXP00394,43,904800,Salary,1,1,0,1,-0.005,0.249,0.839,Low,13.0,7544.03,580.31,0.0,0.0,0.18920066179998596,0.174,Low
TAXP00395,38,1077500,Multiple,1,0,11700,1,0.225,0.143,0.864,Low,9.0,10348.41,1149.82,0.0,0.0,0.18834441764869447,0.16,Low
TAXP00396,64,718000,Salary,1,0,0,1,0.341,0.286,0.859,Low,18.0,6493.64,360.76,0.0,0.0,0.19850901804436671,0.167,Low
TAXP00397,29,1123600,Salary,1,0,10900,0,-0.264,0.222,0.87,Low,14.0,8292.81,592.34,2.0,0.14285714285714285,0.6649957238389309,0.371,Low
TAXP00398,39,766600,Salary,0,1,0,0,0.108,0.1,0.819,Low,27.0,9789.36,362.57,2.0,0.07407407407407407,0.47835602182832465,0.315,Low
TAXP00399,61,952100,Business,1,0,0,1,-0.189,0.078,0.922,Low,8.0,2678.12,334.76,1.0,0.125,0.5701742104904426,0.299,Low
TAXP00400,57,391400,Business,1,0,0,0,-0.038,0.145,0.969,Low,54.0,15401.98,285.22,3.0,0.05555555555555555,0.5061683660043543,0.245,Low
TAXP00401,55,571200,Salary,0,3,20700,2,-0.025,0.125,0.478,Medium,19.0,6544.56,344.45,2.0,0.10526315789473684,0.5487974076689304,0.534,Medium
TAXP00402,44,748900,Business,0,1,0,0,0.089,0.098,0.817,Low,40.0,37691.87,942.3,3.0,0.075,0.5530950328184131,0.35,Low
TAXP00403,60,1173500,Professional,1,0,0,0,0.16,0.242,0.952,Low,35.0,30583.64,873.82,1.0,0.02857142857142857,0.3786363810920814,0.197,Low
TAXP00404,31,489500,Salary,0,1,0,1,0.245,0.276,0.791,Low,9.0,3271.01,363.45,0.0,0.0,0.1633756393143628,0.188,Low
TAXP00405,57,946000,Salary+Investments,1,1,46500,1,0.142,0.387,0.645,Medium,39.0,34129.24,875.11,0.0,0.0,0.30006894877348944,0.33,Low
TAXP00406,47,536800,Salary,1,0,0,1,0.208,0.39,0.922,Low,27.0,9581.0,354.85,2.0,0.07407407407407407,0.4778901480978494,0.258,Low
TAXP00407,36,597300,Salary,1,1,18500,0,-0.073,0.23,0.81,Low,28.0,7988.88,285.32,1.0,0.03571428571428571,0.35050332530702527,0.262,Low
TAXP00408,30,1181100,Multiple,1,0,0,2,0.269,0.614,0.845,Low,9.0,5792.22,643.58,0.0,0.0,0.17575783694819289,0.164,Low
TAXP00409,44,154800,Salary+Business,1,2,3300,0,-0.427,0.139,0.844,Low,57.0,15974.96,280.26,2.0,0.03508771929824561,0.4382449555684743,0.283,Low
TAXP00410,21,255600,Salary,1,0,0,0,0.344,0.301,0.953,Low,44.0,13709.6,311.58,3.0,0.06818181818181818,0.5222970969030389,0.261,Low
TAXP00411,53,223600,Salary+Investments,1,0,0,1,0.316,0.138,0.915,Low,9.0,5054.78,561.64,0.0,0.0,0.17280561419200416,0.125,Low
TAXP00412,31,150000,Business,1,0,0,0,0.22,0.202,0.934,Low,14.0,2676.39,191.17,1.0,0.07142857142857142,0.4048005075392938,0.218,Low
TAXP00413,38,398900,Salary,1,0,0,0,0.457,0.344,0.93,Low,18.0,4806.13,267.01,1.0,0.05555555555555555,0.37532878804976694,0.207,Low
TAXP00414,29,1114900,Salary+Investments,1,0,0,0,-0.189,0.412,0.954,Low,14.0,16787.94,1199.14,0.0,0.0,0.20886339674700616,0.119,Low
TAXP00415,41,529500,Salary+Business,1,3,0,0,0.225,0.342,0.796,Low,50.0,24846.48,496.93,2.0,0.04,0.46293671144571014,0.321,Low
TAXP00416,37,749500,Salary,0,3,0,0,0.122,0.195,0.655,Medium,47.0,24048.95,511.68,1.0,0.02127659574468085,0.3900186835316329,0.365,Low
TAXP00417,29,1424000,Professional,0,2,0,1,0.139,0.154,0.709,Low,13.0,9226.96,709.77,1.0,0.07692307692307693,0.4474127590971502,0.361,Low
TAXP00418,60,1690700,Salary,0,0,0,0,-0.086,0.28,0.89,Low,8.0,12861.95,1607.74,1.0,0.125,0.6041967533981404,0.332,Low
TAXP00419,55,618400,Salary,1,0,0,0,0.163,0.364,0.98,Low,19.0,19079.99,1004.21,1.0,0.05263157894736842,0.39830672408116247,0.19,Low
TAXP00420,38,1722500,Multiple,1,0,20800,0,0.156,0.201,0.873,Low,32.0,72965.52,2280.17,0.0,0.0,0.2933979566081339,0.202,Low
TAXP00421,23,694600,Business,1,0,0,1,-0.01,0.306,0.959,Low,25.0,24899.36,995.97,3.0,0.12,0.6439732857946255,0.312,Low
TAXP00422,59,355700,Business,1,0,0,0,0.089,0.139,0.98,Low,6.0,4085.79,680.96,0.0,0.0,0.16521739300893326,0.085,Low
TAXP00423,52,423700,Business,1,0,0,1,-0.11,0.406,0.913,Low,4.0,898.76,224.69,0.0,0.0,0.13336178812560504,0.108,Low
TAXP00424,46,223900,Business,1,0,34100,1,0.037,0.192,0.739,Low,45.0,17518.86,389.31,3.0,0.06666666666666667,0.5260408483399225,0.38,Low
TAXP00425,48,342900,Salary,0,1,9600,1,0.254,0.314,0.639,Medium,13.0,2635.02,202.69,1.0,0.07692307692307693,0.4202753411568807,0.388,Low
TAXP00426,21,502300,Multiple,1,0,55600,0,0.257,0.436,0.655,Medium,17.0,9711.21,571.25,0.0,0.0,0.20454574768894052,0.282,Low
TAXP00427,42,1159300,Professional,1,0,0,0,0.223,0.292,0.947,Low,32.0,30277.16,946.16,3.0,0.09375,0.5836862629150489,0.292,Low
TAXP00428,29,2243800,Professional,1,0,0,0,0.254,0.344,0.932,Low,18.0,34239.91,1902.22,1.0,0.05555555555555555,0.41789584415091424,0.225,Low
TAXP00429,50,240300,Business,1,1,0,0,0.256,0.374,0.898,Low,14.0,5006.96,357.64,0.0,0.0,0.1826347861304328,0.138,Low
TAXP00430,62,862500,Salary,1,0,8600,0,-0.003,0.415,0.937,Low,9.0,3478.59,386.51,0.0,0.0,0.1647081509548823,0.109,Low
TAXP00431,44,307300,Salary,1,1,0,0,0.154,0.367,0.831,Low,13.0,1546.01,118.92,1.0,0.07692307692307693,0.40877173314771453,0.277,Low
TAXP00432,48,914800,Salary,1,3,0,0,0.274,0.237,0.854,Low,6.0,1868.08,311.35,0.0,0.0,0.1482611472025478,0.147,Low
TAXP00433,51,591500,Salary,1,3,0,0,-0.121,0.43,0.795,Low,14.0,2968.86,212.06,0.0,0.0,0.1713271013906478,0.19,Low
TAXP00434,62,173900,Professional,1,1,9900,1,-0.122,0.269,0.845,Low,5.0,595.65,119.13,0.0,0.0,0.1235903266733611,0.141,Low
TAXP00435,22,1268200,Salary+Investments,1,0,0,0,-0.131,0.205,0.968,Low,5.0,1637.42,327.48,0.0,0.0,0.14543344487353066,0.083,Low
TAXP00436,34,420500,Salary,1,1,5300,1,-0.186,0.261,0.824,Low,15.0,6218.42,414.56,1.0,0.06666666666666667,0.40975517223846225,0.281,Low
TAXP00437,33,442600,Salary,1,0,0,0,-0.068,0.455,0.957,Low,25.0,15319.0,612.76,2.0,0.08,0.5014390236634727,0.249,Low
TAXP00438,53,300900,Professional,1,1,43500,1,0.016,0.374,0.683,Medium,3.0,751.16,250.39,0.0,0.0,0.13178171360511098,0.234,Low
TAXP00439,41,405800,Salary,1,4,0,0,0.342,0.405,0.764,Low,6.0,1462.93,243.82,0.0,0.0,0.14297180052617597,0.194,Low
TAXP00440,55,884500,Multiple,1,0,0,1,0.03,0.342,0.875,Low,27.0,12513.71,463.47,2.0,0.07407407407407407,0.4836745996058022,0.286,Low
TAXP00441,42,567200,Salary,1,1,7000,0,-0.143,0.372,0.924,Low,19.0,7416.28,390.33,1.0,0.05263157894736842,0.37782108820603694,0.212,Low
TAXP00442,64,823500,Salary,1,0,0,0,0.127,0.281,0.907,Low,14.0,7235.0,516.79,1.0,0.07142857142857142,0.4263236318289515,0.243,Low
TAXP00443,55,843500,Salary,1,1,0,1,0.07,0.295,0.866,Low,21.0,9753.38,464.45,1.0,0.047619047619047616,0.37288917867671406,0.242,Low
TAXP00444,21,1682200,Multiple,1,0,0,0,-0.025,0.185,0.955,Low,36.0,96920.9,2692.25,1.0,0.027777777777777776,0.40435679931040824,0.207,Low
TAXP00445,65,507800,Salary,1,1,0,0,0.006,0.567,0.933,Low,14.0,1739.13,124.22,2.0,0.14285714285714285,0.6312147454063601,0.321,Low
TAXP00446,63,224400,Professional,1,1,0,0,0.271,0.156,0.927,Low,28.0,7788.12,278.15,2.0,0.07142857142857142,0.4678097604170204,0.251,Low
TAXP00447,22,1401600,Salary,1,1,0,0,-0.126,0.202,0.949,Low,6.0,4190.63,698.44,0.0,0.0,0.16576675974536953,0.103,Low
TAXP00448,38,512000,Salary,1,1,0,1,-0.167,0.4,0.843,Low,16.0,6284.13,392.76,0.0,0.0,0.19250646174735894,0.173,Low
TAXP00449,64,1450200,Salary+Investments,1,0,0,2,0.175,0.333,0.894,Low,23.0,36227.36,1575.1,1.0,0.043478260869565216,0.3935534248254968,0.235,Low
TAXP00450,58,856600,Salary,0,1,0,1,0.002,0.19,0.786,Low,7.0,8363.52,1194.79,0.0,0.0,0.1813335666520613,0.199,Low
TAXP00451,42,591400,Salary,1,1,0,0,0.348,0.25,0.835,Low,10.0,4943.81,494.38,0.0,0.0,0.17396253651051477,0.169,Low
TAXP00452,45,835600,Business,0,0,0,0,0.075,0.335,0.819,Low,4.0,369.62,92.4,0.0,0.0,0.1142046951770729,0.151,Low
TAXP00453,22,2648400,Salary+Investments,1,0,0,0,0.084,0.489,0.933,Low,11.0,245984.99,22362.27,2.0,0.18181818181818182,0.8606138331318652,0.424,Medium
TAXP00454,46,2899800,Salary,1,1,3600,0,0.226,0.352,0.873,Low,14.0,23174.81,1655.34,0.0,0.0,0.21585934230271453,0.167,Low
TAXP00455,50,683300,Salary,1,0,38300,1,-0.168,0.458,0.645,Medium,35.0,24089.21,688.26,4.0,0.11428571428571428,0.6563168886336728,0.491,Medium
TAXP00456,37,729500,Multiple,0,1,0,0,0.154,0.276,0.801,Low,8.0,2779.9,347.49,0.0,0.0,0.1584817988583527,0.181,Low
TAXP00457,34,1410700,Professional,1,2,6900,0,0.042,0.128,0.823,Low,9.0,7410.88,823.43,1.0,0.1111111111111111,0.5477683762751171,0.344,Low
TAXP00458,58,353600,Salary+Investments,1,1,0,0,0.264,0.177,0.98,Low,35.0,7547.55,215.64,0.0,0.0,0.25404216244205524,0.125,Low
TAXP00459,41,826200,Salary+Business,1,2,0,2,-0.003,0.186,0.792,Low,2.0,1636.34,818.17,0.0,0.0,0.15351171267949731,0.183,Low
TAXP00460,32,638000,Professional,1,2,0,0,0.128,0.248,0.885,Low,29.0,16554.18,570.83,3.0,0.10344827586206896,0.5929681716377717,0.33,Low
TAXP00461,37,814800,Salary,0,0,0,1,0.043,0.164,0.829,Low,9.0,3179.7,353.3,0.0,0.0,0.16276256454658508,0.167,Low
TAXP00462,43,356700,Salary,0,2,0,1,0.166,0.113,0.689,Medium,11.0,5786.23,526.02,0.0,0.0,0.17922852898546518,0.252,Low
TAXP00463,32,207000,Salary+Business,1,0,0,0,0.06,0.233,0.978,Low,43.0,15028.02,349.49,1.0,0.023255813953488372,0.3726052360432123,0.18,Low
TAXP00464,46,150000,Salary+Business,1,0,0,0,0.142,0.388,0.958,Low,15.0,5137.15,342.48,0.0,0.0,0.18561828125756252,0.107,Low
TAXP00465,59,290700,Multiple,1,0,0,1,0.381,0.02,0.953,Low,17.0,3556.39,209.2,1.0,0.058823529411764705,0.37691578767232037,0.195,Low
TAXP00466,54,467200,Business,1,0,0,1,0.054,0.717,0.889,Low,6.0,1142.0,190.33,0.0,0.0,0.13761884455229473,0.123,Low
TAXP00467,31,526300,Salary,1,1,0,2,0.164,0.247,0.889,Low,8.0,5975.15,746.89,0.0,0.0,0.17506441940733894,0.14,Low
TAXP00468,42,2622200,Business,1,0,0,1,0.466,0.168,0.916,Low,27.0,63019.8,2334.07,1.0,0.037037037037037035,0.39651939309498124,0.225,Low
TAXP00469,45,1441300,Professional,0,1,17700,2,0.162,0.01,0.681,Medium,28.0,42105.0,1503.75,3.0,0.10714285714285714,0.6222484297451838,0.455,Medium
TAXP00470,51,325100,Business,1,0,0,0,-0.289,0.376,0.891,Low,5.0,1166.22,233.24,0.0,0.0,0.13809116400175875,0.122,Low
TAXP00471,55,834900,Salary+Business,1,1,0,0,-0.007,0.181,0.909,Low,29.0,15745.39,542.94,1.0,0.034482758620689655,0.36429620364416876,0.214,Low
TAXP00472,42,484900,Business,1,1,0,2,-0.093,0.185,0.797,Low,1.0,50.0,50.0,0.0,0.0,0.0893000032739525,0.152,Low
TAXP00473,35,529700,Salary,1,0,35800,1,0.248,0.235,0.773,Low,9.0,3949.3,438.81,0.0,0.0,0.16745731269743158,0.2,Low
TAXP00474,50,742800,Business,0,1,0,0,0.085,0.233,0.776,Low,5.0,1285.07,257.01,0.0,0.0,0.14018990198608758,0.186,Low
TAXP00475,26,1015100,Professional,1,1,0,2,0.27,0.283,0.832,Low,2.0,1062.92,531.46,0.0,0.0,0.14415736824574538,0.157,Low
TAXP00476,51,509100,Salary+Investments,0,1,302800,2,0.198,0.11,0.02,High,13.0,3773.24,290.25,2.0,0.15384615384615385,0.681885832178234,0.846,High
TAXP00477,61,1398200,Salary,1,2,0,1,0.197,0.559,0.795,Low,6.0,8456.26,1409.38,0.0,0.0,0.18099603070981102,0.194,Low
TAXP00478,52,285700,Business,1,0,4700,0,-0.096,0.125,0.98,Low,7.0,1809.9,258.56,0.0,0.0,0.1481625247891357,0.078,Low
TAXP00479,40,653000,Business,1,1,0,0,0.181,0.206,0.958,Low,18.0,4094.49,227.47,0.0,0.0,0.18852975034284286,0.108,Low
TAXP00480,58,4218800,Business,1,0,27600,0,0.319,0.245,0.791,Low,7.0,13676.47,1953.78,0.0,0.0,0.19200574768016043,0.201,Low
TAXP00481,44,763300,Salary,1,1,0,0,-0.132,0.162,0.907,Low,15.0,5694.17,379.61,0.0,0.0,0.18784750314260557,0.136,Low
TAXP00482,45,1824200,Salary+Investments,1,0,0,0,0.049,0.096,0.98,Low,59.0,153308.04,2598.44,5.0,0.0847457627118644,0.6504048698478944,0.304,Low
TAXP00483,59,694300,Salary+Investments,1,1,0,0,0.157,0.162,0.888,Low,4.0,2915.61,728.9,0.0,0.0,0.15884939271859977,0.133,Low
TAXP00484,29,987500,Business,1,0,0,0,0.116,0.252,0.98,Low,72.0,111744.45,1552.01,3.0,0.041666666666666664,0.4970585215864031,0.235,Low
TAXP00485,56,624000,Business,1,2,0,0,0.33,0.079,0.924,Low,28.0,11757.94,419.93,4.0,0.14285714285714285,0.7124426887555986,0.362,Low
TAXP00486,51,574900,Salary,1,0,3500,0,0.217,0.072,0.98,Low,33.0,12599.7,381.81,4.0,0.12121212121212122,0.6585607646693415,0.307,Low
TAXP00487,44,370800,Business,1,0,60700,0,0.165,0.296,0.695,Medium,16.0,5577.97,348.62,3.0,0.1875,0.8086749950877292,0.532,Medium
TAXP00488,24,886100,Business,1,1,8700,0,0.231,0.463,0.874,Low,10.0,12821.07,1282.11,0.0,0.0,0.19462869499914986,0.157,Low
TAXP00489,55,352100,Salary+Business,1,3,0,0,0.222,0.073,0.856,Low,16.0,4158.34,259.9,0.0,0.0,0.1835683849339891,0.162,Low
TAXP00490,30,1049600,Salary,1,0,9300,1,0.107,0.368,0.841,Low,22.0,31254.08,1420.64,1.0,0.045454545454545456,0.39391385460600264,0.265,Low
TAXP00491,61,1420000,Salary+Business,1,0,11000,0,0.043,0.312,0.881,Low,13.0,6833.59,525.66,0.0,0.0,0.1870568224191801,0.15,Low
TAXP00492,56,846300,Salary,1,0,0,2,0.258,0.212,0.826,Low,15.0,7391.72,492.78,0.0,0.0,0.19350014583628883,0.183,Low
TAXP00493,37,528900,Professional,1,0,0,0,-0.019,0.374,0.934,Low,36.0,10177.81,282.72,1.0,0.027777777777777776,0.3554872944263906,0.196,Low
TAXP00494,40,901300,Professional,1,1,0,0,0.088,0.351,0.98,Low,17.0,15300.88,900.05,1.0,0.058823529411764705,0.4085216724814767,0.195,Low
TAXP00495,22,520500,Salary,1,0,0,0,-0.085,0.148,0.98,Low,39.0,13787.49,353.53,3.0,0.07692307692307693,0.5342695864300988,0.251,Low
TAXP00496,43,1274800,Business,1,2,0,1,0.217,0.176,0.788,Low,7.0,6816.69,973.81,0.0,0.0,0.17689691301622387,0.196,Low
TAXP00497,23,173900,Salary+Investments,1,2,0,1,0.297,0.293,0.826,Low,43.0,22030.04,512.33,2.0,0.046511627906976744,0.45763539009936427,0.302,Low
TAXP00498,65,510500,Professional,1,1,0,1,-0.05,0.231,0.882,Low,19.0,7884.07,414.95,0.0,0.0,0.2054618015630541,0.157,Low
TAXP00499,49,155000,Salary,0,0,0,0,0.075,0.255,0.828,Low,27.0,7872.06,291.56,4.0,0.14814814814814814,0.7180817171500278,0.418,Medium
TAXP00500,31,221500,Business,1,0,7100,0,0.023,0.495,0.867,Low,33.0,13883.28,420.71,2.0,0.06060606060606061,0.460662111625315,0.28,Low
TAXP00501,57,1735300,Salary,1,0,0,0,0.272,0.341,0.933,Low,26.0,25180.58,968.48,1.0,0.038461538461538464,0.3782107603899112,0.207,Low
TAXP00502,21,1238300,Professional,1,2,13700,0,0.327,0.052,0.841,Low,24.0,12450.09,518.75,0.0,0.0,0.22990741068542433,0.191,Low
TAXP00503,45,387200,Professional,1,1,0,1,0.023,0.061,0.939,Low,7.0,10081.58,1440.23,0.0,0.0,0.18538744332010781,0.117,Low
TAXP00504,26,220300,Salary,1,0,17700,0,-0.395,0.33,0.889,Low,17.0,5607.93,329.88,2.0,0.11764705882352941,0.5808852613980536,0.322,Low
TAXP00505,23,150000,Professional,1,1,32400,0,0.284,0.276,0.699,Medium,18.0,4780.58,265.59,1.0,0.05555555555555555,0.37521347499917396,0.334,Low
TAXP00506,32,439500,Salary+Business,0,1,11900,0,0.107,0.727,0.663,Medium,30.0,18082.03,602.73,2.0,0.06666666666666667,0.476689231760442,0.4,Medium
TAXP00507,34,3713300,Salary+Business,0,1,0,0,0.108,0.161,0.809,Low,13.0,19037.51,1464.42,0.0,0.0,0.20927841737816127,0.199,Low
TAXP00508,53,889000,Salary,1,0,0,0,0.254,0.156,0.98,Low,9.0,5937.0,659.67,1.0,0.1111111111111111,0.5429597816156446,0.255,Low
TAXP00509,61,434400,Salary,1,1,0,1,0.042,0.397,0.83,Low,7.0,1780.83,254.4,0.0,0.0,0.14781228487325834,0.16,Low
TAXP00510,55,908500,Business,1,0,0,1,-0.001,0.449,0.898,Low,33.0,16154.12,489.52,0.0,0.0,0.26394443017321473,0.175,Low
TAXP00511,54,211300,Salary,1,1,19300,0,0.043,0.193,0.859,Low,12.0,5917.58,493.13,1.0,0.08333333333333333,0.4567508408756485,0.283,Low
TAXP00512,46,524700,Business,1,0,0,0,0.178,0.207,0.971,Low,26.0,13859.0,533.04,1.0,0.038461538461538464,0.3652623695863003,0.18,Low
TAXP00513,37,698300,Salary,0,0,0,0,0.241,0.237,0.824,Low,26.0,12567.23,483.35,2.0,0.07692307692307693,0.4900650109114276,0.317,Low
TAXP00514,32,610900,Salary,1,1,6600,0,0.361,0.238,0.889,Low,36.0,13917.54,386.6,1.0,0.027777777777777776,0.362262119889733,0.224,Low
TAXP00515,63,1148700,Professional,1,2,0,0,0.165,0.14,0.919,Low,45.0,25068.35,557.07,3.0,0.06666666666666667,0.53380507572843,0.285,Low
TAXP00516,44,833100,Salary,1,0,39000,0,0.077,0.098,0.778,Low,38.0,36233.15,953.5,2.0,0.05263157894736842,0.47169257539841614,0.334,Low
TAXP00517,46,1051700,Salary+Business,1,0,0,2,0.242,0.437,0.833,Low,34.0,29816.09,876.94,3.0,0.08823529411764706,0.571683012481771,0.349,Low
TAXP00518,21,396000,Salary,1,1,0,0,-0.055,0.178,0.98,Low,8.0,3325.47,415.68,0.0,0.0,0.16236276344337897,0.084,Low
TAXP00519,41,1240700,Business,1,1,0,0,0.327,0.402,0.896,Low,4.0,4752.7,1188.18,0.0,0.0,0.16944842947763492,0.133,Low
TAXP00520,51,2100200,Salary,1,1,0,0,0.134,0.107,0.964,Low,12.0,13019.66,1084.97,0.0,0.0,0.19884961641249418,0.109,Low
TAXP00521,43,323300,Salary+Business,0,0,30300,0,0.063,0.17,0.686,Medium,7.0,1998.84,285.55,0.0,0.0,0.15031078606046885,0.24,Low
TAXP00522,48,343000,Salary+Business,1,2,36200,0,-0.055,0.299,0.746,Low,9.0,1799.47,199.94,0.0,0.0,0.1504474575954952,0.207,Low
TAXP00523,57,1700600,Salary,0,2,0,1,0.2,0.229,0.746,Low,14.0,15611.56,1115.11,0.0,0.0,0.20728720618349242,0.233,Low
TAXP00524,21,566300,Professional,1,1,0,2,0.055,0.177,0.914,Low,14.0,27063.4,1933.1,3.0,0.21428571428571427,0.9263686214445808,0.464,Medium
TAXP00525,61,1786000,Salary,1,1,35000,0,0.085,0.438,0.709,Low,31.0,61479.25,1983.2,3.0,0.0967741935483871,0.6058026128653465,0.433,Medium
TAXP00526,57,472600,Business,1,0,0,0,-0.167,0.109,0.98,Low,9.0,5558.96,617.66,0.0,0.0,0.17486667627749847,0.09,Low
TAXP00527,39,1853100,Salary,1,0,0,0,0.03,0.233,0.98,Low,18.0,22146.82,1230.38,1.0,0.05555555555555555,0.4084410195967693,0.195,Low
TAXP00528,55,714500,Business,1,2,0,0,0.009,0.299,0.879,Low,29.0,14217.95,490.27,0.0,0.0,0.2482915684259967,0.178,Low
TAXP00529,23,782800,Salary,1,0,21200,0,0.167,0.309,0.855,Low,17.0,16501.22,970.66,1.0,0.058823529411764705,0.4101599002123103,0.264,Low
TAXP00530,34,2005300,Salary+Investments,1,0,0,0,0.057,0.406,0.934,Low,12.0,19562.65,1630.22,0.0,0.0,0.2076843219850633,0.13,Low
TAXP00531,25,500900,Business,1,0,0,0,-0.324,0.192,0.936,Low,44.0,17048.08,387.46,1.0,0.022727272727272728,0.3770160191744111,0.205,Low
TAXP00532,49,330100,Business,0,1,71500,0,0.034,0.232,0.4,High,32.0,9721.2,303.79,2.0,0.0625,0.45593994578389196,0.535,Medium
TAXP00533,59,470600,Salary,0,2,2800,2,-0.133,0.219,0.586,Medium,74.0,29016.78,392.12,10.0,0.13513513513513514,0.7756720155801102,0.577,Medium
TAXP00534,48,900200,Salary,1,2,0,0,-0.067,0.413,0.825,Low,49.0,41177.2,840.35,4.0,0.08163265306122448,0.6077933521070862,0.37,Low
TAXP00535,53,210500,Salary,1,1,0,0,0.261,0.151,0.911,Low,5.0,439.65,87.93,0.0,0.0,0.117060173107443,0.102,Low
TAXP00536,27,1028600,Salary+Investments,1,0,123200,0,-0.17,0.396,0.307,High,24.0,20255.04,843.96,0.0,0.0,0.2404593274559115,0.489,Medium
TAXP00537,63,441000,Salary+Business,0,1,0,1,0.147,0.116,0.741,Low,15.0,3478.64,231.91,1.0,0.06666666666666667,0.39718277122110446,0.321,Low
TAXP00538,29,1485300,Salary,0,2,37100,0,0.019,0.111,0.654,Medium,19.0,43409.76,2284.72,3.0,0.15789473684210525,0.7635134810403172,0.534,Medium
TAXP00539,44,150000,Salary+Business,0,0,0,1,-0.012,0.146,0.82,Low,63.0,18204.11,288.95,2.0,0.031746031746031744,0.4278782625520296,0.292,Low
TAXP00540,51,368900,Salary,1,0,0,1,-0.057,0.335,0.977,Low,29.0,7083.23,244.25,1.0,0.034482758620689655,0.34699887960524695,0.169,Low
TAXP00541,59,193000,Salary,1,1,12700,0,0.151,0.184,0.886,Low,21.0,6642.9,316.33,2.0,0.09523809523809523,0.5217140056532531,0.297,Low
TAXP00542,63,358600,Business,1,0,0,1,0.169,0.119,0.98,Low,14.0,6301.65,450.12,1.0,0.07142857142857142,0.42333063215696765,0.201,Low
TAXP00543,47,776900,Salary,1,2,0,0,-0.176,0.163,0.866,Low,30.0,14764.49,492.15,2.0,0.06666666666666667,0.4722958790650462,0.286,Low
TAXP00544,46,571300,Salary,1,1,0,0,0.284,0.183,0.897,Low,23.0,7905.94,343.74,0.0,0.0,0.21707033300265383,0.154,Low
TAXP00545,39,541600,Professional,1,2,10300,0,-0.09,0.294,0.776,Low,12.0,2375.59,197.97,0.0,0.0,0.16199764895581115,0.196,Low
TAXP00546,46,579600,Salary,1,0,0,0,0.162,0.271,0.98,Low,7.0,2019.72,288.53,0.0,0.0,0.15053565914222758,0.079,Low
TAXP00547,51,752500,Salary+Investments,1,0,14600,0,-0.089,0.381,0.904,Low,18.0,13684.32,760.24,1.0,0.05555555555555555,0.3979975235145741,0.232,Low
TAXP00548,50,314500,Professional,1,1,0,0,0.027,0.355,0.878,Low,3.0,7092.76,2364.25,1.0,0.3333333333333333,1.0,0.517,Medium
TAXP00549,47,1081300,Salary+Investments,1,2,0,0,-0.105,0.182,0.9,Low,9.0,7066.92,785.21,1.0,0.1111111111111111,0.5467376787984555,0.301,Low
TAXP00550,40,1047400,Professional,1,2,15300,0,0.015,0.024,0.85,Low,1.0,624.83,624.83,0.0,0.0,0.14374426606947388,0.147,Low
TAXP00551,29,857700,Salary+Investments,1,0,73500,0,0.068,0.208,0.571,Medium,36.0,29780.98,827.25,2.0,0.05555555555555555,0.4704177348505475,0.448,Medium
TAXP00552,23,970400,Salary,1,1,4400,1,-0.084,0.326,0.825,Low,73.0,59428.29,814.09,4.0,0.0547945205479452,0.5263819674421164,0.333,Low
TAXP00553,39,804600,Business,1,0,0,0,0.15,0.225,0.935,Low,9.0,5134.7,570.52,1.0,0.1111111111111111,0.5398123206540987,0.279,Low
TAXP00554,38,2813600,Business,0,1,0,0,0.171,0.147,0.791,Low,14.0,19355.54,1382.54,1.0,0.07142857142857142,0.44766567365114474,0.316,Low
TAXP00555,48,610500,Salary+Investments,1,0,0,0,0.533,0.258,0.956,Low,25.0,10231.93,409.28,1.0,0.04,0.3606929713496662,0.187,Low
TAXP00556,61,521100,Salary,0,1,0,0,0.249,0.364,0.734,Low,18.0,17545.04,974.72,1.0,0.05555555555555555,0.40338779807021935,0.328,Low
TAXP00557,52,377800,Business,1,1,0,1,0.288,0.368,0.818,Low,28.0,9204.04,328.72,2.0,0.07142857142857142,0.4714250802300008,0.312,Low
TAXP00558,57,309100,Salary+Business,1,0,0,1,-0.183,0.379,0.902,Low,35.0,9024.79,257.85,2.0,0.05714285714285714,0.44647873007446837,0.255,Low
TAXP00559,47,265300,Salary,0,0,0,2,-0.213,0.256,0.711,Low,46.0,13213.29,287.25,2.0,0.043478260869565216,0.4468584327911119,0.36,Low
TAXP00560,62,342800,Salary+Investments,1,0,0,0,0.052,0.181,0.979,Low,5.0,1355.63,271.13,0.0,0.0,0.14134623929634027,0.075,Low
TAXP00561,63,617700,Salary,1,0,0,0,0.386,0.347,0.975,Low,24.0,9928.88,413.7,1.0,0.041666666666666664,0.36250440968172315,0.177,Low
TAXP00562,27,826900,Salary,1,1,0,0,0.496,0.263,0.893,Low,10.0,4813.07,481.31,2.0,0.2,0.8333817479966432,0.434,Medium
TAXP00563,49,674400,Business,1,1,0,0,-0.01,0.46,0.839,Low,17.0,8085.19,475.6,1.0,0.058823529411764705,0.3946918725149273,0.266,Low
TAXP00564,43,374600,Business,1,0,0,0,0.006,0.447,0.918,Low,2.0,430.88,215.44,0.0,0.0,0.12460991209610431,0.101,Low
TAXP00565,64,1242800,Salary,0,1,0,1,0.187,0.218,0.736,Low,11.0,7925.21,720.47,0.0,0.0,0.18604815407191855,0.229,Low
TAXP00566,47,1106900,Salary,1,1,5700,0,0.068,0.355,0.916,Low,33.0,29121.54,882.47,2.0,0.06060606060606061,0.4767212494371217,0.261,Low
TAXP00567,21,579400,Salary,1,1,0,1,0.072,0.081,0.932,Low,9.0,4794.54,532.73,0.0,0.0,0.17165994430514708,0.115,Low
TAXP00568,30,406200,Salary+Business,1,0,13000,1,0.202,0.122,0.867,Low,24.0,9565.66,398.57,1.0,0.041666666666666664,0.3616971324680005,0.236,Low
TAXP00569,26,964700,Salary+Investments,1,1,0,0,0.534,0.365,0.906,Low,10.0,3333.24,333.32,0.0,0.0,0.16542395436483182,0.126,Low
TAXP00570,30,744200,Business,0,1,4100,0,0.309,0.423,0.751,Low,28.0,48600.78,1735.74,0.0,0.0,0.2717905480081471,0.259,Low
TAXP00571,25,229100,Salary,1,1,16700,1,0.399,0.121,0.776,Low,10.0,2468.27,246.83,0.0,0.0,0.1589230132827792,0.195,Low
TAXP00572,56,619000,Business,1,1,84700,1,-0.195,0.01,0.503,Medium,14.0,39158.75,2797.05,1.0,0.07142857142857142,0.46295889806548507,0.482,Medium
TAXP00573,43,785000,Salary+Investments,1,1,7700,0,0.272,0.691,0.857,Low,27.0,15125.0,560.19,0.0,0.0,0.24333754342472252,0.188,Low
TAXP00574,51,340100,Salary+Business,1,0,0,0,-0.052,0.155,0.98,Low,7.0,1341.26,191.61,0.0,0.0,0.14168466167582575,0.075,Low
TAXP00575,65,745200,Salary,0,1,0,0,0.368,0.21,0.775,Low,26.0,9245.59,355.6,1.0,0.038461538461538464,0.3564927939189132,0.284,Low
TAXP00576,50,228000,Salary,1,0,0,0,0.317,0.257,0.939,Low,10.0,6721.76,672.18,2.0,0.2,0.8406219946590933,0.412,Medium
TAXP00577,42,1701100,Salary+Investments,1,2,0,0,0.197,0.286,0.902,Low,28.0,71723.37,2561.55,0.0,0.0,0.2802373818545836,0.18,Low
TAXP00578,33,1596400,Salary+Investments,1,1,62000,0,-0.019,0.361,0.639,Medium,5.0,6196.26,1239.25,1.0,0.2,0.8342832055906857,0.574,Medium
TAXP00579,54,541900,Salary,1,0,43300,0,0.023,0.468,0.761,Low,12.0,10142.24,845.19,0.0,0.0,0.19343200528623822,0.218,Low
TAXP00580,43,844400,Salary+Investments,1,0,0,1,0.036,0.408,0.879,Low,30.0,25412.47,847.08,1.0,0.03333333333333333,0.37406883246283273,0.235,Low
TAXP00581,55,150000,Salary,0,1,0,0,0.222,0.086,0.828,Low,18.0,7545.33,419.18,0.0,0.0,0.20176014859313363,0.185,Low
TAXP00582,22,282700,Salary,1,0,0,0,0.165,0.028,0.98,Low,29.0,10007.34,345.08,1.0,0.034482758620689655,0.35447735174692047,0.171,Low
TAXP00583,28,526100,Salary+Business,1,1,0,0,0.327,0.089,0.91,Low,11.0,11357.23,1032.48,1.0,0.09090909090909091,0.49385213231426145,0.272,Low
TAXP00584,26,300400,Business,1,0,0,0,0.358,0.257,0.91,Low,12.0,2686.83,223.9,2.0,0.16666666666666666,0.7146584355366306,0.371,Low
TAXP00585,51,1087200,Salary,1,0,0,1,-0.035,0.277,0.963,Low,1.0,1035.89,1035.89,0.0,0.0,0.15470807195982017,0.09,Low
TAXP00586,44,2738100,Salary+Investments,1,2,7300,2,0.176,0.113,0.705,Low,35.0,62332.65,1780.93,0.0,0.0,0.2997993275713938,0.297,Low
TAXP00587,35,278600,Salary+Investments,1,0,0,0,0.174,0.208,0.948,Low,33.0,9255.82,280.48,0.0,0.0,0.25188398869167294,0.142,Low
TAXP00588,34,355700,Salary,0,1,146800,0,0.085,0.295,0.02,High,22.0,3687.28,167.6,1.0,0.045454545454545456,0.347617759945292,0.695,High
TAXP00589,48,770100,Professional,1,0,0,0,0.251,0.129,0.923,Low,14.0,14638.88,1045.63,0.0,0.0,0.2058915775012383,0.135,Low
TAXP00590,64,2073500,Salary+Business,1,0,0,0,0.179,0.481,0.937,Low,4.0,2665.88,666.47,0.0,0.0,0.15690773938425412,0.105,Low
TAXP00591,65,269600,Business,1,0,0,0,0.008,0.354,0.98,Low,35.0,8620.44,246.3,2.0,0.05714285714285714,0.4454872818874409,0.211,Low
TAXP00592,42,777700,Multiple,1,0,0,0,0.077,0.092,0.963,Low,14.0,12156.05,868.29,1.0,0.07142857142857142,0.43757433519462174,0.217,Low
TAXP00593,51,2412200,Professional,1,0,0,0,0.044,0.142,0.98,Low,4.0,6246.6,1561.65,0.0,0.0,0.17537922161722974,0.09,Low
TAXP00594,24,197900,Salary,1,2,16000,0,-0.016,0.451,0.77,Low,42.0,11112.07,264.57,5.0,0.11904761904761904,0.6787721236939133,0.432,Medium
TAXP00595,63,258400,Salary,1,0,0,0,0.086,0.22,0.98,Low,2.0,827.33,413.66,0.0,0.0,0.1387278925741679,0.073,Low
TAXP00596,21,479100,Salary+Investments,1,1,0,0,-0.108,0.458,0.91,Low,47.0,17682.22,376.22,5.0,0.10638297872340426,0.6642070319394833,0.348,Low
TAXP00597,36,446800,Multiple,1,1,0,0,0.176,0.524,0.967,Low,4.0,867.68,216.92,0.0,0.0,0.1326010274710821,0.078,Low
TAXP00598,53,1166800,Salary,1,1,0,0,0.325,0.259,0.911,Low,11.0,15335.77,1394.16,0.0,0.0,0.2003683332981831,0.139,Low
TAXP00599,64,773500,Salary,0,2,0,0,0.108,0.229,0.753,Low,15.0,7397.7,493.18,1.0,0.06666666666666667,0.41351767067118095,0.322,Low
TAXP00600,28,181100,Salary+Business,0,3,0,0,0.251,0.048,0.739,Low,22.0,6349.06,288.59,1.0,0.045454545454545456,0.3593638536046283,0.305,Low
TAXP00601,50,942100,Salary,1,0,0,1,0.125,0.186,0.927,Low,21.0,28018.65,1334.22,1.0,0.047619047619047616,0.39577332725857156,0.218,Low
TAXP00602,29,428900,Salary,0,2,25100,1,-0.064,0.119,0.629,Medium,13.0,4072.75,313.29,1.0,0.07692307692307693,0.4296928593996468,0.397,Low
TAXP00603,23,1627100,Salary+Investments,1,0,0,0,0.421,0.21,0.926,Low,11.0,7030.63,639.15,0.0,0.0,0.18345115884360677,0.123,Low
TAXP00604,40,413700,Salary+Business,1,1,0,0,-0.288,0.345,0.901,Low,10.0,3794.75,379.48,0.0,0.0,0.16823188049848287,0.13,Low
TAXP00605,46,411000,Salary+Investments,0,0,0,1,0.102,0.168,0.729,Low,24.0,4609.05,192.04,0.0,0.0,0.2084003350663658,0.243,Low
TAXP00606,32,959700,Professional,1,0,0,0,-0.023,0.1,0.978,Low,23.0,25827.59,1122.94,0.0,0.0,0.24273307712157066,0.121,Low
TAXP00607,64,1125800,Salary,1,0,0,0,0.353,0.273,0.938,Low,23.0,26080.73,1133.94,0.0,0.0,0.24294468239257874,0.143,Low
TAXP00608,48,897500,Salary+Investments,1,1,53000,1,0.135,0.24,0.614,Medium,14.0,9759.37,697.1,2.0,0.14285714285714285,0.6685262239495467,0.513,Medium
TAXP00609,40,193100,Salary,1,0,55900,0,0.509,0.206,0.619,Medium,19.0,10255.08,539.74,1.0,0.05263157894736842,0.3848433628623455,0.383,Low
TAXP00610,42,957500,Salary,1,1,0,1,0.106,0.457,0.866,Low,6.0,3232.04,538.67,0.0,0.0,0.16013584105909004,0.146,Low
TAXP00611,41,308700,Salary+Investments,1,0,0,1,-0.022,0.16,0.872,Low,28.0,7037.12,251.33,1.0,0.03571428571428571,0.3477590356770906,0.227,Low
TAXP00612,26,770000,Professional,0,0,0,1,-0.174,0.318,0.728,Low,14.0,8976.19,641.16,0.0,0.0,0.1952838805805145,0.237,Low
TAXP00613,48,233200,Salary+Investments,0,0,0,0,0.277,0.271,0.854,Low,13.0,5412.52,416.35,1.0,0.07692307692307693,0.4358513330191821,0.276,Low
TAXP00614,56,896300,Salary,1,1,77100,0,-0.034,0.314,0.532,Medium,12.0,8823.87,735.32,0.0,0.0,0.19041210259145827,0.343,Low
TAXP00615,39,363700,Multiple,1,0,0,0,0.033,0.554,0.968,Low,10.0,5042.6,504.26,1.0,0.1,0.504391314749925,0.245,Low
TAXP00616,40,258100,Professional,0,0,32100,0,0.296,0.338,0.71,Low,21.0,7336.61,349.36,0.0,0.0,0.20957870412057794,0.254,Low
TAXP00617,61,1086700,Professional,1,0,0,0,0.269,0.202,0.953,Low,22.0,20620.45,937.29,0.0,0.0,0.23489130874275155,0.132,Low
TAXP00618,48,773500,Salary+Investments,1,0,0,1,0.002,0.227,0.927,Low,12.0,12470.33,1039.19,1.0,0.08333333333333333,0.4729144131962532,0.253,Low
TAXP00619,34,417800,Salary,1,0,6000,0,0.027,0.245,0.92,Low,31.0,7356.82,237.32,2.0,0.06451612903225806,0.45332948060585965,0.248,Low
TAXP00620,21,1847900,Salary+Business,1,0,0,1,-0.181,0.131,0.928,Low,20.0,29631.84,1481.59,3.0,0.15,0.7319823174520312,0.369,Low
TAXP00621,58,473300,Professional,1,0,38300,0,-0.229,0.369,0.721,Low,25.0,10853.72,434.15,0.0,0.0,0.22997099060316034,0.257,Low
TAXP00622,49,665200,Salary+Business,0,1,55200,1,0.222,0.33,0.454,Medium,20.0,12460.37,623.02,0.0,0.0,0.21819112441631724,0.398,Low
TAXP00623,49,788900,Salary+Investments,1,0,0,0,0.24,0.204,0.972,Low,14.0,8376.78,598.34,0.0,0.0,0.19378555508638387,0.103,Low
TAXP00624,33,416100,Professional,0,1,0,1,0.157,0.163,0.755,Low,17.0,10045.93,590.94,0.0,0.0,0.20528032278258457,0.227,Low
TAXP00625,29,912500,Salary,1,1,0,2,0.13,0.267,0.792,Low,5.0,2729.31,545.86,0.0,0.0,0.15650161155560421,0.185,Low
TAXP00626,43,442700,Salary,1,1,0,1,-0.013,0.169,0.899,Low,12.0,2657.48,221.46,0.0,0.0,0.16442099285956696,0.13,Low
TAXP00627,55,483300,Multiple,1,0,0,0,0.335,0.328,0.915,Low,4.0,617.41,154.35,0.0,0.0,0.1252520916677664,0.103,Low
TAXP00628,34,1733800,Multiple,1,0,0,0,-0.185,0.119,0.98,Low,33.0,42128.73,1276.63,1.0,0.030303030303030304,0.3847318539406578,0.184,Low
TAXP00629,44,307300,Multiple,1,2,0,0,0.025,0.366,0.88,Low,5.0,1430.1,286.02,0.0,0.0,0.1425033443972804,0.13,Low
TAXP00630,65,150000,Salary,1,1,8200,0,0.126,0.17,0.952,Low,27.0,14647.93,542.52,1.0,0.037037037037037035,0.3648650700835184,0.191,Low
TAXP00631,30,2073200,Salary,1,1,3200,0,0.1,0.473,0.895,Low,7.0,5898.56,842.65,0.0,0.0,0.17375900562375624,0.136,Low
TAXP00632,31,4074400,Salary+Business,1,1,0,0,0.1,0.19,0.968,Low,47.0,158359.56,3369.35,5.0,0.10638297872340426,0.7117611673172584,0.338,Low
TAXP00633,31,485500,Salary+Business,1,1,0,0,0.017,0.267,0.906,Low,2.0,2166.83,1083.42,0.0,0.0,0.15960278125181604,0.124,Low
TAXP00634,62,161200,Salary,1,2,0,0,0.187,0.101,0.868,Low,17.0,3909.75,229.99,0.0,0.0,0.18484578056966972,0.156,Low
TAXP00635,44,519800,Professional,0,2,0,2,-0.094,0.206,0.618,Medium,27.0,6339.07,234.78,1.0,0.037037037037037035,0.34672985440557047,0.366,Low
TAXP00636,62,528900,Salary,1,0,1200,0,0.077,0.262,0.905,Low,25.0,11674.55,466.98,2.0,0.08,0.49555055717632523,0.275,Low
TAXP00637,63,566900,Business,1,2,22800,0,0.169,0.311,0.753,Low,10.0,9585.19,958.52,0.0,0.0,0.18831823571018216,0.221,Low
TAXP00638,39,291600,Salary,1,0,15900,0,0.047,0.485,0.892,Low,44.0,11520.26,261.82,0.0,0.0,0.2935321730683826,0.191,Low
TAXP00639,23,986600,Salary,1,3,0,0,0.101,0.077,0.83,Low,13.0,12851.1,988.55,0.0,0.0,0.20075206482398272,0.184,Low
TAXP00640,34,948200,Salary,1,0,11700,1,0.134,0.447,0.85,Low,16.0,12240.38,765.02,1.0,0.0625,0.4132070845199348,0.268,Low
TAXP00641,45,221600,Salary+Investments,1,2,51500,2,-0.182,0.293,0.522,Medium,31.0,13051.25,421.01,3.0,0.0967741935483871,0.572189389662538,0.52,Medium
TAXP00642,38,1075300,Salary+Business,1,1,0,1,-0.167,0.081,0.886,Low,11.0,12523.59,1138.51,0.0,0.0,0.19597299454213396,0.151,Low
TAXP00643,21,2849500,Multiple,1,1,0,1,0.121,0.492,0.867,Low,21.0,52007.3,2476.54,3.0,0.14285714285714285,0.7234823822568738,0.399,Low
TAXP00644,65,735700,Business,1,2,0,0,0.003,0.291,0.805,Low,9.0,2823.2,313.69,1.0,0.1111111111111111,0.5268547462832368,0.344,Low
TAXP00645,34,509800,Salary,0,0,0,0,0.012,0.219,0.867,Low,25.0,9699.17,387.97,3.0,0.12,0.6235347299081506,0.354,Low
TAXP00646,48,586800,Salary,1,1,0,0,0.191,0.477,0.895,Low,26.0,11522.62,443.18,1.0,0.038461538461538464,0.3612615834268931,0.22,Low
TAXP00647,63,1012300,Professional,0,2,0,2,-0.058,0.048,0.65,Medium,8.0,3733.72,466.72,1.0,0.125,0.5773714979799083,0.452,Medium
TAXP00648,45,187000,Salary,0,0,0,1,-0.286,0.396,0.697,Medium,35.0,9990.49,285.44,2.0,0.05714285714285714,0.44867810201427344,0.369,Low
TAXP00649,52,731700,Salary+Business,1,2,191300,0,0.365,0.082,0.02,High,15.0,5102.14,340.14,1.0,0.06666666666666667,0.4054702214061887,0.721,High
TAXP00650,22,490700,Salary+Business,1,0,49500,0,0.294,0.257,0.767,Low,8.0,1777.16,222.14,0.0,0.0,0.14880180502579232,0.195,Low
TAXP00651,52,2458700,Salary+Investments,1,0,3300,1,0.292,0.286,0.89,Low,2.0,1810.93,905.46,0.0,0.0,0.1557105608185867,0.131,Low
TAXP00652,59,573400,Salary,1,1,12200,0,-0.079,0.187,0.927,Low,29.0,14766.28,509.18,0.0,0.0,0.24911163213569537,0.152,Low
TAXP00653,62,2160000,Business,1,0,0,0,0.088,0.105,0.98,Low,5.0,2031.3,406.26,0.0,0.0,0.15010131763889467,0.079,Low
TAXP00654,24,293600,Salary,1,0,6700,1,-0.103,0.171,0.84,Low,43.0,16803.75,390.78,1.0,0.023255813953488372,0.3750239081904558,0.257,Low
TAXP00655,31,992100,Salary,1,1,0,0,0.09,0.312,0.945,Low,5.0,1229.58,245.92,0.0,0.0,0.13923520087329172,0.093,Low
TAXP00656,23,818100,Salary+Business,1,1,61600,0,0.044,0.404,0.629,Medium,13.0,8586.08,660.47,3.0,0.23076923076923078,0.9535441630550008,0.633,Medium
TAXP00657,62,347700,Business,1,0,34600,0,-0.072,0.114,0.776,Low,9.0,5109.89,567.77,2.0,0.2222222222222222,0.9063739957179825,0.531,Medium
TAXP00658,33,738600,Salary+Business,1,0,0,0,0.181,0.115,0.98,Low,15.0,3664.86,244.32,2.0,0.13333333333333333,0.618310427488826,0.289,Low
TAXP00659,44,1556200,Salary,1,1,0,1,0.059,0.246,0.833,Low,11.0,13467.43,1224.31,1.0,0.09090909090909091,0.497549451897878,0.316,Low
TAXP00660,42,514800,Multiple,1,1,0,2,0.376,0.128,0.828,Low,53.0,18535.29,349.72,3.0,0.05660377358490566,0.5140405207936045,0.326,Low
TAXP00661,51,192200,Multiple,0,1,0,0,0.114,0.119,0.792,Low,28.0,9557.28,341.33,1.0,0.03571428571428571,0.35438329297839094,0.274,Low
TAXP00662,61,641800,Business,1,0,0,0,-0.308,0.071,0.98,Low,1.0,1254.54,1254.54,0.0,0.0,0.15886296171629805,0.082,Low
TAXP00663,35,339400,Salary+Investments,0,1,0,0,-0.19,0.369,0.818,Low,17.0,5261.87,309.52,3.0,0.17647058823529413,0.7736241018940346,0.448,Medium
TAXP00664,56,508000,Salary,1,1,0,0,0.435,0.471,0.887,Low,20.0,9687.24,484.36,2.0,0.1,0.542734544470802,0.306,Low
TAXP00665,34,612900,Salary+Business,1,2,0,0,0.043,0.198,0.898,Low,11.0,4335.72,394.16,0.0,0.0,0.1729755911389773,0.134,Low
TAXP00666,29,190400,Salary+Investments,1,2,12300,1,0.138,0.422,0.655,Medium,20.0,9338.95,466.95,0.0,0.0,0.2119411131549633,0.285,Low
TAXP00667,25,203100,Salary+Business,1,0,0,0,0.102,0.164,0.942,Low,65.0,29784.96,458.23,5.0,0.07692307692307693,0.5869475580789705,0.296,Low
TAXP00668,37,919700,Salary+Business,1,0,23300,2,0.327,0.36,0.69,Medium,6.0,2312.26,385.38,0.0,0.0,0.15287984398487967,0.239,Low
TAXP00669,46,446100,Business,1,1,0,0,-0.205,0.274,0.92,Low,31.0,12303.4,396.88,1.0,0.03225806451612903,0.35800794417352333,0.205,Low
TAXP00670,56,150000,Salary+Business,1,1,0,1,0.313,0.2,0.913,Low,3.0,339.62,113.21,0.0,0.0,0.11464918931993623,0.099,Low
TAXP00671,59,1143700,Professional,1,1,0,0,0.302,0.129,0.864,Low,2.0,452.16,226.08,0.0,0.0,0.1256519792056224,0.131,Low
TAXP00672,44,790800,Salary,1,1,17900,0,0.101,0.213,0.89,Low,9.0,2552.28,283.59,0.0,0.0,0.15800473850473845,0.132,Low
TAXP00673,39,388800,Salary,1,0,0,0,0.166,0.097,0.98,Low,22.0,5058.24,229.92,1.0,0.045454545454545456,0.3544474846020228,0.171,Low
TAXP00674,28,251900,Salary+Business,1,0,0,0,0.041,0.076,0.97,Low,10.0,7427.99,742.8,0.0,0.0,0.18278834107633285,0.099,Low
TAXP00675,62,1186500,Professional,1,1,0,1,-0.17,0.209,0.781,Low,26.0,19400.13,746.16,1.0,0.038461538461538464,0.3725543835840418,0.288,Low
TAXP00676,38,835900,Business,1,1,0,0,0.193,0.332,0.848,Low,22.0,11184.97,508.41,0.0,0.0,0.22162766866562966,0.183,Low
TAXP00677,55,3613600,Salary+Investments,1,1,0,0,0.139,0.278,0.895,Low,91.0,301312.72,3311.13,4.0,0.04395604395604396,0.5210601529726071,0.292,Low
TAXP00678,49,879600,Professional,1,0,0,0,0.143,0.198,0.896,Low,23.0,17630.73,766.55,0.0,0.0,0.23445138533792736,0.163,Low
TAXP00679,62,859300,Salary,1,0,0,0,0.177,0.329,0.974,Low,10.0,11643.29,1164.33,1.0,0.1,0.522537980816136,0.249,Low
TAXP00680,64,576400,Salary,1,0,13300,1,0.003,0.462,0.819,Low,19.0,5731.88,301.68,0.0,0.0,0.19855873140404454,0.189,Low
TAXP00681,52,1170300,Professional,0,2,0,1,0.339,0.271,0.638,Medium,4.0,1074.28,268.57,0.0,0.0,0.1372197468795483,0.261,Low
TAXP00682,50,1019500,Salary+Business,1,2,0,0,0.101,0.188,0.931,Low,26.0,24892.46,957.4,2.0,0.07692307692307693,0.5048842012118595,0.265,Low
TAXP00683,27,1600700,Business,0,2,0,0,0.187,0.322,0.73,Low,26.0,29560.09,1136.93,0.0,0.0,0.2547663628919892,0.263,Low
TAXP00684,21,446600,Business,0,1,28500,1,0.056,0.128,0.605,Medium,40.0,15607.08,390.18,3.0,0.075,0.5339812980979276,0.458,Medium
TAXP00685,45,475100,Salary+Business,1,3,0,0,0.268,0.478,0.782,Low,2.0,144.86,72.43,0.0,0.0,0.10113673263191052,0.165,Low
TAXP00686,52,460400,Salary+Business,1,1,0,0,0.117,0.116,0.971,Low,19.0,8634.45,454.44,2.0,0.10526315789473684,0.554799893905301,0.266,Low
TAXP00687,54,1148700,Salary+Investments,1,1,0,0,0.086,0.1,0.923,Low,41.0,36596.97,892.61,1.0,0.024390243902439025,0.38882936773700005,0.217,Low
TAXP00688,32,1911800,Salary,0,1,5200,0,0.293,0.243,0.754,Low,11.0,10406.19,946.02,0.0,0.0,0.19195502065158332,0.222,Low
TAXP00689,43,467100,Salary+Business,0,0,0,1,-0.176,0.24,0.815,Low,1.0,84.74,84.74,0.0,0.0,0.10058065862958263,0.147,Low
TAXP00690,59,478700,Business,1,0,8800,0,0.055,0.239,0.9,Low,17.0,6016.03,353.88,0.0,0.0,0.1941708840948343,0.142,Low
TAXP00691,25,814900,Salary,0,0,23500,1,0.002,0.278,0.634,Medium,12.0,8569.63,714.14,1.0,0.08333333333333333,0.46477812655527645,0.41,Medium
TAXP00692,38,544600,Professional,1,0,0,0,0.16,0.327,0.98,Low,22.0,11102.1,504.64,1.0,0.045454545454545456,0.37146650255193203,0.178,Low
TAXP00693,63,1290100,Salary+Business,1,3,0,0,0.151,0.168,0.817,Low,21.0,25049.75,1192.85,4.0,0.19047619047619047,0.8647716376928054,0.49,Medium
TAXP00694,29,150000,Business,1,0,0,0,0.098,0.187,0.927,Low,23.0,5709.59,248.24,2.0,0.08695652173913043,0.4969836483738617,0.264,Low
TAXP00695,35,358400,Salary+Business,1,1,0,0,-0.014,0.135,0.89,Low,111.0,32049.9,288.74,3.0,0.02702702702702703,0.41228934301044795,0.246,Low
TAXP00696,42,370000,Salary,1,0,0,0,0.096,0.131,0.98,Low,15.0,5699.6,379.97,2.0,0.13333333333333333,0.6278681462154793,0.294,Low
TAXP00697,51,150000,Salary,1,1,0,0,0.152,0.286,0.878,Low,9.0,2661.75,295.75,2.0,0.2222222222222222,0.8922468799877887,0.469,Medium
TAXP00698,32,324800,Salary,1,2,0,0,0.071,0.443,0.867,Low,25.0,13085.76,523.43,1.0,0.04,0.366023490511426,0.238,Low
TAXP00699,56,336300,Salary,1,1,0,0,0.277,0.481,0.86,Low,10.0,3215.61,321.56,1.0,0.1,0.49464617016884005,0.3,Low
TAXP00700,31,562400,Professional,0,1,0,0,0.198,0.46,0.801,Low,15.0,5718.84,381.26,0.0,0.0,0.18794113280964114,0.194,Low
TAXP00701,37,1448500,Salary+Investments,1,1,0,0,0.103,0.091,0.98,Low,19.0,24630.4,1296.34,1.0,0.05263157894736842,0.4038465168239809,0.193,Low
TAXP00702,46,544900,Salary+Business,1,0,0,0,-0.275,0.211,0.944,Low,38.0,33110.37,871.33,1.0,0.02631578947368421,0.3828955144524627,0.203,Low
TAXP00703,21,309400,Salary,1,0,0,0,0.065,0.129,0.952,Low,36.0,8734.45,242.62,2.0,0.05555555555555555,0.4438456690800967,0.226,Low
TAXP00704,55,623900,Salary,1,0,0,0,0.201,0.122,0.951,Low,3.0,1562.87,520.96,2.0,0.6666666666666666,1.0,0.477,Medium
TAXP00705,51,1383500,Salary,0,2,163800,0,0.055,0.194,0.02,High,4.0,7374.65,1843.66,1.0,0.25,1.0,0.989,High
TAXP00706,58,321900,Professional,1,1,0,1,0.149,0.144,0.967,Low,15.0,3024.98,201.67,0.0,0.0,0.17416240259735002,0.097,Low
TAXP00707,33,337400,Salary,1,1,0,0,0.064,0.36,0.883,Low,29.0,13633.79,470.13,4.0,0.13793103448275862,0.702554857661232,0.38,Low
TAXP00708,38,971800,Business,0,0,115600,0,0.137,0.229,0.201,High,16.0,9689.31,605.58,2.0,0.125,0.6143894486411012,0.716,High
TAXP00709,61,554200,Salary+Business,1,0,0,0,0.324,0.224,0.98,Low,47.0,13288.96,282.74,3.0,0.06382978723404255,0.5175982381468884,0.244,Low
TAXP00710,24,1036000,Professional,1,0,0,0,0.226,0.675,0.93,Low,6.0,3356.33,559.39,0.0,0.0,0.160953746658843,0.111,Low
TAXP00711,43,643600,Salary,0,0,0,1,-0.107,0.272,0.829,Low,11.0,5778.8,525.35,0.0,0.0,0.17920068055804197,0.175,Low
TAXP00712,42,1077300,Salary,1,2,0,0,-0.165,0.4,0.848,Low,19.0,25070.97,1319.52,0.0,0.0,0.23054699544393953,0.187,Low
TAXP00713,41,308500,Professional,0,1,86500,0,0.171,0.288,0.301,High,11.0,3228.59,293.51,2.0,0.18181818181818182,0.7665920158987092,0.729,High
TAXP00714,40,644400,Business,1,0,23000,1,0.287,0.256,0.797,Low,55.0,25421.83,462.22,2.0,0.03636363636363636,0.4532890192104766,0.316,Low
TAXP00715,54,558500,Salary,0,2,0,0,-0.166,0.31,0.763,Low,12.0,7844.59,653.72,2.0,0.16666666666666666,0.7378613434214187,0.462,Medium
TAXP00716,29,270800,Salary+Investments,1,0,0,0,0.066,0.117,0.971,Low,24.0,8789.44,366.23,2.0,0.08333333333333333,0.4973642461939053,0.24,Low
TAXP00717,61,210900,Business,1,0,13000,1,0.48,0.183,0.91,Low,9.0,2561.81,284.65,0.0,0.0,0.15808538454903712,0.121,Low
TAXP00718,61,1065000,Business,0,0,0,1,0.057,0.418,0.755,Low,10.0,11349.12,1134.91,0.0,0.0,0.19198278796043414,0.221,Low
TAXP00719,29,504900,Salary,1,1,12200,0,0.504,0.592,0.764,Low,8.0,1780.93,222.62,1.0,0.125,0.5613476149908991,0.382,Low
TAXP00720,64,311400,Salary,1,1,23500,0,-0.032,0.052,0.825,Low,33.0,9191.3,278.52,2.0,0.06060606060606061,0.4517326324152581,0.3,Low
TAXP00721,32,606500,Salary,1,1,0,1,-0.004,0.237,0.895,Low,36.0,17313.97,480.94,3.0,0.08333333333333333,0.5503261654387479,0.305,Low
TAXP00722,23,1464300,Salary,1,1,0,0,-0.012,0.178,0.945,Low,35.0,31310.81,894.59,2.0,0.05714285714285714,0.4734317749481624,0.243,Low
TAXP00723,38,150000,Business,1,3,0,0,-0.105,0.062,0.857,Low,15.0,6815.43,454.36,0.0,0.0,0.19174125325535005,0.165,Low
TAXP00724,56,221300,Business,0,3,0,0,-0.171,0.168,0.715,Low,12.0,10047.84,837.32,2.0,0.16666666666666666,0.7432291879355439,0.491,Medium
TAXP00725,59,334500,Salary+Investments,1,0,0,0,0.065,0.034,0.98,Low,26.0,5026.85,193.34,2.0,0.07692307692307693,0.4702349916643658,0.223,Low
TAXP00726,50,1861300,Multiple,1,1,0,0,0.123,0.453,0.886,Low,3.0,1899.68,633.23,0.0,0.0,0.1518768091032221,0.131,Low
TAXP00727,57,796700,Salary,1,0,0,0,-0.015,0.125,0.98,Low,14.0,8485.12,606.08,0.0,0.0,0.19406413618299798,0.098,Low
TAXP00728,32,1129400,Salary,1,0,3400,0,0.024,0.121,0.968,Low,24.0,16950.43,706.27,1.0,0.041666666666666664,0.37409672119928417,0.186,Low
TAXP00729,60,286000,Salary+Business,1,1,0,0,0.331,0.239,0.93,Low,9.0,1796.59,199.62,1.0,0.1111111111111111,0.5170795158913478,0.271,Low
TAXP00730,49,290300,Multiple,0,1,6700,1,0.255,0.126,0.708,Low,55.0,12428.91,225.98,5.0,0.09090909090909091,0.6177992946593398,0.439,Medium
TAXP00731,27,897300,Salary+Investments,0,1,0,1,0.059,0.194,0.714,Low,15.0,5226.69,348.45,0.0,0.0,0.1859924226350215,0.241,Low
TAXP00732,26,677900,Salary,1,1,8800,2,0.169,0.221,0.768,Low,14.0,5689.07,406.36,1.0,0.07142857142857142,0.4211151664747226,0.317,Low
TAXP00733,33,964900,Salary,1,1,2300,0,-0.162,0.075,0.98,Low,10.0,5281.48,528.15,2.0,0.2,0.8353944259407415,0.387,Low
TAXP00734,24,567800,Salary,1,0,171200,0,0.143,0.314,0.076,High,27.0,9137.39,338.42,1.0,0.037037037037037035,0.35464145518531065,0.668,Medium
TAXP00735,33,794100,Salary+Investments,1,1,0,0,0.09,0.141,0.926,Low,9.0,7129.8,792.2,0.0,0.0,0.18026312700587005,0.122,Low
TAXP00736,65,728400,Business,1,1,76500,1,0.04,0.315,0.477,Medium,24.0,21343.08,889.3,0.0,0.0,0.2415942156796841,0.396,Low
TAXP00737,31,1137900,Business,1,2,0,0,0.105,0.176,0.91,Low,5.0,3039.34,607.87,1.0,0.2,0.8188338796894464,0.418,Medium
TAXP00738,49,1162100,Business,0,1,98300,0,0.079,0.073,0.316,High,10.0,4316.88,431.69,0.0,0.0,0.17102431432817253,0.453,Medium
TAXP00739,64,202500,Salary,1,2,0,1,-0.11,0.049,0.816,Low,26.0,5748.98,221.11,1.0,0.038461538461538464,0.3462126161538806,0.257,Low
TAXP00740,32,150000,Professional,1,0,0,0,0.369,0.253,0.963,Low,16.0,5038.02,314.88,1.0,0.0625,0.3939708381642817,0.198,Low
TAXP00741,52,1337100,Salary,1,2,0,1,0.252,0.498,0.743,Low,8.0,14154.54,1769.32,0.0,0.0,0.19377496608345532,0.229,Low
TAXP00742,41,1528600,Professional,0,0,0,0,0.038,0.127,0.888,Low,18.0,21393.46,1188.53,0.0,0.0,0.22435679057206287,0.163,Low
TAXP00743,33,311700,Salary+Business,1,0,0,0,-0.182,0.093,0.98,Low,23.0,8447.97,367.3,2.0,0.08695652173913043,0.5054627541057436,0.238,Low
TAXP00744,63,170400,Professional,1,1,0,1,-0.293,0.368,0.857,Low,27.0,10777.93,399.18,2.0,0.07407407407407407,0.48043959404575154,0.295,Low
TAXP00745,50,698000,Salary,1,2,0,1,0.421,0.475,0.855,Low,25.0,7550.79,302.03,0.0,0.0,0.22211350386218182,0.18,Low
TAXP00746,40,1270500,Salary+Investments,1,1,17500,0,0.072,0.286,0.83,Low,12.0,11539.56,961.63,1.0,0.08333333333333333,0.47123166356895585,0.306,Low
TAXP00747,57,2371400,Salary+Business,1,0,0,0,0.222,0.103,0.98,Low,17.0,35036.44,2060.97,3.0,0.17647058823529413,0.8147335500507918,0.378,Low
TAXP00748,61,942700,Salary,1,1,0,0,-0.052,0.096,0.917,Low,36.0,46179.48,1282.76,0.0,0.0,0.2966005839526339,0.179,Low
TAXP00749,56,497400,Salary,1,3,35100,0,0.051,0.523,0.683,Medium,6.0,1372.13,228.69,0.0,0.0,0.14158625604399758,0.238,Low
TAXP00750,60,341700,Professional,0,1,0,0,0.059,0.512,0.752,Low,3.0,530.99,177.0,0.0,0.0,0.12428520161764463,0.192,Low
TAXP00751,35,655400,Salary,0,0,30300,0,0.139,0.35,0.675,Medium,15.0,6172.44,411.5,0.0,0.0,0.1895944029024499,0.264,Low
TAXP00752,36,524000,Salary,0,2,0,0,0.114,0.026,0.722,Low,7.0,3549.36,507.05,1.0,0.14285714285714285,0.6341748181492891,0.438,Medium
TAXP00753,31,313000,Salary,1,1,0,0,-0.048,0.406,0.916,Low,27.0,12015.85,445.03,1.0,0.037037037037037035,0.3605727357467297,0.208,Low
TAXP00754,52,2841500,Salary,0,5,0,0,-0.049,0.358,0.596,Medium,3.0,1480.25,493.42,1.0,0.3333333333333333,1.0,0.672,High
TAXP00755,57,2350300,Business,0,0,6000,1,0.087,0.107,0.761,Low,77.0,155203.9,2015.64,0.0,0.0,0.3652312222008661,0.296,Low
TAXP00756,50,1472800,Professional,1,0,6500,1,-0.181,0.216,0.955,Low,24.0,19048.24,793.68,0.0,0.0,0.23912704417735506,0.132,Low
TAXP00757,47,334900,Salary,1,1,7500,1,-0.032,0.333,0.791,Low,16.0,4205.38,262.84,0.0,0.0,0.18381171616060504,0.198,Low
TAXP00758,55,1203000,Salary+Business,1,1,0,0,0.075,0.326,0.921,Low,13.0,7302.11,561.7,0.0,0.0,0.18849414815700305,0.128,Low
TAXP00759,29,1030200,Salary,1,1,17600,0,0.164,0.261,0.871,Low,40.0,21357.62,533.94,1.0,0.025,0.37577790057466687,0.24,Low
TAXP00760,37,893900,Salary,1,2,0,0,0.341,0.388,0.85,Low,9.0,8395.53,932.84,0.0,0.0,0.1838075347657089,0.165,Low
TAXP00761,52,1598400,Salary,1,1,0,1,0.024,0.039,0.857,Low,7.0,13739.12,1962.73,0.0,0.0,0.1921049419188356,0.165,Low
TAXP00762,23,1027000,Salary+Business,0,2,0,0,0.106,0.542,0.738,Low,12.0,7968.82,664.07,1.0,0.08333333333333333,0.4632020144226909,0.353,Low
TAXP00763,61,1107400,Multiple,1,0,48600,0,-0.199,0.289,0.705,Low,17.0,8554.29,503.19,0.0,0.0,0.20179641268705917,0.253,Low
TAXP00764,28,1028200,Business,1,0,30700,0,0.154,0.155,0.887,Low,13.0,7185.67,552.74,0.0,0.0,0.18814571866077762,0.147,Low
TAXP00765,56,830800,Salary,1,0,0,0,-0.045,0.295,0.98,Low,14.0,8355.63,596.83,1.0,0.07142857142857142,0.4294450370984356,0.204,Low
TAXP00766,48,180000,Salary,0,1,42000,0,0.051,0.439,0.545,Medium,46.0,13065.71,284.04,2.0,0.043478260869565216,0.44661538628895786,0.451,Medium
TAXP00767,59,690300,Salary,0,4,0,0,0.176,0.22,0.624,Medium,14.0,4740.28,338.59,0.0,0.0,0.18144968686377091,0.288,Low
TAXP00768,55,435500,Salary+Investments,1,3,0,0,0.183,0.283,0.813,Low,4.0,788.45,197.11,0.0,0.0,0.13053176867750682,0.162,Low
TAXP00769,44,258700,Salary,1,0,0,0,-0.133,0.098,0.962,Low,3.0,1197.66,399.22,0.0,0.0,0.141879532248118,0.085,Low
TAXP00770,55,2181700,Multiple,1,2,40000,0,0.228,0.438,0.657,Medium,5.0,10884.21,2176.84,0.0,0.0,0.18650901661866004,0.273,Low
TAXP00771,36,2257100,Business,1,1,0,1,0.094,0.394,0.858,Low,32.0,25528.13,797.75,1.0,0.03125,0.37373572402966454,0.246,Low
TAXP00772,47,1729500,Business,1,1,0,0,0.303,0.474,0.925,Low,29.0,49871.89,1719.72,3.0,0.10344827586206896,0.6168901746960683,0.319,Low
TAXP00773,62,781100,Salary+Investments,1,0,20000,2,0.334,0.437,0.75,Low,17.0,9683.48,569.62,0.0,0.0,0.20448376212171787,0.23,Low
TAXP00774,24,1718900,Salary,1,0,0,0,0.357,0.198,0.96,Low,32.0,42852.44,1339.14,0.0,0.0,0.2818475485169256,0.149,Low
TAXP00775,37,655700,Salary+Business,1,0,7700,1,-0.128,0.477,0.91,Low,27.0,16599.38,614.79,1.0,0.037037037037037035,0.3675761509219034,0.215,Low
TAXP00776,21,752200,Salary,1,1,0,1,0.164,0.344,0.775,Low,19.0,19411.64,1021.67,1.0,0.05263157894736842,0.3986805589641204,0.303,Low
TAXP00777,45,295800,Salary+Investments,1,1,0,0,-0.152,0.58,0.911,Low,8.0,1566.8,195.85,0.0,0.0,0.14607922034346962,0.115,Low
TAXP00778,56,865100,Business,1,2,22000,1,0.308,0.276,0.69,Medium,2.0,431.17,215.58,0.0,0.0,0.12462445459308082,0.227,Low
TAXP00779,22,678900,Salary,1,0,0,1,0.331,0.208,0.953,Low,9.0,1121.26,124.58,0.0,0.0,0.14024081892766335,0.089,Low
TAXP00780,45,254400,Salary+Investments,0,4,0,0,0.256,0.463,0.737,Low,36.0,15276.27,424.34,1.0,0.027777777777777776,0.3642798769715686,0.309,Low
TAXP00781,39,626500,Salary,1,1,0,0,0.032,0.39,0.852,Low,14.0,4953.59,353.83,0.0,0.0,0.182402735462997,0.163,Low
TAXP00782,56,613700,Salary,0,3,9100,0,0.187,0.07,0.673,Medium,15.0,4805.61,320.37,0.0,0.0,0.18417395744857065,0.263,Low
TAXP00783,30,2371400,Salary+Business,1,0,0,0,0.012,0.351,0.98,Low,29.0,33737.79,1163.37,0.0,0.0,0.2670299459885289,0.131,Low
TAXP00784,28,1237400,Business,1,0,6800,0,0.102,0.23,0.972,Low,,,,,,,,Low
TAXP00785,25,655400,Salary+Investments,1,0,2200,0,0.085,0.346,0.876,Low,21.0,9591.7,456.75,2.0,0.09523809523809523,0.52966984461422,0.307,Low
TAXP00786,39,777500,Professional,1,2,0,1,-0.22,0.376,0.789,Low,17.0,6558.07,385.77,0.0,0.0,0.19603912726705686,0.204,Low
TAXP00787,42,671000,Professional,1,1,0,1,-0.03,0.107,0.98,Low,15.0,4574.03,304.94,0.0,0.0,0.18310490335158833,0.093,Low
TAXP00788,62,561600,Salary,1,1,0,1,0.463,0.524,0.841,Low,38.0,19477.06,512.55,2.0,0.05263157894736842,0.45823301536397654,0.294,Low
TAXP00789,41,298200,Salary,1,1,0,0,0.086,0.282,0.926,Low,9.0,2473.97,274.89,0.0,0.0,0.15733045979160368,0.111,Low
TAXP00790,28,583000,Multiple,1,2,0,0,0.126,0.283,0.852,Low,27.0,9302.04,344.52,1.0,0.037037037037037035,0.3550281244715279,0.241,Low
TAXP00791,52,379900,Salary,1,1,0,1,0.099,0.131,0.885,Low,21.0,6172.43,293.93,0.0,0.0,0.20583843085377096,0.156,Low
TAXP00792,23,264200,Business,0,1,0,1,0.034,0.241,0.818,Low,3.0,871.15,290.38,0.0,0.0,0.13498783421191982,0.161,Low
TAXP00793,36,939200,Salary,1,2,33200,0,0.106,0.506,0.701,Low,22.0,14014.45,637.02,0.0,0.0,0.22651611810020522,0.266,Low
TAXP00794,50,861500,Salary,1,1,0,1,0.035,0.252,0.908,Low,36.0,24122.08,670.06,1.0,0.027777777777777776,0.37418101020807804,0.219,Low
TAXP00795,32,179600,Business,1,2,0,2,-0.265,0.592,0.705,Low,38.0,15903.41,418.51,5.0,0.13157894736842105,0.7143671770056329,0.484,Medium
TAXP00796,47,595000,Salary+Business,1,2,0,1,0.226,0.229,0.839,Low,11.0,11523.33,1047.58,1.0,0.09090909090909091,0.49416710808803604,0.311,Low
TAXP00797,41,1331300,Salary+Business,1,2,0,0,0.358,0.089,0.896,Low,7.0,7339.7,1048.53,1.0,0.14285714285714285,0.6499291339176086,0.35,Low
TAXP00798,63,1393600,Salary+Investments,1,0,0,0,-0.086,0.318,0.972,Low,28.0,23006.18,821.65,3.0,0.10714285714285714,0.6091359597823829,0.29,Low
TAXP00799,33,1360500,Salary,0,0,297600,1,0.034,0.287,0.02,High,22.0,23661.26,1075.51,0.0,0.0,0.23787531822405766,0.646,Medium
TAXP00800,61,668500,Business,1,3,0,0,0.34,0.107,0.776,Low,16.0,7164.03,447.75,1.0,0.0625,0.4015952966738966,0.304,Low
TAXP00801,49,353700,Salary,1,0,0,0,-0.023,0.062,0.953,Low,6.0,799.76,133.29,0.0,0.0,0.1299320420304229,0.084,Low
TAXP00802,54,297900,Salary+Business,1,1,22000,0,0.162,0.091,0.78,Low,33.0,14578.22,441.76,0.0,0.0,0.26172027678793086,0.239,Low
TAXP00803,28,833000,Salary,1,0,0,0,0.792,0.268,0.969,Low,25.0,21467.28,858.69,2.0,0.08,0.5087562123112084,0.246,Low
TAXP00804,21,854100,Business,0,0,15000,1,0.201,0.223,0.706,Low,20.0,13261.14,663.06,2.0,0.1,0.5495415179364851,0.409,Medium
TAXP00805,53,1642300,Salary,1,0,0,0,0.111,0.283,0.937,Low,47.0,51939.22,1105.09,1.0,0.02127659574468085,0.4067158783787579,0.218,Low
TAXP00806,42,1435100,Salary+Business,0,0,162900,0,0.241,0.101,0.051,High,11.0,8995.25,817.75,1.0,0.09090909090909091,0.48879469403614123,0.742,High
TAXP00807,34,591000,Salary+Business,1,1,10500,1,0.224,0.328,0.844,Low,32.0,18435.05,576.1,1.0,0.03125,0.36667745349635067,0.251,Low
TAXP00808,61,265400,Salary+Investments,1,0,6500,0,-0.006,0.059,0.98,Low,41.0,12596.38,307.23,1.0,0.024390243902439025,0.3657156699135454,0.176,Low
TAXP00809,35,516600,Salary,1,2,0,0,-0.178,0.169,0.93,Low,5.0,952.67,190.53,0.0,0.0,0.13372003794989312,0.099,Low
TAXP00810,40,760000,Multiple,0,2,0,0,0.195,0.311,0.707,Low,6.0,1125.67,187.61,0.0,0.0,0.1373077405750615,0.223,Low
TAXP00811,53,562000,Salary,0,1,53800,0,0.219,0.382,0.471,Medium,21.0,10467.36,498.45,1.0,0.047619047619047616,0.3744200956674339,0.459,Medium
TAXP00812,64,428800,Salary,1,1,0,1,0.052,0.066,0.905,Low,78.0,30165.83,386.74,4.0,0.05128205128205128,0.4986577660897424,0.277,Low
TAXP00813,61,779800,Salary,1,0,0,0,0.363,0.225,0.958,Low,14.0,7165.55,511.82,0.0,0.0,0.1904003025274166,0.109,Low
TAXP00814,50,452200,Salary,1,0,0,0,0.331,0.161,0.98,Low,11.0,3347.47,304.32,0.0,0.0,0.1673745863962253,0.086,Low
TAXP00815,25,413500,Business,1,0,0,0,0.224,0.146,0.891,Low,9.0,881.71,97.97,1.0,0.1111111111111111,0.5017353885874052,0.286,Low
TAXP00816,25,813400,Salary,1,0,0,0,0.055,0.13,0.98,Low,12.0,15832.17,1319.35,1.0,0.08333333333333333,0.47809310037402203,0.226,Low
TAXP00817,52,486600,Salary,1,1,0,0,-0.235,0.325,0.925,Low,17.0,8221.95,483.64,1.0,0.058823529411764705,0.3950553443932137,0.219,Low
TAXP00818,43,774900,Professional,1,0,0,1,0.072,0.216,0.929,Low,28.0,14737.11,526.33,3.0,0.10714285714285714,0.5994791646955148,0.309,Low
TAXP00819,26,791300,Salary+Investments,1,0,0,0,-0.194,0.248,0.98,Low,23.0,19827.13,862.05,0.0,0.0,0.23699772688762863,0.118,Low
TAXP00820,52,286200,Professional,1,0,0,0,-0.277,0.312,0.943,Low,45.0,19054.96,423.44,3.0,0.06666666666666667,0.5278614713089034,0.269,Low
TAXP00821,63,459700,Business,1,1,0,0,0.204,0.373,0.854,Low,12.0,9153.9,762.82,0.0,0.0,0.19120839175994983,0.166,Low
TAXP00822,23,1830200,Salary,1,0,47300,0,0.288,0.217,0.723,Low,31.0,45600.24,1470.98,1.0,0.03225806451612903,0.38641513161362895,0.326,Low
TAXP00823,58,281500,Salary+Business,1,0,0,0,-0.212,0.276,0.932,Low,47.0,14548.38,309.54,4.0,0.0851063829787234,0.5897705585227552,0.303,Low
TAXP00824,36,150000,Salary,1,1,0,1,0.059,0.308,0.938,Low,24.0,7715.71,321.49,1.0,0.041666666666666664,0.3570432104486566,0.195,Low
TAXP00825,38,170100,Salary,0,1,30600,0,0.097,0.31,0.672,Medium,4.0,614.63,153.66,0.0,0.0,0.12515472870901548,0.237,Low
TAXP00826,53,663800,Salary,1,2,0,1,0.053,0.327,0.817,Low,14.0,7876.85,562.63,0.0,0.0,0.19245162891691886,0.187,Low
TAXP00827,32,664600,Professional,1,0,0,1,-0.121,0.212,0.98,Low,20.0,7913.98,395.7,0.0,0.0,0.20835431498518636,0.105,Low
TAXP00828,28,597200,Salary,1,1,0,0,0.313,0.253,0.898,Low,11.0,4327.31,393.39,0.0,0.0,0.17293353700028163,0.134,Low
TAXP00829,64,1558000,Professional,0,2,0,0,-0.116,0.022,0.788,Low,5.0,2440.32,488.06,0.0,0.0,0.15407601111936886,0.186,Low
TAXP00830,36,150000,Salary,1,0,0,1,-0.212,0.13,0.914,Low,5.0,1677.33,335.47,0.0,0.0,0.1459547926530822,0.113,Low
TAXP00831,28,864400,Business,1,3,0,0,-0.12,0.119,0.849,Low,46.0,27529.32,598.46,1.0,0.021739130434782608,0.39101930312477545,0.259,Low
TAXP00832,52,2000600,Business,1,1,6600,0,0.177,0.317,0.883,Low,33.0,29328.44,888.74,1.0,0.030303030303030304,0.37687480719128164,0.234,Low
TAXP00833,30,288600,Salary,1,0,0,0,0.057,0.273,0.98,Low,6.0,652.53,108.76,0.0,0.0,0.12555053885517758,0.067,Low
TAXP00834,55,494500,Business,0,2,0,0,-0.023,0.469,0.777,Low,13.0,6876.19,528.94,0.0,0.0,0.18719151435642406,0.207,Low
TAXP00835,24,378000,Professional,1,1,0,0,0.184,0.304,0.894,Low,2.0,561.89,280.94,0.0,0.0,0.1303512507079274,0.117,Low
TAXP00836,44,341400,Business,0,0,0,1,0.153,0.282,0.842,Low,12.0,3044.39,253.7,0.0,0.0,0.16736009523890677,0.162,Low
TAXP00837,39,513900,Salary,1,0,0,0,-0.269,0.227,0.98,Low,7.0,2705.35,386.48,0.0,0.0,0.1568632524813249,0.082,Low
TAXP00838,64,1816700,Professional,0,1,138400,0,0.183,0.215,0.102,High,39.0,38514.33,987.55,2.0,0.05128205128205128,0.47192168006464996,0.706,High
TAXP00839,44,2440300,Salary,1,1,51700,0,0.289,0.124,0.669,Medium,51.0,134953.59,2646.15,3.0,0.058823529411764705,0.5652564163182425,0.436,Medium
TAXP00840,62,510300,Salary,1,1,0,1,0.08,0.081,0.865,Low,47.0,17323.91,368.59,1.0,0.02127659574468085,0.3829126155457192,0.247,Low
TAXP00841,32,2562200,Salary,1,0,0,1,0.062,0.251,0.913,Low,4.0,7365.62,1841.4,2.0,0.5,1.0,0.498,Medium
TAXP00842,42,666900,Business,1,1,0,0,0.403,0.454,0.907,Low,5.0,6369.68,1273.94,0.0,0.0,0.17488212748554677,0.13,Low
TAXP00843,57,2297600,Salary,0,1,0,0,-0.014,0.339,0.859,Low,9.0,21690.67,2410.07,0.0,0.0,0.20440450175441444,0.17,Low
TAXP00844,28,607800,Professional,0,2,0,1,0.073,0.316,0.594,Medium,18.0,13069.13,726.06,2.0,0.1111111111111111,0.5803333732531066,0.484,Medium
TAXP00845,62,714300,Salary,1,3,0,0,0.153,0.531,0.796,Low,1.0,344.04,344.04,0.0,0.0,0.13081493066672295,0.171,Low
TAXP00846,55,845700,Salary+Business,1,1,0,0,0.108,0.273,0.888,Low,5.0,637.0,127.4,1.0,0.2,0.7850360027506188,0.415,Medium
TAXP00847,51,6410800,Salary,0,2,0,0,0.056,0.195,0.847,Low,8.0,18931.73,2366.47,0.0,0.0,0.20008659230354267,0.174,Low
TAXP00848,31,1199800,Professional,1,1,0,2,0.114,0.395,0.82,Low,5.0,4755.26,951.05,0.0,0.0,0.16854074726163126,0.175,Low
TAXP00849,57,390600,Salary+Business,1,0,0,0,0.351,0.184,0.975,Low,6.0,2943.24,490.54,0.0,0.0,0.15810723812965505,0.085,Low
TAXP00850,58,1305900,Salary,0,2,0,0,0.229,0.122,0.777,Low,19.0,20874.83,1098.68,0.0,0.0,0.22657289463436275,0.225,Low
TAXP00851,34,500900,Salary,0,1,0,0,0.088,0.237,0.777,Low,25.0,12633.27,505.33,5.0,0.2,0.8932608155466595,0.525,Medium
TAXP00852,47,456800,Business,0,3,0,0,-0.038,0.138,0.733,Low,40.0,7698.63,192.47,0.0,0.0,0.27119285035793894,0.269,Low
TAXP00853,23,1250300,Multiple,1,0,0,0,-0.017,0.37,0.977,Low,3.0,2039.04,679.68,0.0,0.0,0.15341173235920186,0.082,Low
TAXP00854,38,664700,Multiple,1,1,0,0,0.252,0.074,0.931,Low,22.0,9386.49,426.66,1.0,0.045454545454545456,0.3678292578787453,0.203,Low
TAXP00855,27,794400,Salary,1,0,0,1,-0.155,0.362,0.904,Low,22.0,13011.46,591.43,3.0,0.13636363636363635,0.6749062415204451,0.357,Low
TAXP00856,46,656600,Salary+Business,1,3,5300,1,0.485,0.368,0.759,Low,50.0,28731.76,574.64,3.0,0.06,0.5320856786572953,0.372,Low
TAXP00857,45,828200,Salary,0,2,0,2,0.095,0.31,0.615,Medium,16.0,11706.94,731.68,1.0,0.0625,0.41224080159534254,0.397,Low
TAXP00858,44,882700,Salary,1,2,0,0,-0.121,0.421,0.878,Low,9.0,6859.34,762.15,0.0,0.0,0.17942445626987466,0.148,Low
TAXP00859,51,161200,Professional,1,0,0,1,0.129,0.313,0.915,Low,15.0,4585.93,305.73,2.0,0.13333333333333333,0.623161139752337,0.327,Low
TAXP00860,62,1050400,Business,1,1,0,0,-0.028,0.099,0.889,Low,18.0,8490.88,471.72,1.0,0.05555555555555555,0.38765144716068933,0.235,Low
TAXP00861,29,320500,Business,1,1,0,0,0.033,0.46,0.804,Low,38.0,15289.63,402.36,4.0,0.10526315789473684,0.6266724863141964,0.39,Low
TAXP00862,30,230100,Salary+Investments,1,1,0,1,-0.142,0.214,0.857,Low,34.0,10708.94,314.97,4.0,0.11764705882352941,0.6465507305501432,0.37,Low
TAXP00863,30,623200,Salary,1,1,0,0,0.062,0.492,0.961,Low,5.0,2505.41,501.08,0.0,0.0,0.15464645843902058,0.091,Low
TAXP00864,62,690500,Professional,1,0,38500,0,-0.24,0.298,0.767,Low,14.0,5697.2,406.94,1.0,0.07142857142857142,0.4211460997859913,0.318,Low
TAXP00865,25,394500,Salary,1,1,39000,0,0.004,0.535,0.638,Medium,15.0,4034.58,268.97,1.0,0.06666666666666667,0.4003893600154165,0.379,Low
TAXP00866,22,1182400,Salary,1,1,0,0,-0.032,0.306,0.929,Low,15.0,10370.09,691.34,0.0,0.0,0.2008393563362635,0.129,Low
TAXP00867,28,247300,Salary,1,0,0,0,0.02,0.201,0.95,Low,28.0,11365.41,405.91,0.0,0.0,0.24027859297612925,0.136,Low
TAXP00868,55,484900,Multiple,1,1,8700,1,-0.022,0.116,0.817,Low,7.0,2484.43,354.92,0.0,0.0,0.15501840206855771,0.17,Low
TAXP00869,47,426600,Business,1,1,0,1,0.105,0.095,0.912,Low,28.0,7757.11,277.04,2.0,0.07142857142857142,0.46772343723659154,0.259,Low
TAXP00870,62,628600,Salary,1,1,8300,1,0.242,0.513,0.728,Low,15.0,7308.23,487.22,0.0,0.0,0.1932539834046178,0.237,Low
TAXP00871,30,794500,Professional,1,0,37200,0,0.158,0.342,0.749,Low,5.0,7849.29,1569.86,0.0,0.0,0.17941455073816542,0.219,Low
TAXP00872,38,314600,Multiple,1,0,0,0,0.308,0.196,0.963,Low,11.0,3892.66,353.88,1.0,0.09090909090909091,0.47064110912465956,0.232,Low
TAXP00873,45,1094900,Salary+Investments,1,2,0,0,0.02,0.16,0.895,Low,69.0,43261.38,626.98,4.0,0.057971014492753624,0.5312013966637583,0.297,Low
TAXP00874,24,680200,Business,0,4,0,0,0.152,0.59,0.666,Medium,5.0,4435.49,887.1,1.0,0.2,0.8270307596894567,0.556,Medium
TAXP00875,62,166500,Salary,0,0,109900,0,0.158,0.317,0.299,High,12.0,1600.89,133.41,1.0,0.08333333333333333,0.42847990625493443,0.578,Medium
TAXP00876,57,158700,Business,1,0,0,1,0.284,0.385,0.93,Low,1.0,164.14,164.14,0.0,0.0,0.1148140863209102,0.09,Low
TAXP00877,27,644300,Salary+Business,1,2,0,1,-0.017,0.096,0.766,Low,9.0,16796.23,1866.25,0.0,0.0,0.1988540731441336,0.218,Low
TAXP00878,58,554400,Salary+Investments,1,4,0,0,0.226,0.114,0.752,Low,1.0,165.87,165.87,0.0,0.0,0.11504038540860341,0.188,Low
TAXP00879,41,603400,Salary+Business,0,2,28800,1,-0.037,0.056,0.616,Medium,3.0,781.01,260.34,0.0,0.0,0.13262461827528577,0.271,Low
TAXP00880,36,637000,Business,1,0,27400,1,0.009,0.432,0.7,Low,14.0,4024.93,287.5,0.0,0.0,0.17790876847544607,0.245,Low
TAXP00881,63,764600,Salary,1,1,0,0,0.043,0.439,0.859,Low,25.0,18978.46,759.14,0.0,0.0,0.24208372419100332,0.186,Low
TAXP00882,44,1286000,Business,1,0,0,1,0.173,0.338,0.928,Low,57.0,59163.87,1037.96,1.0,0.017543859649122806,0.4087246022109377,0.224,Low
TAXP00883,31,292100,Salary,1,0,0,0,-0.074,0.187,0.958,Low,4.0,861.3,215.32,0.0,0.0,0.1324415087173566,0.083,Low
TAXP00884,57,279500,Salary,0,0,35400,0,-0.052,0.42,0.676,Medium,4.0,649.31,162.33,0.0,0.0,0.12633914412415614,0.235,Low
TAXP00885,53,295800,Business,1,0,0,1,-0.003,0.126,0.901,Low,39.0,9733.93,249.59,1.0,0.02564102564102564,0.35750446595401686,0.215,Low
TAXP00886,29,800300,Professional,1,2,0,0,0.108,0.189,0.864,Low,14.0,7839.17,559.94,1.0,0.07142857142857142,0.4280619752744943,0.267,Low
TAXP00887,51,1592900,Salary+Investments,0,0,18200,0,-0.05,0.399,0.758,Low,4.0,2571.37,642.84,0.0,0.0,0.15612513457903354,0.203,Low
TAXP00888,49,476500,Salary+Business,1,0,0,0,0.142,0.416,0.98,Low,21.0,7259.64,345.7,0.0,0.0,0.20935034400026253,0.105,Low
TAXP00889,33,150000,Salary+Investments,1,0,0,3,0.043,0.181,0.832,Low,20.0,6058.6,302.93,2.0,0.1,0.5325699432279032,0.332,Low
TAXP00890,40,190600,Salary+Business,1,2,32600,1,0.205,0.09,0.65,Medium,17.0,11597.37,682.2,3.0,0.17647058823529413,0.7907468215358929,0.548,Medium
TAXP00891,58,356800,Salary+Business,1,1,0,0,0.11,0.294,0.872,Low,53.0,17980.68,339.26,2.0,0.03773584905660377,0.45111861640415635,0.273,Low
TAXP00892,28,435000,Salary,0,0,31400,0,0.38,0.246,0.648,Medium,31.0,6902.5,222.66,0.0,0.0,0.23904806671287368,0.301,Low
TAXP00893,53,484400,Professional,1,1,0,0,0.119,0.19,0.895,Low,27.0,6826.01,252.82,1.0,0.037037037037037035,0.34833035080648606,0.214,Low
TAXP00894,58,668300,Salary,0,1,0,1,-0.095,0.104,0.794,Low,20.0,16404.43,820.22,1.0,0.05,0.38915426152134136,0.288,Low
TAXP00895,63,519300,Salary,1,1,0,0,0.066,0.199,0.98,Low,12.0,2834.54,236.21,1.0,0.08333333333333333,0.44081552262481666,0.209,Low
TAXP00896,35,1383700,Salary,1,0,0,1,0.103,0.209,0.98,Low,29.0,27563.85,950.48,1.0,0.034482758620689655,0.37643839240208055,0.18,Low
TAXP00897,32,399500,Salary+Investments,1,0,0,2,-0.045,0.258,0.882,Low,46.0,14489.15,314.98,3.0,0.06521739130434782,0.5205925239230496,0.299,Low
TAXP00898,63,349400,Salary+Business,1,2,20700,1,0.343,0.472,0.709,Low,20.0,7043.11,352.16,0.0,0.0,0.20582956060732802,0.253,Low
TAXP00899,41,917600,Multiple,1,0,0,0,0.05,0.312,0.97,Low,20.0,30186.19,1509.31,1.0,0.05,0.40238453219274617,0.198,Low
TAXP00900,46,215100,Multiple,1,0,0,1,-0.003,0.05,0.919,Low,5.0,2441.81,488.36,0.0,0.0,0.15408923845053102,0.114,Low
TAXP00901,44,860500,Salary+Investments,1,0,0,0,0.129,0.347,0.936,Low,8.0,2816.48,352.06,0.0,0.0,0.1587648642123037,0.107,Low
TAXP00902,44,699800,Salary,1,1,0,0,-0.045,0.278,0.98,Low,18.0,6501.27,361.18,2.0,0.1111111111111111,0.5652011139742039,0.265,Low
TAXP00903,49,584500,Salary+Investments,1,0,0,0,0.255,0.071,0.887,Low,14.0,4020.59,287.18,0.0,0.0,0.1778854225668972,0.142,Low
TAXP00904,40,2039600,Salary+Investments,1,1,0,1,0.222,0.263,0.85,Low,2.0,6497.79,3248.9,0.0,0.0,0.18343645122223598,0.165,Low
TAXP00905,38,415300,Salary+Investments,1,0,0,0,0.121,0.125,0.97,Low,48.0,10958.47,228.3,3.0,0.0625,0.5125055324473973,0.247,Low
TAXP00906,39,2865200,Salary,1,0,0,1,0.195,0.305,0.913,Low,29.0,98324.35,3390.49,3.0,0.10344827586206896,0.6316242051715292,0.332,Low
TAXP00907,50,552600,Salary,1,1,0,0,0.02,0.371,0.925,Low,13.0,2874.78,221.14,0.0,0.0,0.16831132784281344,0.117,Low
TAXP00908,57,259200,Multiple,1,0,0,0,-0.14,0.11,0.942,Low,6.0,9104.69,1517.45,0.0,0.0,0.182599274559957,0.114,Low
TAXP00909,45,683600,Salary,0,1,0,1,0.048,0.485,0.766,Low,18.0,7191.95,399.55,1.0,0.05555555555555555,0.38405444298877595,0.302,Low
TAXP00910,51,299500,Salary,1,2,25300,0,0.02,0.239,0.74,Low,8.0,2756.83,344.6,1.0,0.125,0.5708013610800944,0.4,Medium
TAXP00911,39,378300,Business,1,1,0,0,-0.226,0.224,0.864,Low,26.0,6798.19,261.47,0.0,0.0,0.22291456735719725,0.175,Low
TAXP00912,55,865100,Salary,1,2,69200,0,-0.069,0.102,0.529,Medium,5.0,1684.88,336.98,0.0,0.0,0.14605202639502074,0.325,Low
TAXP00913,38,969700,Salary,1,0,0,2,-0.097,0.161,0.86,Low,35.0,33917.32,969.07,1.0,0.02857142857142857,0.38088055708751634,0.248,Low
TAXP00914,39,415300,Multiple,0,0,147700,0,-0.069,0.164,0.146,High,15.0,2714.6,180.97,0.0,0.0,0.1718238187830386,0.547,Medium
TAXP00915,23,1323300,Salary+Investments,1,1,0,0,0.313,0.01,0.905,Low,40.0,31316.64,782.92,1.0,0.025,0.3840760958342416,0.225,Low
TAXP00916,32,1495700,Salary+Investments,1,2,0,0,0.182,0.336,0.849,Low,75.0,150999.26,2013.32,5.0,0.06666666666666667,0.5852063171168138,0.346,Low
TAXP00917,54,1828200,Salary,1,2,0,0,0.254,0.076,0.887,Low,4.0,4167.91,1041.98,1.0,0.25,0.9915998904063927,0.508,Medium
TAXP00918,24,951600,Salary,1,2,0,0,0.182,0.131,0.857,Low,20.0,16753.27,837.66,0.0,0.0,0.22461063269127818,0.18,Low
TAXP00919,31,1734800,Business,1,2,44200,0,0.273,0.453,0.657,Medium,4.0,6434.38,1608.6,0.0,0.0,0.176021965959585,0.268,Low
TAXP00920,55,167800,Business,1,1,0,1,0.104,0.386,0.795,Low,8.0,2051.25,256.41,1.0,0.125,0.5644033987115544,0.367,Low
TAXP00921,60,517000,Salary,1,1,0,0,0.343,0.031,0.828,Low,12.0,2972.55,247.71,0.0,0.0,0.16684360013381158,0.17,Low
TAXP00922,39,348200,Salary+Business,1,2,0,0,-0.097,0.371,0.885,Low,3.0,427.17,142.39,0.0,0.0,0.11959055546382963,0.117,Low
TAXP00923,39,708300,Multiple,0,0,0,0,0.089,0.096,0.824,Low,35.0,23253.25,664.38,2.0,0.05714285714285714,0.46697964844204337,0.307,Low
TAXP00924,43,430800,Business,1,1,21400,0,-0.064,0.329,0.811,Low,9.0,3189.96,354.44,0.0,0.0,0.1628323218809768,0.177,Low
TAXP00925,55,576700,Salary,1,0,0,0,0.299,0.143,0.98,Low,22.0,6013.55,273.34,0.0,0.0,0.20818911247352923,0.105,Low
TAXP00926,42,2520300,Salary,1,0,0,1,0.167,0.169,0.878,Low,48.0,80440.29,1675.84,2.0,0.041666666666666664,0.486959727249882,0.286,Low
TAXP00927,28,575200,Salary,1,1,0,0,0.29,0.177,0.928,Low,5.0,1494.4,298.88,0.0,0.0,0.1434551106741267,0.104,Low
TAXP00928,40,875600,Salary,0,2,0,0,-0.125,0.247,0.733,Low,23.0,12472.01,542.26,0.0,0.0,0.22694639825311547,0.249,Low
TAXP00929,32,549900,Business,0,1,119800,0,0.004,0.176,0.13,High,32.0,14424.18,450.76,3.0,0.09375,0.5676102592206397,0.734,High
TAXP00930,51,686400,Business,1,0,10100,1,-0.185,0.348,0.833,Low,4.0,2349.87,587.47,0.0,0.0,0.15417227834998248,0.161,Low
TAXP00931,27,652800,Business,1,0,0,1,0.158,0.212,0.912,Low,5.0,1116.84,223.37,1.0,0.2,0.7971557868714686,0.407,Medium
TAXP00932,48,897600,Salary+Investments,1,2,0,0,0.031,0.438,0.895,Low,19.0,15980.3,841.07,2.0,0.10526315789473684,0.5681454669739165,0.313,Low
TAXP00933,26,1504200,Salary,1,1,0,0,0.221,0.392,0.934,Low,36.0,45158.03,1254.39,3.0,0.08333333333333333,0.571115264450491,0.293,Low
TAXP00934,64,2128300,Salary,0,1,0,0,0.105,0.042,0.828,Low,37.0,117594.39,3178.23,1.0,0.02702702702702703,0.4094031515446771,0.279,Low
TAXP00935,49,812300,Salary,1,0,0,0,-0.241,0.391,0.96,Low,9.0,11052.47,1228.05,0.0,0.0,0.18977250028841125,0.107,Low
TAXP00936,27,993700,Salary,0,1,6200,0,-0.166,0.021,0.765,Low,31.0,36054.18,1163.04,2.0,0.06451612903225806,0.48777007921252635,0.349,Low
TAXP00937,64,283800,Business,1,0,0,0,0.113,0.308,0.98,Low,38.0,10749.22,282.87,2.0,0.05263157894736842,0.44536000880350624,0.211,Low
TAXP00938,46,610100,Salary+Business,1,0,0,1,0.175,0.511,0.916,Low,11.0,4548.61,413.51,1.0,0.09090909090909091,0.4740138918400636,0.26,Low
TAXP00939,48,1279200,Salary+Investments,1,0,0,0,-0.255,0.8,0.91,Low,10.0,20875.76,2087.58,1.0,0.1,0.5352080562552252,0.29,Low
TAXP00940,23,1212500,Professional,1,1,0,1,0.087,0.191,0.876,Low,5.0,3189.45,637.89,1.0,0.2,0.819879025827083,0.437,Medium
TAXP00941,29,757000,Salary,1,1,0,0,-0.063,0.173,0.93,Low,8.0,1929.72,241.22,0.0,0.0,0.1505824972169217,0.106,Low
TAXP00942,57,1230500,Salary,1,1,0,0,-0.078,0.491,0.906,Low,14.0,9424.34,673.17,0.0,0.0,0.19634021704941157,0.14,Low
TAXP00943,42,925500,Salary,1,1,0,0,-0.005,0.057,0.975,Low,7.0,7648.2,1092.6,0.0,0.0,0.17939377349497182,0.094,Low
TAXP00944,48,1542600,Salary,1,1,0,0,0.12,0.254,0.9,Low,3.0,26507.71,8835.9,0.0,0.0,0.20907953971186677,0.149,Low
TAXP00945,65,800600,Salary+Investments,0,1,0,0,-0.013,0.39,0.752,Low,10.0,16190.15,1619.02,1.0,0.1,0.5296914986761481,0.375,Low
TAXP00946,40,503100,Business,1,1,0,1,-0.218,0.353,0.844,Low,65.0,18694.09,287.6,3.0,0.046153846153846156,0.4753225059772099,0.3,Low
TAXP00947,38,827800,Salary,1,0,0,0,0.119,0.345,0.979,Low,38.0,16841.92,443.21,0.0,0.0,0.2813988322305919,0.138,Low
TAXP00948,57,150000,Salary,1,0,0,0,0.044,0.288,0.98,Low,16.0,5757.8,359.86,0.0,0.0,0.190612074652018,0.097,Low
TAXP00949,23,856300,Salary,1,1,3200,0,-0.05,0.277,0.848,Low,26.0,19299.38,742.28,3.0,0.11538461538461539,0.6262876251084969,0.365,Low
TAXP00950,41,150000,Salary+Investments,1,0,0,0,0.051,0.258,0.977,Low,39.0,8820.86,226.18,5.0,0.1282051282051282,0.693836109830865,0.325,Low
TAXP00951,59,187900,Salary,1,1,0,0,0.044,0.318,0.873,Low,20.0,5191.14,259.56,0.0,0.0,0.19922640488870097,0.16,Low
TAXP00952,31,899900,Salary,1,0,39800,0,0.107,0.336,0.697,Medium,16.0,18113.98,1132.12,0.0,0.0,0.21545883251191375,0.264,Low
TAXP00953,34,916700,Salary,1,0,0,0,0.06,0.147,0.954,Low,21.0,16110.04,767.14,1.0,0.047619047619047616,0.38376782667588555,0.198,Low
TAXP00954,42,281500,Salary+Business,1,0,19000,0,0.126,0.111,0.85,Low,8.0,1605.83,200.73,1.0,0.125,0.5591108387980067,0.334,Low
TAXP00955,24,389300,Business,1,0,0,0,0.092,0.369,0.927,Low,16.0,2630.76,164.42,1.0,0.0625,0.37992473068504884,0.211,Low
TAXP00956,24,1743700,Professional,1,1,10500,0,0.231,0.274,0.866,Low,22.0,31354.01,1425.18,3.0,0.13636363636363635,0.6939831245165253,0.386,Low
TAXP00957,32,458700,Salary,1,0,0,0,0.354,0.338,0.98,Low,13.0,6742.87,518.68,1.0,0.07692307692307693,0.4406133246482061,0.209,Low
TAXP00958,61,3267800,Salary,1,1,0,0,0.098,0.295,0.89,Low,21.0,33122.33,1577.25,0.0,0.0,0.24226164459636634,0.17,Low
TAXP00959,30,649100,Salary+Investments,0,0,26700,0,0.001,0.227,0.773,Low,14.0,6907.85,493.42,0.0,0.0,0.18960655118198633,0.21,Low
TAXP00960,53,872000,Salary,1,0,0,0,-0.13,0.157,0.98,Low,7.0,1676.69,239.53,0.0,0.0,0.1465090816035416,0.077,Low
TAXP00961,40,2082100,Salary,1,0,0,0,0.203,0.16,0.98,Low,9.0,5779.44,642.16,0.0,0.0,0.17570994701089118,0.09,Low
TAXP00962,55,714300,Business,1,0,0,0,-0.044,0.524,0.925,Low,27.0,8308.72,307.73,0.0,0.0,0.23036121251699898,0.145,Low
TAXP00963,35,315900,Salary,1,0,0,2,0.476,0.376,0.826,Low,13.0,6892.2,530.17,0.0,0.0,0.187241919280005,0.18,Low
TAXP00964,60,600600,Salary,1,3,0,0,0.545,0.534,0.796,Low,24.0,6988.73,291.2,1.0,0.041666666666666664,0.3549013338044449,0.272,Low
TAXP00965,37,633500,Salary+Business,0,1,0,1,0.066,0.15,0.779,Low,10.0,1996.14,199.61,0.0,0.0,0.15433364815039163,0.191,Low
TAXP00966,56,243300,Business,1,0,0,0,-0.166,0.165,0.905,Low,2.0,1571.3,785.65,0.0,0.0,0.15263208884338011,0.121,Low
TAXP00967,58,540700,Salary,1,2,11900,0,0.205,0.22,0.838,Low,24.0,8587.49,357.81,0.0,0.0,0.22186088909761797,0.189,Low
TAXP00968,40,380900,Salary,0,1,78000,0,0.436,0.175,0.394,High,16.0,6817.18,426.07,0.0,0.0,0.19427012771991553,0.421,Medium
TAXP00969,51,1264600,Salary+Business,1,1,45500,0,-0.11,0.239,0.668,Medium,18.0,17698.91,983.27,1.0,0.05555555555555555,0.4035772123341346,0.364,Low
TAXP00970,26,666400,Salary,1,0,0,0,0.404,0.521,0.921,Low,18.0,9910.62,550.59,0.0,0.0,0.2076689354316023,0.137,Low
TAXP00971,43,530300,Salary,1,2,0,0,-0.196,0.197,0.854,Low,9.0,2974.64,330.52,0.0,0.0,0.1613192037548008,0.153,Low
TAXP00972,37,602200,Professional,1,5,0,0,-0.133,0.219,0.698,Medium,15.0,3954.65,263.64,1.0,0.06666666666666667,0.39995647210220175,0.346,Low
TAXP00973,63,763300,Professional,1,0,0,0,0.149,0.336,0.907,Low,78.0,51402.72,659.01,5.0,0.0641025641025641,0.5525158395650837,0.3,Low
TAXP00974,63,1013400,Multiple,1,1,0,0,0.263,0.316,0.904,Low,30.0,29947.34,998.24,2.0,0.06666666666666667,0.48763052049771316,0.272,Low
TAXP00975,56,316500,Salary,1,0,18100,0,0.089,0.554,0.832,Low,27.0,10306.93,381.74,2.0,0.07407407407407407,0.4794717727740619,0.308,Low
TAXP00976,63,307100,Salary,1,0,0,0,0.172,0.357,0.947,Low,90.0,29154.91,323.94,2.0,0.022222222222222223,0.3989236132344868,0.209,Low
TAXP00977,64,1439900,Business,1,0,0,0,0.277,0.165,0.98,Low,7.0,13498.57,1928.37,0.0,0.0,0.19172158161981903,0.097,Low
TAXP00978,55,483000,Professional,1,2,0,1,0.295,0.225,0.81,Low,17.0,7846.5,461.56,0.0,0.0,0.19992489940785674,0.194,Low
TAXP00979,47,234400,Salary,0,1,0,0,0.0,0.163,0.875,Low,19.0,8848.5,465.71,2.0,0.10526315789473684,0.5553304888691737,0.319,Low
TAXP00980,30,894700,Business,1,1,0,0,-0.038,0.276,0.91,Low,14.0,12124.95,866.07,1.0,0.07142857142857142,0.43751877324627075,0.246,Low
TAXP00981,57,907400,Salary,1,0,0,0,0.269,0.262,0.98,Low,69.0,52661.52,763.21,2.0,0.028985507246376812,0.4398126968671152,0.209,Low
TAXP00982,29,215900,Salary+Investments,1,1,79700,0,0.173,0.148,0.551,Medium,65.0,14731.71,226.64,2.0,0.03076923076923077,0.41940094944143647,0.436,Medium
TAXP00983,29,766800,Salary+Investments,1,0,0,0,0.194,0.182,0.94,Low,27.0,16916.32,626.53,2.0,0.07407407407407407,0.49020841333968,0.254,Low
TAXP00984,60,1103900,Business,1,0,0,1,-0.006,0.098,0.924,Low,5.0,31334.48,6266.9,0.0,0.0,0.2094637673227992,0.136,Low
TAXP00985,26,851100,Multiple,1,0,4500,0,0.202,0.264,0.939,Low,4.0,1399.96,349.99,0.0,0.0,0.14295090113107664,0.098,Low
TAXP00986,27,1024500,Multiple,0,1,41800,1,-0.075,0.493,0.53,Medium,32.0,20574.85,642.96,1.0,0.03125,0.36905815566685857,0.425,Medium
TAXP00987,43,236500,Salary,1,0,13800,0,0.14,0.227,0.928,Low,47.0,12662.93,269.42,5.0,0.10638297872340426,0.6569797146929621,0.335,Low
TAXP00988,47,824900,Salary,1,2,0,0,0.118,0.402,0.879,Low,12.0,7355.24,612.94,1.0,0.08333333333333333,0.46146488103830946,0.274,Low
TAXP00989,23,522700,Professional,1,1,0,0,0.119,0.453,0.877,Low,16.0,4416.64,276.04,0.0,0.0,0.1848721158886364,0.151,Low
TAXP00990,38,459100,Salary,1,0,0,0,0.225,0.231,0.972,Low,24.0,6061.49,252.56,0.0,0.0,0.214321758221044,0.112,Low
TAXP00991,31,1216500,Salary,0,1,26900,1,-0.063,0.269,0.687,Medium,9.0,15478.67,1719.85,1.0,0.1111111111111111,0.5637478226376346,0.426,Medium
TAXP00992,34,1885700,Salary,0,0,15400,0,0.208,0.24,0.807,Low,46.0,91630.47,1991.97,2.0,0.043478260869565216,0.4888452769760044,0.326,Low
TAXP00993,29,2365900,Multiple,0,4,0,0,0.103,0.088,0.707,Low,13.0,22968.97,1766.84,0.0,0.0,0.21335244617752647,0.257,Low
TAXP00994,51,1675100,Salary,1,1,0,0,-0.027,0.175,0.943,Low,19.0,57572.81,3030.15,0.0,0.0,0.24859000905983936,0.143,Low
TAXP00995,42,600600,Salary+Business,1,1,0,1,-0.111,0.317,0.875,Low,22.0,12396.3,563.47,1.0,0.045454545454545456,0.37385636362521024,0.237,Low
TAXP00996,64,837900,Salary,1,0,0,0,0.402,0.148,0.98,Low,5.0,678.83,135.77,0.0,0.0,0.12640665763751802,0.068,Low
TAXP00997,21,1129000,Salary,1,0,0,0,0.089,0.289,0.944,Low,20.0,13318.33,665.92,1.0,0.05,0.3846348230175441,0.204,Low
TAXP00998,55,709300,Salary+Investments,0,1,0,1,0.043,0.257,0.824,Low,7.0,3381.85,483.12,0.0,0.0,0.16169857909462923,0.17,Low
TAXP00999,61,714200,Salary,1,2,0,0,-0.083,0.31,0.897,Low,5.0,1610.21,322.04,1.0,0.2,0.8050706836815703,0.419,Medium
TAXP01000,42,1176200,Salary,1,0,0,0,0.274,0.391,0.917,Low,9.0,4668.93,518.77,2.0,0.2222222222222222,0.9044178935024201,0.453,Medium
TAXP01001,52,622800,Salary,1,0,0,0,0.262,0.233,0.942,Low,4.0,647.33,161.83,0.0,0.0,0.12627323299254328,0.089,Low
TAXP01002,40,384500,Professional,0,2,0,0,0.231,0.31,0.751,Low,10.0,3693.11,369.31,1.0,0.1,0.4976439053664905,0.361,Low
TAXP01003,47,482300,Salary,1,1,0,0,0.09,0.119,0.903,Low,38.0,14228.66,374.44,3.0,0.07894736842105263,0.5382727475592367,0.296,Low
TAXP01004,61,1026000,Salary,1,0,0,2,0.22,0.104,0.867,Low,19.0,17946.51,944.55,0.0,0.0,0.22329397215973756,0.174,Low
TAXP01005,44,651400,Salary,1,0,0,0,-0.032,0.194,0.976,Low,17.0,9523.44,560.2,0.0,0.0,0.2041225214354943,0.105,Low
TAXP01006,47,830400,Salary,1,0,0,1,0.135,0.318,0.889,Low,6.0,15471.09,2578.52,1.0,0.16666666666666666,0.7441061664873267,0.396,Low
TAXP01007,65,1053000,Salary,0,0,55200,0,0.091,0.267,0.549,Medium,27.0,31210.13,1155.93,2.0,0.07407407407407407,0.5034920323906906,0.475,Medium
TAXP01008,43,496300,Business,1,1,0,2,0.143,0.176,0.781,Low,32.0,16101.23,503.16,3.0,0.09375,0.5699936460558241,0.377,Low
TAXP01009,28,1120400,Salary,0,3,0,0,-0.19,0.351,0.703,Low,80.0,90551.69,1131.9,5.0,0.0625,0.5589593719250876,0.415,Medium
TAXP01010,51,853800,Salary,1,1,0,0,0.399,0.285,0.909,Low,44.0,28451.77,646.63,3.0,0.06818181818181818,0.5381152835288581,0.292,Low
TAXP01011,52,267200,Professional,1,1,0,2,0.359,0.372,0.788,Low,11.0,11329.77,1029.98,0.0,0.0,0.19379961691540126,0.204,Low
TAXP01012,31,1836200,Salary+Business,1,1,0,0,-0.084,0.116,0.936,Low,7.0,5613.73,801.96,0.0,0.0,0.17268558843401224,0.113,Low
TAXP01013,53,453200,Salary,1,1,11600,0,0.192,0.112,0.806,Low,18.0,4082.04,226.78,0.0,0.0,0.18846391233987225,0.192,Low
TAXP01014,23,197400,Salary,1,0,0,0,-0.138,0.113,0.962,Low,27.0,8936.17,330.97,4.0,0.14814814814814814,0.720826025810329,0.345,Low
TAXP01015,35,306300,Salary,1,1,0,0,0.113,0.111,0.961,Low,10.0,2847.82,284.78,2.0,0.2,0.8220173231732426,0.391,Low
TAXP01016,59,311600,Multiple,1,2,2100,1,-0.251,0.198,0.863,Low,3.0,933.28,311.09,0.0,0.0,0.13647882214473808,0.137,Low
TAXP01017,48,674900,Salary,1,3,0,1,0.053,0.098,0.742,Low,26.0,12535.1,482.12,2.0,0.07692307692307693,0.49000953784904766,0.362,Low
TAXP01018,48,533700,Salary,1,1,0,0,0.022,0.411,0.924,Low,19.0,5491.22,289.01,2.0,0.10526315789473684,0.5449988849237053,0.287,Low
TAXP01019,48,510000,Business,1,0,0,0,0.285,0.204,0.951,Low,9.0,10325.55,1147.28,1.0,0.1111111111111111,0.5549631044851654,0.277,Low
TAXP01020,28,1015500,Salary,1,0,0,0,0.367,0.489,0.93,Low,47.0,37599.31,799.99,3.0,0.06382978723404255,0.5401331250702296,0.282,Low
TAXP01021,64,830200,Salary,1,0,17300,1,0.371,0.151,0.795,Low,5.0,779.89,155.98,0.0,0.0,0.12939968735341734,0.171,Low
TAXP01022,34,816100,Salary,0,1,4800,1,0.285,0.545,0.706,Low,23.0,21292.47,925.76,2.0,0.08695652173913043,0.5255008251745112,0.398,Low
TAXP01023,56,873100,Professional,1,1,0,1,0.113,0.363,0.856,Low,7.0,13311.02,1901.57,0.0,0.0,0.1914179191096717,0.165,Low
TAXP01024,65,1012900,Professional,1,1,0,0,0.162,0.097,0.953,Low,4.0,1217.36,304.34,0.0,0.0,0.1399253516604991,0.089,Low
TAXP01025,31,150000,Professional,0,2,0,0,0.161,0.351,0.645,Medium,14.0,3509.46,250.68,0.0,0.0,0.17494392201094966,0.274,Low
TAXP01026,49,500000,Salary+Business,1,0,0,0,-0.089,0.531,0.968,Low,1.0,54.35,54.35,0.0,0.0,0.09107737418599572,0.059,Low
TAXP01027,22,150000,Salary,1,0,0,0,0.283,0.685,0.895,Low,5.0,949.37,189.87,0.0,0.0,0.13364508282508025,0.118,Low
TAXP01028,49,667100,Salary+Investments,1,1,36600,2,0.21,0.104,0.542,Medium,4.0,666.09,166.52,0.0,0.0,0.12688983519608732,0.309,Low
TAXP01029,40,647800,Salary+Business,1,0,0,0,0.218,0.096,0.939,Low,2.0,1161.92,580.96,0.0,0.0,0.14608767393812958,0.099,Low
TAXP01030,24,1379900,Salary+Business,1,0,0,0,-0.265,0.288,0.956,Low,18.0,43443.34,2413.52,3.0,0.16666666666666666,0.7897296187432504,0.38,Low
TAXP01031,51,1528500,Salary+Business,1,0,36800,1,0.172,0.341,0.71,Low,14.0,32779.65,2341.4,3.0,0.21428571428571427,0.9305277576625439,0.578,Medium
TAXP01032,64,752200,Salary,0,0,5400,0,0.261,0.391,0.826,Low,23.0,11892.33,517.06,0.0,0.0,0.22591487248796616,0.197,Low
TAXP01033,24,453400,Salary,0,1,0,0,0.098,0.061,0.763,Low,4.0,893.6,223.4,0.0,0.0,0.13323731503598413,0.19,Low
TAXP01034,61,921800,Business,0,1,0,0,0.02,0.093,0.831,Low,34.0,27211.01,800.32,1.0,0.029411764705882353,0.37558243348276443,0.262,Low
TAXP01035,58,444500,Salary,1,1,15300,0,-0.118,0.116,0.858,Low,35.0,5969.52,170.56,0.0,0.0,0.24897531749072216,0.19,Low
TAXP01036,45,649300,Business,1,2,0,0,-0.129,0.051,0.925,Low,40.0,13525.46,338.14,0.0,0.0,0.2833813618955746,0.169,Low
TAXP01037,61,1322100,Salary,1,1,0,0,0.125,0.055,0.951,Low,18.0,19282.14,1071.23,1.0,0.05555555555555555,0.40543583473527506,0.209,Low
TAXP01038,34,435000,Salary,1,0,0,1,0.062,0.177,0.926,Low,18.0,4162.33,231.24,0.0,0.0,0.18888503562957898,0.126,Low
TAXP01039,53,1161000,Multiple,1,1,10200,2,0.06,0.268,0.732,Low,24.0,22522.68,938.44,1.0,0.041666666666666664,0.38026108591548724,0.319,Low
TAXP01040,52,1058600,Professional,1,0,0,0,0.345,0.164,0.954,Low,24.0,21227.33,884.47,1.0,0.041666666666666664,0.3789762627428638,0.196,Low
TAXP01041,47,326900,Business,1,3,0,0,-0.101,0.164,0.799,Low,20.0,2299.37,114.97,1.0,0.05,0.34664828488620514,0.267,Low
TAXP01042,58,1310500,Salary,1,0,0,1,0.045,0.056,0.98,Low,10.0,9976.88,997.69,0.0,0.0,0.18918704758806093,0.096,Low
TAXP01043,60,1074900,Business,1,2,9700,1,0.371,0.447,0.691,Medium,32.0,24443.86,763.87,5.0,0.15625,0.7852944699506028,0.523,Medium
TAXP01044,56,699500,Salary+Investments,1,1,0,0,0.05,0.464,0.951,Low,18.0,16811.12,933.95,2.0,0.1111111111111111,0.5857942180453495,0.291,Low
TAXP01045,47,375400,Professional,1,0,0,0,0.111,0.122,0.954,Low,1.0,169.57,169.57,0.0,0.0,0.1155166041705515,0.077,Low
TAXP01046,64,350100,Professional,1,2,0,0,0.072,0.414,0.97,Low,21.0,13909.97,662.38,2.0,0.09523809523809523,0.5377266360277658,0.258,Low
TAXP01047,46,441400,Business,1,1,0,0,0.213,0.529,0.885,Low,14.0,5753.1,410.94,1.0,0.07142857142857142,0.42135760525617855,0.253,Low
TAXP01048,49,960700,Salary,1,1,900,0,-0.229,0.378,0.864,Low,18.0,32213.78,1789.65,1.0,0.05555555555555555,0.4165720166009429,0.262,Low
TAXP01049,29,326700,Professional,1,4,0,1,0.067,0.225,0.766,Low,29.0,9173.57,316.33,1.0,0.034482758620689655,0.352594041591945,0.287,Low
TAXP01050,35,890700,Multiple,1,1,0,0,0.109,0.639,0.882,Low,13.0,13118.17,1009.09,3.0,0.23076923076923078,0.9627367267967301,0.498,Medium
TAXP01051,61,265800,Business,0,1,0,1,-0.06,0.355,0.712,Low,22.0,7121.51,323.7,1.0,0.045454545454545456,0.361848849542045,0.321,Low
TAXP01052,43,561200,Salary,1,0,0,0,0.155,0.445,0.921,Low,57.0,34342.36,602.5,4.0,0.07017543859649122,0.5706126019522538,0.3,Low
TAXP01053,44,703400,Business,1,0,0,0,0.226,0.248,0.98,Low,15.0,11585.27,772.35,2.0,0.13333333333333333,0.6432422459034913,0.3,Low
TAXP01054,57,3780000,Business,1,1,0,0,0.172,0.349,0.873,Low,25.0,104770.43,4190.82,1.0,0.04,0.4111591751352445,0.255,Low
TAXP01055,35,241100,Multiple,1,0,8700,0,0.385,0.223,0.85,Low,43.0,14127.98,328.56,2.0,0.046511627906976744,0.44801228519775776,0.284,Low
TAXP01056,32,1875900,Salary+Business,1,0,14100,0,0.031,0.195,0.863,Low,16.0,30905.69,1931.61,1.0,0.0625,0.4333021172873292,0.27,Low
TAXP01057,21,724000,Salary,1,4,0,0,0.18,0.028,0.843,Low,18.0,10727.31,595.96,1.0,0.05555555555555555,0.3927187702809383,0.263,Low
TAXP01058,31,873900,Salary,1,0,0,0,0.176,0.135,0.98,Low,4.0,675.64,168.91,0.0,0.0,0.12719712464756347,0.068,Low
TAXP01059,44,707800,Business,1,0,19000,0,0.062,0.113,0.884,Low,9.0,1490.64,165.63,0.0,0.0,0.14638124648003797,0.13,Low
TAXP01060,53,895300,Salary,1,0,0,0,0.281,0.149,0.948,Low,23.0,21272.66,924.9,1.0,0.043478260869565216,0.3820023738832567,0.201,Low
TAXP01061,35,581900,Business,1,0,17800,0,0.146,0.361,0.833,Low,21.0,6540.65,311.46,0.0,0.0,0.20709252115764357,0.185,Low
TAXP01062,40,1851800,Salary+Business,1,1,0,0,-0.092,0.369,0.939,Low,16.0,28850.31,1803.14,1.0,0.0625,0.43180852105270207,0.228,Low
TAXP01063,30,467900,Professional,1,2,0,1,0.22,0.146,0.831,Low,15.0,4418.58,294.57,0.0,0.0,0.18235658662648457,0.175,Low
TAXP01064,57,1468800,Salary,1,5,0,2,0.02,0.463,0.648,Medium,12.0,11767.8,980.65,0.0,0.0,0.19665652713715306,0.282,Low
TAXP01065,44,408700,Salary+Business,1,1,0,0,0.048,0.466,0.939,Low,32.0,17228.51,538.39,2.0,0.0625,0.46833525970612466,0.244,Low
TAXP01066,27,622400,Salary+Business,1,1,19500,0,0.06,0.143,0.821,Low,12.0,3370.69,280.89,0.0,0.0,0.1695627647992085,0.175,Low
TAXP01067,48,300400,Salary,1,0,0,0,0.218,0.367,0.953,Low,4.0,1446.49,361.62,0.0,0.0,0.1436589007396734,0.09,Low
TAXP01068,36,902000,Professional,1,0,0,2,0.273,0.351,0.833,Low,29.0,26172.94,902.52,0.0,0.0,0.26152213431785076,0.21,Low
TAXP01069,59,1839900,Professional,1,0,0,1,0.074,0.161,0.949,Low,26.0,55919.89,2150.76,2.0,0.07692307692307693,0.5224465353755082,0.263,Low
TAXP01070,33,614800,Salary+Investments,1,0,0,0,0.065,0.305,0.942,Low,12.0,5710.3,475.86,1.0,0.08333333333333333,0.4559781760364176,0.237,Low
TAXP01071,59,564100,Salary,1,0,11000,1,-0.228,0.438,0.875,Low,24.0,9366.37,390.27,0.0,0.0,0.22374110761950283,0.169,Low
TAXP01072,52,291300,Salary,1,0,0,2,-0.014,0.199,0.895,Low,25.0,5956.76,238.27,1.0,0.04,0.34898356115415996,0.215,Low
TAXP01073,27,551100,Business,1,2,69800,0,-0.051,0.431,0.539,Medium,2.0,174.71,87.35,0.0,0.0,0.1051546092924782,0.301,Low
TAXP01074,55,206500,Salary,1,0,0,1,0.15,0.49,0.882,Low,18.0,5947.86,330.44,2.0,0.1111111111111111,0.5632748201275521,0.318,Low
TAXP01075,53,336900,Salary,1,1,0,0,0.083,0.565,0.828,Low,36.0,9333.7,259.27,2.0,0.05555555555555555,0.44528085827461594,0.295,Low
TAXP01076,41,765300,Salary+Business,1,0,0,0,-0.045,0.195,0.965,Low,12.0,2304.28,192.02,0.0,0.0,0.16133921482781677,0.092,Low
TAXP01077,28,1680200,Salary,1,3,0,0,0.124,0.075,0.849,Low,16.0,20889.37,1305.59,0.0,0.0,0.21855185649738568,0.181,Low
TAXP01078,42,4912800,Business,1,1,0,0,0.089,0.126,0.942,Low,34.0,163082.02,4796.53,1.0,0.029411764705882353,0.4144428819568151,0.218,Low
TAXP01079,48,426100,Multiple,1,1,0,0,-0.306,0.451,0.91,Low,34.0,7186.59,211.37,2.0,0.058823529411764705,0.4438055677541358,0.249,Low
TAXP01080,26,1826900,Business,1,0,0,2,0.277,0.265,0.818,Low,13.0,25148.19,1934.48,1.0,0.07692307692307693,0.4691657945072662,0.311,Low
TAXP01081,36,774700,Business,1,2,0,0,0.262,0.492,0.827,Low,26.0,25415.89,977.53,2.0,0.07692307692307693,0.5053356094120458,0.323,Low
TAXP01082,52,582900,Business,1,0,13000,0,0.062,0.437,0.944,Low,6.0,3240.77,540.13,0.0,0.0,0.1601943067631627,0.103,Low
TAXP01083,45,887500,Salary,1,0,4600,0,0.156,0.611,0.868,Low,49.0,27300.84,557.16,1.0,0.02040816326530612,0.3968416177296476,0.251,Low
TAXP01084,65,679600,Salary,0,1,0,0,0.048,0.284,0.833,Low,7.0,14282.61,2040.37,0.0,0.0,0.1929469534414708,0.179,Low
TAXP01085,30,703800,Professional,1,1,14300,1,-0.157,0.506,0.792,Low,1.0,1701.47,1701.47,0.0,0.0,0.16547540169183594,0.189,Low
TAXP01086,56,484400,Salary,1,0,66000,2,0.446,0.115,0.507,Medium,20.0,9217.15,460.86,1.0,0.05,0.3766566568529112,0.441,Medium
TAXP01087,40,237500,Salary,0,0,14100,2,0.22,0.104,0.705,Low,16.0,3983.92,249.0,1.0,0.0625,0.3888915600337697,0.337,Low
TAXP01088,31,213900,Salary,1,1,0,0,0.25,0.392,0.821,Low,91.0,29661.88,325.95,5.0,0.054945054945054944,0.5070429530332163,0.327,Low
TAXP01089,63,1040300,Salary+Investments,1,1,0,1,0.054,0.466,0.862,Low,32.0,27117.65,847.43,1.0,0.03125,0.3750457817375338,0.245,Low
TAXP01090,49,532600,Salary,1,1,0,0,0.28,0.512,0.863,Low,5.0,863.45,172.69,0.0,0.0,0.1315964866239674,0.135,Low
TAXP01091,45,423200,Salary+Business,1,1,0,0,-0.119,0.237,0.977,Low,14.0,12356.41,882.6,3.0,0.21428571428571427,0.9093574928873867,0.422,Medium
TAXP01092,34,654000,Salary,1,1,0,0,0.061,0.42,0.929,Low,13.0,42843.06,3295.62,1.0,0.07692307692307693,0.48072983767042415,0.255,Low
TAXP01093,60,1152100,Business,1,4,0,0,0.218,0.215,0.783,Low,13.0,9380.34,721.56,1.0,0.07692307692307693,0.44777025634308826,0.321,Low
TAXP01094,22,740100,Salary,0,1,146100,0,-0.0,0.329,0.02,High,21.0,10864.68,517.37,2.0,0.09523809523809523,0.5323703510043534,0.779,High
TAXP01095,26,405300,Salary,1,0,28400,0,0.246,0.28,0.848,Low,15.0,3235.29,215.69,2.0,0.13333333333333333,0.6156149705997668,0.361,Low
TAXP01096,29,1571700,Business,1,1,0,1,0.149,0.141,0.838,Low,4.0,11712.71,2928.18,0.0,0.0,0.18902340842759918,0.174,Low
TAXP01097,50,2026300,Professional,1,2,6200,0,0.134,0.2,0.842,Low,51.0,273186.12,5356.59,2.0,0.0392156862745098,0.5158600789095822,0.319,Low
TAXP01098,25,928000,Salary,0,3,30700,0,-0.015,0.123,0.557,Medium,17.0,7800.33,458.84,0.0,0.0,0.19979702724320153,0.334,Low
TAXP01099,56,1310300,Business,1,1,0,3,0.165,0.124,0.807,Low,1.0,170.24,170.24,0.0,0.0,0.1156017325818917,0.158,Low
TAXP01100,29,1589500,Business,1,1,32600,0,0.409,0.084,0.786,Low,43.0,72568.96,1687.65,1.0,0.023255813953488372,0.4067484820654199,0.301,Low
TAXP01101,51,1466500,Salary,0,0,0,0,0.128,0.349,0.914,Low,89.0,98693.72,1108.92,4.0,0.0449438202247191,0.5005790231731473,0.273,Low
TAXP01102,56,1011400,Business,0,0,0,0,0.189,0.496,0.809,Low,10.0,3857.87,385.79,0.0,0.0,0.16858916734863721,0.181,Low
TAXP01103,60,1000000,Salary,1,0,7500,0,0.213,0.467,0.88,Low,31.0,25434.11,820.46,2.0,0.06451612903225806,0.4802009198132037,0.282,Low
TAXP01104,34,944900,Business,1,1,0,0,-0.083,0.109,0.95,Low,3.0,1240.94,413.65,0.0,0.0,0.1426485011212405,0.092,Low
TAXP01105,24,295000,Salary,0,0,0,0,0.079,0.378,0.893,Low,5.0,937.64,187.53,0.0,0.0,0.13337653733637778,0.119,Low
TAXP01106,55,1076500,Business,1,1,9800,0,0.074,0.406,0.877,Low,9.0,17931.53,1992.39,1.0,0.1111111111111111,0.5669402789854103,0.323,Low
TAXP01107,41,244900,Salary,1,0,0,0,-0.24,0.305,0.942,Low,15.0,3750.7,250.05,1.0,0.06666666666666667,0.39881114815725255,0.211,Low
TAXP01108,63,366800,Business,0,1,0,1,0.226,0.345,0.729,Low,36.0,10874.56,302.07,3.0,0.08333333333333333,0.5402535898754931,0.392,Low
TAXP01109,29,1661600,Business,1,3,0,0,-0.049,0.275,0.806,Low,12.0,10992.01,916.0,0.0,0.0,0.1951771813930586,0.195,Low
TAXP01110,46,1190300,Salary+Investments,1,1,0,0,0.209,0.224,0.975,Low,12.0,9071.02,755.92,2.0,0.16666666666666666,0.7410111497156116,0.347,Low
TAXP01111,26,1896800,Business,1,1,0,0,-0.021,0.287,0.938,Low,19.0,17457.46,918.81,0.0,0.0,0.22269466852808906,0.134,Low
TAXP01112,42,534500,Salary+Business,1,0,0,1,0.427,0.12,0.916,Low,14.0,2313.3,165.24,1.0,0.07142857142857142,0.40165236674603433,0.227,Low
TAXP01113,21,283500,Salary,1,0,19500,0,0.055,0.119,0.862,Low,48.0,10615.62,221.16,1.0,0.020833333333333332,0.37431836336118063,0.244,Low
TAXP01114,54,546700,Salary,1,2,0,1,0.407,0.433,0.81,Low,30.0,13106.9,436.9,1.0,0.03333333333333333,0.3597155260754764,0.266,Low
TAXP01115,48,699500,Salary,1,2,0,0,0.072,0.238,0.86,Low,12.0,5754.31,479.53,0.0,0.0,0.1811445440917477,0.159,Low
TAXP01116,25,688000,Business,1,0,0,0,0.091,0.406,0.98,Low,37.0,36953.25,998.74,2.0,0.05405405405405406,0.47347056443415336,0.224,Low
TAXP01117,43,1470300,Professional,1,2,0,0,0.351,0.157,0.862,Low,12.0,17795.83,1482.99,0.0,0.0,0.20563017354828853,0.168,Low
TAXP01118,40,501100,Salary+Investments,0,2,0,0,-0.047,0.514,0.743,Low,44.0,28675.92,651.73,5.0,0.11363636363636363,0.6882854248337889,0.451,Medium
TAXP01119,51,837500,Business,1,1,0,1,0.108,0.483,0.861,Low,25.0,25976.21,1039.05,1.0,0.04,0.3808917621693493,0.248,Low
TAXP01120,43,319000,Professional,1,3,0,0,0.186,0.345,0.73,Low,22.0,8083.82,367.45,1.0,0.045454545454545456,0.36459311207993184,0.313,Low
TAXP01121,41,898900,Salary,1,0,0,0,0.165,0.225,0.979,Low,7.0,1595.74,227.96,1.0,0.14285714285714285,0.6168677011305271,0.289,Low
TAXP01122,58,651500,Salary,1,0,0,0,0.107,0.023,0.98,Low,16.0,6678.02,417.38,1.0,0.0625,0.4000733353330412,0.191,Low
TAXP01123,44,378800,Salary+Business,1,1,0,0,0.085,0.064,0.98,Low,18.0,9350.13,519.45,1.0,0.05555555555555555,0.3897404708390388,0.186,Low
TAXP01124,57,548500,Salary,1,0,0,1,0.235,0.418,0.859,Low,8.0,2028.18,253.52,0.0,0.0,0.15165875355896302,0.146,Low
TAXP01125,60,569300,Salary,1,1,0,1,0.128,0.371,0.878,Low,8.0,2073.01,259.13,0.0,0.0,0.15213165313838553,0.136,Low
TAXP01126,59,535100,Multiple,1,0,0,0,0.255,0.352,0.951,Low,20.0,7002.13,350.11,0.0,0.0,0.2057032054821967,0.12,Low
TAXP01127,63,2327000,Multiple,1,0,0,0,0.163,0.428,0.977,Low,1.0,2710.37,2710.37,0.0,0.0,0.17558085885096464,0.092,Low
TAXP01128,52,605500,Professional,0,1,11100,0,0.204,0.169,0.732,Low,17.0,16044.06,943.77,0.0,0.0,0.2154328016074873,0.244,Low
TAXP01129,46,545300,Salary,1,1,0,0,0.281,0.456,0.858,Low,39.0,12065.49,309.37,0.0,0.0,0.2775351626978019,0.203,Low
TAXP01130,44,150000,Salary+Investments,1,0,0,0,0.05,0.303,0.921,Low,47.0,12727.47,270.8,4.0,0.0851063829787234,0.5868769352427134,0.308,Low
TAXP01131,30,341400,Salary,1,1,0,2,0.277,0.549,0.786,Low,6.0,1786.94,297.82,0.0,0.0,0.14730002955622173,0.184,Low
TAXP01132,58,537800,Business,1,1,0,0,0.075,0.279,0.942,Low,36.0,29456.5,818.24,4.0,0.1111111111111111,0.6535134650939708,0.326,Low
TAXP01133,52,396700,Salary,0,0,0,0,-0.124,0.35,0.861,Low,6.0,2614.4,435.73,0.0,0.0,0.15554011412105292,0.146,Low
TAXP01134,60,1757800,Salary+Investments,1,1,0,0,0.047,0.187,0.931,Low,28.0,32781.36,1170.76,0.0,0.0,0.2632457746666583,0.156,Low
TAXP01135,52,577200,Salary+Investments,1,1,0,0,-0.016,0.117,0.932,Low,16.0,18501.8,1156.36,0.0,0.0,0.21591843532362548,0.135,Low
TAXP01136,42,1643600,Professional,1,1,0,1,0.16,0.205,0.854,Low,64.0,97908.22,1529.82,5.0,0.078125,0.6170585104346431,0.358,Low
TAXP01137,34,679500,Salary,1,1,0,1,0.054,0.158,0.914,Low,3.0,336.15,112.05,0.0,0.0,0.11442814504453748,0.099,Low
TAXP01138,65,667700,Business,1,0,79500,0,0.12,0.111,0.567,Medium,112.0,79529.16,710.08,6.0,0.05357142857142857,0.5193815681478946,0.472,Medium
TAXP01139,54,609700,Salary,1,2,46100,2,0.262,0.373,0.551,Medium,29.0,9865.44,340.19,2.0,0.06896551724137931,0.4679612481558779,0.458,Medium
TAXP01140,60,651800,Salary+Investments,1,2,0,0,0.338,0.209,0.87,Low,14.0,9790.21,699.3,1.0,0.07142857142857142,0.4328803513959637,0.266,Low
TAXP01141,47,2240600,Salary,0,1,25500,0,0.147,0.465,0.598,Medium,11.0,38577.5,3507.05,0.0,0.0,0.22039036154179653,0.32,Low
TAXP01142,43,150000,Salary,1,1,0,0,0.274,0.482,0.897,Low,8.0,642.59,80.32,0.0,0.0,0.12688333589094875,0.114,Low
TAXP01143,22,153800,Salary+Business,0,2,0,1,0.072,0.071,0.756,Low,32.0,10884.13,340.13,0.0,0.0,0.25213602211151903,0.248,Low
TAXP01144,24,439600,Business,1,1,0,1,-0.15,0.491,0.833,Low,19.0,7626.67,401.4,1.0,0.05263157894736842,0.3784269987421713,0.262,Low
TAXP01145,52,656800,Salary+Investments,1,2,6100,0,-0.089,0.499,0.789,Low,6.0,3809.28,634.88,1.0,0.16666666666666666,0.7136980482944816,0.437,Medium
TAXP01146,31,1068300,Salary,1,1,0,0,0.069,0.234,0.953,Low,14.0,9226.31,659.02,2.0,0.14285714285714285,0.6673083350508997,0.326,Low
TAXP01147,24,913800,Salary+Business,0,2,6800,1,0.227,0.285,0.707,Low,32.0,31114.24,972.32,0.0,0.0,0.2749028486733256,0.285,Low
TAXP01148,55,492900,Salary,1,1,0,0,0.069,0.333,0.944,Low,3.0,4356.46,1452.15,0.0,0.0,0.16988014066829726,0.107,Low
TAXP01149,48,1353800,Salary,1,0,0,1,0.29,0.257,0.922,Low,24.0,24997.15,1041.55,1.0,0.041666666666666664,0.3825223172235461,0.215,Low
TAXP01150,26,1364700,Business,1,0,0,1,0.393,0.027,0.871,Low,29.0,32360.32,1115.87,1.0,0.034482758620689655,0.3799186528909549,0.242,Low
TAXP01151,43,742100,Salary,1,0,0,1,-0.042,0.257,0.971,Low,35.0,15456.45,441.61,2.0,0.05714285714285714,0.4581274168816652,0.222,Low
TAXP01152,42,1300000,Business,1,0,0,0,0.44,0.088,0.98,Low,13.0,5967.22,459.02,0.0,0.0,0.18411896695357666,0.094,Low
TAXP01153,21,791000,Salary,0,1,0,0,-0.162,0.441,0.77,Low,13.0,21840.58,1680.04,2.0,0.15384615384615385,0.7199515217592138,0.45,Medium
TAXP01154,48,433900,Salary,1,0,0,0,0.396,0.363,0.965,Low,35.0,10265.15,293.29,0.0,0.0,0.26069356999314386,0.137,Low
TAXP01155,38,1074300,Salary+Business,1,2,0,0,0.095,0.444,0.891,Low,10.0,8484.86,848.49,2.0,0.2,0.8456733703561343,0.441,Medium
TAXP01156,60,703900,Salary,1,1,2300,0,0.063,0.311,0.884,Low,4.0,2583.95,645.99,0.0,0.0,0.1562309469371182,0.134,Low
TAXP01157,26,650600,Professional,1,1,0,0,0.099,0.393,0.905,Low,22.0,21382.81,971.95,1.0,0.045454545454545456,0.38567881485094613,0.226,Low
TAXP01158,59,1877100,Salary+Business,1,0,0,0,-0.028,0.228,0.94,Low,52.0,62768.68,1207.09,3.0,0.057692307692307696,0.5444894460043699,0.278,Low
TAXP01159,21,150000,Salary,1,0,0,1,0.34,0.191,0.885,Low,,,,,,,,Low
TAXP01160,55,234200,Salary+Business,1,1,0,0,-0.011,0.157,0.979,Low,17.0,4158.25,244.6,0.0,0.0,0.1861782410267694,0.095,Low
TAXP01161,56,276500,Salary,1,1,0,1,0.01,0.145,0.947,Low,25.0,4888.57,195.54,2.0,0.08,0.47671197302490903,0.244,Low
TAXP01162,39,500400,Salary,1,0,0,1,-0.121,0.111,0.892,Low,25.0,10760.02,430.4,2.0,0.08,0.49378314856218986,0.282,Low
TAXP01163,33,541100,Salary,1,1,0,0,-0.017,0.493,0.907,Low,9.0,3302.12,366.9,0.0,0.0,0.16358062677373328,0.125,Low
TAXP01164,27,219600,Salary+Investments,1,0,0,1,-0.012,0.166,0.827,Low,5.0,889.44,177.89,0.0,0.0,0.13223680573957813,0.155,Low
TAXP01165,36,319800,Business,1,2,0,0,-0.023,0.169,0.855,Low,19.0,3461.53,182.19,1.0,0.05263157894736842,0.3613385051977174,0.242,Low
TAXP01166,51,349700,Business,0,0,0,0,0.072,0.238,0.804,Low,10.0,3465.98,346.6,1.0,0.1,0.49626943936517076,0.331,Low
TAXP01167,53,3813600,Multiple,1,0,0,0,-0.078,0.098,0.98,Low,27.0,104251.42,3861.16,1.0,0.037037037037037035,0.4074459532936373,0.194,Low
TAXP01168,29,2378500,Salary,1,2,0,0,0.355,0.63,0.825,Low,7.0,18963.97,2709.14,0.0,0.0,0.19910040616242736,0.186,Low
TAXP01169,21,483200,Salary+Investments,1,1,0,1,0.076,0.265,0.844,Low,10.0,3013.19,301.32,1.0,0.1,0.4932388506682739,0.308,Low
TAXP01170,46,500300,Salary+Business,1,0,0,0,0.16,0.51,0.942,Low,2.0,560.37,280.18,0.0,0.0,0.13029263835909977,0.091,Low
TAXP01171,47,284200,Multiple,0,2,0,0,0.238,0.457,0.725,Low,10.0,1913.29,191.33,0.0,0.0,0.15341782575669546,0.22,Low
TAXP01172,65,164500,Salary+Investments,1,1,0,0,0.424,0.173,0.902,Low,26.0,4069.25,156.51,2.0,0.07692307692307693,0.46567219628365353,0.263,Low
TAXP01173,55,597500,Multiple,1,2,0,0,0.246,0.104,0.907,Low,18.0,10233.22,568.51,1.0,0.05555555555555555,0.39169660140059254,0.227,Low
TAXP01174,45,316900,Salary,1,1,6000,0,0.06,0.229,0.927,Low,20.0,4915.33,245.77,2.0,0.1,0.5280455787209166,0.278,Low
TAXP01175,47,611500,Salary+Business,1,1,37500,0,-0.072,0.412,0.721,Low,8.0,3435.73,429.47,2.0,0.25,0.9880693899786664,0.598,Medium
TAXP01176,50,205400,Salary+Business,1,0,16200,0,0.154,0.05,0.917,Low,9.0,6869.12,763.24,1.0,0.1111111111111111,0.546122021051841,0.291,Low
TAXP01177,41,375500,Professional,1,0,8300,2,0.27,0.19,0.853,Low,22.0,3601.04,163.68,1.0,0.045454545454545456,0.3471069359388945,0.237,Low
TAXP01178,51,723400,Salary,0,3,36000,0,0.123,0.309,0.52,Medium,8.0,2763.03,345.38,1.0,0.125,0.5708500007598342,0.521,Medium
TAXP01179,29,846100,Multiple,1,1,0,0,0.11,0.429,0.95,Low,17.0,42988.94,2528.76,0.0,0.0,0.23682049503845354,0.134,Low
TAXP01180,58,877900,Salary,1,0,0,0,0.134,0.15,0.95,Low,49.0,25741.19,525.33,3.0,0.061224489795918366,0.530260483971092,0.266,Low
TAXP01181,59,251200,Business,0,0,12700,1,-0.199,0.376,0.694,Medium,21.0,4182.2,199.15,0.0,0.0,0.197420879265633,0.257,Low
TAXP01182,40,1202700,Business,1,1,0,0,0.123,0.204,0.902,Low,19.0,14632.52,770.13,1.0,0.05263157894736842,0.392550343127456,0.231,Low
TAXP01183,41,365300,Salary,1,0,0,1,0.217,0.356,0.931,Low,26.0,5394.17,207.47,3.0,0.11538461538461539,0.5986818923757685,0.307,Low
TAXP01184,43,1025200,Salary+Business,1,0,14100,0,0.093,0.025,0.953,Low,6.0,23779.26,3963.21,1.0,0.16666666666666666,0.753437088136259,0.365,Low
TAXP01185,57,645000,Salary,1,1,0,0,0.28,0.402,0.85,Low,7.0,6629.65,947.09,1.0,0.14285714285714285,0.6477219662708971,0.374,Low
TAXP01186,28,241300,Professional,1,1,0,0,0.285,0.186,0.924,Low,12.0,2014.58,167.88,1.0,0.08333333333333333,0.43343785210254243,0.237,Low
TAXP01187,36,517700,Salary+Investments,1,0,0,0,0.019,0.351,0.944,Low,35.0,12564.12,358.97,5.0,0.14285714285714285,0.7364969707740143,0.362,Low
TAXP01188,48,845600,Salary,1,0,0,0,0.171,0.418,0.98,Low,4.0,1397.76,349.44,0.0,0.0,0.14291684758239345,0.075,Low
TAXP01189,52,1010600,Salary+Business,1,1,0,0,0.107,0.183,0.939,Low,9.0,9602.11,1066.9,0.0,0.0,0.18672053803933422,0.118,Low
TAXP01190,34,587300,Salary,1,0,0,0,-0.225,0.206,0.924,Low,19.0,7762.81,408.57,2.0,0.10526315789473684,0.5524944626203364,0.29,Low
TAXP01191,26,1958300,Salary+Investments,1,1,0,0,0.07,0.203,0.924,Low,68.0,125158.78,1840.57,3.0,0.04411764705882353,0.5088475085322752,0.271,Low
TAXP01192,43,1342600,Multiple,0,1,0,0,-0.065,0.278,0.81,Low,7.0,15093.41,2156.2,0.0,0.0,0.19414537056500572,0.192,Low
TAXP01193,49,540300,Salary,0,1,0,1,0.121,0.59,0.697,Medium,6.0,2162.63,360.44,1.0,0.16666666666666666,0.7014310112193196,0.482,Medium
TAXP01194,55,1115500,Professional,1,1,0,1,0.209,0.244,0.855,Low,40.0,25722.6,643.06,1.0,0.025,0.3798091080693991,0.251,Low
TAXP01195,21,2615700,Business,1,2,0,1,0.065,0.379,0.742,Low,22.0,40243.6,1829.25,0.0,0.0,0.24939994282074307,0.254,Low
TAXP01196,21,2666500,Business,1,0,0,0,-0.044,0.295,0.966,Low,22.0,29200.38,1327.29,3.0,0.13636363636363635,0.6924390193159221,0.33,Low
TAXP01197,38,268500,Salary+Business,0,2,0,0,0.137,0.12,0.744,Low,34.0,22807.97,670.82,4.0,0.11764705882352941,0.6629312366538916,0.439,Medium
TAXP01198,46,333600,Business,1,1,0,0,0.491,0.08,0.921,Low,7.0,615.15,87.88,0.0,0.0,0.12489074902976857,0.1,Low
TAXP01199,21,1893400,Professional,1,3,17800,0,-0.248,0.494,0.739,Low,40.0,57016.58,1425.41,4.0,0.1,0.6445748953589083,0.434,Medium
TAXP01200,28,303400,Salary,1,1,0,0,0.137,0.659,0.864,Low,22.0,3952.88,179.68,2.0,0.09090909090909091,0.4991194788482954,0.299,Low
TAXP01201,39,250800,Salary,1,0,0,0,0.013,0.097,0.98,Low,12.0,4587.25,382.27,0.0,0.0,0.17623399987873714,0.09,Low
TAXP01202,33,458000,Salary+Investments,1,2,0,0,0.032,0.176,0.853,Low,21.0,5621.75,267.7,1.0,0.047619047619047616,0.3609592685531375,0.243,Low
TAXP01203,52,879700,Salary,0,1,0,0,0.083,0.214,0.853,Low,7.0,9191.33,1313.05,0.0,0.0,0.1833813922676867,0.163,Low
TAXP01204,22,603800,Business,1,0,0,0,0.045,0.168,0.98,Low,24.0,21525.82,896.91,0.0,0.0,0.24177913906493648,0.12,Low
TAXP01205,60,406900,Salary,0,1,37900,0,0.196,0.463,0.614,Medium,6.0,1729.4,288.23,0.0,0.0,0.146591722011283,0.278,Low
TAXP01206,28,400000,Salary+Investments,1,1,0,0,0.061,0.252,0.903,Low,8.0,1485.18,185.65,1.0,0.125,0.5574235592539487,0.304,Low
TAXP01207,40,389200,Business,1,1,29600,0,-0.246,0.225,0.803,Low,11.0,2905.71,264.16,1.0,0.09090909090909091,0.46431217792486895,0.317,Low
TAXP01208,65,345100,Salary,1,1,0,1,0.305,0.121,0.855,Low,1.0,295.34,295.34,0.0,0.0,0.1275109751068528,0.137,Low
TAXP01209,50,3360200,Salary,1,1,6800,0,0.281,0.019,0.923,Low,19.0,41058.62,2160.98,0.0,0.0,0.24125224269532247,0.151,Low
TAXP01210,65,805300,Business,1,0,83300,0,0.003,0.569,0.517,Medium,20.0,17271.91,863.6,1.0,0.05,0.39027189354615305,0.441,Medium
TAXP01211,21,1230800,Multiple,1,1,0,0,0.108,0.163,0.949,Low,38.0,37836.66,995.7,1.0,0.02631578947368421,0.3857898401939758,0.202,Low
TAXP01212,53,457100,Business,0,2,0,0,0.295,0.53,0.635,Medium,8.0,2566.01,320.75,0.0,0.0,0.15674845226047127,0.271,Low
TAXP01213,24,568500,Business,1,0,0,1,0.265,0.15,0.977,Low,20.0,18996.64,949.83,2.0,0.1,0.5573364326807875,0.263,Low
TAXP01214,48,388900,Salary+Business,1,1,0,0,0.317,0.106,0.907,Low,23.0,7768.87,337.78,0.0,0.0,0.2166916616652393,0.149,Low
TAXP01215,35,150000,Salary,1,1,0,0,0.16,0.349,0.909,Low,38.0,14236.6,374.65,5.0,0.13157894736842105,0.7119690398761956,0.37,Low
TAXP01216,55,241000,Business,0,2,0,0,0.223,0.242,0.776,Low,44.0,11590.37,263.42,2.0,0.045454545454545456,0.4436634241482066,0.323,Low
TAXP01217,26,176500,Salary,1,0,8700,1,0.325,0.29,0.843,Low,26.0,5458.35,209.94,0.0,0.0,0.21816827411852005,0.185,Low
TAXP01218,61,150000,Salary,1,1,0,1,0.045,0.058,0.928,Low,11.0,3459.47,314.5,0.0,0.0,0.1680869268424742,0.115,Low
TAXP01219,42,274900,Salary+Business,1,2,15000,0,0.17,0.348,0.822,Low,30.0,8010.22,267.01,1.0,0.03333333333333333,0.34905428724838083,0.255,Low
TAXP01220,44,1687400,Salary+Investments,1,1,0,0,-0.243,0.261,0.953,Low,8.0,7812.95,976.62,0.0,0.0,0.18088089528012163,0.107,Low
TAXP01221,46,629500,Salary+Investments,1,1,0,0,-0.153,0.47,0.894,Low,6.0,4236.82,706.14,0.0,0.0,0.16600445586297946,0.133,Low
TAXP01222,22,1646100,Salary+Investments,1,1,18400,0,0.18,0.58,0.811,Low,15.0,17280.56,1152.04,0.0,0.0,0.2119155648993033,0.199,Low
TAXP01223,34,873800,Business,1,0,0,0,0.204,0.526,0.965,Low,25.0,14591.7,583.67,0.0,0.0,0.23638456175756145,0.126,Low
TAXP01224,52,1141900,Salary,1,0,46300,0,0.038,0.433,0.703,Low,32.0,34855.75,1089.24,1.0,0.03125,0.3804912133248722,0.335,Low
TAXP01225,64,339800,Professional,1,0,18400,0,0.003,0.121,0.855,Low,62.0,17981.09,290.02,4.0,0.06451612903225806,0.5360990800962093,0.321,Low
TAXP01226,65,947900,Multiple,0,1,0,0,0.043,0.057,0.875,Low,2.0,3607.64,1803.82,0.0,0.0,0.170664690577458,0.146,Low
TAXP01227,45,1098400,Salary+Business,1,0,0,0,0.131,0.289,0.952,Low,31.0,21526.33,694.4,1.0,0.03225806451612903,0.3701317807247012,0.193,Low
TAXP01228,32,429100,Business,1,0,0,0,-0.27,0.235,0.942,Low,3.0,1820.59,606.86,2.0,0.6666666666666666,1.0,0.482,Medium
TAXP01229,42,972500,Professional,1,0,0,0,0.174,0.351,0.91,Low,53.0,32853.48,619.88,0.0,0.0,0.33965015664096,0.202,Low
TAXP01230,41,977100,Salary+Business,1,0,12000,1,0.105,0.334,0.858,Low,9.0,10330.91,1147.88,1.0,0.1111111111111111,0.5549743638672883,0.328,Low
TAXP01231,38,437600,Salary+Investments,1,0,107600,0,0.14,0.431,0.339,High,29.0,7505.05,258.79,0.0,0.0,0.23445691034008181,0.469,Medium
TAXP01232,37,289600,Salary+Business,1,1,0,0,0.08,0.469,0.881,Low,4.0,2812.82,703.2,0.0,0.0,0.15807110605278146,0.137,Low
TAXP01233,60,277100,Business,1,1,0,0,-0.121,0.238,0.98,Low,16.0,3504.8,219.05,1.0,0.0625,0.3861210649503503,0.185,Low
TAXP01234,38,691800,Salary,0,2,43100,2,-0.076,0.357,0.413,High,44.0,34761.48,790.03,1.0,0.022727272727272728,0.3924586412904488,0.499,Medium
TAXP01235,22,822600,Business,1,0,0,0,0.344,0.13,0.967,Low,29.0,24774.84,854.3,2.0,0.06896551724137931,0.48791761591892796,0.238,Low
TAXP01236,53,367400,Salary,1,0,0,0,-0.003,0.154,0.95,Low,18.0,3865.97,214.78,1.0,0.05555555555555555,0.37062163534511366,0.194,Low
TAXP01237,50,662600,Multiple,1,1,13400,1,0.229,0.273,0.752,Low,9.0,2733.61,303.73,0.0,0.0,0.1594900870595756,0.208,Low
TAXP01238,38,980200,Business,1,1,6600,0,-0.073,0.456,0.903,Low,19.0,21570.09,1135.27,0.0,0.0,0.2272837080172722,0.156,Low
TAXP01239,49,1014400,Business,1,0,0,0,0.098,0.172,0.945,Low,15.0,7141.73,476.12,0.0,0.0,0.1927545817792073,0.117,Low
TAXP01240,63,1986900,Salary,0,0,0,0,0.029,0.584,0.824,Low,35.0,60541.67,1729.76,1.0,0.02857142857142857,0.39345234318320765,0.274,Low
TAXP01241,62,1630100,Professional,1,0,0,1,0.054,0.326,0.939,Low,5.0,9505.65,1901.13,0.0,0.0,0.1835697104838327,0.116,Low
TAXP01242,56,316100,Business,1,0,0,1,0.046,0.225,0.874,Low,16.0,3743.54,233.97,0.0,0.0,0.1812957314304421,0.151,Low
TAXP01243,47,2184500,Salary,1,0,0,0,0.331,0.241,0.973,Low,32.0,39502.26,1234.45,3.0,0.09375,0.5894562435925557,0.28,Low
TAXP01244,22,443500,Salary+Investments,1,1,0,1,0.408,0.127,0.865,Low,1.0,458.76,458.76,0.0,0.0,0.13704801220215151,0.136,Low
TAXP01245,44,1379200,Salary,1,2,17900,1,0.138,0.242,0.734,Low,14.0,28039.16,2002.8,0.0,0.0,0.21999450503871978,0.245,Low
TAXP01246,57,682600,Business,1,1,0,0,0.034,0.129,0.92,Low,23.0,17577.31,764.23,0.0,0.0,0.23438557725230483,0.149,Low
TAXP01247,59,483100,Salary,1,2,0,0,-0.113,0.478,0.806,Low,10.0,5707.36,570.74,0.0,0.0,0.17707534347750858,0.186,Low
TAXP01248,55,176900,Business,1,0,0,1,-0.124,0.062,0.88,Low,44.0,18758.99,426.34,1.0,0.022727272727272728,0.37908761728487395,0.237,Low
TAXP01249,65,574500,Salary+Business,1,1,0,0,0.332,0.503,0.851,Low,42.0,17472.08,416.0,4.0,0.09523809523809523,0.6099983847845952,0.356,Low
TAXP01250,44,211500,Salary+Investments,1,1,0,1,-0.135,0.774,0.877,Low,13.0,5937.39,456.72,1.0,0.07692307692307693,0.4378565343977056,0.265,Low
TAXP01251,25,1304300,Salary,1,0,0,1,0.03,0.172,0.88,Low,2.0,711.48,355.74,0.0,0.0,0.13546061680730032,0.127,Low
TAXP01252,43,1937300,Multiple,1,2,3500,1,0.125,0.22,0.788,Low,12.0,21187.15,1765.6,2.0,0.16666666666666666,0.7594155425979419,0.458,Medium
TAXP01253,35,366200,Salary+Business,1,2,0,0,-0.316,0.143,0.835,Low,16.0,4642.09,290.13,0.0,0.0,0.18594938566210323,0.174,Low
TAXP01254,58,807900,Salary,1,1,0,1,-0.1,0.34,0.874,Low,60.0,42079.68,701.33,2.0,0.03333333333333333,0.45232687552499656,0.273,Low
TAXP01255,55,385600,Salary,1,0,8100,0,-0.114,0.17,0.935,Low,5.0,2207.03,441.41,0.0,0.0,0.15189877864770918,0.104,Low
TAXP01256,40,413400,Salary,1,1,10500,1,-0.007,0.152,0.8,Low,9.0,5142.01,571.33,1.0,0.1111111111111111,0.5398431587295645,0.353,Low
TAXP01257,38,1135300,Salary+Investments,1,1,0,1,0.141,0.392,0.785,Low,14.0,9260.74,661.48,1.0,0.07142857142857142,0.43167480938457364,0.313,Low
TAXP01258,28,632200,Salary,1,0,0,0,0.264,0.291,0.948,Low,16.0,7478.94,467.43,1.0,0.0625,0.40252739094716067,0.21,Low
TAXP01259,22,2274500,Business,0,0,0,0,-0.006,0.096,0.914,Low,7.0,19224.61,2746.37,0.0,0.0,0.19939671120727154,0.137,Low
TAXP01260,35,459300,Salary+Business,1,2,0,0,0.026,0.107,0.874,Low,6.0,4418.13,736.36,0.0,0.0,0.16691311870099595,0.144,Low
TAXP01261,31,1334700,Salary+Investments,1,0,25000,1,0.081,0.404,0.782,Low,9.0,2954.34,328.26,0.0,0.0,0.1611709570049011,0.192,Low
TAXP01262,32,697200,Professional,1,0,0,0,-0.029,0.126,0.98,Low,25.0,11104.01,444.16,0.0,0.0,0.23046492686219494,0.115,Low
TAXP01263,65,1152800,Salary+Business,1,0,0,1,0.167,0.337,0.911,Low,28.0,18582.54,663.66,2.0,0.07142857142857142,0.4866481318686335,0.268,Low
TAXP01264,51,471100,Salary,1,1,0,0,0.172,0.364,0.89,Low,14.0,2765.05,197.5,2.0,0.14285714285714285,0.6412188486672311,0.349,Low
TAXP01265,45,627200,Salary+Investments,1,0,0,1,-0.335,0.572,0.836,Low,13.0,8060.52,620.04,0.0,0.0,0.19063624951170083,0.176,Low
TAXP01266,29,598100,Salary,1,0,0,0,0.202,0.202,0.98,Low,13.0,7784.62,598.82,1.0,0.07692307692307693,0.4437273610892379,0.211,Low
TAXP01267,58,356000,Salary,1,1,0,0,0.12,0.667,0.895,Low,25.0,13411.93,536.48,2.0,0.08,0.4985570994104893,0.282,Low
TAXP01268,50,1047000,Multiple,1,0,4600,0,0.141,0.405,0.931,Low,17.0,16996.66,999.8,0.0,0.0,0.21668397777701004,0.135,Low
TAXP01269,44,1038100,Salary,1,1,6700,0,0.289,0.166,0.823,Low,36.0,24493.65,680.38,2.0,0.05555555555555555,0.4661791234085617,0.307,Low
TAXP01270,41,996600,Salary,0,0,19600,0,-0.186,0.103,0.71,Low,20.0,14940.27,747.01,2.0,0.1,0.552126719537265,0.408,Medium
TAXP01271,45,1965700,Professional,0,0,0,0,-0.101,0.267,0.827,Low,28.0,45668.57,1631.02,1.0,0.03571428571428571,0.38829720348270474,0.27,Low
TAXP01272,58,1845500,Salary,1,1,0,0,0.089,0.475,0.882,Low,9.0,7841.7,871.3,0.0,0.0,0.18232728356010358,0.147,Low
TAXP01273,53,496200,Salary,0,1,13300,0,-0.271,0.231,0.736,Low,7.0,1154.55,164.94,0.0,0.0,0.13844787743867126,0.208,Low
TAXP01274,42,850300,Professional,0,1,0,0,0.066,0.564,0.746,Low,10.0,3757.88,375.79,1.0,0.1,0.49802042753999953,0.364,Low
TAXP01275,51,414900,Salary+Business,1,0,0,1,0.235,0.049,0.966,Low,55.0,18311.69,332.94,2.0,0.03636363636363636,0.44618330071776585,0.219,Low
TAXP01276,62,661000,Salary+Business,1,0,5200,1,0.163,0.134,0.883,Low,28.0,16316.74,582.74,0.0,0.0,0.248114800693657,0.176,Low
TAXP01277,35,422100,Salary,1,0,7700,0,0.113,0.363,0.98,Low,15.0,5246.16,349.74,1.0,0.06666666666666667,0.4060729314102989,0.194,Low
TAXP01278,61,2086900,Business,1,1,16800,0,0.063,0.215,0.899,Low,14.0,36594.75,2613.91,0.0,0.0,0.22577465559390908,0.157,Low
TAXP01279,48,844600,Salary+Business,1,1,0,0,0.032,0.268,0.98,Low,11.0,6681.92,607.45,0.0,0.0,0.18234828142465578,0.093,Low
TAXP01280,29,555600,Salary,1,0,0,0,0.022,0.262,0.907,Low,21.0,11763.72,560.18,0.0,0.0,0.21980782046499792,0.15,Low
TAXP01281,64,1535100,Salary,1,0,0,0,0.137,0.141,0.98,Low,40.0,44438.35,1110.96,1.0,0.025,0.3916670466415061,0.187,Low
TAXP01282,51,150000,Salary,1,0,0,1,-0.148,0.561,0.932,Low,15.0,2254.33,150.29,0.0,0.0,0.1678137545136741,0.113,Low
TAXP01283,38,152400,Business,1,1,0,0,0.334,0.061,0.842,Low,54.0,21710.95,402.05,3.0,0.05555555555555555,0.5136014158834425,0.318,Low
TAXP01284,30,1152800,Salary,0,1,92200,0,-0.018,0.327,0.351,High,70.0,68780.41,982.58,3.0,0.04285714285714286,0.4910688659924923,0.578,Medium
TAXP01285,62,678900,Salary+Business,1,1,0,0,0.189,0.169,0.907,Low,8.0,3173.51,396.69,0.0,0.0,0.16134960140554783,0.124,Low
TAXP01286,58,778400,Multiple,0,1,0,2,0.113,0.608,0.693,Medium,9.0,5172.57,574.73,0.0,0.0,0.17330494078082473,0.247,Low
TAXP01287,23,250100,Salary,1,2,27700,0,-0.085,0.157,0.715,Low,11.0,3548.39,322.58,2.0,0.18181818181818182,0.768636290435974,0.503,Medium
TAXP01288,49,639200,Professional,1,0,117200,1,0.307,0.161,0.311,High,8.0,1301.43,162.68,0.0,0.0,0.14207206785333654,0.443,Medium
TAXP01289,26,2750400,Salary,1,1,0,1,0.273,0.083,0.905,Low,10.0,18341.4,1834.14,1.0,0.1,0.5323990046113943,0.292,Low
TAXP01290,34,1176600,Salary,1,0,0,1,-0.151,0.207,0.967,Low,11.0,5041.51,458.32,2.0,0.18181818181818182,0.7762428641180663,0.367,Low
TAXP01291,46,734500,Salary+Business,1,1,0,1,0.088,0.234,0.899,Low,1.0,82.38,82.38,0.0,0.0,0.09997457973679666,0.101,Low
TAXP01292,32,473800,Business,1,0,0,0,0.133,0.342,0.98,Low,7.0,3978.24,568.32,0.0,0.0,0.16521868276341273,0.085,Low
TAXP01293,44,489300,Multiple,1,2,0,1,-0.231,0.37,0.867,Low,36.0,14449.59,401.38,2.0,0.05555555555555555,0.4547413752046552,0.278,Low
TAXP01294,40,150000,Business,1,0,0,1,-0.239,0.232,0.887,Low,28.0,11025.14,393.76,2.0,0.07142857142857142,0.47533447650277666,0.276,Low
TAXP01295,47,782500,Salary,1,1,60100,0,-0.033,0.326,0.569,Medium,13.0,7688.79,591.45,0.0,0.0,0.1896126877679402,0.322,Low
TAXP01296,57,1194800,Business,1,0,10600,0,-0.11,0.378,0.925,Low,27.0,30075.34,1113.9,2.0,0.07407407407407407,0.5026884896741345,0.267,Low
TAXP01297,27,209000,Salary,1,0,0,0,-0.067,0.257,0.98,Low,24.0,7916.64,329.86,3.0,0.125,0.6325997509031595,0.296,Low
TAXP01298,56,403700,Salary+Investments,0,1,0,0,-0.11,0.01,0.813,Low,12.0,6517.35,543.11,0.0,0.0,0.18384313987817233,0.186,Low
TAXP01299,31,282500,Professional,0,0,0,1,0.08,0.324,0.787,Low,24.0,8028.75,334.53,0.0,0.0,0.2204041861077659,0.216,Low
TAXP01300,22,324400,Salary,1,0,57100,0,-0.043,0.191,0.719,Low,1.0,52.61,52.61,0.0,0.0,0.09038378388896584,0.195,Low
TAXP01301,41,675500,Business,1,0,14800,0,0.278,0.175,0.891,Low,55.0,45310.12,823.82,4.0,0.07272727272727272,0.5858178420707701,0.324,Low
TAXP01302,34,150000,Professional,1,2,52800,0,0.129,0.255,0.697,Medium,26.0,7164.29,275.55,2.0,0.07692307692307693,0.4778954850558582,0.382,Low
TAXP01303,29,1011600,Salary+Business,1,1,0,0,0.227,0.244,0.915,Low,27.0,19616.32,726.53,3.0,0.1111111111111111,0.615641451691443,0.324,Low
TAXP01304,40,1118500,Salary,1,3,0,1,-0.17,0.143,0.791,Low,26.0,32174.0,1237.46,0.0,0.0,0.2566047761785831,0.23,Low
TAXP01305,60,542500,Salary,0,0,0,0,-0.001,0.151,0.818,Low,107.0,48153.22,450.03,6.0,0.056074766355140186,0.5177568896857352,0.333,Low
TAXP01306,47,150000,Salary,1,1,0,1,0.122,0.363,0.851,Low,74.0,15500.75,209.47,3.0,0.04054054054054054,0.4499431511158094,0.284,Low
TAXP01307,53,317200,Salary,1,1,0,0,0.172,0.358,0.904,Low,11.0,4846.44,440.59,1.0,0.09090909090909091,0.47538787801413945,0.267,Low
TAXP01308,27,1579200,Business,1,2,0,0,-0.004,0.328,0.805,Low,28.0,30188.47,1078.16,1.0,0.03571428571428571,0.37931521748797387,0.278,Low
TAXP01309,24,150000,Salary,1,0,0,1,0.02,0.346,0.942,Low,25.0,5944.93,237.8,1.0,0.04,0.3489405739202519,0.189,Low
TAXP01310,36,506100,Salary,1,2,0,0,0.037,0.501,0.907,Low,25.0,11846.2,473.85,1.0,0.04,0.36386683010316856,0.215,Low
TAXP01311,55,277900,Business,1,3,20200,0,0.052,0.138,0.707,Low,2.0,1769.58,884.79,0.0,0.0,0.15520954790824096,0.231,Low
TAXP01312,60,1160100,Salary,0,1,75200,0,0.446,0.301,0.352,High,27.0,11544.26,427.57,1.0,0.037037037037037035,0.3597053052520386,0.518,Medium
TAXP01313,25,399800,Salary+Investments,1,1,4900,0,0.15,0.404,0.841,Low,44.0,22876.85,519.93,3.0,0.06818181818181818,0.533387803747613,0.327,Low
TAXP01314,42,869400,Business,1,0,0,0,0.106,0.288,0.973,Low,13.0,8145.08,626.54,0.0,0.0,0.19086250103172558,0.101,Low
TAXP01315,38,976600,Salary,1,0,3300,0,-0.101,0.225,0.979,Low,17.0,9658.95,568.17,0.0,0.0,0.2044287817147022,0.104,Low
TAXP01316,54,2438300,Business,1,2,0,1,-0.098,0.23,0.871,Low,13.0,41037.37,3156.72,0.0,0.0,0.225948926361891,0.173,Low
TAXP01317,30,561600,Salary,0,0,0,0,0.066,0.106,0.896,Low,26.0,17718.0,681.46,4.0,0.15384615384615385,0.7513568779660174,0.395,Low
TAXP01318,42,852100,Salary+Investments,1,0,0,1,0.281,0.045,0.98,Low,30.0,19902.33,663.41,1.0,0.03333333333333333,0.3687687769486667,0.177,Low
TAXP01319,59,223100,Business,1,1,0,0,0.068,0.051,0.96,Low,3.0,969.61,323.2,0.0,0.0,0.13730547062874598,0.084,Low
TAXP01320,41,1531600,Business,0,0,25100,1,0.075,0.309,0.607,Medium,21.0,15649.37,745.21,0.0,0.0,0.22599581421917042,0.318,Low
TAXP01321,56,375900,Salary+Investments,1,0,23200,0,-0.019,0.053,0.893,Low,7.0,6632.95,947.56,1.0,0.14285714285714285,0.6477327609817037,0.35,Low
TAXP01322,48,434100,Salary+Investments,1,1,0,1,-0.179,0.22,0.866,Low,5.0,1309.43,261.89,0.0,0.0,0.14059611096668265,0.137,Low
TAXP01323,47,639700,Salary+Business,1,0,0,0,0.17,0.104,0.96,Low,37.0,18650.82,504.08,3.0,0.08108108108108109,0.5478333352929516,0.269,Low
TAXP01324,32,211000,Salary,1,0,0,0,0.059,0.5,0.959,Low,26.0,4947.49,190.29,0.0,0.0,0.2160450802763123,0.12,Low
TAXP01325,65,766400,Salary,1,1,0,0,0.171,0.14,0.942,Low,10.0,5062.34,506.23,0.0,0.0,0.17447598662441205,0.11,Low
TAXP01326,32,1304500,Professional,1,0,0,0,0.125,0.312,0.916,Low,39.0,34505.45,884.76,1.0,0.02564102564102564,0.3849221168576217,0.219,Low
TAXP01327,62,802600,Business,0,0,19900,0,-0.054,0.191,0.748,Low,3.0,2595.14,865.05,0.0,0.0,0.15864164303113742,0.21,Low
TAXP01328,65,207100,Professional,1,0,104000,0,0.136,0.257,0.39,High,9.0,1738.24,193.14,0.0,0.0,0.1496995209818222,0.403,Medium
TAXP01329,44,594600,Salary+Business,1,2,0,0,-0.107,0.393,0.777,Low,6.0,1982.84,330.47,0.0,0.0,0.1495517320851881,0.19,Low
TAXP01330,60,1109000,Salary,1,1,0,1,0.135,0.274,0.898,Low,19.0,13361.58,703.24,4.0,0.21052631578947367,0.9116325892521011,0.466,Medium
TAXP01331,53,168100,Salary,1,1,0,0,0.09,0.367,0.917,Low,74.0,19645.85,265.48,2.0,0.02702702702702703,0.4104726782144479,0.23,Low
TAXP01332,54,299800,Business,1,0,0,0,0.346,0.247,0.96,Low,7.0,6299.04,899.86,0.0,0.0,0.17518378613324148,0.101,Low
TAXP01333,24,1221800,Salary,1,3,0,0,-0.039,0.472,0.828,Low,7.0,9810.15,1401.45,0.0,0.0,0.18479521306452495,0.178,Low
TAXP01334,27,789500,Professional,1,2,0,0,-0.112,0.242,0.891,Low,35.0,17345.97,495.6,1.0,0.02857142857142857,0.3663407974419232,0.225,Low
TAXP01335,24,874400,Salary+Business,0,1,0,0,0.034,0.191,0.763,Low,19.0,8588.91,452.05,0.0,0.0,0.20731689439874323,0.224,Low
TAXP01336,22,2479500,Business,0,2,0,0,0.197,0.223,0.749,Low,31.0,72894.46,2351.43,1.0,0.03225806451612903,0.3965959681026984,0.317,Low
TAXP01337,58,910800,Salary+Business,1,0,0,0,-0.348,0.49,0.843,Low,25.0,21731.25,869.25,0.0,0.0,0.24502128961772185,0.197,Low
TAXP01338,28,1043800,Business,0,0,0,0,0.24,0.519,0.828,Low,28.0,22973.06,820.47,1.0,0.03571428571428571,0.37339042882373913,0.263,Low
TAXP01339,21,4576600,Salary+Business,1,1,0,0,0.067,0.361,0.861,Low,1.0,554.89,554.89,0.0,0.0,0.14117089249036602,0.14,Low
TAXP01340,63,557300,Salary,0,1,14400,1,-0.083,0.076,0.635,Medium,12.0,6201.32,516.78,1.0,0.08333333333333333,0.4577658294207569,0.407,Medium
TAXP01341,33,366000,Salary+Business,1,0,30900,1,0.041,0.209,0.77,Low,37.0,7022.75,189.8,3.0,0.08108108108108109,0.5266948876398109,0.364,Low
TAXP01342,57,884500,Salary+Business,1,1,0,0,-0.019,0.613,0.875,Low,63.0,55760.15,885.08,0.0,0.0,0.3473735614859589,0.225,Low
TAXP01343,64,891600,Salary,0,1,0,1,-0.096,0.494,0.697,Medium,29.0,14004.44,482.91,4.0,0.13793103448275862,0.7031360946047139,0.483,Medium
TAXP01344,44,444900,Business,1,1,0,1,-0.21,0.089,0.901,Low,68.0,44763.88,658.29,6.0,0.08823529411764706,0.6321302500799215,0.339,Low
TAXP01345,62,309100,Salary+Investments,0,1,5200,1,0.217,0.253,0.66,Medium,15.0,3344.9,222.99,1.0,0.06666666666666667,0.3963351819784909,0.365,Low
TAXP01346,64,3429100,Salary,1,0,0,0,0.01,0.336,0.98,Low,21.0,93386.28,4446.97,0.0,0.0,0.26476085428813534,0.13,Low
TAXP01347,27,822500,Salary+Business,1,4,0,0,0.037,0.255,0.804,Low,25.0,12359.79,494.39,0.0,0.0,0.23278653056144183,0.213,Low
TAXP01348,27,383600,Multiple,1,2,7900,0,0.235,0.521,0.818,Low,10.0,1595.08,159.51,1.0,0.1,0.47949042465548786,0.316,Low
TAXP01349,37,1256900,Salary+Investments,0,3,0,0,0.109,0.15,0.711,Low,13.0,9730.84,748.53,1.0,0.07692307692307693,0.44856576073590193,0.361,Low
TAXP01350,46,600900,Salary,1,0,0,1,-0.15,0.244,0.905,Low,10.0,3714.4,371.44,1.0,0.1,0.4977683905144217,0.276,Low
TAXP01351,56,541800,Professional,1,2,0,1,0.208,0.174,0.849,Low,7.0,3264.99,466.43,0.0,0.0,0.16093656083249092,0.155,Low
TAXP01352,29,974400,Multiple,1,1,0,0,0.337,0.207,0.916,Low,5.0,10336.56,2067.31,0.0,0.0,0.18538850172595506,0.13,Low
TAXP01353,29,256400,Business,1,2,0,0,0.18,0.336,0.901,Low,18.0,6702.65,372.37,1.0,0.05555555555555555,0.38252839560002944,0.227,Low
TAXP01354,34,837900,Salary,1,1,0,1,-0.038,0.509,0.809,Low,5.0,3994.7,798.94,0.0,0.0,0.16476058774402758,0.179,Low
TAXP01355,33,2576800,Salary,1,1,3300,0,-0.136,0.239,0.88,Low,16.0,21268.65,1329.29,1.0,0.0625,0.42519228889249344,0.257,Low
TAXP01356,63,909300,Salary+Business,1,1,12400,0,-0.044,0.393,0.86,Low,21.0,9508.76,452.8,1.0,0.047619047619047616,0.37233881636666855,0.245,Low
TAXP01357,38,495800,Business,1,1,0,0,0.116,0.104,0.943,Low,51.0,29236.15,573.26,2.0,0.0392156862745098,0.4673669916522864,0.242,Low
TAXP01358,60,451200,Salary,1,1,0,1,0.328,0.057,0.901,Low,3.0,563.75,187.92,0.0,0.0,0.12557812072971575,0.111,Low
TAXP01359,23,483700,Salary,1,0,0,0,-0.021,0.089,0.98,Low,22.0,10554.64,479.76,0.0,0.0,0.22037064540918577,0.11,Low
TAXP01360,25,541400,Salary+Business,1,0,0,2,-0.004,0.128,0.925,Low,11.0,6355.37,577.76,1.0,0.09090909090909091,0.48126209443583745,0.258,Low
TAXP01361,57,495200,Business,0,1,3500,1,0.263,0.201,0.762,Low,7.0,2529.05,361.29,0.0,0.0,0.15540385783922506,0.201,Low
TAXP01362,32,1257300,Salary+Investments,1,1,0,0,0.031,0.06,0.912,Low,11.0,10362.52,942.05,3.0,0.2727272727272727,1.0,0.498,Medium
TAXP01363,24,186600,Salary+Business,1,1,0,0,0.374,0.427,0.852,Low,28.0,4777.33,170.62,0.0,0.0,0.22153208383898115,0.181,Low
TAXP01364,47,1209100,Multiple,1,1,0,0,0.076,0.264,0.97,Low,33.0,95177.4,2884.16,3.0,0.09090909090909091,0.6024201369259858,0.288,Low
TAXP01365,27,494500,Salary+Investments,1,1,19000,0,0.287,0.088,0.805,Low,11.0,6100.95,554.63,1.0,0.09090909090909091,0.4803764910777289,0.323,Low
TAXP01366,23,852700,Salary,1,1,0,0,0.161,0.629,0.923,Low,28.0,14057.96,502.07,0.0,0.0,0.24488522521142153,0.153,Low
TAXP01367,39,288700,Professional,1,2,0,0,0.213,0.392,0.828,Low,15.0,6251.46,416.76,0.0,0.0,0.18986996622557348,0.18,Low
TAXP01368,45,1691900,Salary,1,1,0,1,0.072,0.145,0.882,Low,5.0,13002.43,2600.49,0.0,0.0,0.19036876947020942,0.151,Low
TAXP01369,44,1593700,Multiple,0,1,21100,0,0.082,0.453,0.692,Medium,16.0,16123.04,1007.69,2.0,0.125,0.6254328533544323,0.451,Medium
TAXP01370,47,1297100,Salary,1,1,0,0,0.167,0.292,0.899,Low,9.0,7589.19,843.24,0.0,0.0,0.18161737254610946,0.137,Low
TAXP01371,22,218400,Professional,1,1,0,3,0.228,0.072,0.735,Low,56.0,12373.22,220.95,2.0,0.03571428571428571,0.43516983337065224,0.342,Low
TAXP01372,34,1180800,Salary+Investments,0,0,28600,0,0.184,0.369,0.75,Low,30.0,23638.84,787.96,1.0,0.03333333333333333,0.3724997189636928,0.305,Low
TAXP01373,36,870000,Salary,0,1,0,0,-0.183,0.455,0.737,Low,15.0,7650.94,510.06,1.0,0.06666666666666667,0.4142471196212867,0.331,Low
TAXP01374,34,204600,Salary+Investments,1,0,0,0,0.141,0.064,0.98,Low,27.0,10481.88,388.22,0.0,0.0,0.23539187388795912,0.117,Low
TAXP01375,46,638700,Salary,1,1,0,1,-0.005,0.173,0.836,Low,15.0,5024.0,334.93,1.0,0.06666666666666667,0.4051360746636349,0.273,Low
TAXP01376,31,845100,Business,0,0,23900,0,0.013,0.19,0.707,Low,21.0,9504.62,452.6,0.0,0.0,0.21518652368580754,0.258,Low
TAXP01377,49,970000,Business,1,0,0,0,0.173,0.386,0.98,Low,3.0,1294.34,431.45,0.0,0.0,0.143561219099946,0.076,Low
TAXP01378,63,738500,Salary,0,2,9200,1,0.372,0.014,0.686,Medium,6.0,1122.82,187.14,0.0,0.0,0.1372529852408563,0.234,Low
TAXP01379,50,801600,Business,1,1,27500,2,0.063,0.48,0.643,Medium,16.0,15090.9,943.18,0.0,0.0,0.21149773742269287,0.292,Low
TAXP01380,38,1878000,Salary+Investments,0,1,89900,1,0.416,0.086,0.253,High,3.0,1380.32,460.11,0.0,0.0,0.14495466025969111,0.476,Medium
TAXP01381,40,1571400,Salary,1,0,0,0,-0.076,0.196,0.959,Low,39.0,50638.99,1298.44,2.0,0.05128205128205128,0.47785954919634016,0.238,Low
TAXP01382,47,150000,Business,1,0,0,0,0.297,0.529,0.916,Low,32.0,10162.2,317.57,0.0,0.0,0.2506502459383063,0.159,Low
TAXP01383,53,517200,Salary+Investments,1,1,0,0,0.169,0.362,0.929,Low,8.0,6505.25,813.16,0.0,0.0,0.17690781066769465,0.119,Low
TAXP01384,34,577300,Salary+Business,1,1,0,0,0.133,0.148,0.929,Low,5.0,1316.87,263.37,0.0,0.0,0.1407186750419772,0.102,Low
TAXP01385,22,184100,Salary,1,2,0,1,0.321,0.597,0.78,Low,26.0,6325.89,243.3,1.0,0.038461538461538464,0.3482802385579639,0.278,Low
TAXP01386,52,695600,Multiple,1,0,0,0,-0.002,0.63,0.98,Low,11.0,6333.16,575.74,0.0,0.0,0.18118620710555253,0.093,Low
TAXP01387,50,1597300,Salary,1,0,0,0,0.304,0.174,0.953,Low,29.0,32898.51,1134.43,0.0,0.0,0.26648340213389504,0.146,Low
TAXP01388,25,297300,Business,1,1,0,0,0.067,0.224,0.94,Low,19.0,11428.08,601.48,0.0,0.0,0.21350673904211648,0.129,Low
TAXP01389,49,828100,Business,1,1,0,0,-0.003,0.376,0.867,Low,33.0,16302.82,494.02,2.0,0.06060606060606061,0.46414299765627587,0.282,Low
TAXP01390,24,336200,Salary+Business,1,1,0,1,-0.112,0.371,0.819,Low,8.0,3470.47,433.81,0.0,0.0,0.16328734819810062,0.173,Low
TAXP01391,49,400700,Salary,1,0,0,1,0.354,0.186,0.904,Low,15.0,6866.41,457.76,2.0,0.13333333333333333,0.6319027225802116,0.337,Low
TAXP01392,54,1883100,Salary,1,0,0,0,0.283,0.124,0.932,Low,7.0,15154.96,2164.99,1.0,0.14285714285714285,0.6656622722829829,0.337,Low
TAXP01393,21,439800,Salary+Business,1,1,0,0,0.024,0.089,0.921,Low,2.0,3235.11,1617.55,0.0,0.0,0.16829937097101563,0.119,Low
TAXP01394,53,906700,Salary,1,2,16400,1,0.187,0.223,0.739,Low,19.0,14694.2,773.38,0.0,0.0,0.21895735533294952,0.242,Low
TAXP01395,26,169000,Business,0,1,0,0,0.12,0.119,0.864,Low,46.0,15337.65,333.43,7.0,0.15217391304347827,0.8087810382199313,0.439,Medium
TAXP01396,32,2484500,Salary+Business,0,0,0,1,0.044,0.051,0.828,Low,16.0,30880.78,1930.05,0.0,0.0,0.22703461723154789,0.197,Low
TAXP01397,52,1003100,Professional,0,2,12700,1,0.254,0.448,0.623,Medium,7.0,1681.61,240.23,0.0,0.0,0.146572442766874,0.273,Low
TAXP01398,36,570000,Salary,1,1,0,1,-0.0,0.097,0.897,Low,,,,,,,,Low
TAXP01399,64,983700,Salary,0,2,0,0,-0.251,0.181,0.762,Low,10.0,6671.64,667.16,0.0,0.0,0.1804597172213851,0.212,Low
TAXP01400,64,235500,Multiple,0,2,11600,1,0.142,0.197,0.61,Medium,9.0,11615.31,1290.59,2.0,0.2222222222222222,0.9241835495606924,0.63,Medium
TAXP01401,65,1522900,Business,1,0,0,1,0.111,0.329,0.868,Low,23.0,14965.75,650.68,2.0,0.08695652173913043,0.5178543569576325,0.306,Low
TAXP01402,25,514800,Salary,0,1,0,0,0.005,0.164,0.834,Low,31.0,34390.23,1109.36,3.0,0.0967741935483871,0.5931965684690677,0.358,Low
TAXP01403,28,561200,Salary,1,0,173000,1,-0.043,0.422,0.059,High,3.0,1513.94,504.65,0.0,0.0,0.14695694588754998,0.584,Medium
TAXP01404,29,456200,Salary,1,0,7900,0,-0.15,0.27,0.957,Low,14.0,3942.93,281.64,1.0,0.07142857142857142,0.41317765663248923,0.21,Low
TAXP01405,47,427900,Multiple,1,1,0,0,0.042,0.242,0.883,Low,25.0,6909.77,276.39,0.0,0.0,0.22019371223858347,0.163,Low
TAXP01406,40,1071800,Salary,1,1,0,0,-0.04,0.391,0.878,Low,28.0,20702.21,739.36,0.0,0.0,0.25327608046288197,0.181,Low
TAXP01407,54,781500,Salary,1,0,0,0,0.254,0.357,0.98,Low,7.0,18611.72,2658.82,1.0,0.14285714285714285,0.6701219921209153,0.313,Low
TAXP01408,33,1039200,Business,1,1,6500,0,0.183,0.33,0.927,Low,34.0,36162.82,1063.61,1.0,0.029411764705882353,0.3817516004484802,0.212,Low
TAXP01409,29,645900,Salary,0,1,0,2,0.022,0.316,0.721,Low,26.0,8418.43,323.79,1.0,0.038461538461538464,0.35446360176006475,0.313,Low
TAXP01410,50,940600,Salary,1,1,0,1,0.184,0.601,0.769,Low,24.0,27869.79,1161.24,3.0,0.125,0.6598823281983027,0.424,Medium
TAXP01411,48,480800,Multiple,0,1,0,0,0.083,0.172,0.797,Low,11.0,3813.65,346.7,1.0,0.09090909090909091,0.47019709519717773,0.323,Low
TAXP01412,52,3236900,Salary+Business,1,1,8200,1,0.057,0.698,0.796,Low,30.0,73902.98,2463.43,0.0,0.0,0.2872327593660317,0.241,Low
TAXP01413,35,210200,Salary,1,0,0,1,0.091,0.041,0.945,Low,1.0,426.53,426.53,0.0,0.0,0.1354697841067255,0.091,Low
TAXP01414,44,1611400,Business,1,1,5800,0,0.383,0.135,0.953,Low,13.0,34231.24,2633.17,1.0,0.07692307692307693,0.4758586064384803,0.24,Low
TAXP01415,62,1740400,Salary,1,1,0,0,0.203,0.147,0.937,Low,19.0,45992.04,2420.63,0.0,0.0,0.24371507939740467,0.144,Low
TAXP01416,48,351900,Salary,0,3,0,1,0.052,0.17,0.626,Medium,20.0,4536.21,226.81,1.0,0.05,0.361309957023751,0.368,Low
TAXP01417,62,3235900,Business,1,0,0,0,0.243,0.397,0.96,Low,23.0,40335.99,1753.74,1.0,0.043478260869565216,0.3958848210718443,0.2,Low
TAXP01418,40,1331100,Business,1,1,0,0,0.237,0.524,0.895,Low,11.0,11881.17,1080.11,0.0,0.0,0.19483054432904678,0.145,Low
TAXP01419,23,1307900,Salary+Business,1,0,0,0,0.142,0.563,0.924,Low,10.0,17810.02,1781.0,0.0,0.0,0.20176095444640182,0.133,Low
TAXP01420,55,663200,Salary+Investments,1,0,0,0,0.047,0.472,0.98,Low,28.0,13604.01,485.86,2.0,0.07142857142857142,0.4798881838044608,0.227,Low
TAXP01421,41,555900,Salary,1,0,0,1,0.037,0.36,0.9,Low,14.0,4018.75,287.05,0.0,0.0,0.17787551718090291,0.135,Low
TAXP01422,22,559000,Multiple,0,0,0,0,-0.072,0.271,0.878,Low,31.0,9090.24,293.23,3.0,0.0967741935483871,0.5643579684119155,0.321,Low
TAXP01423,27,861100,Business,0,0,26900,1,0.129,0.402,0.661,Medium,1.0,292.81,292.81,0.0,0.0,0.12732479010029052,0.244,Low
TAXP01424,35,1782600,Salary,0,1,0,0,0.002,0.081,0.838,Low,13.0,14998.74,1153.75,0.0,0.0,0.20410464323626587,0.181,Low
TAXP01425,29,740600,Salary+Investments,1,1,0,0,0.03,0.471,0.918,Low,26.0,7630.59,293.48,1.0,0.038461538461538464,0.35233685620072186,0.204,Low
TAXP01426,51,337200,Salary,0,0,0,0,0.2,0.171,0.847,Low,25.0,3438.17,137.53,3.0,0.12,0.6011158127830418,0.355,Low
TAXP01427,48,1176800,Business,1,1,0,1,0.37,0.175,0.866,Low,34.0,57750.15,1698.53,3.0,0.08823529411764706,0.5860261542400707,0.337,Low
TAXP01428,35,1261700,Salary+Business,1,0,0,1,0.16,0.254,0.921,Low,53.0,45999.26,867.91,2.0,0.03773584905660377,0.47147692816540115,0.256,Low
TAXP01429,24,1041400,Salary,0,2,20500,0,0.083,0.324,0.639,Medium,41.0,54861.46,1338.08,4.0,0.0975609756097561,0.6390757948171524,0.486,Medium
TAXP01430,24,1111800,Salary+Investments,1,1,0,0,0.097,0.105,0.969,Low,14.0,11478.67,819.9,1.0,0.07142857142857142,0.4363307649777933,0.213,Low
TAXP01431,63,534800,Salary,1,1,0,0,0.282,0.627,0.949,Low,14.0,4629.72,330.69,0.0,0.0,0.18093875079801644,0.109,Low
TAXP01432,36,333000,Salary+Investments,1,2,122100,0,0.162,0.122,0.255,High,7.0,3283.61,469.09,1.0,0.14285714285714285,0.6324883544280204,0.694,High
TAXP01433,25,347900,Salary,1,1,36800,0,0.131,0.37,0.743,Low,3.0,976.4,325.47,0.0,0.0,0.13745653895648663,0.203,Low
TAXP01434,53,200200,Salary,1,0,11300,0,0.142,0.249,0.892,Low,7.0,1942.87,277.55,1.0,0.14285714285714285,0.6211248265112457,0.339,Low
TAXP01435,60,770900,Salary,1,1,0,0,-0.129,0.258,0.939,Low,8.0,4491.19,561.4,1.0,0.125,0.5813746469244124,0.295,Low
TAXP01436,26,612100,Salary+Investments,1,1,0,0,0.162,0.207,0.98,Low,4.0,2522.75,630.69,0.0,0.0,0.15571126703849175,0.081,Low
TAXP01437,63,473500,Salary,1,1,0,0,-0.04,0.261,0.929,Low,13.0,4814.66,370.36,1.0,0.07692307692307693,0.4333161005951193,0.234,Low
TAXP01438,53,150000,Salary+Investments,1,1,0,0,0.163,0.088,0.898,Low,10.0,4495.5,449.55,0.0,0.0,0.17190272072587906,0.133,Low
TAXP01439,32,264800,Salary,1,1,0,1,-0.018,0.125,0.879,Low,27.0,5014.85,185.74,1.0,0.037037037037037035,0.34166578436014594,0.22,Low
TAXP01440,55,1456800,Business,1,0,11200,0,0.195,0.105,0.97,Low,17.0,18720.76,1101.22,2.0,0.11764705882352941,0.6070152661945639,0.29,Low
TAXP01441,39,402800,Salary,1,0,0,1,0.076,0.209,0.946,Low,2.0,1252.25,626.12,0.0,0.0,0.14771072146985972,0.096,Low
TAXP01442,49,842700,Salary,1,1,14900,1,-0.083,0.429,0.796,Low,20.0,11464.21,573.21,1.0,0.05,0.3813848092113865,0.284,Low
TAXP01443,26,238800,Multiple,1,2,14200,0,0.053,0.316,0.805,Low,99.0,30747.94,310.59,8.0,0.08080808080808081,0.5913454030790029,0.373,Low
TAXP01444,31,1831400,Business,1,0,0,1,0.453,0.37,0.906,Low,12.0,14226.82,1185.57,2.0,0.16666666666666666,0.7507733277091886,0.39,Low
TAXP01445,55,586000,Professional,1,1,0,2,-0.264,0.452,0.854,Low,37.0,31624.91,854.73,4.0,0.10810810810810811,0.6484714379234557,0.372,Low
TAXP01446,57,801000,Business,1,2,10800,0,0.127,0.066,0.842,Low,1.0,5486.63,5486.63,0.0,0.0,0.19089064731166577,0.173,Low
TAXP01447,21,3468700,Business,1,1,0,0,-0.062,0.262,0.873,Low,15.0,24008.94,1600.6,0.0,0.0,0.21905103901473083,0.168,Low
TAXP01448,30,1936800,Professional,0,2,3200,0,0.32,0.152,0.759,Low,16.0,12690.94,793.18,0.0,0.0,0.20774102192831465,0.226,Low
TAXP01449,48,521300,Salary+Investments,0,4,0,0,0.231,0.169,0.706,Low,35.0,19613.89,560.4,3.0,0.08571428571428572,0.5575754242694922,0.413,Medium
TAXP01450,61,424100,Professional,1,1,0,0,0.13,0.153,0.88,Low,37.0,8149.28,220.25,3.0,0.08108108108108109,0.5299097484926935,0.304,Low
TAXP01451,51,514200,Business,1,1,0,0,0.247,0.238,0.847,Low,9.0,2491.87,276.87,0.0,0.0,0.15748644188374095,0.155,Low
TAXP01452,52,938300,Professional,1,1,0,1,0.139,0.229,0.886,Low,32.0,27419.5,856.86,1.0,0.03125,0.3752858737703722,0.232,Low
TAXP01453,38,602600,Professional,1,0,46100,0,0.101,0.393,0.708,Low,9.0,5073.13,563.68,0.0,0.0,0.17288416116817795,0.238,Low
TAXP01454,23,489000,Business,1,0,0,0,0.004,0.283,0.964,Low,20.0,6855.06,342.75,1.0,0.05,0.3702435872532886,0.186,Low
TAXP01455,55,1869300,Professional,1,1,0,0,0.042,0.208,0.899,Low,64.0,88143.0,1377.23,4.0,0.0625,0.5632160175415442,0.309,Low
TAXP01456,56,598700,Business,1,0,0,0,0.026,0.198,0.98,Low,7.0,3447.33,492.48,0.0,0.0,0.16211415264272253,0.084,Low
TAXP01457,40,3403900,Salary+Business,0,0,68200,0,0.102,0.294,0.494,Medium,24.0,66695.12,2778.96,1.0,0.041666666666666664,0.4038194508757662,0.46,Medium
TAXP01458,43,693900,Multiple,1,0,0,0,-0.203,0.174,0.98,Low,14.0,7066.65,504.76,3.0,0.21428571428571427,0.8972419550895124,0.415,Medium
TAXP01459,31,2350500,Multiple,0,2,30300,0,0.265,0.376,0.565,Medium,23.0,137465.17,5976.75,1.0,0.043478260869565216,0.4225010500601231,0.429,Medium
TAXP01460,41,840700,Salary+Investments,1,0,0,0,0.411,0.35,0.887,Low,12.0,20419.62,1701.64,3.0,0.25,1.0,0.512,Medium
TAXP01461,31,1300200,Professional,1,0,44100,1,0.031,0.518,0.657,Medium,14.0,8621.36,615.81,0.0,0.0,0.19440946020670974,0.276,Low
TAXP01462,39,385800,Salary+Business,1,0,27100,0,0.288,0.132,0.859,Low,3.0,266.99,89.0,0.0,0.0,0.10947594221990758,0.127,Low
TAXP01463,27,351500,Salary,1,0,72700,0,0.079,0.112,0.574,Medium,6.0,2577.7,429.62,0.0,0.0,0.1552338391095793,0.304,Low
TAXP01464,48,905000,Business,1,0,0,0,0.004,0.36,0.98,Low,19.0,14275.54,751.34,0.0,0.0,0.21833050816701083,0.109,Low
TAXP01465,32,1324400,Salary,1,0,30300,0,0.039,0.065,0.818,Low,83.0,113143.93,1363.18,5.0,0.060240963855421686,0.5555386265665274,0.35,Low
TAXP01466,53,669100,Salary,1,0,0,0,0.114,0.155,0.98,Low,23.0,21303.57,926.24,0.0,0.0,0.2385556083932835,0.118,Low
TAXP01467,44,257400,Multiple,1,1,49900,0,-0.015,0.424,0.699,Medium,35.0,6655.8,190.17,0.0,0.0,0.25132530307513723,0.279,Low
TAXP01468,61,244100,Salary+Investments,1,1,8900,0,0.197,0.281,0.894,Low,17.0,4181.54,245.97,1.0,0.058823529411764705,0.38041667850163313,0.229,Low
TAXP01469,30,232600,Business,1,1,0,0,0.017,0.034,0.98,Low,18.0,5297.71,294.32,1.0,0.05555555555555555,0.37743590008282574,0.181,Low
TAXP01470,33,182100,Salary,0,4,34600,1,-0.072,0.174,0.481,Medium,13.0,4956.81,381.29,0.0,0.0,0.1801001016705675,0.366,Low
TAXP01471,31,703300,Professional,1,2,6500,0,0.097,0.238,0.769,Low,77.0,40818.74,530.11,3.0,0.03896103896103896,0.4648306775134795,0.336,Low
TAXP01472,49,1461200,Business,1,0,5900,0,-0.011,0.276,0.98,Low,14.0,11351.87,810.85,0.0,0.0,0.20037556686349628,0.101,Low
TAXP01473,25,643800,Salary+Business,1,1,0,1,0.048,0.303,0.925,Low,5.0,1440.96,288.19,0.0,0.0,0.14266704998880597,0.105,Low
TAXP01474,51,150000,Multiple,0,1,47300,0,0.091,0.4,0.483,Medium,3.0,1950.25,650.08,0.0,0.0,0.15244641260148362,0.353,Low
TAXP01475,57,566600,Salary,1,1,0,0,-0.114,0.184,0.962,Low,7.0,1297.39,185.34,1.0,0.14285714285714285,0.612394924255474,0.296,Low
TAXP01476,51,578100,Salary,0,1,900,0,0.333,0.234,0.799,Low,5.0,1020.13,204.03,0.0,0.0,0.13519818967798036,0.171,Low
TAXP01477,27,2939800,Salary,1,1,0,0,0.23,0.127,0.927,Low,28.0,178439.18,6372.83,3.0,0.10714285714285714,0.6535952014166168,0.334,Low
TAXP01478,43,227700,Salary,1,0,0,0,-0.001,0.214,0.98,Low,18.0,4664.97,259.17,1.0,0.05555555555555555,0.3746839072608563,0.18,Low
TAXP01479,45,490600,Salary,1,0,0,0,0.097,0.387,0.919,Low,26.0,12929.1,497.27,0.0,0.0,0.23683403824834606,0.151,Low
TAXP01480,38,2219800,Salary,1,0,0,0,0.202,0.311,0.961,Low,34.0,254756.5,7492.84,2.0,0.058823529411764705,0.5211860278179244,0.256,Low
TAXP01481,41,898700,Salary,1,1,0,1,0.133,0.117,0.906,Low,11.0,8971.69,815.61,1.0,0.09090909090909091,0.4887378147816849,0.272,Low
TAXP01482,55,975100,Salary,1,0,11900,0,0.401,0.249,0.857,Low,22.0,13408.07,609.46,4.0,0.18181818181818182,0.8255571685989107,0.45,Medium
TAXP01483,58,705900,Salary,0,1,6000,0,0.062,0.225,0.823,Low,19.0,17511.55,921.66,0.0,0.0,0.22276177219337306,0.198,Low
TAXP01484,34,824300,Salary+Business,1,0,0,1,0.29,0.486,0.883,Low,12.0,4661.12,388.43,0.0,0.0,0.17657999539283573,0.144,Low
TAXP01485,35,1137800,Salary,1,1,24800,0,-0.114,0.221,0.832,Low,11.0,15041.4,1367.4,0.0,0.0,0.19994777197440852,0.182,Low
TAXP01486,30,362900,Salary+Investments,1,2,0,0,-0.089,0.469,0.898,Low,27.0,5355.81,198.36,4.0,0.14814814814814814,0.709753406278149,0.375,Low
TAXP01487,39,1223100,Salary,1,2,0,0,0.37,0.174,0.797,Low,13.0,6360.43,489.26,0.0,0.0,0.18550176871197016,0.195,Low
TAXP01488,45,241900,Salary,1,1,0,0,0.031,0.352,0.912,Low,5.0,811.22,162.24,0.0,0.0,0.13024960842727656,0.107,Low
TAXP01489,53,823400,Salary,1,1,0,0,-0.087,0.326,0.882,Low,26.0,20523.3,789.36,1.0,0.038461538461538464,0.37377491961182274,0.233,Low
TAXP01490,33,739300,Salary+Business,1,0,0,0,0.092,0.062,0.98,Low,14.0,4755.14,339.65,1.0,0.07142857142857142,0.41723173831382376,0.199,Low
TAXP01491,30,417100,Salary,0,1,0,1,0.302,0.27,0.774,Low,13.0,4910.68,377.74,1.0,0.07692307692307693,0.43374375738680676,0.319,Low
TAXP01492,22,639500,Business,1,1,0,0,-0.022,0.243,0.98,Low,4.0,3519.23,879.81,0.0,0.0,0.16293019681397486,0.084,Low
TAXP01493,25,415200,Salary,1,0,0,0,0.093,0.291,0.976,Low,7.0,3310.71,472.96,1.0,0.14285714285714285,0.632666454704852,0.298,Low
TAXP01494,23,300500,Multiple,1,0,58600,0,-0.197,0.29,0.715,Low,20.0,3893.36,194.67,0.0,0.0,0.19300726332691903,0.244,Low
TAXP01495,30,503900,Salary,0,1,0,0,0.025,0.102,0.818,Low,7.0,6257.73,893.96,1.0,0.14285714285714285,0.6464696395417887,0.391,Low
TAXP01496,52,293600,Salary,0,0,88500,0,0.26,0.145,0.438,High,3.0,150.0,50.0,1.0,0.3333333333333333,1.0,0.759,High
TAXP01497,55,820100,Salary+Investments,1,0,30400,0,-0.025,0.412,0.784,Low,8.0,2385.17,298.15,2.0,0.25,0.9801666196458796,0.56,Medium
TAXP01498,64,284000,Salary,1,1,6300,0,-0.104,0.108,0.832,Low,11.0,2410.38,219.13,0.0,0.0,0.16027066645005666,0.165,Low
TAXP01499,45,1085300,Salary,1,2,0,0,-0.024,0.625,0.744,Low,34.0,30645.41,901.34,5.0,0.14705882352941177,0.7663957269480113,0.486,Medium
TAXP01500,41,277600,Salary+Business,1,1,0,2,0.002,0.302,0.812,Low,29.0,13133.7,452.89,2.0,0.06896551724137931,0.4741589309641128,0.317,Low
TAXP01501,61,432400,Salary,1,0,21300,0,0.222,0.411,0.836,Low,28.0,8424.85,300.89,2.0,0.07142857142857142,0.4695103561318213,0.301,Low
TAXP01502,27,414600,Salary,1,1,16900,0,0.161,0.302,0.851,Low,52.0,18235.66,350.69,1.0,0.019230769230769232,0.39076916764346953,0.258,Low
TAXP01503,49,1687600,Business,1,2,28700,0,0.192,0.395,0.735,Low,38.0,52711.45,1387.14,3.0,0.07894736842105263,0.5666675041162427,0.401,Medium
TAXP01504,57,824500,Salary,0,2,0,0,0.105,0.252,0.787,Low,22.0,17071.52,775.98,0.0,0.0,0.2307948254572203,0.221,Low
TAXP01505,43,558100,Salary+Investments,0,2,0,1,0.001,0.227,0.662,Medium,16.0,11531.39,720.71,0.0,0.0,0.2056631664632579,0.278,Low
TAXP01506,32,930800,Professional,1,0,0,0,-0.024,0.127,0.98,Low,18.0,13083.52,726.86,0.0,0.0,0.21369056995013125,0.107,Low
TAXP01507,48,150000,Business,1,1,0,1,0.169,0.489,0.769,Low,7.0,1873.71,267.67,0.0,0.0,0.1489120645806992,0.194,Low
TAXP01508,65,630100,Salary,1,0,32200,1,0.354,0.13,0.782,Low,11.0,6641.15,603.74,1.0,0.09090909090909091,0.4822156015231309,0.337,Low
TAXP01509,31,2738500,Professional,0,2,0,1,-0.051,0.148,0.724,Low,13.0,32980.43,2536.96,0.0,0.0,0.22120445004684325,0.251,Low
TAXP01510,46,715000,Professional,1,0,0,0,-0.063,0.446,0.98,Low,26.0,12126.22,466.39,2.0,0.07692307692307693,0.48929093598207696,0.231,Low
TAXP01511,23,682600,Salary,1,0,0,0,-0.082,0.476,0.929,Low,5.0,2605.57,521.11,1.0,0.2,0.8154959920353171,0.406,Medium
TAXP01512,31,964500,Salary+Investments,1,0,0,0,0.233,0.109,0.98,Low,28.0,17465.32,623.76,1.0,0.03571428571428571,0.36744665347458044,0.176,Low
TAXP01513,55,1238700,Business,1,0,0,0,0.093,0.122,0.98,Low,77.0,85743.07,1113.55,5.0,0.06493506493506493,0.5666404889157481,0.266,Low
TAXP01514,43,154300,Salary+Business,1,1,0,0,0.189,0.301,0.923,Low,5.0,1759.86,351.97,0.0,0.0,0.14699474527765144,0.108,Low
TAXP01515,29,193600,Salary,1,1,0,1,0.019,0.085,0.874,Low,32.0,8583.87,268.25,1.0,0.03125,0.35012254849876945,0.227,Low
TAXP01516,36,756300,Salary,1,2,0,0,0.199,0.429,0.828,Low,16.0,7596.94,474.81,0.0,0.0,0.1966166029773862,0.183,Low
TAXP01517,26,388500,Salary+Business,1,2,22800,0,0.054,0.062,0.75,Low,39.0,10407.0,266.85,0.0,0.0,0.274335341753207,0.261,Low
TAXP01518,56,1671800,Salary+Business,1,0,0,0,-0.147,0.446,0.98,Low,21.0,28897.63,1376.08,2.0,0.09523809523809523,0.5535864401385844,0.26,Low
TAXP01519,63,518000,Salary,1,0,0,0,0.248,0.338,0.94,Low,4.0,3281.98,820.49,1.0,0.25,0.9864163941539261,0.477,Medium
TAXP01520,25,161400,Salary,1,1,7300,0,0.094,0.226,0.905,Low,16.0,2616.61,163.54,2.0,0.125,0.5860583289875628,0.316,Low
TAXP01521,31,260900,Salary+Business,1,1,0,1,0.05,0.327,0.821,Low,28.0,9243.24,330.12,1.0,0.03571428571428571,0.3536599445973786,0.258,Low
TAXP01522,59,150000,Salary,0,1,0,0,0.145,0.151,0.801,Low,14.0,5134.25,366.73,1.0,0.07142857142857142,0.4188927147040766,0.298,Low
TAXP01523,60,549200,Salary,1,1,0,0,-0.131,0.105,0.924,Low,17.0,9064.75,533.22,0.0,0.0,0.20305257926436854,0.133,Low
TAXP01524,55,567600,Professional,1,0,57300,1,0.169,0.359,0.618,Medium,13.0,7011.17,539.32,1.0,0.07692307692307693,0.44145901040503993,0.409,Medium
TAXP01525,53,478800,Salary,1,1,0,0,0.005,0.187,0.963,Low,15.0,12684.24,845.62,0.0,0.0,0.20520772585702945,0.113,Low
TAXP01526,59,1413400,Salary,1,0,10200,0,0.075,0.262,0.914,Low,,,,,,,,Low
TAXP01527,37,1540600,Salary,1,2,0,1,0.282,0.121,0.785,Low,7.0,11813.77,1687.68,1.0,0.14285714285714285,0.6602567980115748,0.415,Medium
TAXP01528,61,575000,Salary+Investments,0,1,0,0,0.203,0.281,0.82,Low,5.0,1648.32,329.66,0.0,0.0,0.14557707947459048,0.165,Low
TAXP01529,60,150000,Salary,1,0,0,0,0.072,0.371,0.912,Low,8.0,7533.98,941.75,1.0,0.125,0.5925921893143585,0.315,Low
TAXP01530,31,1013800,Professional,1,1,18700,0,0.084,0.262,0.806,Low,7.0,4076.96,582.42,0.0,0.0,0.1657500322557754,0.181,Low
TAXP01531,24,969500,Multiple,1,1,0,0,-0.31,0.094,0.98,Low,4.0,6232.39,1558.1,0.0,0.0,0.17532979960366596,0.09,Low
TAXP01532,44,812200,Professional,1,2,0,0,-0.032,0.154,0.921,Low,16.0,8807.35,550.46,1.0,0.0625,0.40607065519135677,0.226,Low
TAXP01533,55,1317700,Business,1,2,12400,0,0.127,0.269,0.728,Low,24.0,26288.63,1095.36,0.0,0.0,0.24611516589340565,0.26,Low
TAXP01534,59,281000,Business,1,1,0,0,-0.022,0.257,0.931,Low,16.0,5388.05,336.75,4.0,0.25,1.0,0.488,Medium
TAXP01535,27,2760800,Salary,0,0,0,1,-0.112,0.271,0.828,Low,16.0,51193.95,3199.62,1.0,0.0625,0.44425666426698357,0.295,Low
TAXP01536,37,325800,Business,1,0,0,0,0.177,0.197,0.98,Low,20.0,8366.25,418.31,2.0,0.1,0.5395581491153154,0.254,Low
TAXP01537,55,1114800,Multiple,1,0,0,0,0.309,0.141,0.972,Low,45.0,40356.32,896.81,3.0,0.06666666666666667,0.5441296120270949,0.26,Low
TAXP01538,23,192900,Salary+Business,1,1,0,0,-0.015,0.28,0.892,Low,6.0,2453.26,408.88,0.0,0.0,0.15416195808113303,0.129,Low
TAXP01539,53,332700,Business,1,1,104900,0,0.24,0.332,0.376,High,13.0,2935.09,225.78,1.0,0.07692307692307693,0.42260631296776585,0.533,Medium
TAXP01540,34,1936700,Salary,1,0,0,1,0.216,0.078,0.956,Low,2.0,1022.0,511.0,0.0,0.0,0.14330651764228458,0.089,Low
TAXP01541,22,538700,Salary+Investments,1,0,0,0,-0.056,0.135,0.98,Low,9.0,2496.8,277.42,0.0,0.0,0.1575292062486398,0.082,Low
TAXP01542,31,1190000,Salary,1,0,0,1,-0.016,0.182,0.963,Low,2.0,2042.39,1021.2,1.0,0.5,1.0,0.47,Medium
TAXP01543,54,770900,Salary+Investments,0,3,0,0,0.388,0.305,0.711,Low,13.0,5472.17,420.94,0.0,0.0,0.18224261513216422,0.241,Low
TAXP01544,60,602700,Salary,1,0,0,1,-0.079,0.436,0.89,Low,3.0,317.15,105.72,0.0,0.0,0.11317623036988858,0.111,Low
TAXP01545,24,1735300,Salary+Business,1,0,0,0,0.003,0.235,0.962,Low,18.0,42564.62,2364.7,0.0,0.0,0.23928608245840488,0.129,Low
TAXP01546,41,548200,Salary+Business,0,0,0,1,0.415,0.017,0.753,Low,11.0,2590.77,235.52,1.0,0.09090909090909091,0.4618309626335534,0.344,Low
TAXP01547,30,180300,Business,1,1,0,0,0.009,0.125,0.98,Low,17.0,4989.05,293.47,2.0,0.11764705882352941,0.5783541666362163,0.271,Low
TAXP01548,51,364500,Salary,1,0,0,0,0.316,0.69,0.907,Low,22.0,4363.47,198.34,1.0,0.045454545454545456,0.3512540831155769,0.209,Low
TAXP01549,56,966600,Salary+Investments,1,1,0,1,-0.064,0.225,0.871,Low,11.0,14826.09,1347.83,0.0,0.0,0.19963492126624133,0.161,Low
TAXP01550,64,864100,Salary,1,1,0,0,0.122,0.226,0.958,Low,15.0,7831.89,522.13,0.0,0.0,0.19475372662134088,0.111,Low
TAXP01551,36,210300,Salary,1,1,23800,1,0.274,0.207,0.711,Low,17.0,3539.29,208.19,2.0,0.11764705882352941,0.5709292723643877,0.416,Medium
TAXP01552,34,385800,Business,1,2,0,0,0.025,0.145,0.831,Low,10.0,1171.49,117.15,0.0,0.0,0.14283709877873121,0.157,Low
TAXP01553,34,427600,Business,0,2,0,1,0.116,0.041,0.725,Low,4.0,1203.01,300.75,1.0,0.25,0.9646687106648699,0.585,Medium
TAXP01554,55,499600,Professional,1,2,9000,1,0.219,0.107,0.803,Low,8.0,1370.14,171.27,0.0,0.0,0.14318261946035182,0.173,Low
TAXP01555,41,241400,Salary,1,0,0,0,-0.044,0.431,0.902,Low,4.0,993.12,248.28,0.0,0.0,0.13552054222322546,0.115,Low
TAXP01556,22,413500,Business,1,0,37500,0,0.458,0.48,0.716,Low,29.0,16109.12,555.49,2.0,0.06896551724137931,0.4785843249884861,0.372,Low
TAXP01557,63,384700,Salary+Investments,1,2,0,0,0.266,0.173,0.916,Low,40.0,7608.64,190.22,1.0,0.025,0.3534388574659836,0.205,Low
TAXP01558,25,1132800,Salary,1,0,0,0,0.043,0.16,0.98,Low,13.0,5908.34,454.49,0.0,0.0,0.18390410902312154,0.094,Low
TAXP01559,62,1163900,Business,1,2,0,1,0.062,0.235,0.842,Low,14.0,25167.03,1797.64,0.0,0.0,0.21764909216239584,0.185,Low
TAXP01560,28,585200,Professional,1,1,0,1,0.406,0.124,0.896,Low,49.0,22699.33,463.25,4.0,0.08163265306122448,0.5948821740179884,0.325,Low
TAXP01561,45,490100,Salary+Investments,1,1,16000,0,0.043,0.421,0.854,Low,81.0,35330.42,436.18,1.0,0.012345679012345678,0.3727735422322105,0.248,Low
TAXP01562,35,718900,Business,1,1,0,0,0.024,0.606,0.915,Low,2.0,843.07,421.54,0.0,0.0,0.1391361576584682,0.109,Low
TAXP01563,51,361100,Salary+Investments,1,0,27600,0,0.283,0.33,0.779,Low,11.0,1902.62,172.97,0.0,0.0,0.15516030840832573,0.191,Low
TAXP01564,39,284600,Salary,0,2,9400,0,-0.124,0.322,0.709,Low,6.0,1770.52,295.09,1.0,0.16666666666666666,0.6971002469700442,0.474,Medium
TAXP01565,37,330300,Salary,1,0,0,0,0.087,0.43,0.949,Low,2.0,907.93,453.96,0.0,0.0,0.1407419212262777,0.091,Low
TAXP01566,42,411500,Multiple,1,2,0,0,0.113,0.087,0.857,Low,16.0,3964.79,247.8,0.0,0.0,0.18253745824164072,0.161,Low
TAXP01567,64,281300,Salary+Investments,0,0,259900,0,-0.013,0.445,0.02,High,6.0,2899.53,483.26,1.0,0.16666666666666666,0.7077830008323543,0.858,High
TAXP01568,32,730400,Business,0,1,78500,2,-0.15,0.179,0.343,High,5.0,2443.72,488.74,0.0,0.0,0.15410618251546437,0.431,Medium
TAXP01569,30,1099200,Business,1,1,0,0,0.111,0.38,0.876,Low,33.0,12610.73,382.14,0.0,0.0,0.2585797161758584,0.185,Low
TAXP01570,23,207300,Business,1,0,10700,1,0.21,0.114,0.884,Low,17.0,5441.58,320.09,0.0,0.0,0.19199809571845233,0.15,Low
TAXP01571,54,661900,Salary,0,1,0,0,-0.009,0.394,0.731,Low,35.0,27801.02,794.31,4.0,0.11428571428571428,0.6594245879110976,0.445,Medium
TAXP01572,51,554800,Salary+Investments,1,1,2100,0,-0.089,0.08,0.894,Low,35.0,14663.42,418.95,0.0,0.0,0.26841491846812426,0.179,Low
TAXP01573,48,831200,Salary+Business,1,0,0,2,0.301,0.22,0.841,Low,79.0,64974.85,822.47,2.0,0.02531645569620253,0.42932647280684905,0.281,Low
TAXP01574,22,644000,Business,1,0,0,0,0.185,0.306,0.95,Low,16.0,7751.5,484.47,1.0,0.0625,0.40330304534495254,0.209,Low
TAXP01575,56,228200,Salary,0,0,0,1,0.042,0.198,0.768,Low,40.0,9679.79,241.99,1.0,0.025,0.3586424860230646,0.289,Low
TAXP01576,57,261900,Salary,1,0,0,0,0.247,0.055,0.971,Low,19.0,2224.49,117.08,1.0,0.05263157894736842,0.3518024513112881,0.174,Low
TAXP01577,63,663900,Salary,1,2,0,0,0.139,0.466,0.928,Low,23.0,10262.82,446.21,1.0,0.043478260869565216,0.3661997783893123,0.204,Low
TAXP01578,62,1363300,Salary+Business,1,1,0,0,0.386,0.14,0.92,Low,19.0,11688.07,615.16,0.0,0.0,0.21399441347654086,0.14,Low
TAXP01579,32,150000,Business,1,1,79500,0,0.206,0.296,0.481,Medium,23.0,4045.24,175.88,0.0,0.0,0.20257991729503136,0.377,Low
TAXP01580,52,833700,Salary,1,0,0,0,-0.122,0.322,0.98,Low,11.0,8780.8,798.25,3.0,0.2727272727272727,1.0,0.461,Medium
TAXP01581,39,1530700,Professional,1,0,0,1,-0.005,0.325,0.826,Low,5.0,3123.86,624.77,0.0,0.0,0.15942852803390878,0.167,Low
TAXP01582,47,582200,Multiple,1,0,0,0,0.002,0.302,0.975,Low,11.0,5247.32,477.03,0.0,0.0,0.17710985487615818,0.093,Low
TAXP01583,35,966000,Salary,1,1,0,0,0.15,0.208,0.904,Low,1.0,211.98,211.98,0.0,0.0,0.12033840864455048,0.107,Low
TAXP01584,50,391800,Business,1,0,0,2,0.051,0.14,0.842,Low,19.0,6806.52,358.24,2.0,0.10526315789473684,0.5496472211261588,0.334,Low
TAXP01585,63,596500,Business,1,1,0,0,-0.08,0.475,0.88,Low,1.0,397.73,397.73,0.0,0.0,0.1339554013182443,0.126,Low
TAXP01586,50,202300,Salary,1,1,28300,1,0.194,0.141,0.735,Low,8.0,2443.03,305.38,0.0,0.0,0.15568537304087748,0.216,Low
TAXP01587,62,150000,Business,0,2,126600,0,0.26,0.206,0.083,High,4.0,758.79,189.7,1.0,0.25,0.9547034254554294,0.934,High
TAXP01588,62,1281500,Professional,1,1,4400,0,0.084,0.19,0.913,Low,11.0,18519.13,1683.56,0.0,0.0,0.20446140382869585,0.14,Low
TAXP01589,26,319800,Salary,1,0,11500,0,0.134,0.195,0.916,Low,24.0,5943.44,247.64,1.0,0.041666666666666664,0.3513963839882554,0.204,Low
TAXP01590,64,468200,Salary,1,2,4500,0,-0.055,0.192,0.901,Low,23.0,6564.08,285.39,1.0,0.043478260869565216,0.3565224876947616,0.215,Low
TAXP01591,57,239500,Salary+Investments,1,0,7800,0,0.016,0.211,0.947,Low,34.0,8592.88,252.73,1.0,0.029411764705882353,0.35061079444250554,0.187,Low
TAXP01592,40,235500,Salary,1,0,0,0,0.023,0.068,0.98,Low,30.0,5440.04,181.33,2.0,0.06666666666666667,0.4506904230073107,0.214,Low
TAXP01593,48,573500,Professional,1,2,8700,0,0.189,0.36,0.815,Low,22.0,7999.8,363.63,1.0,0.045454545454545456,0.36436685599999263,0.266,Low
TAXP01594,48,384400,Professional,0,1,0,0,0.141,0.187,0.82,Low,10.0,4242.23,424.22,0.0,0.0,0.17064640947362378,0.176,Low
TAXP01595,56,853300,Salary+Investments,1,3,0,0,0.047,0.232,0.816,Low,1.0,160.72,160.72,0.0,0.0,0.11435965933570566,0.153,Low
TAXP01596,57,900400,Salary+Business,1,0,0,0,0.041,0.093,0.98,Low,9.0,4660.36,517.82,2.0,0.2222222222222222,0.9043780755282264,0.418,Medium
TAXP01597,25,818900,Salary+Investments,1,0,0,0,-0.215,0.12,0.98,Low,3.0,1351.11,450.37,0.0,0.0,0.14449122512882173,0.076,Low
TAXP01598,21,771800,Professional,1,2,0,0,0.357,0.217,0.896,Low,15.0,9533.75,635.58,1.0,0.06666666666666667,0.41901617084159515,0.246,Low
TAXP01599,32,2024300,Business,1,0,0,0,-0.234,0.039,0.98,Low,30.0,52589.44,1752.98,2.0,0.06666666666666667,0.49984816629290796,0.236,Low
TAXP01600,44,301400,Salary,0,0,0,1,0.168,0.427,0.786,Low,6.0,781.75,130.29,0.0,0.0,0.12944117784449438,0.176,Low
TAXP01601,59,624800,Salary,0,1,27400,0,0.106,0.432,0.604,Medium,69.0,37494.86,543.4,6.0,0.08695652173913043,0.6237524590468385,0.498,Medium
TAXP01602,50,1469300,Salary,1,0,0,0,0.057,0.291,0.966,Low,4.0,905.29,226.32,0.0,0.0,0.13351829334233806,0.079,Low
TAXP01603,27,1615600,Salary,1,1,0,0,0.099,0.397,0.908,Low,12.0,13708.76,1142.4,0.0,0.0,0.19996853680366455,0.141,Low
TAXP01604,53,233500,Business,1,1,0,1,-0.006,0.132,0.927,Low,5.0,463.36,92.67,0.0,0.0,0.11818824716147477,0.093,Low
TAXP01605,42,519100,Salary,1,0,0,0,0.204,0.131,0.98,Low,9.0,20198.21,2244.25,2.0,0.2222222222222222,0.9361904977066992,0.432,Medium
TAXP01606,37,1728200,Salary,1,1,3800,0,-0.11,0.082,0.966,Low,8.0,27859.59,3482.45,0.0,0.0,0.20847286646249147,0.113,Low
TAXP01607,55,937100,Salary,1,0,0,0,0.152,0.076,0.966,Low,13.0,16565.48,1274.27,1.0,0.07692307692307693,0.4601064789987105,0.226,Low
TAXP01608,34,748100,Salary+Business,0,1,0,0,-0.008,0.226,0.781,Low,15.0,13137.36,875.82,1.0,0.06666666666666667,0.42596902303346595,0.312,Low
TAXP01609,48,555700,Business,1,0,28400,0,0.032,0.164,0.888,Low,23.0,14589.53,634.33,3.0,0.13043478260869565,0.6607806182968412,0.359,Low
TAXP01610,29,493100,Salary+Business,1,2,0,1,0.036,0.183,0.835,Low,32.0,16066.47,502.08,0.0,0.0,0.26057180996299883,0.208,Low
TAXP01611,38,799900,Business,1,2,0,0,0.074,0.238,0.882,Low,21.0,13706.97,652.71,1.0,0.047619047619047616,0.3802650273843185,0.236,Low
TAXP01612,46,542000,Salary+Investments,0,1,0,0,0.18,0.08,0.772,Low,14.0,17410.08,1243.58,1.0,0.07142857142857142,0.44536720312103695,0.326,Low
TAXP01613,49,630400,Salary+Business,1,2,0,0,0.094,0.337,0.902,Low,12.0,4739.24,394.94,1.0,0.08333333333333333,0.4519399968415693,0.257,Low
TAXP01614,62,687800,Salary,1,1,18000,0,0.249,0.169,0.855,Low,23.0,13891.87,603.99,2.0,0.08695652173913043,0.5162400452245381,0.312,Low
TAXP01615,34,398900,Multiple,0,1,0,0,0.267,0.13,0.795,Low,9.0,3059.08,339.9,1.0,0.1111111111111111,0.5285918828332782,0.351,Low
TAXP01616,61,953500,Salary,1,0,0,1,0.149,0.168,0.941,Low,16.0,7536.48,471.03,1.0,0.0625,0.4026934619718594,0.214,Low
TAXP01617,57,5298800,Business,1,1,23600,0,0.209,0.32,0.802,Low,1.0,3611.06,3611.06,0.0,0.0,0.18180916190580326,0.191,Low
TAXP01618,37,180800,Salary+Business,1,2,0,0,0.424,0.478,0.849,Low,12.0,6006.92,500.58,1.0,0.08333333333333333,0.4570755725021754,0.289,Low
TAXP01619,27,820800,Salary,1,0,0,0,-0.126,0.26,0.948,Low,5.0,5308.41,1061.68,0.0,0.0,0.17092787792508435,0.106,Low
TAXP01620,32,376000,Business,1,1,0,0,0.272,0.277,0.87,Low,39.0,10928.33,280.21,4.0,0.10256410256410256,0.613854423786723,0.348,Low
TAXP01621,50,985100,Salary,1,1,0,1,0.347,0.058,0.88,Low,19.0,9413.68,495.46,2.0,0.10526315789473684,0.5566721829174626,0.317,Low
TAXP01622,56,672200,Salary,1,1,0,0,0.169,0.5,0.903,Low,21.0,13926.34,663.16,0.0,0.0,0.22346642327105642,0.154,Low
TAXP01623,48,1125000,Salary,1,0,0,1,0.405,0.335,0.869,Low,30.0,31300.3,1043.34,0.0,0.0,0.26858909265375974,0.193,Low
TAXP01624,53,1515300,Salary,0,1,0,0,0.384,0.308,0.772,Low,44.0,50338.36,1144.05,2.0,0.045454545454545456,0.4754901782797012,0.339,Low
TAXP01625,25,746600,Salary,1,3,0,0,0.046,0.152,0.836,Low,18.0,10571.54,587.31,2.0,0.1111111111111111,0.5757350111818939,0.349,Low
TAXP01626,43,1468600,Professional,1,2,7100,0,0.058,0.117,0.815,Low,5.0,1297.8,259.56,0.0,0.0,0.1404031254941712,0.165,Low
TAXP01627,60,150000,Business,1,0,0,0,0.185,0.214,0.98,Low,21.0,4299.2,204.72,1.0,0.047619047619047616,0.3551599257473254,0.171,Low
TAXP01628,38,2042800,Business,1,0,47100,2,0.0,0.122,0.654,Medium,32.0,62665.04,1958.28,1.0,0.03125,0.39321990607773327,0.367,Low
TAXP01629,61,851500,Professional,1,0,0,1,0.534,0.195,0.933,Low,7.0,3723.28,531.9,1.0,0.14285714285714285,0.6352116029930657,0.323,Low
TAXP01630,26,1412400,Salary,1,1,0,1,0.226,0.303,0.878,Low,15.0,15072.37,1004.82,2.0,0.13333333333333333,0.6489495131134819,0.359,Low
TAXP01631,65,270100,Salary,1,1,6500,0,0.107,0.039,0.954,Low,4.0,3091.81,772.95,0.0,0.0,0.16012186442656684,0.097,Low
TAXP01632,56,357400,Salary+Business,1,0,0,0,-0.126,0.221,0.98,Low,13.0,2531.65,194.74,0.0,0.0,0.16556452783594522,0.086,Low
TAXP01633,49,722000,Salary+Investments,1,1,0,0,0.14,0.097,0.922,Low,18.0,12697.9,705.44,0.0,0.0,0.21304184150046607,0.139,Low
TAXP01634,48,642100,Business,0,1,324000,1,-0.09,0.245,0.02,High,11.0,20086.99,1826.09,0.0,0.0,0.2062251102784806,0.632,Medium
TAXP01635,63,796900,Salary,1,0,41400,1,0.222,0.099,0.725,Low,7.0,9115.85,1302.26,0.0,0.0,0.18320246981572777,0.234,Low
TAXP01636,37,1419200,Salary+Business,1,0,0,0,-0.3,0.575,0.928,Low,33.0,40775.87,1235.63,1.0,0.030303030303030304,0.38402366188347825,0.212,Low
TAXP01637,28,182400,Salary+Investments,1,1,0,0,0.321,0.014,0.942,Low,5.0,807.24,161.45,0.0,0.0,0.1301434655697163,0.09,Low
TAXP01638,62,1310400,Salary,1,2,0,0,0.032,0.357,0.928,Low,52.0,55831.29,1073.68,5.0,0.09615384615384616,0.6688714917940797,0.341,Low
TAXP01639,25,653900,Salary,1,0,275800,0,-0.171,0.291,0.02,High,45.0,18982.89,421.84,4.0,0.08888888888888889,0.601112713432264,0.81,High
TAXP01640,50,561300,Salary,1,0,0,0,0.097,0.218,0.939,Low,48.0,22738.34,473.72,2.0,0.041666666666666664,0.45955684467830893,0.24,Low
TAXP01641,32,225400,Business,1,1,0,1,0.103,0.227,0.834,Low,10.0,3265.51,326.55,1.0,0.1,0.49497952352065144,0.314,Low
TAXP01642,62,933700,Salary+Investments,1,0,0,0,0.09,0.396,0.975,Low,6.0,3516.16,586.03,0.0,0.0,0.16196218303652174,0.087,Low
TAXP01643,64,150000,Professional,1,1,0,0,0.321,0.326,0.895,Low,29.0,11154.89,384.65,3.0,0.10344827586206896,0.584414432673912,0.321,Low
TAXP01644,42,1036700,Salary,1,1,7500,0,0.161,0.054,0.925,Low,47.0,66782.21,1420.9,6.0,0.1276595744680851,0.7632336077756358,0.385,Low
TAXP01645,44,222000,Professional,0,0,0,1,0.227,0.172,0.837,Low,14.0,5990.4,427.89,0.0,0.0,0.18651892549412066,0.174,Low
TAXP01646,41,675500,Salary+Investments,1,0,0,0,0.06,0.434,0.98,Low,46.0,23686.36,514.92,1.0,0.021739130434782608,0.3877603242880777,0.185,Low
TAXP01647,40,596600,Business,1,2,0,0,0.168,0.29,0.861,Low,3.0,715.54,238.51,0.0,0.0,0.13073108729594957,0.135,Low
TAXP01648,63,1508800,Salary+Business,1,0,0,0,-0.109,0.145,0.95,Low,36.0,51540.79,1431.69,1.0,0.027777777777777776,0.39065059061382673,0.203,Low
TAXP01649,33,571500,Salary,1,1,14600,0,0.141,0.292,0.795,Low,25.0,6658.64,266.35,2.0,0.08,0.4833927623221588,0.33,Low
TAXP01650,64,394300,Salary,0,1,0,0,-0.021,0.244,0.809,Low,9.0,2649.61,294.4,0.0,0.0,0.15881461658498516,0.177,Low
TAXP01651,50,451300,Business,1,0,0,1,0.311,0.057,0.949,Low,36.0,14015.36,389.32,1.0,0.027777777777777776,0.3624138177072398,0.191,Low
TAXP01652,64,1625300,Business,1,1,0,0,0.112,0.254,0.925,Low,3.0,2089.65,696.55,0.0,0.0,0.15394334954070782,0.111,Low
TAXP01653,48,956300,Multiple,1,1,0,0,0.206,0.125,0.894,Low,30.0,22415.36,747.18,1.0,0.03333333333333333,0.37134720004285776,0.225,Low
TAXP01654,57,492400,Business,1,0,0,0,0.142,0.463,0.888,Low,35.0,23041.09,658.32,7.0,0.2,0.9382094885172363,0.484,Medium
TAXP01655,43,548200,Salary,0,1,28700,1,0.389,0.453,0.525,Medium,3.0,949.16,316.39,1.0,0.3333333333333333,1.0,0.711,High
TAXP01656,41,210300,Salary,1,2,0,0,-0.15,0.147,0.845,Low,33.0,9246.59,280.2,0.0,0.0,0.25186240076402394,0.199,Low
TAXP01657,32,859800,Business,1,0,18100,0,0.082,0.269,0.827,Low,9.0,5230.67,581.19,0.0,0.0,0.1735470688664941,0.173,Low
TAXP01658,30,183100,Salary,1,0,0,1,-0.054,0.396,0.905,Low,12.0,4340.84,361.74,1.0,0.08333333333333333,0.4500382852571935,0.255,Low
TAXP01659,22,1116800,Salary+Business,1,0,0,0,-0.228,0.272,0.949,Low,16.0,15386.48,961.66,0.0,0.0,0.21191850201358592,0.123,Low
TAXP01660,38,713100,Salary,1,1,0,0,-0.064,0.433,0.869,Low,21.0,11678.15,556.1,2.0,0.09523809523809523,0.5339352869363212,0.312,Low
TAXP01661,65,3624900,Salary,1,0,0,0,0.288,0.519,0.913,Low,6.0,5896.83,982.8,0.0,0.0,0.17317473305744277,0.126,Low
TAXP01662,63,294400,Professional,1,1,0,0,0.095,0.326,0.885,Low,43.0,9659.22,224.63,2.0,0.046511627906976744,0.4397858539943483,0.261,Low
TAXP01663,52,603700,Salary,1,1,0,0,0.065,0.142,0.957,Low,34.0,42642.13,1254.18,3.0,0.08823529411764706,0.5794449749654687,0.284,Low
TAXP01664,37,2372600,Professional,0,2,0,1,0.224,0.125,0.662,Medium,18.0,27400.33,1522.24,0.0,0.0,0.22972652177297054,0.289,Low
TAXP01665,44,1532700,Business,1,1,0,0,0.118,0.134,0.95,Low,20.0,24732.32,1236.62,3.0,0.15,0.7280605340066022,0.355,Low
TAXP01666,55,393700,Business,1,0,0,0,0.198,0.078,0.941,Low,2.0,200.96,100.48,1.0,0.5,1.0,0.482,Medium
TAXP01667,21,763700,Salary+Business,1,3,19300,0,0.152,0.559,0.699,Medium,13.0,27374.67,2105.74,2.0,0.15384615384615385,0.7248531422079532,0.492,Medium
TAXP01668,62,650900,Salary+Business,1,0,0,1,0.187,0.259,0.932,Low,6.0,6371.41,1061.9,1.0,0.16666666666666666,0.7248539347286614,0.364,Low
TAXP01669,60,796300,Salary+Investments,1,0,0,0,0.028,0.521,0.98,Low,17.0,7494.57,440.86,1.0,0.058823529411764705,0.3930482887127151,0.188,Low
TAXP01670,64,393000,Salary,1,0,0,1,0.268,0.282,0.913,Low,9.0,4594.75,510.53,1.0,0.1111111111111111,0.5374041277909026,0.29,Low
TAXP01671,25,609500,Salary,1,0,0,0,-0.094,0.146,0.98,Low,15.0,7068.59,471.24,1.0,0.06666666666666667,0.4125315211307677,0.197,Low
TAXP01672,63,205700,Salary+Business,1,0,0,0,0.086,0.151,0.98,Low,25.0,5649.68,225.99,1.0,0.04,0.3478391817495766,0.168,Low
TAXP01673,48,716400,Business,1,0,0,0,0.276,0.029,0.963,Low,4.0,2470.07,617.52,0.0,0.0,0.1552537528752598,0.09,Low
TAXP01674,45,898700,Professional,1,0,0,0,0.075,0.369,0.98,Low,6.0,2435.75,405.96,0.0,0.0,0.1540067957344154,0.08,Low
TAXP01675,29,551800,Business,1,1,0,0,0.031,0.388,0.87,Low,28.0,10853.52,387.63,2.0,0.07142857142857142,0.4749946714854431,0.285,Low
TAXP01676,43,203200,Salary+Business,1,1,0,0,0.466,0.434,0.794,Low,10.0,3039.02,303.9,0.0,0.0,0.16342359204556944,0.187,Low
TAXP01677,37,1324400,Salary,1,1,0,0,0.327,0.296,0.921,Low,22.0,23903.04,1086.5,3.0,0.13636363636363635,0.6880958775201788,0.353,Low
TAXP01678,65,845100,Business,1,2,28800,1,0.123,0.178,0.641,Medium,44.0,18243.08,414.62,3.0,0.06818181818181818,0.528483490295441,0.435,Medium
TAXP01679,36,385400,Salary,1,0,0,0,-0.055,0.318,0.98,Low,32.0,11014.74,344.21,0.0,0.0,0.2523942935564609,0.125,Low
TAXP01680,30,531100,Salary,1,0,0,0,-0.226,0.324,0.94,Low,3.0,305.27,101.76,0.0,0.0,0.1123551188961967,0.084,Low
TAXP01681,63,220600,Professional,1,1,0,0,0.213,0.109,0.917,Low,,,,,,,,Low
TAXP01682,29,310700,Business,0,2,0,0,0.303,0.208,0.64,Medium,13.0,2297.51,176.73,0.0,0.0,0.16346851946138832,0.272,Low
TAXP01683,61,441300,Salary,1,3,0,0,0.163,0.317,0.832,Low,7.0,1539.34,219.91,0.0,0.0,0.14466122609230525,0.157,Low
TAXP01684,64,1574100,Salary+Investments,1,0,14600,0,-0.174,0.593,0.839,Low,24.0,32844.09,1368.5,1.0,0.041666666666666664,0.38844567212964454,0.263,Low
TAXP01685,34,410200,Salary+Business,1,3,0,0,0.126,0.267,0.832,Low,9.0,2738.97,304.33,0.0,0.0,0.1595324836213335,0.164,Low
TAXP01686,52,1030600,Business,1,0,31900,0,0.022,0.227,0.824,Low,4.0,1241.45,310.36,0.0,0.0,0.14034948151180798,0.16,Low
TAXP01687,56,441100,Multiple,1,1,0,0,0.126,0.417,0.909,Low,37.0,14930.08,403.52,1.0,0.02702702702702703,0.3646338829842679,0.214,Low
TAXP01688,45,777000,Business,1,1,5500,0,0.411,0.609,0.846,Low,19.0,7545.42,397.13,0.0,0.0,0.20451079266784955,0.177,Low
TAXP01689,52,587100,Salary+Business,1,0,0,1,0.226,0.413,0.917,Low,13.0,2103.38,161.8,0.0,0.0,0.1615628109290161,0.118,Low
TAXP01690,26,1218700,Salary,1,0,6900,0,0.192,0.3,0.914,Low,64.0,60627.48,947.3,2.0,0.03125,0.45197225842258215,0.251,Low
TAXP01691,44,442300,Salary,1,1,0,0,0.093,0.484,0.931,Low,,,,,,,,Low
TAXP01692,44,209500,Salary,1,2,5000,0,0.166,0.414,0.843,Low,5.0,1914.41,382.88,0.0,0.0,0.14881761834679852,0.153,Low
TAXP01693,46,240300,Salary,1,0,65600,0,-0.016,0.131,0.58,Medium,40.0,22567.69,564.19,5.0,0.125,0.7069724354777269,0.549,Medium
TAXP01694,63,443200,Business,1,0,0,0,0.189,0.169,0.976,Low,6.0,4395.18,732.53,0.0,0.0,0.1668001813404971,0.088,Low
TAXP01695,58,264400,Salary,1,1,0,0,0.069,0.286,0.89,Low,10.0,2386.39,238.64,0.0,0.0,0.15819345786403652,0.132,Low
TAXP01696,48,873300,Professional,1,0,0,0,-0.032,0.102,0.98,Low,30.0,36850.01,1228.33,0.0,0.0,0.2721304134126995,0.133,Low
TAXP01697,39,464800,Salary,1,1,8300,0,0.23,0.343,0.835,Low,10.0,2443.86,244.39,0.0,0.0,0.1587080715506569,0.162,Low
TAXP01698,39,3592800,Salary,1,0,2000,0,-0.257,0.354,0.945,Low,31.0,92266.78,2976.35,3.0,0.0967741935483871,0.6146147933657051,0.307,Low
TAXP01699,21,186000,Multiple,0,1,0,0,0.013,0.3,0.893,Low,25.0,4905.44,196.22,2.0,0.08,0.47678639949053014,0.273,Low
TAXP01700,45,752600,Professional,1,0,0,0,0.198,0.339,0.955,Low,51.0,31679.93,621.18,2.0,0.0392156862745098,0.46910727461355944,0.236,Low
TAXP01701,32,288500,Multiple,1,0,0,0,0.296,0.42,0.975,Low,22.0,8352.29,379.65,2.0,0.09090909090909091,0.5153006635100438,0.246,Low
TAXP01702,60,455600,Business,0,4,0,0,0.175,0.232,0.67,Medium,16.0,5610.96,350.68,0.0,0.0,0.19005267972523096,0.267,Low
TAXP01703,55,719700,Salary,1,1,0,0,-0.008,0.377,0.891,Low,45.0,20195.78,448.8,2.0,0.044444444444444446,0.4557878762194204,0.265,Low
TAXP01704,62,150000,Business,1,2,20300,0,0.092,0.143,0.719,Low,10.0,2465.49,246.55,0.0,0.0,0.15889864113439572,0.226,Low
TAXP01705,65,770800,Business,1,2,0,0,0.147,0.347,0.912,Low,25.0,10976.14,439.05,0.0,0.0,0.23021398502404916,0.152,Low
TAXP01706,39,2558200,Salary,1,2,46700,1,0.35,0.295,0.574,Medium,16.0,10756.53,672.28,0.0,0.0,0.2041548616906689,0.326,Low
TAXP01707,40,469000,Salary+Investments,1,0,19900,1,0.247,0.458,0.786,Low,39.0,33252.89,852.64,5.0,0.1282051282051282,0.7225816644436984,0.443,Medium
TAXP01708,48,783700,Professional,1,1,0,0,0.248,0.237,0.913,Low,19.0,17861.55,940.08,1.0,0.05263157894736842,0.39687524892924625,0.226,Low
TAXP01709,40,1359600,Salary+Business,1,0,0,1,0.11,0.159,0.925,Low,17.0,12368.39,727.55,2.0,0.11764705882352941,0.5980248747266271,0.31,Low
TAXP01710,33,577600,Business,0,1,0,0,-0.071,0.092,0.8,Low,33.0,8924.09,270.43,0.0,0.0,0.2510943089197313,0.223,Low
TAXP01711,52,427800,Professional,1,0,0,1,-0.125,0.272,0.931,Low,21.0,9934.39,473.07,1.0,0.047619047619047616,0.373287631277012,0.206,Low
TAXP01712,41,150000,Salary,1,0,5200,2,0.052,0.397,0.837,Low,27.0,25213.51,933.83,2.0,0.07407407407407407,0.4988633864534435,0.314,Low
TAXP01713,63,1031200,Multiple,1,1,0,0,0.212,0.439,0.883,Low,47.0,50263.44,1069.43,2.0,0.0425531914893617,0.47621713871451965,0.279,Low
TAXP01714,30,599100,Salary,1,2,0,0,0.02,0.097,0.92,Low,39.0,18051.84,462.87,1.0,0.02564102564102564,0.37087615156711307,0.211,Low
TAXP01715,40,313500,Salary,0,3,7000,0,0.192,0.308,0.682,Medium,3.0,318.06,106.02,0.0,0.0,0.11323786507623922,0.226,Low
TAXP01716,44,712000,Salary,1,0,0,0,-0.027,0.546,0.946,Low,11.0,4988.74,453.52,0.0,0.0,0.17601487625037984,0.109,Low
TAXP01717,61,427000,Professional,1,3,0,1,-0.002,0.248,0.806,Low,11.0,1929.75,175.43,1.0,0.09090909090909091,0.4554660028187994,0.312,Low
TAXP01718,47,444300,Multiple,0,1,44100,0,0.325,0.325,0.588,Medium,31.0,8462.1,272.97,0.0,0.0,0.24345374877235848,0.336,Low
TAXP01719,24,1005800,Salary+Investments,1,3,0,1,0.223,0.317,0.803,Low,28.0,13613.94,486.21,0.0,0.0,0.2441897100303233,0.218,Low
TAXP01720,36,248000,Salary+Business,1,1,0,1,0.051,0.269,0.875,Low,45.0,9560.67,212.46,0.0,0.0,0.29293624451117756,0.201,Low
TAXP01721,60,1381700,Multiple,1,1,0,0,-0.033,0.034,0.9,Low,16.0,14305.35,894.08,1.0,0.0625,0.4165881686397699,0.242,Low
TAXP01722,33,237600,Salary+Business,1,1,0,0,0.252,0.509,0.874,Low,35.0,12319.82,351.99,0.0,0.0,0.26464321021852133,0.188,Low
TAXP01723,36,403400,Salary,1,1,0,0,0.24,0.209,0.951,Low,23.0,7538.36,327.75,1.0,0.043478260869565216,0.35951783397055415,0.189,Low
TAXP01724,27,2595400,Professional,1,0,0,1,0.202,0.147,0.869,Low,11.0,14614.48,1328.59,2.0,0.18181818181818182,0.7993229913979172,0.432,Medium
TAXP01725,53,1463600,Salary,1,1,0,0,0.072,0.225,0.944,Low,26.0,70112.85,2696.65,1.0,0.038461538461538464,0.4004329768778573,0.211,Low
TAXP01726,27,697300,Salary,1,1,0,1,-0.075,0.163,0.827,Low,67.0,32167.36,480.11,7.0,0.1044776119402985,0.6788882153749333,0.401,Medium
TAXP01727,37,330200,Salary,1,0,0,0,0.098,0.333,0.963,Low,15.0,2906.16,193.74,2.0,0.13333333333333333,0.6132966342860576,0.296,Low
TAXP01728,53,444000,Salary,1,1,0,0,0.325,0.269,0.898,Low,14.0,2611.47,186.53,0.0,0.0,0.16855581329113542,0.132,Low
TAXP01729,61,685200,Multiple,0,1,59500,2,-0.045,0.427,0.394,High,32.0,16172.0,505.38,2.0,0.0625,0.4669636914349652,0.543,Medium
TAXP01730,30,667800,Multiple,0,0,5400,0,0.108,0.433,0.813,Low,20.0,9256.07,462.8,1.0,0.05,0.3767479578338066,0.272,Low
TAXP01731,35,608800,Salary,1,0,14100,2,0.362,0.223,0.735,Low,11.0,3225.53,293.23,0.0,0.0,0.16657149527742315,0.221,Low
TAXP01732,26,635700,Salary+Business,1,0,0,0,0.051,0.174,0.98,Low,15.0,3145.71,209.71,0.0,0.0,0.17500809806691778,0.09,Low
TAXP01733,40,557000,Salary,0,1,0,0,0.08,0.235,0.772,Low,,,,,,,,Low
TAXP01734,65,230200,Salary,1,0,8600,0,-0.116,0.241,0.923,Low,53.0,15158.75,286.01,2.0,0.03773584905660377,0.4474233606277106,0.244,Low
TAXP01735,34,448100,Salary,1,1,10200,0,0.2,0.053,0.887,Low,36.0,9731.53,270.32,1.0,0.027777777777777776,0.35451714422193215,0.222,Low
TAXP01736,32,1255800,Salary,1,1,0,0,-0.018,0.049,0.926,Low,1.0,290.83,290.83,0.0,0.0,0.12717795832587417,0.098,Low
TAXP01737,38,242700,Salary,1,0,0,0,-0.149,0.235,0.972,Low,9.0,2273.34,252.59,0.0,0.0,0.15550090485104923,0.085,Low
TAXP01738,61,567100,Salary,1,0,0,1,-0.053,0.129,0.962,Low,11.0,2577.19,234.29,1.0,0.09090909090909091,0.4617173253916229,0.229,Low
TAXP01739,45,360200,Salary,1,1,0,1,0.133,0.13,0.909,Low,19.0,8023.82,422.31,1.0,0.05263157894736842,0.37952663778722756,0.221,Low
TAXP01740,48,704300,Salary,1,2,0,1,-0.153,0.547,0.773,Low,23.0,16009.75,696.08,1.0,0.043478260869565216,0.37583822505029024,0.294,Low
TAXP01741,56,491300,Salary+Investments,1,1,0,0,-0.122,0.089,0.98,Low,19.0,5353.26,281.75,0.0,0.0,0.1970798685590993,0.1,Low
TAXP01742,53,1883100,Salary,1,1,0,0,0.189,0.223,0.907,Low,13.0,13885.87,1068.14,0.0,0.0,0.2024320676361565,0.142,Low
TAXP01743,47,936100,Salary,0,0,0,0,0.088,0.089,0.916,Low,3.0,1211.34,403.78,1.0,0.3333333333333333,1.0,0.496,Medium
TAXP01744,46,252800,Business,0,2,0,0,-0.046,0.483,0.729,Low,33.0,10440.6,316.38,2.0,0.06060606060606061,0.4544907582516934,0.354,Low
TAXP01745,44,1053900,Salary,1,0,0,1,0.049,0.401,0.86,Low,5.0,2654.95,530.99,1.0,0.2,0.815902898192877,0.444,Medium
TAXP01746,29,372100,Business,1,1,0,1,0.378,0.226,0.889,Low,28.0,7469.76,266.78,2.0,0.07142857142857142,0.4669067770161904,0.271,Low
TAXP01747,39,429000,Salary,1,0,0,0,0.305,0.399,0.923,Low,47.0,22057.08,469.3,1.0,0.02127659574468085,0.38814510467817653,0.217,Low
TAXP01748,59,814800,Professional,0,1,0,0,0.083,0.118,0.777,Low,31.0,13449.8,433.86,1.0,0.03225806451612903,0.3599378243602953,0.285,Low
TAXP01749,22,456200,Business,1,1,94700,0,0.231,0.112,0.46,Medium,8.0,1723.53,215.44,0.0,0.0,0.14813944926879008,0.364,Low
TAXP01750,58,1236200,Professional,1,1,0,0,0.119,0.393,0.93,Low,,,,,,,,Low
TAXP01751,46,372200,Business,1,3,6600,0,-0.184,0.144,0.787,Low,6.0,3257.71,542.95,1.0,0.16666666666666666,0.7103073085500665,0.437,Medium
TAXP01752,36,416300,Business,1,0,0,0,-0.213,0.01,0.943,Low,31.0,11800.37,380.66,3.0,0.0967741935483871,0.5700070211576584,0.288,Low
TAXP01753,26,405200,Salary,1,1,0,0,-0.045,0.105,0.86,Low,71.0,15932.91,224.41,3.0,0.04225352112676056,0.457084905115075,0.283,Low
TAXP01754,55,432600,Salary,1,1,0,0,-0.152,0.093,0.961,Low,3.0,2567.6,855.87,0.0,0.0,0.1584102409325816,0.093,Low
TAXP01755,21,1434200,Business,1,2,0,0,0.143,0.489,0.826,Low,15.0,6114.46,407.63,1.0,0.06666666666666667,0.40938996381319825,0.28,Low
TAXP01756,45,1022200,Salary,1,0,33600,0,0.012,0.415,0.801,Low,33.0,30775.38,932.59,2.0,0.06060606060606061,0.4779193818390026,0.325,Low
TAXP01757,28,2226400,Salary,1,4,0,0,0.168,0.243,0.818,Low,38.0,95028.09,2500.74,3.0,0.07894736842105263,0.579457877821719,0.361,Low
TAXP01758,61,3326500,Professional,1,0,11800,1,0.171,0.174,0.87,Low,105.0,254248.55,2421.41,2.0,0.01904761904761905,0.43206942110028435,0.266,Low
TAXP01759,29,309500,Salary,0,0,15300,1,0.21,0.135,0.733,Low,,,,,,,,Low
TAXP01760,57,683800,Salary,1,1,10900,1,-0.049,0.163,0.825,Low,4.0,1142.48,285.62,0.0,0.0,0.1385514923743151,0.159,Low
TAXP01761,46,278700,Professional,1,0,0,0,0.183,0.171,0.957,Low,8.0,2379.75,297.47,0.0,0.0,0.15511738487399906,0.093,Low
TAXP01762,22,371300,Salary,1,1,0,0,-0.053,0.133,0.929,Low,42.0,15897.58,378.51,2.0,0.047619047619047616,0.4508100066505001,0.242,Low
TAXP01763,53,412900,Salary+Business,1,1,17300,1,0.214,0.74,0.685,Medium,28.0,9174.5,327.66,0.0,0.0,0.23564120200712518,0.279,Low
TAXP01764,60,303600,Multiple,1,0,19700,1,0.296,0.219,0.743,Low,45.0,12730.64,282.9,1.0,0.022222222222222223,0.3724623226146814,0.309,Low
TAXP01765,30,304800,Multiple,1,0,15900,0,0.216,0.2,0.884,Low,3.0,1968.29,656.1,0.0,0.0,0.15264604671989812,0.132,Low
TAXP01766,64,585900,Business,1,2,0,1,0.072,0.236,0.846,Low,55.0,17720.72,322.19,2.0,0.03636363636363636,0.4454731165773056,0.285,Low
TAXP01767,56,270700,Salary,1,1,4000,0,0.191,0.138,0.914,Low,24.0,3076.73,128.2,0.0,0.0,0.19968019084026667,0.137,Low
TAXP01768,54,1191900,Professional,0,0,31800,1,-0.145,0.354,0.63,Medium,5.0,915.1,183.02,0.0,0.0,0.13285099609430026,0.263,Low
TAXP01769,36,335700,Professional,1,1,5200,0,-0.181,0.182,0.918,Low,26.0,12349.75,474.99,1.0,0.038461538461538464,0.3627636539366189,0.208,Low
TAXP01770,26,4914100,Professional,1,2,0,0,0.175,0.16,0.933,Low,23.0,84790.94,3686.56,1.0,0.043478260869565216,0.4120111545327553,0.222,Low
TAXP01771,40,469600,Salary,1,1,0,1,0.309,0.281,0.904,Low,18.0,19680.68,1093.37,2.0,0.1111111111111111,0.5892130009797412,0.318,Low
TAXP01772,57,684600,Salary,1,2,0,0,-0.097,0.062,0.871,Low,44.0,20054.55,455.79,1.0,0.022727272727272728,0.3805345066038326,0.242,Low
TAXP01773,47,255800,Salary,1,1,0,0,0.102,0.366,0.884,Low,35.0,9657.72,275.93,2.0,0.05714285714285714,0.44794510560256773,0.265,Low
TAXP01774,50,2220200,Salary,1,3,0,1,0.17,0.497,0.739,Low,12.0,38948.96,3245.75,1.0,0.08333333333333333,0.4976310911964659,0.367,Low
TAXP01775,56,1455400,Salary,1,1,0,0,0.002,0.357,0.926,Low,7.0,6061.92,865.99,0.0,0.0,0.17435152143061153,0.119,Low
TAXP01776,36,804900,Multiple,1,0,27900,1,0.046,0.179,0.803,Low,21.0,8632.27,411.06,0.0,0.0,0.213100875614953,0.204,Low
TAXP01777,22,246500,Salary,1,1,0,0,0.198,0.263,0.963,Low,32.0,8879.54,277.49,0.0,0.0,0.24773022902634645,0.132,Low
TAXP01778,60,756500,Professional,1,0,0,0,0.117,0.18,0.98,Low,6.0,2603.44,433.91,0.0,0.0,0.15544910043123672,0.081,Low
TAXP01779,48,289900,Multiple,1,0,0,0,0.118,0.109,0.98,Low,27.0,16925.57,626.87,0.0,0.0,0.2457758205402817,0.122,Low
TAXP01780,46,1862900,Salary,0,2,43000,0,-0.057,0.624,0.548,Medium,9.0,22612.92,2512.55,0.0,0.0,0.20530831761423002,0.341,Low
TAXP01781,46,1164000,Business,1,0,0,0,0.095,0.578,0.929,Low,8.0,7107.87,888.48,0.0,0.0,0.17882932185872735,0.12,Low
TAXP01782,59,696200,Professional,0,1,0,0,0.036,0.396,0.817,Low,53.0,29864.06,563.47,3.0,0.05660377358490566,0.5243744854703777,0.337,Low
TAXP01783,55,150000,Salary,1,3,0,0,0.045,0.331,0.823,Low,8.0,1693.62,211.7,0.0,0.0,0.1477610776470869,0.164,Low
TAXP01784,51,320200,Business,1,2,0,0,0.013,0.452,0.912,Low,48.0,10025.76,208.87,1.0,0.020833333333333332,0.3730827114031867,0.216,Low
TAXP01785,56,1066500,Salary+Business,0,1,0,0,0.096,0.097,0.797,Low,19.0,13010.9,684.78,0.0,0.0,0.21631905483382424,0.209,Low
TAXP01786,33,1556600,Salary+Business,1,2,11100,0,-0.039,0.236,0.808,Low,32.0,30719.91,960.0,1.0,0.03125,0.37775117237339356,0.276,Low
TAXP01787,53,1444600,Salary+Business,1,1,0,0,0.102,0.194,0.946,Low,6.0,2324.65,387.44,0.0,0.0,0.15299558975533356,0.099,Low
TAXP01788,64,206600,Multiple,1,0,0,0,0.042,0.458,0.904,Low,53.0,17317.38,326.74,1.0,0.018867924528301886,0.38804071418158315,0.227,Low
TAXP01789,31,807600,Salary,1,1,22700,0,-0.049,0.222,0.814,Low,11.0,7404.85,673.17,3.0,0.2727272727272727,1.0,0.552,Medium
TAXP01790,46,1350400,Salary+Business,1,1,0,1,-0.212,0.148,0.871,Low,20.0,17307.6,865.38,0.0,0.0,0.22531666587853788,0.172,Low
TAXP01791,51,197000,Professional,0,2,0,2,0.252,0.181,0.708,Low,75.0,19239.14,256.52,6.0,0.08,0.5845406008855512,0.424,Medium
TAXP01792,44,646300,Professional,0,3,0,1,0.219,0.544,0.65,Medium,20.0,8081.15,404.06,3.0,0.15,0.7038070932032316,0.509,Medium
TAXP01793,64,791700,Salary+Business,1,0,0,0,-0.029,0.14,0.98,Low,11.0,5192.72,472.07,0.0,0.0,0.1768832004817836,0.091,Low
TAXP01794,39,523400,Salary+Business,1,0,0,0,0.209,0.11,0.949,Low,11.0,8404.63,764.06,0.0,0.0,0.1873218270635568,0.112,Low
TAXP01795,30,171300,Salary+Investments,1,0,15600,0,-0.064,0.066,0.875,Low,9.0,2926.14,325.13,0.0,0.0,0.16096332407126981,0.141,Low
TAXP01796,27,514100,Salary,1,2,14900,0,0.051,0.426,0.804,Low,12.0,3828.98,319.08,2.0,0.16666666666666666,0.722321754715463,0.433,Medium
TAXP01797,59,513500,Professional,0,1,1700,1,0.015,0.066,0.761,Low,39.0,27245.73,698.61,2.0,0.05128205128205128,0.4644145748260945,0.34,Low
TAXP01798,51,584300,Salary,1,1,0,2,0.056,0.289,0.791,Low,35.0,15905.75,454.45,2.0,0.05714285714285714,0.4587482503988338,0.321,Low
TAXP01799,47,433200,Business,0,0,0,0,0.203,0.385,0.841,Low,19.0,3949.92,207.89,1.0,0.05263157894736842,0.3641898509024377,0.251,Low
TAXP01800,40,472500,Salary+Business,1,1,2900,0,0.036,0.196,0.968,Low,22.0,11540.73,524.58,0.0,0.0,0.22230627683771303,0.118,Low
TAXP01801,39,631700,Salary+Business,0,2,0,0,0.046,0.161,0.743,Low,6.0,1677.69,279.62,0.0,0.0,0.1459348495501762,0.207,Low
TAXP01802,63,893900,Business,1,0,0,0,0.219,0.122,0.96,Low,3.0,2598.65,866.22,0.0,0.0,0.15867095907157303,0.093,Low
TAXP01803,51,522100,Business,1,0,0,0,0.11,0.255,0.958,Low,17.0,2963.44,174.32,0.0,0.0,0.1788581423179724,0.104,Low
TAXP01804,64,484000,Salary,0,0,0,0,0.005,0.272,0.819,Low,10.0,2587.92,258.79,0.0,0.0,0.15994687007610514,0.172,Low
TAXP01805,57,694700,Salary,1,1,0,1,0.139,0.301,0.828,Low,29.0,21597.99,744.76,5.0,0.1724137931034483,0.8263207867594893,0.466,Medium
TAXP01806,55,163000,Salary,1,0,0,0,0.259,0.226,0.94,Low,4.0,5684.79,1421.2,2.0,0.5,1.0,0.483,Medium
TAXP01807,45,916400,Salary+Investments,1,3,0,0,0.269,0.013,0.884,Low,1.0,246.83,246.83,0.0,0.0,0.1236291584953822,0.119,Low
TAXP01808,31,649700,Salary,1,1,0,0,-0.112,0.285,0.971,Low,1.0,105.96,105.96,0.0,0.0,0.10538255021269916,0.063,Low
TAXP01809,50,668800,Multiple,1,0,0,1,-0.104,0.491,0.882,Low,17.0,20122.79,1183.69,2.0,0.11764705882352941,0.6085821281212044,0.339,Low
TAXP01810,53,1298200,Salary,1,0,0,0,0.26,0.048,0.977,Low,4.0,3437.58,859.4,0.0,0.0,0.162421040953944,0.086,Low
TAXP01811,44,159300,Salary+Business,1,2,0,0,0.054,0.329,0.866,Low,16.0,7376.06,461.0,1.0,0.0625,0.40222725734877945,0.255,Low
TAXP01812,21,156900,Business,1,2,0,1,-0.252,0.127,0.77,Low,5.0,1402.29,280.46,0.0,0.0,0.14207841662658546,0.19,Low
TAXP01813,64,791600,Professional,1,1,0,0,-0.017,0.364,0.884,Low,11.0,3312.53,301.14,1.0,0.09090909090909091,0.46714749309603576,0.274,Low
TAXP01814,58,646700,Professional,1,0,0,0,0.03,0.091,0.98,Low,19.0,8012.11,421.69,1.0,0.05263157894736842,0.3794949990724546,0.182,Low
TAXP01815,36,734700,Salary+Business,1,1,0,0,0.05,0.082,0.968,Low,21.0,13620.65,648.6,0.0,0.0,0.22298519942705636,0.118,Low
TAXP01816,43,466000,Salary+Investments,1,1,0,1,0.222,0.464,0.821,Low,8.0,1807.47,225.93,0.0,0.0,0.14916740119248417,0.166,Low
TAXP01817,26,1048700,Business,0,1,0,0,-0.049,0.571,0.757,Low,10.0,25177.72,2517.77,1.0,0.1,0.5392749814041214,0.376,Low
TAXP01818,63,1272200,Salary,1,3,0,1,0.25,0.227,0.78,Low,11.0,8100.05,736.37,1.0,0.09090909090909091,0.4865213500321843,0.34,Low
TAXP01819,31,921000,Salary,1,0,8600,0,0.146,0.455,0.98,Low,6.0,3076.4,512.73,0.0,0.0,0.1590661813206173,0.083,Low
TAXP01820,37,538700,Salary+Business,1,1,0,0,-0.106,0.273,0.953,Low,17.0,4942.2,290.72,0.0,0.0,0.1899146947135871,0.111,Low
TAXP01821,40,150000,Business,1,0,0,2,0.049,0.463,0.821,Low,14.0,1773.05,126.65,0.0,0.0,0.16020230272974748,0.171,Low
TAXP01822,32,1131000,Business,1,1,0,1,0.179,0.319,0.906,Low,34.0,42481.52,1249.46,3.0,0.08823529411764706,0.5793630983275677,0.312,Low
TAXP01823,49,1566500,Business,1,0,54100,0,0.106,0.206,0.674,Medium,15.0,8935.14,595.68,2.0,0.13333333333333333,0.6376103373456945,0.466,Medium
TAXP01824,65,1033900,Salary,0,2,0,0,0.161,0.061,0.755,Low,7.0,10359.37,1479.91,1.0,0.14285714285714285,0.6574058474148307,0.431,Medium
TAXP01825,59,345000,Salary+Business,1,0,80900,1,0.006,0.195,0.547,Medium,6.0,3973.42,662.24,2.0,0.3333333333333333,1.0,0.699,High
TAXP01826,44,1055900,Salary+Business,1,0,0,0,0.189,0.145,0.943,Low,50.0,49743.42,994.87,2.0,0.04,0.4779883987604501,0.246,Low
TAXP01827,26,1207800,Salary+Business,1,1,0,0,0.036,0.555,0.898,Low,5.0,2361.74,472.35,0.0,0.0,0.153366754279673,0.125,Low
TAXP01828,59,1996800,Salary+Business,1,1,0,0,0.507,0.396,0.888,Low,38.0,61297.38,1613.09,3.0,0.07894736842105263,0.5699421574973743,0.318,Low
TAXP01829,32,345900,Salary+Investments,1,0,0,0,-0.111,0.343,0.98,Low,48.0,14605.45,304.28,5.0,0.10416666666666667,0.6562201186792418,0.306,Low
TAXP01830,61,552200,Business,1,0,0,0,0.532,0.352,0.887,Low,12.0,4189.74,349.14,0.0,0.0,0.1742711094893093,0.141,Low
TAXP01831,38,1113200,Multiple,1,0,0,0,-0.052,0.598,0.979,Low,16.0,14169.49,885.59,0.0,0.0,0.21013118798603111,0.106,Low
TAXP01832,44,677400,Salary,1,0,0,1,0.303,0.121,0.962,Low,15.0,10915.53,727.7,0.0,0.0,0.20195090316821604,0.112,Low
TAXP01833,40,290800,Professional,1,1,0,0,0.232,0.184,0.916,Low,20.0,3780.87,189.04,1.0,0.05,0.3573739245878279,0.207,Low
TAXP01834,41,876100,Salary+Business,1,0,33200,0,-0.046,0.186,0.842,Low,20.0,18426.43,921.32,1.0,0.05,0.3916753604107259,0.263,Low
TAXP01835,28,986000,Business,1,1,32300,0,0.196,0.076,0.695,Medium,11.0,12763.11,1160.28,1.0,0.09090909090909091,0.49638402011729443,0.391,Low
TAXP01836,45,692500,Salary,1,0,0,1,0.021,0.152,0.968,Low,9.0,5553.22,617.02,0.0,0.0,0.1748442790801317,0.096,Low
TAXP01837,39,761300,Business,1,2,11700,0,0.144,0.194,0.791,Low,40.0,49192.25,1229.81,3.0,0.075,0.5588720955394113,0.366,Low
TAXP01838,59,539500,Salary,1,0,11900,0,0.124,0.192,0.854,Low,2.0,234.55,117.28,0.0,0.0,0.11148769506686315,0.13,Low
TAXP01839,42,1884300,Salary+Investments,1,0,10000,2,0.044,0.011,0.82,Low,41.0,57538.35,1403.37,0.0,0.0,0.31815832209283557,0.242,Low
TAXP01840,64,339800,Salary,1,1,9800,1,0.031,0.335,0.844,Low,6.0,3030.6,505.1,0.0,0.0,0.15874111118734258,0.157,Low
TAXP01841,34,425900,Salary,1,2,0,2,0.155,0.197,0.766,Low,16.0,4793.12,299.57,1.0,0.0625,0.39289227199029925,0.306,Low
TAXP01842,35,655200,Business,1,1,16200,0,-0.045,0.289,0.791,Low,72.0,21245.63,295.08,1.0,0.013888888888888888,0.36940354718532786,0.281,Low
TAXP01843,22,1223900,Salary,1,0,0,0,-0.039,0.287,0.98,Low,4.0,842.11,210.53,0.0,0.0,0.13195451535049363,0.07,Low
TAXP01844,54,221200,Salary,1,0,27800,2,0.253,0.023,0.701,Low,27.0,6517.73,241.4,1.0,0.037037037037037035,0.3473308701286074,0.321,Low
TAXP01845,24,253000,Business,1,1,0,0,0.169,0.392,0.887,Low,36.0,10410.91,289.19,1.0,0.027777777777777776,0.3559772979281072,0.222,Low
TAXP01846,33,150000,Business,1,2,0,0,-0.109,0.288,0.805,Low,14.0,5648.14,403.44,0.0,0.0,0.18524447595530516,0.191,Low
TAXP01847,61,665500,Salary,0,1,0,0,-0.061,0.184,0.796,Low,27.0,17239.99,638.52,0.0,0.0,0.24617487475184444,0.223,Low
TAXP01848,48,290600,Business,1,1,0,0,-0.242,0.268,0.907,Low,15.0,3997.86,266.52,0.0,0.0,0.18019156146075682,0.132,Low
TAXP01849,46,492800,Business,1,0,0,0,0.246,0.217,0.94,Low,22.0,7852.78,356.94,1.0,0.045454545454545456,0.36396518633369956,0.197,Low
TAXP01850,57,1046500,Salary+Business,0,1,39200,1,0.21,0.325,0.579,Medium,20.0,15860.42,793.02,2.0,0.1,0.5534228460443149,0.481,Medium
TAXP01851,55,409600,Salary,1,0,0,0,-0.074,0.114,0.98,Low,5.0,1564.61,312.92,1.0,0.2,0.8044488223324443,0.373,Low
TAXP01852,60,767800,Salary,1,1,0,0,0.204,0.341,0.905,Low,45.0,20445.62,454.35,3.0,0.06666666666666667,0.5293876020654853,0.29,Low
TAXP01853,50,524000,Multiple,1,0,0,1,0.418,0.327,0.911,Low,40.0,9141.21,228.53,0.0,0.0,0.2749046390541256,0.173,Low
TAXP01854,41,1054600,Business,1,0,0,0,-0.146,0.436,0.969,Low,6.0,2583.46,430.58,0.0,0.0,0.15528219514489863,0.087,Low
TAXP01855,26,915100,Salary,1,1,0,0,0.002,0.336,0.848,Low,28.0,16899.13,603.54,0.0,0.0,0.24887506568596718,0.196,Low
TAXP01856,37,395000,Salary+Investments,1,0,0,1,-0.15,0.083,0.87,Low,21.0,3319.51,158.07,1.0,0.047619047619047616,0.3495753767780043,0.229,Low
TAXP01857,52,575700,Salary,1,1,5800,0,0.252,0.596,0.938,Low,12.0,4709.36,392.45,0.0,0.0,0.17680300434861548,0.114,Low
TAXP01858,32,1378100,Salary+Business,1,1,0,1,0.085,0.029,0.894,Low,14.0,29109.18,2079.23,2.0,0.14285714285714285,0.6922359260481393,0.37,Low
TAXP01859,51,862800,Salary+Business,1,1,0,0,0.036,0.153,0.978,Low,27.0,33524.96,1241.67,2.0,0.07407407407407407,0.5050443695605711,0.239,Low
TAXP01860,27,237700,Multiple,1,2,80600,2,0.136,0.645,0.278,High,20.0,3070.69,153.53,2.0,0.1,0.517882550047122,0.63,Medium
TAXP01861,23,1042100,Multiple,1,1,0,1,0.011,0.389,0.856,Low,11.0,8129.68,739.06,0.0,0.0,0.18660053020918538,0.163,Low
TAXP01862,37,297700,Salary,1,1,0,1,0.036,0.287,0.821,Low,3.0,498.64,166.21,0.0,0.0,0.12292815455029024,0.154,Low
TAXP01863,31,1797200,Salary+Business,1,0,0,0,0.144,0.095,0.98,Low,22.0,45752.78,2079.67,0.0,0.0,0.2521845449408403,0.124,Low
TAXP01864,60,1358800,Salary,1,0,5900,2,0.002,0.454,0.857,Low,4.0,9164.91,2291.23,0.0,0.0,0.1836990145007026,0.161,Low
TAXP01865,38,800900,Professional,1,0,0,1,0.025,0.212,0.935,Low,23.0,8202.96,356.65,0.0,0.0,0.21786890540355633,0.134,Low
TAXP01866,39,727900,Business,1,2,11800,0,0.075,0.427,0.819,Low,21.0,10953.03,521.57,0.0,0.0,0.21826016554805722,0.198,Low
TAXP01867,39,559200,Salary,1,1,13700,0,0.115,0.389,0.84,Low,14.0,8257.62,589.83,3.0,0.21428571428571427,0.9006178245121934,0.493,Medium
TAXP01868,35,1059500,Salary,1,0,0,0,0.196,0.322,0.915,Low,1.0,4125.58,4125.58,0.0,0.0,0.1847009250544288,0.13,Low
TAXP01869,62,497700,Salary,1,0,0,1,0.193,0.625,0.86,Low,1.0,77.89,77.89,0.0,0.0,0.09877258404433588,0.121,Low
TAXP01870,54,770100,Salary,1,1,0,0,-0.14,0.34,0.921,Low,4.0,1830.86,457.72,0.0,0.0,0.14876330601175103,0.11,Low
TAXP01871,28,1217800,Salary,1,1,0,0,0.325,0.274,0.905,Low,26.0,29789.38,1145.75,2.0,0.07692307692307693,0.5087801553333365,0.281,Low
TAXP01872,30,433800,Salary+Investments,1,0,3000,0,0.109,0.265,0.98,Low,,,,,,,,Low
TAXP01873,24,417100,Business,1,3,0,0,0.047,0.493,0.876,Low,11.0,1951.74,177.43,0.0,0.0,0.1557106615316349,0.138,Low
TAXP01874,32,275100,Salary+Business,1,3,0,0,-0.045,0.352,0.78,Low,26.0,7715.34,296.74,1.0,0.038461538461538464,0.35257589350669893,0.28,Low
TAXP01875,50,302000,Salary+Investments,1,4,0,0,0.418,0.279,0.787,Low,25.0,9635.72,385.43,2.0,0.08,0.49139257764754557,0.338,Low
TAXP01876,63,174300,Salary+Business,1,2,0,1,0.478,0.31,0.747,Low,9.0,4739.56,526.62,1.0,0.1111111111111111,0.5380766371067803,0.381,Low
TAXP01877,42,1099300,Salary,1,0,6100,0,0.399,0.197,0.936,Low,24.0,17063.86,710.99,1.0,0.041666666666666664,0.3742413449529737,0.204,Low
TAXP01878,24,2390800,Salary+Investments,1,0,0,0,0.119,0.35,0.953,Low,2.0,806.98,403.49,0.0,0.0,0.13818841350099972,0.088,Low
TAXP01879,23,1813900,Salary+Business,1,1,0,1,0.155,0.257,0.839,Low,29.0,24992.54,861.81,2.0,0.06896551724137931,0.4881073714777139,0.308,Low
TAXP01880,39,201600,Salary+Business,1,0,0,0,0.339,0.272,0.919,Low,26.0,10235.34,393.67,1.0,0.038461538461538464,0.3586952849757524,0.206,Low
TAXP01881,32,1095400,Salary+Investments,1,1,0,1,0.061,0.328,0.885,Low,15.0,6725.68,448.38,1.0,0.06666666666666667,0.4114540367774443,0.248,Low
TAXP01882,46,1809700,Business,1,2,0,0,0.187,0.707,0.822,Low,9.0,9785.69,1087.3,0.0,0.0,0.18713139505226203,0.182,Low
TAXP01883,26,467800,Business,1,0,0,0,0.136,0.268,0.966,Low,6.0,1167.54,194.59,1.0,0.16666666666666666,0.6880966445878507,0.328,Low
TAXP01884,31,699300,Salary+Investments,0,2,0,1,0.407,0.121,0.687,Medium,11.0,5305.67,482.33,1.0,0.09090909090909091,0.47734948931728655,0.387,Low
TAXP01885,46,153100,Business,0,0,1800,2,0.33,0.075,0.737,Low,30.0,8520.21,284.01,1.0,0.03333333333333333,0.35038972854911055,0.302,Low
TAXP01886,33,787600,Salary+Business,0,3,13700,0,0.078,0.312,0.659,Medium,8.0,24420.16,3052.52,1.0,0.125,0.6181124361220706,0.466,Medium
TAXP01887,37,302200,Salary,0,2,0,1,0.344,0.46,0.665,Medium,19.0,7971.58,419.56,1.0,0.05263157894736842,0.3793851356459998,0.355,Low
TAXP01888,30,750500,Salary,0,4,0,0,0.099,0.235,0.715,Low,7.0,26855.3,3836.47,1.0,0.14285714285714285,0.6780816539190551,0.462,Medium
TAXP01889,23,211200,Business,0,1,0,0,0.013,0.283,0.804,Low,21.0,5243.1,249.67,3.0,0.14285714285714285,0.6737366502172907,0.411,Medium
TAXP01890,36,960900,Salary,1,1,0,0,0.054,0.217,0.924,Low,8.0,11764.34,1470.54,0.0,0.0,0.18976105192519782,0.127,Low
TAXP01891,35,1359200,Multiple,1,0,0,2,0.124,0.209,0.906,Low,53.0,66577.52,1256.18,4.0,0.07547169811320754,0.6040263358200204,0.324,Low
TAXP01892,61,369800,Salary,1,1,0,1,-0.026,0.372,0.874,Low,33.0,18087.5,548.11,0.0,0.0,0.2663944575818665,0.189,Low
TAXP01893,61,286700,Salary+Business,0,1,0,1,0.017,0.435,0.757,Low,11.0,2641.87,240.17,0.0,0.0,0.16225331560868142,0.207,Low
TAXP01894,40,150000,Salary,1,0,0,0,-0.131,0.338,0.976,Low,2.0,251.79,125.9,0.0,0.0,0.1130152714077973,0.064,Low
TAXP01895,33,536500,Multiple,1,0,0,0,-0.032,0.369,0.935,Low,12.0,12793.18,1066.1,1.0,0.08333333333333333,0.47346891409670305,0.249,Low
TAXP01896,39,427600,Salary,1,0,0,1,0.138,0.366,0.889,Low,13.0,6375.99,490.46,0.0,0.0,0.18555471807123874,0.145,Low
TAXP01897,48,212800,Salary,1,1,0,2,0.267,0.281,0.776,Low,37.0,15922.26,430.33,5.0,0.13513513513513514,0.7227844220349118,0.448,Medium
TAXP01898,38,900700,Salary,1,1,17100,0,0.246,0.478,0.73,Low,9.0,5738.92,637.66,0.0,0.0,0.1755574060925421,0.228,Low
TAXP01899,55,470100,Business,1,0,0,0,0.169,0.222,0.929,Low,35.0,10018.05,286.23,3.0,0.08571428571428572,0.5430234279701684,0.283,Low
TAXP01900,64,299600,Multiple,0,0,0,0,-0.145,0.325,0.893,Low,24.0,5825.87,242.74,0.0,0.0,0.21346429205990575,0.155,Low
TAXP01901,39,436000,Multiple,1,0,0,0,-0.038,0.259,0.98,Low,9.0,2224.84,247.2,1.0,0.1111111111111111,0.5217011580029142,0.246,Low
TAXP01902,26,1405700,Salary,1,0,0,0,0.068,0.223,0.927,Low,13.0,13660.62,1050.82,0.0,0.0,0.20207726861946146,0.131,Low
TAXP01903,26,1003300,Business,1,0,0,0,0.254,0.123,0.98,Low,2.0,8124.52,4062.26,1.0,0.5,1.0,0.461,Medium
TAXP01904,60,591900,Salary,1,2,0,1,0.011,0.259,0.846,Low,24.0,10338.12,430.75,3.0,0.125,0.6383794013964625,0.372,Low
TAXP01905,39,1015100,Business,1,1,148900,0,-0.095,0.394,0.128,High,10.0,7559.02,755.9,0.0,0.0,0.18316754387997902,0.562,Medium
TAXP01906,35,281800,Business,1,0,0,0,0.332,0.295,0.961,Low,11.0,2690.41,244.58,0.0,0.0,0.16264704199916127,0.095,Low
TAXP01907,48,665300,Salary,1,0,0,0,-0.018,0.281,0.911,Low,53.0,32307.46,609.57,3.0,0.05660377358490566,0.5260792726891252,0.286,Low
TAXP01908,64,722700,Professional,1,1,0,0,-0.08,0.227,0.931,Low,26.0,15835.87,609.07,3.0,0.11538461538461539,0.6219989460268168,0.318,Low
TAXP01909,40,463400,Salary+Investments,1,0,0,0,0.136,0.291,0.878,Low,24.0,22858.82,952.45,1.0,0.041666666666666664,0.3805824328035576,0.238,Low
TAXP01910,35,889400,Salary,1,1,0,1,0.092,0.262,0.891,Low,15.0,5617.68,374.51,0.0,0.0,0.18755460859976017,0.144,Low
TAXP01911,59,370600,Salary,1,0,98300,0,0.02,0.05,0.509,Medium,10.0,5604.68,560.47,1.0,0.1,0.506681817341578,0.498,Medium
TAXP01912,24,938300,Salary,1,1,0,1,0.1,0.41,0.886,Low,4.0,6236.1,1559.02,0.0,0.0,0.1753427137419842,0.142,Low
TAXP01913,58,967100,Salary,0,0,7300,0,-0.048,0.061,0.861,Low,12.0,10118.58,843.22,0.0,0.0,0.19338134965716905,0.163,Low
TAXP01914,44,150000,Salary,1,0,0,0,0.018,0.158,0.958,Low,27.0,11823.91,437.92,1.0,0.037037037037037035,0.3602238571961674,0.185,Low
TAXP01915,21,1531500,Professional,0,0,0,0,0.094,0.162,0.905,Low,29.0,53946.6,1860.23,1.0,0.034482758620689655,0.3910084256800896,0.228,Low
TAXP01916,31,150000,Salary,1,2,7400,0,-0.226,0.182,0.872,Low,4.0,211.76,52.94,0.0,0.0,0.10228174640015242,0.116,Low
TAXP01917,51,417100,Salary+Business,1,0,0,0,0.253,0.141,0.953,Low,9.0,2837.46,315.27,0.0,0.0,0.16029713786183175,0.098,Low
TAXP01918,54,1360000,Salary+Investments,1,0,0,0,-0.12,0.093,0.98,Low,16.0,24655.21,1540.95,0.0,0.0,0.22214848295078313,0.111,Low
TAXP01919,29,517200,Multiple,1,1,0,1,-0.05,0.286,0.923,Low,29.0,9370.91,323.13,3.0,0.10344827586206896,0.5806409763792234,0.304,Low
TAXP01920,50,226200,Professional,1,0,0,1,0.26,0.585,0.878,Low,3.0,1154.75,384.92,1.0,0.3333333333333333,1.0,0.517,Medium
TAXP01921,65,295700,Salary,1,4,0,0,0.191,0.231,0.764,Low,33.0,6383.6,193.44,2.0,0.06060606060606061,0.4438512166591878,0.33,Low
TAXP01922,51,1361500,Salary,1,2,60000,1,0.114,0.369,0.515,Medium,7.0,3735.12,533.59,0.0,0.0,0.16385184541951672,0.34,Low
TAXP01923,52,163000,Salary,1,0,0,0,-0.173,0.089,0.965,Low,11.0,4211.41,382.86,1.0,0.09090909090909091,0.4723455284869124,0.232,Low
TAXP01924,29,1465300,Multiple,1,0,0,0,0.003,0.411,0.98,Low,10.0,21377.61,2137.76,1.0,0.1,0.5357236544583961,0.252,Low
TAXP01925,49,624700,Multiple,1,3,0,0,0.065,0.086,0.795,Low,43.0,20609.78,479.3,4.0,0.09302325581395349,0.6096795818726615,0.387,Low
TAXP01926,52,275500,Salary,0,1,0,0,0.077,0.309,0.766,Low,35.0,17639.59,503.99,1.0,0.02857142857142857,0.36670456403737745,0.294,Low
TAXP01927,25,427100,Salary,1,0,0,0,0.283,0.393,0.972,Low,10.0,4221.45,422.14,1.0,0.1,0.5005400328830001,0.241,Low
TAXP01928,35,312500,Business,1,2,0,0,0.419,0.147,0.873,Low,22.0,3996.45,181.66,3.0,0.13636363636363635,0.6493562059888546,0.362,Low
TAXP01929,60,1212800,Salary,1,0,0,0,0.198,0.183,0.98,Low,57.0,52134.35,914.64,2.0,0.03508771929824561,0.46387552880612093,0.22,Low
TAXP01930,65,1101400,Multiple,1,0,16100,0,0.014,0.175,0.866,Low,39.0,21707.52,556.6,3.0,0.07692307692307693,0.5441034691254303,0.319,Low
TAXP01931,28,188500,Salary,1,1,0,0,0.294,0.306,0.95,Low,7.0,920.79,131.54,1.0,0.14285714285714285,0.6049970420105587,0.3,Low
TAXP01932,53,486100,Salary,1,1,0,0,0.006,0.208,0.951,Low,15.0,6023.5,401.57,1.0,0.06666666666666667,0.4090653068648006,0.211,Low
TAXP01933,43,349100,Business,1,0,195500,0,-0.32,0.115,0.02,High,24.0,3914.57,163.11,1.0,0.041666666666666664,0.34237391720041,0.693,High
TAXP01934,47,1649600,Salary,0,0,0,0,-0.1,0.033,0.919,Low,17.0,18526.38,1089.79,3.0,0.17647058823529413,0.8009064747564931,0.405,Medium
TAXP01935,43,245900,Salary,1,2,28100,0,-0.28,0.098,0.764,Low,15.0,4393.71,292.91,1.0,0.06666666666666667,0.4022344358842569,0.311,Low
TAXP01936,60,2063200,Salary+Investments,1,0,0,3,0.039,0.205,0.814,Low,30.0,42795.34,1426.51,0.0,0.0,0.27537590006733764,0.226,Low
TAXP01937,41,634600,Salary,1,2,0,0,0.071,0.312,0.889,Low,27.0,16595.84,614.66,2.0,0.07407407407407407,0.4897937492728397,0.281,Low
TAXP01938,47,281600,Business,1,0,5800,0,-0.155,0.192,0.911,Low,28.0,8067.14,288.11,1.0,0.03571428571428571,0.3507142741757947,0.207,Low
TAXP01939,51,399100,Salary,1,2,0,2,-0.037,0.273,0.751,Low,21.0,5492.83,261.56,1.0,0.047619047619047616,0.36045739711716,0.299,Low
TAXP01940,45,365000,Salary,1,0,0,0,-0.128,0.038,0.98,Low,6.0,1105.45,184.24,2.0,0.3333333333333333,1.0,0.461,Medium
TAXP01941,60,259600,Salary,1,0,0,0,0.08,0.328,0.978,Low,27.0,6355.23,235.38,0.0,0.0,0.22456268420197617,0.113,Low
TAXP01942,31,695900,Salary,1,0,18900,0,-0.037,0.041,0.912,Low,12.0,8743.91,728.66,0.0,0.0,0.19021470132928678,0.134,Low
TAXP01943,63,268500,Salary,1,0,0,0,0.262,0.202,0.978,Low,11.0,2253.24,204.84,2.0,0.18181818181818182,0.7588136430873436,0.354,Low
TAXP01944,51,150000,Salary,1,0,0,0,0.127,0.189,0.922,Low,7.0,1910.99,273.0,0.0,0.0,0.14933828944798488,0.11,Low
TAXP01945,64,494500,Salary+Business,1,0,0,0,0.357,0.331,0.939,Low,6.0,3021.65,503.61,0.0,0.0,0.15867701529652276,0.105,Low
TAXP01946,37,177500,Salary+Business,1,0,8300,1,0.027,0.414,0.922,Low,9.0,1908.35,212.04,2.0,0.2222222222222222,0.8850502942753053,0.441,Medium
TAXP01947,42,378200,Multiple,1,1,0,1,0.443,0.296,0.87,Low,13.0,7385.51,568.12,1.0,0.07692307692307693,0.4425864719887875,0.271,Low
TAXP01948,22,337800,Business,0,1,0,0,0.1,0.213,0.822,Low,40.0,19754.51,493.86,0.0,0.0,0.2915868662897759,0.229,Low
TAXP01949,62,347100,Salary+Business,1,3,3500,0,0.015,0.682,0.758,Low,34.0,10718.4,315.25,2.0,0.058823529411764705,0.45245219657580926,0.337,Low
TAXP01950,57,2745400,Professional,1,0,0,0,0.485,0.386,0.869,Low,11.0,25112.82,2282.98,2.0,0.18181818181818182,0.8110717584404024,0.437,Medium
TAXP01951,34,676900,Salary,1,1,0,1,-0.193,0.1,0.854,Low,11.0,3145.42,285.95,0.0,0.0,0.16602725323046652,0.155,Low
TAXP01952,23,775600,Salary,0,0,0,0,0.012,0.078,0.875,Low,,,,,,,,Low
TAXP01953,52,180900,Business,1,0,0,0,-0.166,0.244,0.98,Low,54.0,12585.2,233.06,5.0,0.09259259259259259,0.6240217439706959,0.292,Low
TAXP01954,51,405900,Salary+Business,1,2,0,0,-0.194,0.409,0.804,Low,33.0,9435.95,285.94,0.0,0.0,0.25230105213735793,0.221,Low
TAXP01955,44,759000,Business,0,2,0,0,-0.231,0.133,0.77,Low,29.0,21839.39,753.08,1.0,0.034482758620689655,0.37138940930938613,0.294,Low
TAXP01956,28,310900,Salary,0,0,0,0,0.199,0.248,0.893,Low,30.0,10089.66,336.32,1.0,0.03333333333333333,0.3540491823634728,0.218,Low
TAXP01957,62,1249800,Multiple,1,0,24300,0,-0.113,0.432,0.812,Low,23.0,17180.96,747.0,0.0,0.0,0.23389098302573563,0.209,Low
TAXP01958,40,273400,Salary,1,3,0,0,0.059,0.432,0.857,Low,3.0,1009.16,336.39,0.0,0.0,0.13817099186359527,0.141,Low
TAXP01959,53,528900,Multiple,1,0,0,0,0.243,0.308,0.932,Low,2.0,188.26,94.13,0.0,0.0,0.1067589261755065,0.085,Low
TAXP01960,59,426200,Salary+Business,1,3,0,0,0.174,0.224,0.841,Low,12.0,7092.06,591.0,0.0,0.0,0.18567497186631454,0.171,Low
TAXP01961,45,731600,Salary+Investments,1,0,27200,1,0.166,0.784,0.732,Low,67.0,32474.45,484.69,3.0,0.04477611940298507,0.48207918225660495,0.364,Low
TAXP01962,25,409900,Salary+Business,1,0,0,0,0.294,0.327,0.98,Low,1.0,114.4,114.4,0.0,0.0,0.10703176950850186,0.059,Low
TAXP01963,60,534800,Salary,1,0,0,0,0.358,0.124,0.928,Low,17.0,3960.24,232.96,1.0,0.058823529411764705,0.3792408546951587,0.21,Low
TAXP01964,51,548400,Professional,1,3,0,0,-0.1,0.206,0.875,Low,22.0,23274.03,1057.91,0.0,0.0,0.23751734024091675,0.176,Low
TAXP01965,61,383100,Salary+Business,1,0,10900,0,0.177,0.181,0.94,Low,18.0,3586.74,199.26,1.0,0.05555555555555555,0.3690015407014103,0.199,Low
TAXP01966,48,921700,Salary+Business,1,0,23700,0,0.056,0.501,0.817,Low,17.0,6852.26,403.07,2.0,0.11764705882352941,0.5852248992508701,0.364,Low
TAXP01967,61,771700,Salary,1,2,0,1,0.077,0.212,0.836,Low,62.0,38260.5,617.1,5.0,0.08064516129032258,0.6056820182141033,0.363,Low
TAXP01968,60,609800,Salary,1,1,0,0,-0.142,0.166,0.848,Low,3.0,1160.67,386.89,0.0,0.0,0.14120002262749792,0.147,Low
TAXP01969,30,476800,Salary,1,0,0,1,0.015,0.312,0.978,Low,7.0,924.14,132.02,0.0,0.0,0.13364673532706392,0.072,Low
TAXP01970,28,1153400,Business,1,0,0,0,0.032,0.205,0.98,Low,14.0,11794.55,842.47,0.0,0.0,0.2012052605652466,0.102,Low
TAXP01971,28,548500,Business,1,0,0,0,0.329,0.459,0.907,Low,4.0,1879.25,469.81,0.0,0.0,0.14932855766900507,0.118,Low
TAXP01972,56,521200,Salary+Investments,1,0,0,0,-0.085,0.432,0.967,Low,36.0,13917.67,386.6,2.0,0.05555555555555555,0.4539289888633792,0.222,Low
TAXP01973,31,700900,Salary+Business,1,1,0,0,-0.282,0.173,0.919,Low,12.0,19703.42,1641.95,2.0,0.16666666666666666,0.7578399232418489,0.386,Low
TAXP01974,41,2205100,Professional,1,1,0,1,0.099,0.115,0.795,Low,9.0,12536.53,1392.95,0.0,0.0,0.19250630628781187,0.199,Low
TAXP01975,56,247600,Salary,1,2,38600,0,-0.101,0.231,0.676,Medium,39.0,11801.17,302.59,0.0,0.0,0.2770557352147292,0.303,Low
TAXP01976,40,1131500,Business,1,1,0,1,0.078,0.154,0.834,Low,9.0,10952.39,1216.93,0.0,0.0,0.18957513966768708,0.177,Low
TAXP01977,23,166300,Salary,1,1,18100,0,0.206,0.157,0.809,Low,8.0,2316.55,289.57,0.0,0.0,0.15453488729779163,0.175,Low
TAXP01978,37,760100,Salary,1,0,0,1,0.084,0.291,0.89,Low,8.0,2722.12,340.26,1.0,0.125,0.5705270264843068,0.317,Low
TAXP01979,25,2020400,Salary,0,0,0,1,0.031,0.227,0.812,Low,19.0,55799.26,2936.8,1.0,0.05263157894736842,0.421594998500701,0.293,Low
TAXP01980,38,924100,Salary,1,2,39500,0,0.075,0.126,0.743,Low,23.0,9150.43,397.84,0.0,0.0,0.22023616124587939,0.24,Low
TAXP01981,54,735000,Salary,1,0,0,1,0.236,0.26,0.872,Low,13.0,7243.42,557.19,0.0,0.0,0.18831922583357213,0.155,Low
TAXP01982,44,434200,Business,1,1,0,1,-0.085,0.067,0.872,Low,23.0,7114.62,309.33,1.0,0.043478260869565216,0.35826551042288496,0.232,Low
TAXP01983,51,664700,Salary,1,0,0,0,0.217,0.401,0.928,Low,30.0,16568.45,552.28,2.0,0.06666666666666667,0.4747942536912783,0.253,Low
TAXP01984,25,542100,Salary,1,1,14900,3,-0.061,0.134,0.715,Low,31.0,12511.42,403.59,1.0,0.03225806451612903,0.3583711094229572,0.318,Low
TAXP01985,54,369100,Salary,1,1,0,0,0.196,0.299,0.934,Low,10.0,2011.89,201.19,2.0,0.2,0.8145034623525795,0.403,Medium
TAXP01986,40,527600,Professional,1,0,0,0,-0.147,0.183,0.927,Low,21.0,8950.79,426.23,0.0,0.0,0.2138858171737965,0.136,Low
TAXP01987,33,749800,Business,1,2,0,0,0.187,0.318,0.852,Low,34.0,11456.28,336.95,1.0,0.029411764705882353,0.3568346317790805,0.242,Low
TAXP01988,50,374100,Salary,0,1,0,2,0.084,0.273,0.765,Low,3.0,1085.21,361.74,0.0,0.0,0.1397441676101347,0.192,Low
TAXP01989,27,363700,Salary,1,1,0,0,0.115,0.49,0.899,Low,9.0,3091.39,343.49,0.0,0.0,0.16215269835995222,0.129,Low
TAXP01990,43,244100,Multiple,1,0,5500,1,0.253,0.473,0.87,Low,3.0,838.09,279.36,0.0,0.0,0.13415066032051437,0.132,Low
TAXP01991,39,861200,Business,1,1,0,0,-0.031,0.04,0.98,Low,3.0,443.33,147.78,1.0,0.3333333333333333,1.0,0.461,Medium
TAXP01992,28,962600,Professional,0,1,0,0,0.096,0.133,0.84,Low,6.0,2077.39,346.23,0.0,0.0,0.15056026767215935,0.156,Low
TAXP01993,63,768000,Business,1,0,0,0,0.149,0.129,0.887,Low,7.0,3273.56,467.65,1.0,0.14285714285714285,0.6324219330882108,0.347,Low
TAXP01994,37,1302300,Salary+Business,1,3,13100,1,0.052,0.259,0.796,Low,14.0,12815.27,915.38,0.0,0.0,0.20300552762141352,0.204,Low
TAXP01995,22,692500,Salary+Investments,1,0,0,0,0.215,0.255,0.98,Low,13.0,6373.38,490.26,2.0,0.15384615384615385,0.6932381531623695,0.323,Low
TAXP01996,40,862000,Salary,1,0,0,1,0.153,0.142,0.98,Low,25.0,17322.73,692.91,1.0,0.04,0.37210422456577846,0.178,Low
TAXP01997,64,808900,Professional,1,0,0,2,0.007,0.25,0.93,Low,14.0,8296.16,592.58,0.0,0.0,0.19357590782888878,0.126,Low
TAXP01998,51,608500,Salary,1,1,0,1,0.302,0.425,0.907,Low,3.0,1237.23,412.41,0.0,0.0,0.14258364113475508,0.115,Low
TAXP01999,49,443500,Professional,1,0,0,0,0.19,0.222,0.98,Low,27.0,16643.02,616.41,2.0,0.07407407407407407,0.4898552940292083,0.231,Low
TAXP02000,61,3200800,Salary,1,1,0,0,-0.035,0.207,0.87,Low,10.0,12551.71,1255.17,0.0,0.0,0.19416798983776332,0.159,Low
TAXP02001,24,469500,Salary,1,1,0,0,-0.036,0.205,0.899,Low,23.0,4971.15,216.14,0.0,0.0,0.20703266426339495,0.149,Low
TAXP02002,45,402400,Multiple,1,0,0,0,0.065,0.253,0.98,Low,10.0,2759.33,275.93,0.0,0.0,0.16133431572417478,0.084,Low
TAXP02003,35,888400,Salary+Investments,1,0,0,1,0.172,0.244,0.857,Low,8.0,2662.93,332.87,0.0,0.0,0.1575510653801617,0.15,Low
TAXP02004,51,779200,Salary,1,0,0,0,-0.254,0.327,0.969,Low,7.0,1745.12,249.3,0.0,0.0,0.1473741665785485,0.083,Low
TAXP02005,59,236400,Multiple,1,1,0,2,-0.028,0.293,0.856,Low,22.0,6016.37,273.47,3.0,0.13636363636363635,0.6581992559016576,0.375,Low
TAXP02006,24,1458700,Salary,1,2,0,1,0.008,0.137,0.858,Low,38.0,40065.47,1054.35,0.0,0.0,0.3001893943129367,0.213,Low
TAXP02007,28,607400,Business,0,2,0,0,-0.13,0.033,0.831,Low,17.0,4344.87,255.58,2.0,0.11764705882352941,0.5753630459767372,0.352,Low
TAXP02008,63,292100,Salary+Investments,1,1,29600,2,-0.063,0.369,0.726,Low,17.0,5428.43,319.32,1.0,0.058823529411764705,0.3860633678230598,0.324,Low
TAXP02009,43,1529800,Salary,0,1,0,0,0.122,0.106,0.792,Low,4.0,9801.72,2450.43,0.0,0.0,0.18515710213923528,0.198,Low
TAXP02010,35,1019900,Business,0,4,0,0,0.022,0.161,0.664,Medium,2.0,3510.98,1755.49,0.0,0.0,0.17007528042364845,0.261,Low
TAXP02011,27,261500,Professional,1,1,0,0,0.034,0.326,0.964,Low,26.0,7014.19,269.78,1.0,0.038461538461538464,0.35051430719191645,0.178,Low
TAXP02012,36,2336800,Salary,1,0,9500,0,-0.121,0.182,0.909,Low,17.0,33207.61,1953.39,1.0,0.058823529411764705,0.42533471931920075,0.241,Low
TAXP02013,21,1044500,Business,1,0,0,0,0.066,0.149,0.963,Low,8.0,4215.47,526.93,0.0,0.0,0.16750140211381723,0.096,Low
TAXP02014,31,645200,Salary,1,2,0,0,-0.141,0.117,0.908,Low,7.0,2056.01,293.72,0.0,0.0,0.15092103780364718,0.119,Low
TAXP02015,29,2042500,Professional,1,2,46100,0,0.333,0.576,0.624,Medium,42.0,112435.98,2677.05,3.0,0.07142857142857142,0.5718109300909747,0.464,Medium
TAXP02016,24,729000,Salary,1,1,0,0,0.379,0.294,0.874,Low,21.0,12071.75,574.85,0.0,0.0,0.22036811028989184,0.168,Low
TAXP02017,64,637000,Salary,1,1,0,0,0.024,0.432,0.893,Low,9.0,2450.61,272.29,1.0,0.1111111111111111,0.5237918655251984,0.295,Low
TAXP02018,56,404100,Salary+Business,1,1,0,0,-0.08,0.531,0.835,Low,24.0,4745.74,197.74,1.0,0.041666666666666664,0.3465317204685976,0.247,Low
TAXP02019,63,988200,Salary,1,1,0,0,0.237,0.124,0.911,Low,8.0,2838.18,354.77,1.0,0.125,0.5714310570024514,0.306,Low
TAXP02020,31,916100,Business,1,0,0,0,0.195,0.08,0.98,Low,43.0,31492.85,732.39,1.0,0.023255813953488372,0.3886383168698049,0.186,Low
TAXP02021,33,656900,Salary+Business,0,0,0,0,0.4,0.3,0.88,Low,21.0,22446.08,1068.86,1.0,0.047619047619047616,0.39096203360787224,0.242,Low
TAXP02022,33,368000,Salary+Business,1,1,0,1,0.443,0.235,0.861,Low,6.0,1650.63,275.1,0.0,0.0,0.14558301931942652,0.142,Low
TAXP02023,46,713700,Salary,1,0,0,1,-0.224,0.186,0.89,Low,45.0,24823.6,551.64,2.0,0.044444444444444446,0.46025907695944757,0.268,Low
TAXP02024,29,618100,Salary+Investments,0,0,0,0,0.285,0.139,0.838,Low,2.0,100.0,50.0,0.0,0.0,0.09322157190140348,0.131,Low
TAXP02025,31,248900,Salary+Business,0,1,0,0,0.064,0.296,0.821,Low,10.0,2525.42,252.54,0.0,0.0,0.15941807745979453,0.17,Low
TAXP02026,64,225300,Salary,0,0,0,0,0.188,0.078,0.92,Low,40.0,12959.53,323.99,2.0,0.05,0.4474560189736106,0.245,Low
TAXP02027,36,976400,Salary+Business,1,0,0,0,0.224,0.288,0.906,Low,7.0,9492.32,1356.05,0.0,0.0,0.18408056823711125,0.135,Low
TAXP02028,56,150000,Salary+Business,1,1,0,0,0.218,0.178,0.873,Low,11.0,3508.17,318.92,1.0,0.09090909090909091,0.4683895241887642,0.281,Low
TAXP02029,31,753600,Professional,1,0,0,0,0.26,0.351,0.98,Low,31.0,14135.43,455.98,1.0,0.03225806451612903,0.3610150611451128,0.173,Low
TAXP02030,62,460700,Business,0,2,0,1,0.01,0.344,0.678,Medium,31.0,14641.57,472.31,0.0,0.0,0.25532573608618514,0.292,Low
TAXP02031,52,1667200,Salary+Business,1,2,28200,0,-0.052,0.18,0.731,Low,30.0,37463.84,1248.79,4.0,0.13333333333333333,0.7124888576823802,0.469,Medium
TAXP02032,59,455600,Multiple,1,4,0,0,0.29,0.294,0.743,Low,18.0,6677.79,370.99,2.0,0.1111111111111111,0.5657812562908524,0.396,Low
TAXP02033,44,1045000,Business,1,2,0,0,-0.039,0.296,0.822,Low,32.0,27853.39,870.42,1.0,0.03125,0.3756264056124505,0.267,Low
TAXP02034,61,488400,Salary+Business,0,0,5900,1,0.398,0.326,0.693,Medium,23.0,5641.82,245.3,2.0,0.08695652173913043,0.4967254102447735,0.392,Low
TAXP02035,37,705500,Salary+Business,1,0,0,0,-0.022,0.429,0.938,Low,20.0,39013.05,1950.65,1.0,0.05,0.40795135426153456,0.218,Low
TAXP02036,42,1104900,Salary+Investments,1,2,11900,0,0.039,0.289,0.823,Low,17.0,11530.44,678.26,1.0,0.058823529411764705,0.402386030380956,0.278,Low
TAXP02037,23,465900,Multiple,1,1,0,0,0.07,0.202,0.939,Low,50.0,26662.64,533.25,1.0,0.02,0.39846565325690897,0.213,Low
TAXP02038,28,1332100,Salary,1,1,0,1,-0.147,0.495,0.853,Low,19.0,22126.1,1164.53,0.0,0.0,0.22783587298508562,0.183,Low
TAXP02039,55,317800,Salary,1,1,0,0,-0.146,0.334,0.816,Low,7.0,2294.92,327.85,0.0,0.0,0.15330048039353567,0.17,Low
TAXP02040,35,803600,Business,1,0,0,0,0.246,0.271,0.957,Low,15.0,18206.7,1213.78,0.0,0.0,0.21304827711102292,0.12,Low
TAXP02041,25,1263000,Business,1,0,32200,0,-0.175,0.272,0.769,Low,3.0,1991.5,663.83,0.0,0.0,0.1529002225905235,0.196,Low
TAXP02042,34,1045400,Business,1,2,0,0,0.503,0.354,0.826,Low,46.0,40711.9,885.04,2.0,0.043478260869565216,0.47124298811412946,0.308,Low
TAXP02043,36,2583300,Salary+Business,1,1,0,0,0.085,0.318,0.951,Low,9.0,11930.62,1325.62,0.0,0.0,0.19143138179696473,0.113,Low
TAXP02044,53,375100,Multiple,0,0,6200,0,-0.065,0.277,0.8,Low,14.0,7448.51,532.04,1.0,0.07142857142857142,0.4269539725991449,0.302,Low
TAXP02045,25,240800,Salary,1,1,0,0,0.167,0.206,0.946,Low,16.0,3277.68,204.86,2.0,0.125,0.5909230685638479,0.296,Low
TAXP02046,22,317700,Salary+Business,1,0,0,1,-0.294,0.483,0.917,Low,7.0,700.32,100.05,1.0,0.14285714285714285,0.599105359678226,0.315,Low
TAXP02047,53,1045800,Salary,1,1,0,1,0.047,0.266,0.853,Low,8.0,2018.82,252.35,1.0,0.125,0.5640587043339823,0.335,Low
TAXP02048,27,930300,Business,1,0,0,0,0.067,0.219,0.98,Low,3.0,1839.42,613.14,0.0,0.0,0.1511779540228419,0.079,Low
TAXP02049,39,699700,Salary,1,0,15400,1,-0.103,0.337,0.8,Low,5.0,2816.61,563.32,1.0,0.2,0.8171840727155953,0.478,Medium
TAXP02050,51,289600,Business,1,1,0,0,-0.001,0.066,0.927,Low,24.0,5641.94,235.08,2.0,0.08333333333333333,0.4877705804734727,0.26,Low
TAXP02051,44,1129000,Business,1,0,0,0,0.344,0.252,0.91,Low,16.0,24689.0,1543.06,1.0,0.0625,0.4284282033365479,0.242,Low
TAXP02052,26,269100,Salary+Business,1,2,0,0,0.129,0.33,0.849,Low,5.0,994.66,198.93,0.0,0.0,0.13465185873340332,0.144,Low
TAXP02053,53,1497300,Professional,1,0,0,0,0.164,0.087,0.98,Low,55.0,95020.67,1727.65,4.0,0.07272727272727272,0.6018851946430788,0.282,Low
TAXP02054,23,5086400,Salary,1,1,0,0,-0.026,0.4,0.873,Low,24.0,122636.97,5109.87,2.0,0.08333333333333333,0.5545422436540588,0.319,Low
TAXP02055,31,846300,Salary,1,2,0,0,-0.112,0.285,0.831,Low,44.0,34715.01,788.98,0.0,0.0,0.31742962986515616,0.236,Low
TAXP02056,25,989100,Salary,1,1,0,0,0.061,0.105,0.908,Low,10.0,12924.05,1292.4,0.0,0.0,0.19480227790913032,0.138,Low
TAXP02057,44,455800,Multiple,1,2,0,0,-0.293,0.114,0.852,Low,1.0,50.0,50.0,0.0,0.0,0.0893000032739525,0.122,Low
TAXP02058,52,176600,Multiple,1,0,0,0,-0.075,0.115,0.98,Low,46.0,8611.07,187.2,5.0,0.10869565217391304,0.652818365127122,0.305,Low
TAXP02059,50,421200,Salary,1,1,0,1,-0.1,0.43,0.824,Low,57.0,17467.87,306.45,1.0,0.017543859649122806,0.38228362626827594,0.269,Low
TAXP02060,27,295900,Salary,1,0,0,0,-0.226,0.124,0.98,Low,34.0,22836.54,671.66,5.0,0.14705882352941177,0.7600172032655501,0.353,Low
TAXP02061,36,229300,Business,1,0,0,0,0.204,0.337,0.976,Low,19.0,4143.24,218.07,1.0,0.05263157894736842,0.36522258867924096,0.178,Low
TAXP02062,27,2246400,Professional,1,0,5100,1,0.079,0.314,0.917,Low,28.0,49310.39,1761.09,0.0,0.0,0.272105127708107,0.168,Low
TAXP02063,36,791100,Salary,1,1,0,2,0.001,0.129,0.895,Low,12.0,8190.96,682.58,0.0,0.0,0.18879816780496195,0.143,Low
TAXP02064,31,854400,Salary,0,0,0,1,0.207,0.424,0.769,Low,38.0,18071.77,475.57,2.0,0.05263157894736842,0.45661016896297435,0.333,Low
TAXP02065,54,520300,Salary,1,0,3100,0,-0.163,0.225,0.953,Low,16.0,11160.36,697.52,1.0,0.0625,0.4112039945021433,0.211,Low
TAXP02066,54,573900,Salary,0,2,0,2,-0.115,0.553,0.578,Medium,19.0,4969.38,261.55,1.0,0.05263157894736842,0.3691542058027209,0.398,Low
TAXP02067,57,1301700,Salary,1,2,0,1,0.279,0.26,0.772,Low,3.0,39548.11,13182.7,0.0,0.0,0.21776639803939213,0.223,Low
TAXP02068,30,635000,Salary,1,0,5800,2,0.465,0.314,0.805,Low,19.0,5640.54,296.87,1.0,0.05263157894736842,0.37189528364201996,0.275,Low
TAXP02069,21,952500,Professional,1,0,0,0,0.209,0.237,0.936,Low,37.0,36030.74,973.8,0.0,0.0,0.2945437697227692,0.168,Low
TAXP02070,22,564400,Business,1,0,0,0,0.175,0.457,0.947,Low,6.0,4771.86,795.31,0.0,0.0,0.1685833942529148,0.105,Low
TAXP02071,58,508100,Salary,1,1,0,1,0.007,0.05,0.902,Low,16.0,3267.97,204.25,0.0,0.0,0.17835895753909448,0.134,Low
TAXP02072,61,236000,Business,1,1,0,1,0.011,0.243,0.874,Low,16.0,4348.38,271.77,0.0,0.0,0.1845351209679626,0.152,Low
TAXP02073,30,156500,Business,1,1,0,0,0.136,0.417,0.909,Low,11.0,2743.47,249.41,2.0,0.18181818181818182,0.7630694188060978,0.393,Low
TAXP02074,60,538400,Salary+Business,1,0,0,0,0.32,0.135,0.96,Low,9.0,2169.96,241.11,0.0,0.0,0.15449435153009977,0.092,Low
TAXP02075,44,677000,Multiple,1,0,0,0,0.168,0.375,0.929,Low,26.0,21913.63,842.83,2.0,0.07692307692307693,0.502119608634342,0.265,Low
TAXP02076,29,257500,Salary,1,1,0,0,0.253,0.457,0.935,Low,22.0,9951.41,452.34,1.0,0.045454545454545456,0.36909544404427086,0.202,Low
TAXP02077,35,634100,Salary+Investments,1,2,0,0,-0.047,0.45,0.873,Low,,,,,,,,Low
TAXP02078,32,675600,Salary+Business,1,1,0,1,0.199,0.027,0.862,Low,1.0,50.0,50.0,0.0,0.0,0.0893000032739525,0.116,Low
TAXP02079,55,150000,Professional,0,0,0,0,-0.007,0.145,0.884,Low,3.0,889.99,296.66,1.0,0.3333333333333333,1.0,0.514,Medium
TAXP02080,29,336300,Salary,1,0,0,0,0.122,0.091,0.98,Low,9.0,4024.74,447.19,1.0,0.1111111111111111,0.5345339387786898,0.252,Low
TAXP02081,29,871500,Salary,1,1,0,0,0.199,0.109,0.895,Low,22.0,13854.25,629.74,1.0,0.045454545454545456,0.3762668599506791,0.227,Low
TAXP02082,53,858900,Salary,0,2,0,0,0.015,0.194,0.792,Low,4.0,1573.61,393.4,0.0,0.0,0.14548314472730323,0.18,Low
TAXP02083,34,283200,Multiple,1,2,0,1,-0.063,0.109,0.827,Low,4.0,1012.58,253.14,0.0,0.0,0.1359402485538717,0.156,Low
TAXP02084,32,728500,Professional,0,0,11500,0,0.158,0.351,0.771,Low,61.0,31762.89,520.7,2.0,0.03278688524590164,0.4440677747771393,0.326,Low
TAXP02085,57,1357100,Salary,1,0,0,0,0.078,0.415,0.923,Low,9.0,18916.61,2101.85,0.0,0.0,0.201434342185347,0.133,Low
TAXP02086,62,1137400,Business,1,0,0,0,0.122,0.362,0.959,Low,11.0,32488.73,2953.52,1.0,0.09090909090909091,0.5166614575725438,0.255,Low
TAXP02087,45,606900,Salary,1,1,9700,0,0.205,0.213,0.897,Low,22.0,8861.55,402.8,1.0,0.045454545454545456,0.3665825901323214,0.222,Low
TAXP02088,58,464100,Salary,1,0,0,0,0.309,0.256,0.979,Low,10.0,4154.92,415.49,0.0,0.0,0.17019590570070173,0.088,Low
TAXP02089,58,413200,Professional,0,3,25400,0,0.206,0.429,0.496,Medium,14.0,8802.6,628.76,1.0,0.07142857142857142,0.430574780036303,0.471,Medium
TAXP02090,47,910300,Business,1,1,0,1,0.185,0.272,0.884,Low,4.0,998.81,249.7,0.0,0.0,0.13564410355403594,0.125,Low
TAXP02091,58,748000,Salary+Business,1,1,3100,0,0.02,0.221,0.935,Low,7.0,22416.79,3202.4,1.0,0.14285714285714285,0.6741599484531627,0.339,Low
TAXP02092,21,1022600,Professional,1,0,0,0,0.045,0.128,0.98,Low,7.0,7082.81,1011.83,0.0,0.0,0.17772767769691883,0.091,Low
TAXP02093,22,714700,Professional,1,2,0,1,0.173,0.285,0.827,Low,16.0,6163.84,385.24,1.0,0.0625,0.39833784811495493,0.274,Low
TAXP02094,60,1172000,Salary+Business,1,1,0,0,0.042,0.248,0.94,Low,12.0,6722.51,560.21,0.0,0.0,0.1845149419413649,0.116,Low
TAXP02095,27,695800,Salary,1,0,0,0,0.172,0.151,0.955,Low,1.0,226.41,226.41,0.0,0.0,0.12176194418281198,0.08,Low
TAXP02096,53,1143600,Professional,1,0,9300,0,-0.03,0.181,0.929,Low,48.0,43326.73,902.64,2.0,0.041666666666666664,0.47353494309242733,0.252,Low
TAXP02097,39,1216800,Salary+Business,1,0,24000,0,0.409,0.597,0.813,Low,4.0,8722.98,2180.74,0.0,0.0,0.18262632897565642,0.185,Low
TAXP02098,56,364200,Salary,0,0,0,0,0.131,0.24,0.823,Low,19.0,8014.77,421.83,1.0,0.05263157894736842,0.3795021900525865,0.268,Low
TAXP02099,50,176800,Salary,0,0,0,0,0.12,0.32,0.831,Low,5.0,1972.6,394.52,0.0,0.0,0.14946615279795938,0.16,Low
TAXP02100,24,1974900,Salary,1,1,11000,0,0.023,0.11,0.838,Low,13.0,11705.5,900.42,1.0,0.07692307692307693,0.4525728512755081,0.293,Low
TAXP02101,36,781900,Salary,1,2,11200,1,0.406,0.133,0.75,Low,3.0,6881.42,2293.81,0.0,0.0,0.1798018650721429,0.218,Low
TAXP02102,52,189200,Business,1,1,4100,0,-0.101,0.346,0.896,Low,26.0,5509.66,211.91,1.0,0.038461538461538464,0.3452935631225531,0.213,Low
TAXP02103,62,388800,Salary,1,1,0,0,-0.012,0.171,0.943,Low,36.0,13077.06,363.25,2.0,0.05555555555555555,0.4525797700619917,0.235,Low
TAXP02104,57,1133100,Professional,1,0,14700,0,0.237,0.245,0.88,Low,17.0,15877.21,933.95,0.0,0.0,0.21520603891739637,0.163,Low
TAXP02105,61,531400,Salary,1,0,0,0,0.138,0.01,0.978,Low,18.0,11579.54,643.31,0.0,0.0,0.21104278199620385,0.107,Low
TAXP02106,64,449600,Salary,0,1,0,1,0.008,0.405,0.742,Low,7.0,1488.54,212.65,0.0,0.0,0.14393587887676665,0.207,Low
TAXP02107,61,1782200,Salary,1,1,0,0,0.012,0.146,0.953,Low,15.0,14722.8,981.52,1.0,0.06666666666666667,0.42844046943467284,0.219,Low
TAXP02108,47,305800,Salary,1,1,0,0,0.053,0.354,0.893,Low,2.0,393.03,196.52,0.0,0.0,0.12262304171389221,0.114,Low
TAXP02109,36,365900,Multiple,1,0,144100,0,0.116,0.067,0.227,High,1.0,116.13,116.13,0.0,0.0,0.10735488595115725,0.473,Medium
TAXP02110,43,756900,Salary,1,0,0,0,0.349,0.197,0.959,Low,33.0,21177.27,641.74,1.0,0.030303030303030304,0.3698132556105401,0.189,Low
TAXP02111,56,861000,Salary,1,0,0,1,0.197,0.149,0.9,Low,78.0,58993.21,756.32,4.0,0.05128205128205128,0.5131947073978445,0.286,Low
TAXP02112,40,929200,Salary,1,2,0,1,0.264,0.165,0.827,Low,21.0,16049.75,764.27,3.0,0.14285714285714285,0.6979722298849004,0.409,Medium
TAXP02113,58,1252700,Salary,0,1,0,2,0.031,0.236,0.707,Low,17.0,8615.2,506.78,0.0,0.0,0.2019501777919936,0.252,Low
TAXP02114,52,749900,Professional,0,4,0,0,0.183,0.133,0.647,Medium,2.0,1304.28,652.14,0.0,0.0,0.14859332909664738,0.261,Low
TAXP02115,30,924600,Salary+Business,1,0,0,1,-0.149,0.076,0.905,Low,25.0,13417.18,536.69,0.0,0.0,0.23456558199818867,0.158,Low
TAXP02116,62,539300,Salary,0,1,0,0,0.129,0.481,0.755,Low,1.0,56.77,56.77,1.0,1.0,1.0,0.585,Medium
TAXP02117,59,680000,Professional,1,0,0,0,0.119,0.161,0.98,Low,22.0,12792.14,581.46,1.0,0.045454545454545456,0.3745377288963094,0.18,Low
TAXP02118,47,702300,Business,1,0,0,0,0.391,0.378,0.926,Low,44.0,24883.27,565.53,1.0,0.022727272727272728,0.38521000210229445,0.214,Low
TAXP02119,29,758900,Salary+Investments,1,3,0,2,0.349,0.219,0.716,Low,7.0,4800.82,685.83,0.0,0.0,0.1692933651766049,0.232,Low
TAXP02120,31,1133700,Business,1,0,0,0,0.059,0.286,0.954,Low,12.0,19335.04,1611.25,0.0,0.0,0.20743034840887323,0.119,Low
TAXP02121,58,969400,Salary,1,0,9600,1,-0.031,0.127,0.822,Low,16.0,15639.6,977.47,2.0,0.125,0.6247724548584456,0.379,Low
TAXP02122,21,671000,Salary+Business,1,1,39100,0,-0.026,0.667,0.691,Medium,18.0,8505.19,472.51,0.0,0.0,0.20435460234636943,0.262,Low
TAXP02123,42,363000,Salary+Investments,1,2,0,2,0.053,0.168,0.786,Low,15.0,2466.34,164.42,0.0,0.0,0.1697531839356115,0.194,Low
TAXP02124,48,682500,Business,0,1,0,0,0.308,0.239,0.811,Low,4.0,3518.04,879.51,1.0,0.25,0.9879228612542379,0.549,Medium
TAXP02125,31,637000,Multiple,1,1,0,0,0.166,0.298,0.92,Low,5.0,3550.88,710.18,0.0,0.0,0.16220657388359322,0.117,Low
TAXP02126,59,747000,Salary+Investments,1,2,0,0,0.183,0.272,0.892,Low,46.0,21908.38,476.27,2.0,0.043478260869565216,0.457808468660353,0.265,Low
TAXP02127,44,3183300,Salary,1,0,0,0,0.23,0.355,0.98,Low,14.0,93806.76,6700.48,1.0,0.07142857142857142,0.4819246258797052,0.228,Low
TAXP02128,23,445800,Salary+Business,0,4,8400,0,-0.059,0.027,0.712,Low,38.0,23225.37,611.19,4.0,0.10526315789473684,0.6357323594386867,0.444,Medium
TAXP02129,35,881000,Professional,1,0,5100,1,-0.013,0.344,0.913,Low,25.0,14474.66,578.99,1.0,0.04,0.36820998617260453,0.214,Low
TAXP02130,38,1402900,Business,1,1,0,0,0.183,0.357,0.929,Low,5.0,7882.87,1576.57,1.0,0.2,0.8395071912535385,0.417,Medium
TAXP02131,31,697500,Business,1,1,53500,0,-0.025,0.236,0.654,Medium,31.0,21505.27,693.72,0.0,0.0,0.26365894370798115,0.309,Low
TAXP02132,63,3499000,Salary+Investments,1,0,29000,0,-0.144,0.285,0.832,Low,33.0,101117.59,3064.17,2.0,0.06060606060606061,0.5037343373133331,0.319,Low
TAXP02133,37,495100,Professional,1,0,0,0,-0.073,0.189,0.941,Low,10.0,4173.79,417.38,0.0,0.0,0.1702940662992937,0.109,Low
TAXP02134,43,820800,Business,1,3,8900,0,0.269,0.114,0.779,Low,6.0,2546.89,424.48,0.0,0.0,0.15497334018253733,0.191,Low
TAXP02135,45,365700,Salary,1,1,8500,0,0.04,0.352,0.846,Low,7.0,752.78,107.54,1.0,0.14285714285714285,0.6006589542788775,0.355,Low
TAXP02136,30,504700,Business,0,0,133000,0,0.136,0.423,0.109,High,11.0,9337.53,848.87,1.0,0.09090909090909091,0.4896046597272757,0.71,High
TAXP02137,46,777600,Salary+Investments,1,1,19300,0,-0.065,0.19,0.782,Low,6.0,1764.95,294.16,0.0,0.0,0.14703205695995342,0.186,Low
TAXP02138,36,1195500,Salary+Business,1,1,0,1,0.161,0.309,0.829,Low,6.0,4513.93,752.32,0.0,0.0,0.16737830974857332,0.169,Low
TAXP02139,21,817900,Salary,1,0,0,0,0.057,0.192,0.98,Low,22.0,5256.67,238.94,0.0,0.0,0.20527949802718276,0.103,Low
TAXP02140,39,1609300,Salary+Investments,1,1,5500,0,0.171,0.272,0.857,Low,2.0,680.77,340.38,0.0,0.0,0.13450524898212168,0.139,Low
TAXP02141,47,607000,Salary+Investments,1,0,0,0,0.024,0.429,0.944,Low,36.0,15636.03,434.33,2.0,0.05555555555555555,0.45645082699779105,0.236,Low
TAXP02142,26,511700,Business,1,0,0,0,0.181,0.14,0.928,Low,47.0,19916.21,423.75,3.0,0.06382978723404255,0.5263585350924752,0.276,Low
TAXP02143,56,4554400,Salary,1,0,0,1,0.016,0.197,0.928,Low,18.0,44977.69,2498.76,1.0,0.05555555555555555,0.42381634160544196,0.23,Low
TAXP02144,50,863400,Business,1,1,0,0,0.087,0.451,0.863,Low,17.0,19412.48,1141.91,0.0,0.0,0.21956714666748756,0.174,Low
TAXP02145,34,387200,Salary,0,1,0,0,0.057,0.188,0.808,Low,9.0,1688.07,187.56,0.0,0.0,0.1490668811676044,0.173,Low
TAXP02146,47,394300,Salary,1,1,2800,1,0.104,0.159,0.862,Low,36.0,12124.53,336.79,2.0,0.05555555555555555,0.4509421942398637,0.279,Low
TAXP02147,34,329700,Professional,1,2,0,0,0.145,0.154,0.859,Low,17.0,7567.62,445.15,0.0,0.0,0.19914079687830355,0.167,Low
TAXP02148,50,1275800,Salary+Investments,1,1,0,0,0.021,0.526,0.91,Low,18.0,17534.66,974.15,2.0,0.1111111111111111,0.5867082939179326,0.314,Low
TAXP02149,27,500000,Salary,0,1,0,1,0.081,0.267,0.732,Low,14.0,3686.42,263.32,0.0,0.0,0.1760080047876413,0.227,Low
TAXP02150,48,712400,Salary+Investments,0,0,0,2,0.13,0.194,0.806,Low,10.0,9819.98,982.0,0.0,0.0,0.1888431880214078,0.192,Low
TAXP02151,23,620900,Salary+Investments,1,0,20100,0,0.181,0.073,0.861,Low,5.0,1474.64,294.93,0.0,0.0,0.14316703876616496,0.141,Low
TAXP02152,21,1100600,Salary,1,0,8500,1,0.088,0.238,0.922,Low,12.0,15697.57,1308.13,1.0,0.08333333333333333,0.4779078407469245,0.258,Low
TAXP02153,32,353300,Salary,1,0,21800,0,-0.042,0.403,0.825,Low,10.0,3965.9,396.59,1.0,0.1,0.49918734601754844,0.321,Low
TAXP02154,28,299600,Salary+Business,1,1,0,0,0.114,0.11,0.98,Low,49.0,26875.11,548.47,2.0,0.04081632653061224,0.4638478851122506,0.22,Low
TAXP02155,43,763900,Salary+Business,1,2,19200,0,0.207,0.382,0.82,Low,21.0,32869.66,1565.22,1.0,0.047619047619047616,0.399238324249463,0.279,Low
TAXP02156,28,1001900,Salary,1,0,0,0,-0.113,0.321,0.959,Low,3.0,11276.12,3758.71,0.0,0.0,0.1905222487401101,0.108,Low
TAXP02157,32,825800,Professional,1,0,0,1,-0.111,0.063,0.935,Low,9.0,1911.59,212.4,1.0,0.1111111111111111,0.518420290850728,0.269,Low
TAXP02158,25,362900,Professional,1,1,0,0,-0.006,0.146,0.947,Low,18.0,4107.63,228.2,2.0,0.1111111111111111,0.5552656880249225,0.279,Low
TAXP02159,60,1058700,Salary+Business,1,0,0,0,0.069,0.484,0.922,Low,44.0,23071.91,524.36,3.0,0.06818181818181818,0.5335718173815139,0.283,Low
TAXP02160,54,380500,Salary+Business,1,2,0,0,-0.252,0.225,0.836,Low,83.0,28367.19,341.77,2.0,0.024096385542168676,0.4062683161323577,0.273,Low
TAXP02161,30,446500,Salary,0,2,0,0,0.192,0.084,0.678,Medium,3.0,1100.05,366.68,0.0,0.0,0.14003829167793252,0.24,Low
TAXP02162,26,329400,Salary,0,0,0,0,0.071,0.097,0.865,Low,70.0,18827.7,268.97,7.0,0.1,0.6515654399247139,0.367,Low
TAXP02163,59,1658700,Salary,0,1,17700,2,-0.276,0.417,0.548,Medium,15.0,31386.81,2092.45,0.0,0.0,0.22486655631276511,0.35,Low
TAXP02164,51,1025600,Multiple,1,1,0,0,-0.078,0.629,0.915,Low,30.0,23214.34,773.81,0.0,0.0,0.2621067315787326,0.165,Low
TAXP02165,60,1004800,Salary+Investments,1,3,0,0,0.052,0.146,0.861,Low,3.0,705.48,235.16,0.0,0.0,0.13042491982306337,0.135,Low
TAXP02166,29,1595500,Salary+Business,1,0,24000,0,-0.184,0.058,0.888,Low,38.0,27347.01,719.66,1.0,0.02631578947368421,0.37874805435923753,0.232,Low
TAXP02167,37,4925000,Salary,1,0,0,3,0.255,0.3,0.809,Low,39.0,127232.07,3262.36,2.0,0.05128205128205128,0.4978550475218231,0.329,Low
TAXP02168,26,189900,Business,1,1,0,0,0.13,0.121,0.926,Low,31.0,5682.27,183.3,1.0,0.03225806451612903,0.3412962947030515,0.194,Low
TAXP02169,40,382000,Salary,1,0,0,0,0.209,0.318,0.919,Low,48.0,16980.47,353.76,2.0,0.041666666666666664,0.45323190293532895,0.249,Low
TAXP02170,28,417100,Salary,1,1,0,0,-0.065,0.25,0.912,Low,7.0,1178.64,168.38,0.0,0.0,0.13889362372900504,0.111,Low
TAXP02171,21,352300,Salary,1,0,0,0,0.166,0.075,0.936,Low,6.0,2896.96,482.83,0.0,0.0,0.15776378523721912,0.106,Low
TAXP02172,43,299200,Salary+Investments,0,2,27600,3,-0.006,0.197,0.427,High,13.0,3782.99,291.0,0.0,0.0,0.17424937045544378,0.394,Low
TAXP02173,65,523900,Salary,1,0,0,1,0.069,0.197,0.925,Low,7.0,2063.87,294.84,0.0,0.0,0.15100361290927042,0.109,Low
TAXP02174,50,270700,Professional,0,2,0,0,0.156,0.222,0.759,Low,22.0,13612.37,618.74,1.0,0.045454545454545456,0.37588500826939686,0.302,Low
TAXP02175,55,827300,Multiple,1,2,0,0,0.089,0.191,0.936,Low,31.0,14937.12,481.84,1.0,0.03225806451612903,0.3622104019200648,0.198,Low
TAXP02176,57,674700,Professional,1,0,0,0,0.229,0.286,0.977,Low,,,,,,,,Low
TAXP02177,64,919000,Salary,1,1,0,0,0.122,0.322,0.942,Low,33.0,32668.39,989.95,1.0,0.030303030303030304,0.3792142482510401,0.203,Low
TAXP02178,26,936900,Salary+Investments,1,0,50600,0,0.026,0.41,0.723,Low,31.0,25168.71,811.89,1.0,0.03225806451612903,0.3735218064280431,0.32,Low
TAXP02179,32,1003400,Professional,1,0,0,1,0.235,0.335,0.917,Low,24.0,21956.54,914.86,2.0,0.08333333333333333,0.5172088742240588,0.278,Low
TAXP02180,48,496800,Business,1,1,0,0,0.269,0.375,0.881,Low,,,,,,,,Low
TAXP02181,57,2993500,Professional,1,2,0,0,0.114,0.178,0.872,Low,14.0,75038.83,5359.92,3.0,0.21428571428571427,0.948506607821983,0.497,Medium
TAXP02182,55,769500,Salary+Investments,1,2,0,0,0.314,0.077,0.846,Low,63.0,53934.75,856.11,1.0,0.015873015873015872,0.39903258072105197,0.264,Low
TAXP02183,53,170000,Business,0,3,0,1,0.062,0.587,0.614,Medium,26.0,10218.76,393.03,2.0,0.07692307692307693,0.4855832474800723,0.431,Medium
TAXP02184,35,315800,Business,1,2,0,0,0.08,0.217,0.901,Low,1.0,458.22,458.22,0.0,0.0,0.1370224927301804,0.116,Low
TAXP02185,37,185600,Business,1,0,0,1,0.101,0.104,0.907,Low,11.0,3316.08,301.46,2.0,0.18181818181818182,0.7671706750931465,0.396,Low
TAXP02186,24,658200,Salary,0,1,0,1,0.079,0.126,0.814,Low,38.0,13215.03,347.76,3.0,0.07894736842105263,0.5366723924343432,0.344,Low
TAXP02187,35,595400,Salary+Business,0,0,0,2,0.05,0.107,0.732,Low,13.0,21630.49,1663.88,1.0,0.07692307692307693,0.46589560307608796,0.357,Low
TAXP02188,28,463900,Salary,1,0,14400,0,-0.014,0.246,0.927,Low,25.0,5825.26,233.01,0.0,0.0,0.21650087074021257,0.138,Low
TAXP02189,63,2765100,Salary,1,2,0,0,-0.059,0.2,0.964,Low,3.0,39984.76,13328.25,0.0,0.0,0.21800481785335796,0.118,Low
TAXP02190,25,965100,Salary,1,0,0,0,0.118,0.383,0.936,Low,57.0,36191.69,634.94,1.0,0.017543859649122806,0.3980654881142912,0.214,Low
TAXP02191,37,1096400,Salary,1,0,0,0,0.292,0.444,0.949,Low,30.0,14219.64,473.99,3.0,0.1,0.5814810744691721,0.29,Low
TAXP02192,60,332500,Salary,1,0,0,0,0.23,0.325,0.913,Low,39.0,10906.26,279.65,2.0,0.05128205128205128,0.4445799131537217,0.248,Low
TAXP02193,64,316600,Professional,1,1,0,0,0.162,0.447,0.865,Low,27.0,5151.83,190.81,0.0,0.0,0.22002564834632382,0.173,Low
TAXP02194,37,667500,Salary,1,1,0,0,0.3,0.343,0.936,Low,16.0,11372.64,710.79,0.0,0.0,0.20536256827734958,0.128,Low
TAXP02195,41,736200,Salary,0,0,11000,1,0.103,0.233,0.69,Medium,6.0,3132.75,522.12,0.0,0.0,0.1594595674647299,0.242,Low
TAXP02196,44,170800,Salary+Investments,1,1,0,0,-0.058,0.134,0.98,Low,7.0,968.78,138.4,1.0,0.14285714285714285,0.6060921523159944,0.284,Low
TAXP02197,57,570900,Multiple,1,0,0,0,0.044,0.253,0.956,Low,34.0,11704.65,344.25,0.0,0.0,0.26024018494557505,0.141,Low
TAXP02198,55,656600,Business,1,0,0,0,0.09,0.308,0.914,Low,9.0,6429.69,714.41,0.0,0.0,0.17802174399719017,0.127,Low
TAXP02199,44,556700,Salary,0,1,52700,0,0.018,0.356,0.56,Medium,23.0,8495.97,369.39,2.0,0.08695652173913043,0.5055854512576341,0.47,Medium
TAXP02200,37,361900,Salary,1,3,0,0,0.198,0.092,0.765,Low,28.0,5593.14,199.76,1.0,0.03571428571428571,0.3427942829535807,0.284,Low
TAXP02201,37,440800,Salary,0,2,15200,1,0.25,0.177,0.62,Medium,1.0,831.19,831.19,1.0,1.0,1.0,0.659,Medium
TAXP02202,50,572300,Salary,0,2,0,0,-0.177,0.207,0.742,Low,23.0,11231.21,488.31,1.0,0.043478260869565216,0.36815358142802107,0.308,Low
TAXP02203,58,693900,Multiple,1,1,0,0,0.077,0.294,0.878,Low,24.0,13310.67,554.61,0.0,0.0,0.23135607939244718,0.171,Low
TAXP02204,24,1004700,Salary+Business,1,1,9300,1,-0.364,0.172,0.802,Low,44.0,34627.31,786.98,0.0,0.0,0.3173747725445546,0.252,Low
TAXP02205,55,1415400,Salary,1,0,0,0,0.085,0.48,0.98,Low,22.0,20623.49,937.43,1.0,0.045454545454545456,0.3848945064176189,0.184,Low
TAXP02206,42,525900,Multiple,1,0,0,0,0.084,0.259,0.98,Low,39.0,9526.94,244.28,2.0,0.05128205128205128,0.4416549941958658,0.21,Low
TAXP02207,27,468000,Business,1,0,0,0,0.384,0.376,0.974,Low,26.0,5337.54,205.29,1.0,0.038461538461538464,0.3446076695140914,0.169,Low
TAXP02208,25,890800,Salary,1,0,96000,0,0.336,0.495,0.466,Medium,15.0,7429.42,495.29,1.0,0.06666666666666667,0.4136103927460629,0.48,Medium
TAXP02209,36,1009100,Business,1,0,290500,0,0.249,0.573,0.02,High,6.0,2812.87,468.81,0.0,0.0,0.15712548558803555,0.61,Medium
TAXP02210,32,475500,Salary,1,1,0,0,-0.054,0.455,0.927,Low,33.0,17928.3,543.28,3.0,0.09090909090909091,0.5662028372355182,0.295,Low
TAXP02211,25,1148300,Salary+Investments,1,2,25200,0,-0.063,0.16,0.857,Low,30.0,27516.6,917.22,1.0,0.03333333333333333,0.37579426754611545,0.248,Low
TAXP02212,34,1315900,Salary,1,0,0,1,-0.075,0.366,0.951,Low,54.0,74153.84,1373.22,2.0,0.037037037037037035,0.479124887476521,0.243,Low
TAXP02213,58,1647500,Professional,1,0,0,0,0.344,0.013,0.959,Low,35.0,28362.96,810.37,2.0,0.05714285714285714,0.4712871591259484,0.235,Low
TAXP02214,53,2338700,Salary,1,0,6700,0,-0.046,0.205,0.906,Low,30.0,63725.84,2124.19,2.0,0.06666666666666667,0.5040168501845331,0.279,Low
TAXP02215,30,348300,Salary+Investments,0,1,0,0,0.038,0.148,0.842,Low,23.0,5220.83,226.99,0.0,0.0,0.20809201441942898,0.181,Low
TAXP02216,51,656500,Professional,1,1,0,1,-0.044,0.279,0.849,Low,22.0,14287.27,649.42,0.0,0.0,0.22693412750851916,0.185,Low
TAXP02217,41,655300,Business,1,1,5600,1,-0.101,0.058,0.953,Low,30.0,13562.98,452.1,0.0,0.0,0.25045661462626495,0.139,Low
TAXP02218,54,605700,Salary,0,2,0,0,0.153,0.13,0.755,Low,10.0,5194.95,519.5,0.0,0.0,0.17503639639920363,0.214,Low
TAXP02219,32,407300,Salary+Investments,1,2,8000,1,0.125,0.184,0.748,Low,19.0,7920.25,416.86,1.0,0.05263157894736842,0.37924519445675264,0.309,Low
TAXP02220,23,223000,Business,1,0,0,1,-0.256,0.124,0.904,Low,5.0,1658.64,331.73,0.0,0.0,0.1457122010805842,0.118,Low
TAXP02221,35,694900,Salary,1,1,0,0,-0.108,0.254,0.922,Low,11.0,4146.97,377.0,1.0,0.09090909090909091,0.4720115762831123,0.255,Low
TAXP02222,65,373800,Salary+Investments,1,0,20700,0,0.141,0.201,0.954,Low,28.0,7770.76,277.53,0.0,0.0,0.23204719159864728,0.13,Low
TAXP02223,46,691500,Salary,1,1,0,0,0.088,0.261,0.856,Low,33.0,16054.28,486.49,0.0,0.0,0.26381008201577627,0.198,Low
TAXP02224,23,367000,Salary,1,0,0,0,0.036,0.182,0.912,Low,15.0,7323.31,488.22,0.0,0.0,0.19329865236441365,0.135,Low
TAXP02225,64,294500,Business,1,1,35600,0,0.197,0.326,0.701,Low,29.0,10757.8,370.96,0.0,0.0,0.2422501099903815,0.273,Low
TAXP02226,58,769400,Salary,1,1,0,0,-0.131,0.106,0.888,Low,30.0,13779.36,459.31,1.0,0.03333333333333333,0.3607995580085026,0.224,Low
TAXP02227,45,724600,Business,1,0,0,2,0.005,0.343,0.865,Low,30.0,22490.42,749.68,1.0,0.03333333333333333,0.3714196954955671,0.241,Low
TAXP02228,54,986400,Salary,1,2,0,0,0.183,0.175,0.851,Low,5.0,2127.63,425.53,1.0,0.2,0.8111050044137654,0.447,Medium
TAXP02229,29,3136300,Salary,0,3,0,0,-0.004,0.481,0.662,Medium,7.0,25811.18,3687.31,1.0,0.14285714285714285,0.6772207761308054,0.491,Medium
TAXP02230,47,793600,Salary,1,0,0,0,0.15,0.118,0.98,Low,39.0,60777.09,1558.39,2.0,0.05128205128205128,0.48181950143059793,0.228,Low
TAXP02231,62,921700,Salary,1,2,0,0,-0.083,0.181,0.913,Low,24.0,26880.54,1120.02,0.0,0.0,0.24659823108605797,0.159,Low
TAXP02232,40,299200,Multiple,0,0,29000,1,-0.032,0.24,0.624,Medium,16.0,4038.69,252.42,0.0,0.0,0.1829368773083683,0.289,Low
TAXP02233,22,257300,Business,1,1,0,0,-0.185,0.62,0.814,Low,20.0,8475.56,423.78,0.0,0.0,0.2098393591990895,0.197,Low
TAXP02234,55,2031700,Business,0,0,12200,0,-0.229,0.304,0.729,Low,48.0,56346.71,1173.89,1.0,0.020833333333333332,0.41048501730709763,0.334,Low
TAXP02235,53,334300,Salary,1,1,14000,0,0.024,0.532,0.814,Low,8.0,2923.53,365.44,1.0,0.125,0.5720726554635674,0.36,Low
TAXP02236,54,306500,Salary+Business,1,1,0,1,0.172,0.379,0.846,Low,39.0,12683.33,325.21,0.0,0.0,0.2786161697797448,0.21,Low
TAXP02237,50,632000,Salary,1,2,37200,0,0.082,0.278,0.671,Medium,20.0,11440.11,572.01,1.0,0.05,0.38133919229281155,0.353,Low
TAXP02238,27,609100,Salary,0,1,0,0,0.286,0.158,0.88,Low,25.0,15603.28,624.13,2.0,0.08,0.5018376530032097,0.292,Low
TAXP02239,26,339400,Professional,1,0,0,1,0.037,0.217,0.93,Low,13.0,5184.58,398.81,1.0,0.07692307692307693,0.43491932452205867,0.234,Low
TAXP02240,56,521900,Business,1,2,11000,0,-0.239,0.303,0.813,Low,30.0,8460.91,282.03,4.0,0.13333333333333333,0.680238601484928,0.409,Medium
TAXP02241,59,1575200,Salary+Business,1,1,52200,0,0.155,0.255,0.691,Medium,24.0,68781.25,2865.89,3.0,0.125,0.6794880136794547,0.476,Medium
TAXP02242,24,363800,Salary+Investments,1,0,0,0,-0.073,0.256,0.933,Low,38.0,10472.57,275.59,1.0,0.02631578947368421,0.35795374067538555,0.198,Low
TAXP02243,47,238300,Salary+Investments,1,0,0,0,0.12,0.401,0.943,Low,27.0,4032.68,149.36,2.0,0.07407407407407407,0.4591831047328174,0.238,Low
TAXP02244,43,1281300,Salary,1,2,0,0,-0.266,0.25,0.957,Low,37.0,34224.33,924.98,1.0,0.02702702702702703,0.3826172242620607,0.196,Low
TAXP02245,36,926500,Salary,1,0,8400,0,0.056,0.139,0.931,Low,43.0,27518.6,639.97,1.0,0.023255813953488372,0.3857133136261063,0.212,Low
TAXP02246,50,415800,Salary,1,0,0,0,0.212,0.17,0.926,Low,6.0,3462.48,577.08,0.0,0.0,0.16162868902499486,0.113,Low
TAXP02247,62,208100,Salary+Business,1,1,0,0,0.193,0.304,0.932,Low,53.0,15720.29,296.61,5.0,0.09433962264150944,0.6350029682143674,0.323,Low
TAXP02248,57,380300,Salary+Investments,1,0,0,1,0.06,0.06,0.976,Low,22.0,11140.5,506.39,2.0,0.09090909090909091,0.5215413318669601,0.248,Low
TAXP02249,27,624900,Multiple,0,0,0,0,0.092,0.383,0.881,Low,21.0,9078.9,432.33,1.0,0.047619047619047616,0.37133655005918426,0.233,Low
TAXP02250,41,1504600,Salary,0,1,0,0,0.02,0.058,0.823,Low,37.0,49243.83,1330.91,4.0,0.10810810810810811,0.6580784747612928,0.393,Low
TAXP02251,63,308200,Salary+Investments,1,1,0,0,0.052,0.373,0.938,Low,8.0,9553.97,1194.25,1.0,0.125,0.5977452848582135,0.303,Low
TAXP02252,31,611600,Business,1,1,0,1,0.2,0.12,0.931,Low,17.0,7693.35,452.55,0.0,0.0,0.199497809855554,0.128,Low
TAXP02253,59,1056900,Salary+Investments,1,1,0,2,-0.02,0.472,0.748,Low,21.0,10442.43,497.26,1.0,0.047619047619047616,0.3743684200963284,0.307,Low
TAXP02254,43,150000,Business,1,0,0,0,-0.004,0.354,0.957,Low,14.0,4639.77,331.41,0.0,0.0,0.18098569526853459,0.105,Low
TAXP02255,44,1368300,Salary,1,1,0,0,-0.153,0.144,0.948,Low,22.0,24808.77,1127.67,1.0,0.045454545454545456,0.3889027525521257,0.204,Low
TAXP02256,32,277400,Salary,1,1,0,0,0.203,0.471,0.835,Low,26.0,6284.41,241.71,2.0,0.07692307692307693,0.4750610460362926,0.305,Low
TAXP02257,62,825500,Multiple,1,0,3200,0,0.049,0.429,0.928,Low,23.0,14997.21,652.05,0.0,0.0,0.23094336461218537,0.144,Low
TAXP02258,44,776300,Business,1,1,0,0,-0.102,0.702,0.882,Low,27.0,17481.57,647.47,2.0,0.07407407407407407,0.490921020901642,0.286,Low
TAXP02259,46,1419200,Salary,1,0,0,1,0.232,0.172,0.911,Low,18.0,28021.12,1556.73,3.0,0.16666666666666666,0.7802126903564413,0.4,Medium
TAXP02260,41,966500,Salary,0,1,0,0,0.084,0.211,0.826,Low,24.0,39687.81,1653.66,0.0,0.0,0.2550529292850465,0.21,Low
TAXP02261,25,150000,Salary,1,1,0,0,-0.027,0.298,0.927,Low,34.0,7345.79,216.05,3.0,0.08823529411764706,0.5413379567780267,0.284,Low
TAXP02262,56,369400,Multiple,1,2,19200,0,0.234,0.061,0.767,Low,5.0,1912.16,382.43,0.0,0.0,0.14879214867342982,0.195,Low
TAXP02263,35,718000,Salary,1,1,26100,0,0.037,0.341,0.724,Low,15.0,4843.26,322.88,1.0,0.06666666666666667,0.40434289509846544,0.334,Low
TAXP02264,31,564900,Salary,0,1,0,0,-0.16,0.216,0.821,Low,10.0,2680.0,268.0,1.0,0.1,0.4907031947524487,0.319,Low
TAXP02265,56,916800,Salary+Business,1,4,0,0,0.245,0.514,0.725,Low,15.0,8173.02,544.87,0.0,0.0,0.19567779232929294,0.239,Low
TAXP02266,29,1147500,Business,1,2,0,0,-0.043,0.295,0.926,Low,12.0,7488.33,624.03,0.0,0.0,0.18685365839981283,0.125,Low
TAXP02267,51,1007300,Salary,1,1,0,0,0.575,0.097,0.891,Low,64.0,50986.72,796.67,1.0,0.015625,0.3966534688565635,0.238,Low
TAXP02268,42,557100,Salary,0,1,0,1,0.02,0.381,0.681,Medium,10.0,2696.33,269.63,2.0,0.2,0.8208346182268823,0.545,Medium
TAXP02269,56,172000,Salary,1,2,23100,1,-0.231,0.05,0.718,Low,43.0,35098.86,816.25,3.0,0.06976744186046512,0.5444776970721499,0.4,Medium
TAXP02270,23,468300,Salary,0,0,0,0,0.372,0.245,0.853,Low,34.0,9643.39,283.63,4.0,0.11764705882352941,0.6442824871876696,0.371,Low
TAXP02271,55,877200,Salary,1,1,27200,0,0.082,0.128,0.814,Low,21.0,10566.54,503.17,1.0,0.047619047619047616,0.37462446941782873,0.271,Low
TAXP02272,31,296400,Salary,1,1,0,0,0.132,0.289,0.9,Low,13.0,2642.98,203.31,0.0,0.0,0.16649436422755595,0.13,Low
TAXP02273,60,1024000,Salary+Business,1,1,0,0,0.152,0.154,0.927,Low,5.0,2317.65,463.53,0.0,0.0,0.15295841564015505,0.109,Low
TAXP02274,36,1250100,Salary+Investments,1,1,0,1,-0.126,0.575,0.852,Low,15.0,42355.5,2823.7,2.0,0.13333333333333333,0.6713719960357432,0.384,Low
TAXP02275,21,712200,Salary+Investments,0,3,0,0,-0.255,0.068,0.695,Medium,10.0,2067.57,206.76,1.0,0.1,0.48509336889880517,0.386,Low
TAXP02276,42,150000,Salary,1,0,23400,0,0.404,0.256,0.86,Low,13.0,3495.07,268.85,1.0,0.07692307692307693,0.42638268534033125,0.269,Low
TAXP02277,23,259000,Salary,1,2,0,0,-0.159,0.254,0.841,Low,39.0,9362.33,240.06,3.0,0.07692307692307693,0.5258934613767645,0.324,Low
TAXP02278,33,2527600,Multiple,1,1,0,0,0.353,0.325,0.911,Low,11.0,31274.77,2843.16,1.0,0.09090909090909091,0.5158348130529218,0.281,Low
TAXP02279,53,438500,Salary+Business,1,0,1900,0,0.176,0.216,0.935,Low,,,,,,,,Low
TAXP02280,46,155800,Business,0,3,0,0,0.119,0.351,0.668,Medium,26.0,12557.1,482.97,1.0,0.038461538461538464,0.36312445964035067,0.346,Low
TAXP02281,52,1581900,Salary,1,1,0,1,0.016,0.206,0.95,Low,19.0,14974.27,788.12,1.0,0.05263157894736842,0.39305102667331643,0.204,Low
TAXP02282,60,656300,Salary,1,1,0,0,0.461,0.333,0.895,Low,19.0,18205.64,958.19,1.0,0.05263157894736842,0.3972891528109413,0.237,Low
TAXP02283,42,1440200,Business,1,1,0,0,-0.02,0.619,0.944,Low,37.0,30965.35,836.9,2.0,0.05405405405405406,0.4696359351843109,0.242,Low
TAXP02284,45,793400,Business,1,2,58300,0,-0.015,0.434,0.622,Medium,19.0,12732.92,670.15,0.0,0.0,0.2158507800816234,0.305,Low
TAXP02285,23,904300,Salary,1,0,0,1,0.199,0.2,0.926,Low,42.0,21055.0,501.31,2.0,0.047619047619047616,0.45689719281874386,0.246,Low
TAXP02286,33,844200,Multiple,1,1,26600,0,-0.016,0.112,0.793,Low,37.0,24124.37,652.01,1.0,0.02702702702702703,0.3750330977542735,0.283,Low
TAXP02287,53,1074000,Business,1,0,0,0,-0.07,0.8,0.97,Low,25.0,23778.92,951.16,0.0,0.0,0.24697450999087772,0.128,Low
TAXP02288,23,3350000,Business,1,0,0,0,0.082,0.375,0.948,Low,50.0,95388.97,1907.78,2.0,0.04,0.4921160758590991,0.25,Low
TAXP02289,37,1307800,Salary,1,1,0,1,0.202,0.159,0.906,Low,22.0,50991.37,2317.79,0.0,0.0,0.25453743033501214,0.166,Low
TAXP02290,27,208300,Salary+Business,1,1,54800,0,0.392,0.414,0.603,Medium,13.0,2721.95,209.38,0.0,0.0,0.16713059320658363,0.294,Low
TAXP02291,59,896600,Salary+Business,1,0,0,0,0.425,0.656,0.82,Low,35.0,22075.41,630.73,0.0,0.0,0.277281217913912,0.224,Low
TAXP02292,46,1478600,Salary,1,1,0,2,-0.195,0.339,0.819,Low,11.0,7641.31,694.66,0.0,0.0,0.18525712496393745,0.183,Low
TAXP02293,50,1545200,Business,1,1,0,0,0.258,0.209,0.957,Low,4.0,1601.72,400.43,0.0,0.0,0.14586665270813132,0.089,Low
TAXP02294,51,478100,Professional,1,0,14500,0,-0.066,0.194,0.902,Low,15.0,3170.52,211.37,0.0,0.0,0.1751778822006469,0.133,Low
TAXP02295,31,1503800,Salary+Investments,1,0,0,0,-0.058,0.551,0.948,Low,14.0,21675.52,1548.25,0.0,0.0,0.21440791750422863,0.125,Low
TAXP02296,23,1267700,Salary,1,1,0,0,0.005,0.11,0.954,Low,7.0,3465.24,495.03,0.0,0.0,0.1622264481186867,0.098,Low
TAXP02297,38,4143000,Salary+Investments,1,0,0,0,-0.005,0.165,0.98,Low,20.0,44256.36,2212.82,0.0,0.0,0.24568832298541357,0.122,Low
TAXP02298,29,378800,Business,1,0,22600,1,-0.08,0.42,0.793,Low,5.0,2349.56,469.91,0.0,0.0,0.1532547149275872,0.183,Low
TAXP02299,35,451100,Salary,0,1,0,1,-0.28,0.552,0.755,Low,37.0,15623.55,422.26,2.0,0.05405405405405406,0.45480656784202234,0.339,Low
TAXP02300,35,521400,Salary,1,2,0,0,0.323,0.299,0.829,Low,12.0,4607.79,383.98,1.0,0.08333333333333333,0.4513307606658737,0.297,Low
TAXP02301,56,456700,Salary,1,1,0,0,0.235,0.021,0.891,Low,17.0,8348.52,491.09,2.0,0.11764705882352941,0.589504044894346,0.325,Low
TAXP02302,35,342500,Salary,1,3,0,0,0.089,0.316,0.836,Low,11.0,4615.25,419.57,1.0,0.09090909090909091,0.47432896159810917,0.304,Low
TAXP02303,27,150000,Business,1,3,0,0,-0.063,0.122,0.832,Low,2.0,249.42,124.71,0.0,0.0,0.11281153740045582,0.143,Low
TAXP02304,64,475300,Salary+Business,1,2,0,1,0.289,0.382,0.873,Low,12.0,2033.39,169.45,1.0,0.08333333333333333,0.4336384707273278,0.265,Low
TAXP02305,23,848000,Salary,1,3,0,0,0.082,0.169,0.839,Low,55.0,56331.81,1024.21,3.0,0.05454545454545454,0.5305406110539408,0.327,Low
TAXP02306,30,455700,Multiple,1,1,14600,0,-0.0,0.519,0.759,Low,5.0,1477.84,295.57,0.0,0.0,0.14321395019427557,0.197,Low
TAXP02307,36,2618700,Salary,1,0,0,0,-0.171,0.229,0.939,Low,18.0,21219.53,1178.86,2.0,0.1111111111111111,0.5908463435664131,0.299,Low
TAXP02308,23,656300,Business,1,2,0,0,0.178,0.035,0.887,Low,40.0,20608.52,515.21,0.0,0.0,0.2925040741499926,0.194,Low
TAXP02309,61,1646700,Multiple,1,1,0,0,0.038,0.326,0.92,Low,4.0,1835.27,458.82,0.0,0.0,0.14881543366976527,0.111,Low
TAXP02310,36,784600,Salary+Investments,1,2,0,0,0.134,0.165,0.893,Low,41.0,27812.52,678.35,1.0,0.024390243902439025,0.38287680712795247,0.231,Low
TAXP02311,56,1178500,Professional,1,1,0,0,0.119,0.053,0.926,Low,24.0,25881.37,1078.39,1.0,0.041666666666666664,0.383276443224157,0.213,Low
TAXP02312,27,794700,Salary+Business,1,0,11600,0,0.194,0.216,0.871,Low,12.0,3840.05,320.0,1.0,0.08333333333333333,0.4473842481550711,0.272,Low
TAXP02313,44,1741500,Salary,1,1,0,2,0.127,0.206,0.843,Low,4.0,19739.05,4934.76,1.0,0.25,1.0,0.536,Medium
TAXP02314,26,676700,Salary,1,0,0,1,0.043,0.069,0.914,Low,54.0,20341.54,376.7,2.0,0.037037037037037035,0.45107918272538144,0.25,Low
TAXP02315,31,929100,Business,1,0,0,1,0.181,0.134,0.954,Low,6.0,5016.57,836.09,0.0,0.0,0.16966802222491773,0.102,Low
TAXP02316,39,846200,Salary,1,2,46500,0,0.244,0.233,0.644,Medium,12.0,1922.87,160.24,2.0,0.16666666666666666,0.7074322549067511,0.514,Medium
TAXP02317,59,528200,Salary,1,0,0,0,0.339,0.25,0.98,Low,70.0,31497.58,449.97,1.0,0.014285714285714285,0.3798499043623434,0.182,Low
TAXP02318,34,870100,Salary,1,0,0,2,-0.087,0.502,0.839,Low,19.0,11929.5,627.87,1.0,0.05263157894736842,0.38812188225658845,0.263,Low
TAXP02319,54,3247800,Salary+Investments,1,0,0,0,0.27,0.199,0.961,Low,2.0,15451.5,7725.75,0.0,0.0,0.20224281144323297,0.112,Low
TAXP02320,25,535000,Salary+Investments,1,0,11800,0,-0.162,0.194,0.896,Low,4.0,982.47,245.62,0.0,0.0,0.13528736517257112,0.118,Low
TAXP02321,32,879200,Salary+Business,1,1,17400,1,0.254,0.193,0.768,Low,14.0,8018.58,572.76,0.0,0.0,0.19283819216986295,0.214,Low
TAXP02322,48,1607700,Salary+Business,0,0,0,0,-0.003,0.27,0.828,Low,9.0,14463.95,1607.11,1.0,0.1111111111111111,0.5622763726813053,0.348,Low
TAXP02323,42,1477300,Salary,1,2,28600,0,0.227,0.293,0.643,Medium,8.0,17838.33,2229.79,0.0,0.0,0.19879535021658815,0.286,Low
TAXP02324,43,655500,Salary,1,0,27900,0,0.331,0.067,0.804,Low,2.0,2911.79,1455.9,0.0,0.0,0.16601441251098173,0.183,Low
TAXP02325,51,150000,Professional,1,1,0,0,0.129,0.476,0.967,Low,21.0,6567.67,312.75,3.0,0.14285714285714285,0.6786103272453131,0.324,Low
TAXP02326,24,942900,Professional,0,3,0,2,0.092,0.493,0.594,Medium,7.0,5281.47,754.5,0.0,0.0,0.17136245564545377,0.3,Low
TAXP02327,52,150000,Salary,0,0,0,1,0.084,0.104,0.816,Low,15.0,4957.99,330.53,2.0,0.13333333333333333,0.6248497362908824,0.382,Low
TAXP02328,59,1873100,Business,1,1,0,0,0.025,0.124,0.98,Low,7.0,6528.16,932.59,1.0,0.14285714285714285,0.647387332071297,0.302,Low
TAXP02329,55,734400,Business,1,0,92400,0,0.28,0.243,0.453,Medium,8.0,2034.76,254.35,1.0,0.125,0.564228812390121,0.555,Medium
TAXP02330,33,1335100,Salary,1,1,0,0,0.083,0.078,0.878,Low,6.0,6721.8,1120.3,0.0,0.0,0.17601537042536902,0.146,Low
TAXP02331,36,339500,Salary,1,2,0,1,-0.248,0.41,0.831,Low,4.0,747.34,186.84,0.0,0.0,0.12937500172102467,0.151,Low
TAXP02332,64,212500,Salary,1,1,0,0,0.241,0.153,0.879,Low,29.0,8739.72,301.37,2.0,0.06896551724137931,0.46533849959711676,0.276,Low
TAXP02333,56,784200,Professional,1,1,0,0,0.233,0.177,0.884,Low,16.0,7960.33,497.52,1.0,0.0625,0.4038791374224638,0.246,Low
TAXP02334,62,634500,Multiple,1,1,0,0,0.107,0.117,0.926,Low,,,,,,,,Low
TAXP02335,62,456300,Business,1,0,0,0,-0.026,0.356,0.934,Low,41.0,20797.8,507.26,9.0,0.21951219512195122,1.0,0.486,Medium
TAXP02336,40,690900,Salary+Business,1,1,0,0,-0.086,0.179,0.957,Low,2.0,1486.91,743.46,0.0,0.0,0.1514349350895086,0.092,Low
TAXP02337,26,4767300,Salary+Business,1,0,10600,1,-0.026,0.034,0.85,Low,5.0,48518.81,9703.76,0.0,0.0,0.21895691444564014,0.181,Low
TAXP02338,31,1185400,Salary,1,1,0,0,0.132,0.037,0.897,Low,7.0,6198.2,885.46,1.0,0.14285714285714285,0.6462623109966021,0.347,Low
TAXP02339,34,1383800,Professional,1,1,0,0,-0.195,0.438,0.881,Low,7.0,4829.22,689.89,1.0,0.14285714285714285,0.6408498289431016,0.354,Low
TAXP02340,58,1193500,Business,1,2,14200,0,0.168,0.279,0.785,Low,35.0,30772.48,879.21,0.0,0.0,0.2844841806227981,0.246,Low
TAXP02341,33,1885900,Business,1,1,0,0,0.112,0.154,0.959,Low,17.0,21757.41,1279.85,0.0,0.0,0.2220414054508516,0.122,Low
TAXP02342,37,566900,Salary,1,0,0,0,0.306,0.248,0.924,Low,5.0,1471.72,294.34,0.0,0.0,0.14312414347607677,0.106,Low
TAXP02343,59,150000,Salary+Investments,1,0,0,1,0.212,0.395,0.897,Low,12.0,4544.62,378.72,1.0,0.08333333333333333,0.4510317898050909,0.26,Low
TAXP02344,28,567500,Multiple,1,0,23900,2,-0.016,0.223,0.758,Low,3.0,345.86,115.29,0.0,0.0,0.11504111226484179,0.185,Low
TAXP02345,50,1166100,Salary,1,0,0,1,-0.171,0.411,0.866,Low,18.0,15696.42,872.02,0.0,0.0,0.21763940013116534,0.172,Low
TAXP02346,45,323300,Salary,0,4,0,0,-0.031,0.351,0.666,Medium,2.0,2126.32,1063.16,0.0,0.0,0.15919335231893655,0.255,Low
TAXP02347,65,572500,Salary,1,0,0,0,0.321,0.32,0.973,Low,37.0,13457.2,363.71,1.0,0.02702702702702703,0.362384388069539,0.178,Low
TAXP02348,43,395000,Salary+Business,1,0,5100,0,0.147,0.242,0.903,Low,31.0,8514.6,274.66,0.0,0.0,0.24358756480674743,0.163,Low
TAXP02349,44,1916800,Business,0,2,15100,0,0.196,0.161,0.734,Low,12.0,16159.83,1346.65,0.0,0.0,0.20353758367877425,0.238,Low
TAXP02350,59,1115000,Salary,1,0,0,1,-0.001,0.174,0.907,Low,31.0,24220.82,781.32,1.0,0.03225806451612903,0.3726892468146018,0.219,Low
TAXP02351,65,1039100,Salary+Business,1,0,0,0,0.178,0.313,0.98,Low,18.0,16817.96,934.33,2.0,0.1111111111111111,0.5858030419415556,0.275,Low
TAXP02352,53,1016900,Salary,1,1,0,1,-0.143,0.644,0.894,Low,41.0,25019.32,610.23,3.0,0.07317073170731707,0.5415577451352371,0.302,Low
TAXP02353,52,632800,Business,0,1,0,1,0.25,0.405,0.705,Low,20.0,12039.96,602.0,1.0,0.05,0.38244704538673013,0.334,Low
TAXP02354,60,749400,Salary,1,0,0,0,-0.085,0.274,0.956,Low,23.0,9497.0,412.91,2.0,0.08695652173913043,0.5079979421385953,0.253,Low
TAXP02355,65,276900,Business,1,0,10700,0,-0.216,0.399,0.914,Low,29.0,7856.54,270.92,1.0,0.034482758620689655,0.3492401599774963,0.204,Low
TAXP02356,54,150000,Business,1,2,0,0,0.462,0.35,0.884,Low,33.0,9533.94,288.91,0.0,0.0,0.25252461329060305,0.177,Low
TAXP02357,34,724200,Salary,1,0,9200,0,0.122,0.105,0.923,Low,2.0,423.26,211.63,0.0,0.0,0.12422426312738476,0.098,Low
TAXP02358,49,820800,Business,1,0,0,3,0.117,0.146,0.845,Low,7.0,2864.4,409.2,0.0,0.0,0.15810064971348076,0.156,Low
TAXP02359,31,1552500,Salary+Investments,1,0,4700,0,-0.199,0.041,0.932,Low,9.0,2523.97,280.44,1.0,0.1111111111111111,0.5244300547729506,0.273,Low
TAXP02360,43,2014900,Business,1,0,0,0,0.2,0.425,0.966,Low,19.0,23710.3,1247.91,1.0,0.05263157894736842,0.40302044626947126,0.2,Low
TAXP02361,41,2013000,Salary+Investments,1,0,0,1,0.242,0.204,0.93,Low,11.0,9420.71,856.43,0.0,0.0,0.18979701520223496,0.124,Low
TAXP02362,65,316800,Business,1,2,21800,1,0.068,0.232,0.678,Medium,2.0,478.08,239.04,0.0,0.0,0.1268572147858075,0.234,Low
TAXP02363,45,504400,Salary+Business,1,3,0,0,0.242,0.183,0.863,Low,11.0,2206.64,200.6,1.0,0.09090909090909091,0.4583620728843255,0.282,Low
TAXP02364,64,918600,Salary,1,0,5600,0,0.287,0.218,0.98,Low,12.0,10583.15,881.93,0.0,0.0,0.19435498876685628,0.098,Low
TAXP02365,57,4023600,Salary+Business,1,0,28000,1,0.184,0.29,0.798,Low,52.0,120795.93,2323.0,6.0,0.11538461538461539,0.7490808781841958,0.448,Medium
TAXP02366,59,1886800,Salary,1,1,9900,0,-0.247,0.263,0.853,Low,45.0,108965.24,2421.45,2.0,0.044444444444444446,0.49234984702771134,0.302,Low
TAXP02367,28,1455300,Salary,1,0,7800,0,-0.084,0.219,0.866,Low,30.0,35377.79,1179.26,1.0,0.03333333333333333,0.38124580371576045,0.245,Low
TAXP02368,55,491600,Salary,1,1,0,0,0.37,0.281,0.898,Low,12.0,3853.68,321.14,2.0,0.16666666666666666,0.7224609473243997,0.381,Low
TAXP02369,32,344100,Salary,1,2,0,1,0.113,0.13,0.867,Low,21.0,3006.66,143.17,0.0,0.0,0.1902972378404108,0.159,Low
TAXP02370,46,1147100,Multiple,1,1,0,0,0.114,0.052,0.97,Low,20.0,10394.48,519.72,1.0,0.05,0.3792616343003718,0.187,Low
TAXP02371,42,294300,Multiple,0,2,0,1,-0.033,0.222,0.698,Medium,8.0,2165.01,270.63,0.0,0.0,0.15307103021007912,0.235,Low
TAXP02372,32,547500,Salary+Business,1,4,0,1,-0.002,0.192,0.805,Low,12.0,5588.51,465.71,1.0,0.08333333333333333,0.4555110241637103,0.312,Low
TAXP02373,65,598400,Salary,1,0,0,0,0.291,0.157,0.98,Low,8.0,2737.7,342.21,1.0,0.125,0.5706505937383364,0.268,Low
TAXP02374,60,2046500,Salary+Investments,1,0,0,0,0.34,0.145,0.958,Low,1.0,923.15,923.15,0.0,0.0,0.15220856322010257,0.092,Low
TAXP02375,46,503500,Salary+Business,0,4,0,0,0.228,0.135,0.635,Medium,20.0,4063.05,203.15,1.0,0.05,0.3589290073571611,0.362,Low
TAXP02376,21,150000,Salary,1,0,0,0,0.188,0.255,0.931,Low,34.0,16965.33,498.98,3.0,0.08823529411764706,0.5594573310925611,0.29,Low
TAXP02377,29,934700,Business,1,0,20500,0,0.2,0.352,0.835,Low,11.0,3849.92,349.99,2.0,0.18181818181818182,0.7704020502508134,0.437,Medium
TAXP02378,31,392900,Professional,0,1,11300,0,0.089,0.449,0.683,Medium,30.0,7098.84,236.63,2.0,0.06666666666666667,0.456441836279121,0.38,Low
TAXP02379,64,670300,Salary,1,0,0,0,-0.093,0.391,0.962,Low,31.0,17171.53,553.92,1.0,0.03225806451612903,0.36523165267767305,0.185,Low
TAXP02380,39,610700,Business,0,2,0,1,-0.127,0.228,0.719,Low,6.0,3871.23,645.21,0.0,0.0,0.16404780541462324,0.228,Low
TAXP02381,23,533700,Salary+Business,1,2,34100,0,0.31,0.156,0.698,Medium,11.0,6147.9,558.9,0.0,0.0,0.1805426589284892,0.247,Low
TAXP02382,47,1148300,Salary,1,0,0,0,0.095,0.111,0.973,Low,5.0,3298.77,659.75,0.0,0.0,0.16060971070999847,0.087,Low
TAXP02383,63,215600,Business,1,0,0,0,0.176,0.257,0.828,Low,28.0,19830.31,708.23,5.0,0.17857142857142858,0.841628724780324,0.473,Medium
TAXP02384,46,448000,Business,1,0,17900,0,0.134,0.276,0.879,Low,29.0,18141.46,625.57,0.0,0.0,0.25357376492936357,0.181,Low
TAXP02385,40,1063700,Salary+Business,1,1,0,0,0.142,0.367,0.902,Low,24.0,16406.22,683.59,0.0,0.0,0.23588913076571466,0.16,Low
TAXP02386,28,417700,Multiple,0,2,0,2,0.155,0.215,0.595,Medium,20.0,11649.06,582.45,2.0,0.1,0.5467315462856359,0.469,Medium
TAXP02387,60,204100,Salary+Investments,1,1,0,1,0.212,0.41,0.83,Low,18.0,5479.38,304.41,1.0,0.05555555555555555,0.3781656233610297,0.264,Low
TAXP02388,25,1051900,Professional,1,0,0,0,-0.023,0.131,0.98,Low,21.0,12017.71,572.27,1.0,0.047619047619047616,0.37741371143311514,0.181,Low
TAXP02389,63,1459100,Business,0,4,0,0,0.289,0.366,0.579,Medium,19.0,12600.64,663.19,0.0,0.0,0.21562434960311916,0.329,Low
TAXP02390,31,629300,Professional,0,0,0,2,-0.018,0.194,0.748,Low,12.0,8595.12,716.26,3.0,0.25,1.0,0.589,Medium
TAXP02391,27,158400,Business,1,0,33000,0,0.138,0.339,0.887,Low,4.0,555.77,138.94,0.0,0.0,0.12298366271746929,0.117,Low
TAXP02392,36,1080600,Salary,1,1,22000,1,-0.089,0.093,0.789,Low,27.0,13535.08,501.3,1.0,0.037037037037037035,0.36315258474807094,0.279,Low
TAXP02393,21,196700,Professional,1,0,0,0,0.073,0.487,0.972,Low,36.0,6982.17,193.95,2.0,0.05555555555555555,0.4390057736263654,0.213,Low
TAXP02394,21,811800,Salary+Business,1,1,0,0,-0.006,0.542,0.915,Low,45.0,61005.53,1355.68,4.0,0.08888888888888889,0.6264276317665355,0.329,Low
TAXP02395,29,343100,Business,1,1,0,0,0.104,0.338,0.915,Low,41.0,13851.97,337.85,3.0,0.07317073170731707,0.528748180543005,0.285,Low
TAXP02396,52,282000,Salary+Investments,1,0,0,0,0.218,0.365,0.925,Low,39.0,14265.16,365.77,2.0,0.05128205128205128,0.450391721945546,0.244,Low
TAXP02397,57,472900,Professional,0,2,0,1,0.112,0.079,0.678,Medium,22.0,8449.45,384.07,1.0,0.045454545454545456,0.36555115107017233,0.342,Low
TAXP02398,32,569600,Salary,1,0,0,0,0.414,0.391,0.89,Low,7.0,1784.21,254.89,2.0,0.2857142857142857,1.0,0.51,Medium
TAXP02399,50,408800,Salary,1,2,0,0,0.227,0.086,0.828,Low,4.0,566.7,141.68,0.0,0.0,0.12340357500926309,0.15,Low
TAXP02400,36,993100,Salary,1,1,0,0,0.063,0.144,0.942,Low,13.0,7084.96,545.0,0.0,0.0,0.18783978304684817,0.116,Low
TAXP02401,40,471400,Salary,1,0,0,1,0.086,0.317,0.98,Low,1.0,50.0,50.0,0.0,0.0,0.0893000032739525,0.051,Low
TAXP02402,36,1316500,Business,1,0,0,1,0.16,0.373,0.98,Low,47.0,57978.34,1233.58,4.0,0.0851063829787234,0.619740646855376,0.29,Low
TAXP02403,61,795900,Salary,1,2,4700,1,0.213,0.434,0.749,Low,5.0,2354.64,470.93,0.0,0.0,0.15330151427648514,0.207,Low
TAXP02404,44,393400,Salary,1,1,0,0,-0.097,0.193,0.93,Low,17.0,9286.0,546.24,1.0,0.058823529411764705,0.39769289978773364,0.217,Low
TAXP02405,43,348500,Salary,1,1,6300,0,0.202,0.097,0.847,Low,24.0,12048.92,502.04,2.0,0.08333333333333333,0.5041975837865253,0.311,Low
TAXP02406,59,198500,Salary+Business,1,0,0,1,-0.093,0.202,0.908,Low,32.0,7215.7,225.49,1.0,0.03125,0.34636760531109195,0.206,Low
TAXP02407,50,801400,Salary+Business,1,0,0,0,0.186,0.286,0.98,Low,28.0,15273.91,545.5,1.0,0.03571428571428571,0.3645403261314831,0.175,Low
TAXP02408,27,503500,Salary,0,3,30500,0,0.276,0.114,0.576,Medium,5.0,917.02,183.4,0.0,0.0,0.13289626160267848,0.293,Low
TAXP02409,29,150000,Salary,1,1,0,1,0.148,0.424,0.837,Low,21.0,6873.96,327.33,1.0,0.047619047619047616,0.36531131185269583,0.254,Low
TAXP02410,36,442000,Salary,1,1,0,0,-0.272,0.135,0.962,Low,12.0,4863.54,405.3,0.0,0.0,0.17750078411895373,0.101,Low
TAXP02411,25,339800,Salary,1,1,34800,1,-0.185,0.32,0.628,Medium,7.0,596.59,85.23,0.0,0.0,0.12423309612663724,0.261,Low
TAXP02412,52,2021200,Salary,1,0,0,0,0.19,0.517,0.952,Low,12.0,6437.69,536.47,0.0,0.0,0.1835765847030791,0.109,Low
TAXP02413,43,190800,Salary,0,1,22600,1,-0.293,0.342,0.626,Medium,32.0,5282.2,165.07,1.0,0.03125,0.339629495490195,0.359,Low
TAXP02414,22,230300,Salary,1,0,0,0,0.198,0.394,0.98,Low,21.0,4678.43,222.78,2.0,0.09523809523809523,0.5141298479237131,0.242,Low
TAXP02415,39,1445400,Multiple,0,1,3300,0,0.258,0.124,0.717,Low,14.0,13733.41,980.96,1.0,0.07142857142857142,0.4402207590291527,0.354,Low
TAXP02416,58,1726500,Business,1,2,0,0,0.282,0.25,0.872,Low,19.0,23962.59,1261.19,1.0,0.05263157894736842,0.4032500984116284,0.252,Low
TAXP02417,61,380200,Salary+Investments,1,0,0,1,0.061,0.213,0.915,Low,3.0,2474.8,824.93,0.0,0.0,0.15761182889625897,0.118,Low
TAXP02418,64,412300,Salary,0,1,3600,0,0.17,0.585,0.773,Low,38.0,8020.98,211.08,3.0,0.07894736842105263,0.5258706466630697,0.361,Low
TAXP02419,62,1013000,Salary,1,0,0,0,0.133,0.323,0.974,Low,52.0,51608.5,992.47,3.0,0.057692307692307696,0.5402422482992979,0.257,Low
TAXP02420,48,150000,Multiple,1,2,0,0,-0.136,0.217,0.866,Low,3.0,298.13,99.38,2.0,0.6666666666666666,1.0,0.524,Medium
TAXP02421,62,170200,Salary,1,0,9000,0,0.219,0.078,0.917,Low,20.0,1968.76,98.44,1.0,0.05,0.3433089048339913,0.2,Low
TAXP02422,64,531000,Professional,1,1,2300,0,0.322,0.422,0.86,Low,7.0,2624.43,374.92,1.0,0.14285714285714285,0.627634129066762,0.359,Low
TAXP02423,49,1984000,Multiple,0,1,0,1,0.21,0.2,0.715,Low,23.0,46180.81,2007.86,1.0,0.043478260869565216,0.398821693519291,0.336,Low
TAXP02424,39,475000,Business,1,0,0,0,0.02,0.322,0.942,Low,13.0,4617.31,355.18,0.0,0.0,0.1785636171285342,0.112,Low
TAXP02425,64,699000,Salary,0,2,34500,1,0.218,0.547,0.472,Medium,32.0,18873.09,589.78,1.0,0.03125,0.36718651426230176,0.456,Medium
TAXP02426,39,1470400,Business,1,1,0,0,0.308,0.222,0.936,Low,18.0,33237.01,1846.5,2.0,0.1111111111111111,0.6005839889787555,0.305,Low
TAXP02427,28,2962900,Salary,0,0,0,2,0.287,0.296,0.741,Low,,,,,,,,Low
TAXP02428,25,429100,Salary,1,1,0,0,0.264,0.388,0.942,Low,30.0,7857.81,261.93,4.0,0.13333333333333333,0.6786387130390541,0.337,Low
TAXP02429,46,642200,Salary,1,1,0,0,-0.155,0.073,0.954,Low,18.0,13825.29,768.07,2.0,0.1111111111111111,0.5815531172169226,0.287,Low
TAXP02430,22,2413500,Salary+Investments,1,1,33600,0,0.164,0.082,0.747,Low,8.0,8711.48,1088.94,1.0,0.125,0.5957424470514302,0.407,Medium
TAXP02431,26,217200,Professional,1,2,0,0,0.203,0.138,0.867,Low,9.0,4016.51,446.28,1.0,0.1111111111111111,0.5344895892210515,0.314,Low
TAXP02432,32,1362200,Salary,1,0,11000,0,0.266,0.282,0.876,Low,13.0,21102.69,1623.28,0.0,0.0,0.21151334897941432,0.163,Low
TAXP02433,44,312200,Salary,0,1,0,1,0.182,0.183,0.703,Low,6.0,6910.55,1151.76,0.0,0.0,0.1766161923175792,0.243,Low
TAXP02434,42,699800,Professional,0,2,0,1,0.348,0.067,0.755,Low,15.0,6834.94,455.66,1.0,0.06666666666666667,0.41180318932671856,0.32,Low
TAXP02435,44,545800,Salary+Investments,1,0,0,0,-0.192,0.354,0.98,Low,12.0,5870.26,489.19,2.0,0.16666666666666666,0.7315768552224722,0.34,Low
TAXP02436,43,326100,Salary,1,0,11300,0,0.189,0.274,0.912,Low,21.0,6709.28,319.49,2.0,0.09523809523809523,0.5219292385281933,0.283,Low
TAXP02437,65,320300,Salary,0,0,0,0,0.177,0.37,0.781,Low,21.0,9971.32,474.82,5.0,0.23809523809523808,1.0,0.57,Medium
TAXP02438,30,793100,Salary+Investments,1,0,0,0,0.244,0.331,0.902,Low,65.0,46137.33,709.81,5.0,0.07692307692307693,0.5964335560514964,0.322,Low
TAXP02439,42,1331100,Salary+Investments,1,0,0,0,0.347,0.106,0.962,Low,11.0,12555.15,1141.38,0.0,0.0,0.19602759982136675,0.109,Low
TAXP02440,48,592000,Salary+Investments,1,1,0,1,-0.042,0.156,0.895,Low,40.0,13083.99,327.1,2.0,0.05,0.44766293080341635,0.259,Low
TAXP02441,33,683700,Salary,1,0,0,0,0.341,0.261,0.944,Low,6.0,981.84,163.64,0.0,0.0,0.1343560833732812,0.091,Low
TAXP02442,29,980700,Salary,1,0,0,0,0.23,0.289,0.918,Low,10.0,7777.07,777.71,0.0,0.0,0.18378426463946018,0.128,Low
TAXP02443,23,322900,Business,0,0,0,1,0.07,0.274,0.826,Low,3.0,1043.18,347.73,0.0,0.0,0.138888853392776,0.158,Low
TAXP02444,35,1107200,Salary,1,1,0,0,-0.045,0.094,0.961,Low,12.0,5530.63,460.89,1.0,0.08333333333333333,0.45528543991324294,0.226,Low
TAXP02445,32,1172500,Salary+Investments,0,2,0,1,0.131,0.292,0.696,Medium,7.0,2933.13,419.02,0.0,0.0,0.1586142911392646,0.239,Low
TAXP02446,29,4236900,Salary,1,1,0,0,0.146,0.122,0.893,Low,81.0,279995.05,3456.73,4.0,0.04938271604938271,0.5399023569726671,0.302,Low
TAXP02447,33,495800,Professional,1,0,48200,0,0.155,0.331,0.68,Medium,27.0,8914.54,330.17,2.0,0.07407407407407407,0.4763291159193395,0.39,Low
TAXP02448,52,467400,Salary+Investments,1,2,2700,0,-0.0,0.239,0.938,Low,23.0,17658.15,767.75,1.0,0.043478260869565216,0.3779633476003959,0.204,Low
TAXP02449,58,1130700,Multiple,1,1,0,0,0.197,0.11,0.901,Low,9.0,1923.12,213.68,0.0,0.0,0.1518835957099811,0.123,Low
TAXP02450,44,1172300,Professional,0,1,0,0,0.035,0.118,0.82,Low,64.0,65196.83,1018.7,1.0,0.015625,0.4019860002917238,0.28,Low
TAXP02451,23,442200,Multiple,1,0,0,1,0.295,0.357,0.874,Low,37.0,10600.08,286.49,1.0,0.02702702702702703,0.35721815670170876,0.23,Low
TAXP02452,54,486200,Salary,0,2,0,0,0.374,0.407,0.731,Low,23.0,10317.26,448.58,1.0,0.043478260869565216,0.36631440524017567,0.313,Low
TAXP02453,27,959700,Salary,1,2,0,0,-0.03,0.231,0.864,Low,10.0,6612.35,661.24,0.0,0.0,0.18026617026339153,0.156,Low
TAXP02454,23,358200,Salary,1,1,0,0,0.11,0.283,0.917,Low,60.0,22189.8,369.83,4.0,0.06666666666666667,0.5484586314800652,0.292,Low
TAXP02455,46,483700,Multiple,1,1,0,0,0.256,0.154,0.942,Low,16.0,6548.82,409.3,1.0,0.0625,0.3996501265575332,0.212,Low
TAXP02456,40,693300,Salary+Investments,1,3,0,0,0.144,0.301,0.848,Low,15.0,9416.61,627.77,3.0,0.2,0.8587481366349553,0.47,Medium
TAXP02457,35,1331500,Salary,1,1,0,1,-0.116,0.676,0.835,Low,26.0,29146.14,1121.01,2.0,0.07692307692307693,0.5083065527584363,0.319,Low
TAXP02458,64,420600,Salary,0,0,0,1,0.238,0.319,0.829,Low,38.0,7981.27,210.03,1.0,0.02631578947368421,0.35207917412774836,0.252,Low
TAXP02459,25,172500,Salary,0,0,0,0,0.003,0.431,0.852,Low,37.0,11841.83,320.05,1.0,0.02702702702702703,0.35961571669875925,0.243,Low
TAXP02460,23,163500,Salary,1,1,0,1,0.132,0.096,0.897,Low,12.0,4435.04,369.59,1.0,0.08333333333333333,0.4505032014539953,0.259,Low
TAXP02461,47,262500,Salary+Investments,1,1,0,1,-0.059,0.256,0.838,Low,16.0,2454.52,153.41,0.0,0.0,0.17217842255701699,0.167,Low
TAXP02462,39,252500,Salary,1,1,3300,0,0.227,0.113,0.888,Low,15.0,3059.82,203.99,0.0,0.0,0.17440985092504593,0.14,Low
TAXP02463,57,581500,Salary+Business,1,1,0,0,0.033,0.072,0.874,Low,20.0,19170.15,958.51,1.0,0.05,0.39253366172866094,0.246,Low
TAXP02464,22,276200,Business,1,0,0,0,0.244,0.155,0.98,Low,33.0,9920.47,300.62,1.0,0.030303030303030304,0.35338468562174186,0.17,Low
TAXP02465,39,391900,Salary,1,2,30800,0,0.066,0.459,0.707,Low,53.0,17918.69,338.09,1.0,0.018867924528301886,0.38877969350827085,0.336,Low
TAXP02466,27,372300,Salary,1,0,0,2,0.023,0.202,0.835,Low,12.0,2154.81,179.57,0.0,0.0,0.15989070478415712,0.163,Low
TAXP02467,22,473300,Multiple,0,2,0,0,0.166,0.168,0.75,Low,10.0,1434.85,143.48,0.0,0.0,0.14720673058916522,0.204,Low
TAXP02468,41,1684400,Professional,1,1,0,0,-0.072,0.218,0.935,Low,18.0,21721.91,1206.77,2.0,0.1111111111111111,0.5913540299494521,0.302,Low
TAXP02469,54,1046900,Business,1,1,0,1,0.388,0.252,0.887,Low,43.0,22570.65,524.9,1.0,0.023255813953488372,0.3814166293886153,0.234,Low
TAXP02470,28,657600,Salary,1,0,0,0,0.13,0.188,0.949,Low,23.0,19198.06,834.7,2.0,0.08695652173913043,0.5232549481872147,0.264,Low
TAXP02471,58,466400,Salary+Investments,1,1,0,0,0.009,0.249,0.921,Low,2.0,124.76,62.38,0.0,0.0,0.09794067074028408,0.088,Low
TAXP02472,44,475800,Salary+Investments,1,1,14900,1,0.036,0.484,0.788,Low,24.0,14056.58,585.69,1.0,0.041666666666666664,0.37003799196391973,0.283,Low
TAXP02473,42,823000,Salary+Business,1,0,0,0,0.103,0.362,0.922,Low,4.0,1596.91,399.23,0.0,0.0,0.14580150779866954,0.109,Low
TAXP02474,62,989900,Professional,0,2,0,2,0.259,0.304,0.562,Medium,15.0,11245.77,749.72,0.0,0.0,0.20259724598662485,0.332,Low
TAXP02475,35,338100,Salary+Investments,1,1,0,0,-0.043,0.717,0.91,Low,2.0,566.09,283.04,0.0,0.0,0.13051238814939106,0.108,Low
TAXP02476,30,667300,Salary,1,1,8900,0,0.041,0.236,0.861,Low,16.0,4508.54,281.78,1.0,0.0625,0.39156771404291624,0.253,Low
TAXP02477,56,150500,Salary+Business,1,1,0,0,0.092,0.323,0.911,Low,21.0,10975.45,522.64,2.0,0.09523809523809523,0.532590197833227,0.289,Low
TAXP02478,25,757000,Salary,0,3,0,0,0.347,0.417,0.655,Medium,8.0,5443.1,680.39,1.0,0.125,0.5855421340779292,0.453,Medium
TAXP02479,60,1125200,Business,1,0,0,0,0.26,0.48,0.89,Low,15.0,10158.33,677.22,1.0,0.06666666666666667,0.4203920001080259,0.25,Low
TAXP02480,58,531300,Multiple,1,0,0,0,0.354,0.39,0.89,Low,15.0,16667.47,1111.16,0.0,0.0,0.2111318517930131,0.156,Low
TAXP02481,64,2404000,Multiple,1,1,0,0,0.105,0.283,0.936,Low,22.0,62074.95,2821.59,2.0,0.09090909090909091,0.5588067393824454,0.287,Low
TAXP02482,41,344600,Business,1,1,21900,0,0.329,0.326,0.846,Low,,,,,,,,Low
TAXP02483,48,760200,Business,0,2,0,1,0.303,0.294,0.692,Medium,3.0,3745.97,1248.66,0.0,0.0,0.1666041069114998,0.244,Low
TAXP02484,60,633400,Salary+Investments,1,3,0,2,0.211,0.101,0.74,Low,21.0,6177.26,294.16,1.0,0.047619047619047616,0.36299821579769354,0.306,Low
TAXP02485,26,604700,Multiple,1,1,46800,0,0.224,0.221,0.773,Low,13.0,3157.53,242.89,0.0,0.0,0.17033971421273864,0.202,Low
TAXP02486,34,598600,Salary+Business,1,0,6300,1,0.005,0.49,0.833,Low,4.0,1254.55,313.64,0.0,0.0,0.1405766901650442,0.155,Low
TAXP02487,42,702100,Salary,1,2,0,1,0.393,0.46,0.806,Low,9.0,3378.16,375.35,0.0,0.0,0.16407366591867403,0.181,Low
TAXP02488,49,1196900,Salary,0,0,0,0,0.061,0.291,0.849,Low,57.0,47237.94,828.74,4.0,0.07017543859649122,0.5775258117597399,0.343,Low
TAXP02489,51,1752800,Salary+Investments,1,1,7000,0,0.19,0.467,0.879,Low,2.0,576.24,288.12,0.0,0.0,0.13089693713310668,0.125,Low
TAXP02490,62,648900,Salary+Business,1,2,0,0,0.208,0.234,0.878,Low,10.0,4528.11,452.81,0.0,0.0,0.1720593218191903,0.145,Low
TAXP02491,43,1169100,Salary+Business,1,0,0,1,-0.119,0.158,0.882,Low,24.0,20709.33,862.89,1.0,0.041666666666666664,0.3784404104526933,0.235,Low
TAXP02492,28,392200,Professional,0,0,0,1,0.092,0.217,0.8,Low,11.0,2698.31,245.3,2.0,0.18181818181818182,0.7627104517831641,0.453,Medium
TAXP02493,29,1128300,Salary,0,0,0,0,0.133,0.433,0.754,Low,12.0,13465.17,1122.1,1.0,0.08333333333333333,0.4745795640778676,0.349,Low
TAXP02494,57,375500,Salary,1,2,0,0,0.082,0.234,0.856,Low,7.0,2379.68,339.95,0.0,0.0,0.15408567808887172,0.149,Low
TAXP02495,41,1425500,Salary+Business,1,0,38000,0,0.094,0.372,0.737,Low,14.0,19457.79,1389.84,0.0,0.0,0.21206571634627383,0.24,Low
TAXP02496,49,3192700,Salary,1,1,0,0,0.339,0.22,0.918,Low,9.0,33254.97,3695.0,0.0,0.0,0.21368054124676297,0.141,Low
TAXP02497,46,595300,Professional,0,1,0,1,-0.032,0.056,0.778,Low,3.0,540.74,180.25,0.0,0.0,0.12467810921473892,0.178,Low
TAXP02498,57,150000,Salary+Business,1,1,0,0,-0.103,0.064,0.905,Low,46.0,18698.57,406.49,1.0,0.021739130434782608,0.38263705646647106,0.224,Low
TAXP02499,30,438100,Salary+Investments,1,0,0,0,0.006,0.027,0.955,Low,6.0,1298.02,216.34,0.0,0.0,0.14038596036087936,0.088,Low
TAXP02500,28,1578000,Salary,1,1,0,0,0.219,0.362,0.895,Low,29.0,25486.05,878.83,2.0,0.06896551724137931,0.488531490511064,0.278,Low
TAXP02501,54,968000,Salary+Business,1,0,4400,0,0.235,0.134,0.93,Low,14.0,8943.7,638.84,1.0,0.07142857142857142,0.43091954852483355,0.232,Low
TAXP02502,40,777600,Salary,1,1,0,1,0.197,0.131,0.883,Low,22.0,10451.07,475.05,1.0,0.045454545454545456,0.3701569597888207,0.231,Low
TAXP02503,57,1343700,Salary,1,0,36000,0,0.246,0.59,0.733,Low,21.0,19407.08,924.15,4.0,0.19047619047619047,0.8592347703471358,0.534,Medium
TAXP02504,26,921300,Salary,1,0,0,1,0.141,0.235,0.915,Low,4.0,1597.08,399.27,0.0,0.0,0.14580381355221234,0.112,Low
TAXP02505,33,1562000,Salary,0,0,0,0,0.017,0.161,0.861,Low,30.0,39111.45,1303.71,1.0,0.03333333333333333,0.38342270628893366,0.249,Low
TAXP02506,64,1260100,Multiple,0,2,0,1,-0.051,0.144,0.684,Medium,3.0,2987.52,995.84,1.0,0.3333333333333333,1.0,0.624,Medium
TAXP02507,58,1944200,Salary+Investments,1,0,14300,0,-0.102,0.417,0.88,Low,6.0,27560.33,4593.39,0.0,0.0,0.20664063773999317,0.159,Low
TAXP02508,23,841600,Salary,1,2,0,1,0.064,0.159,0.859,Low,20.0,59062.4,2953.12,3.0,0.15,0.7469526284767283,0.414,Medium
TAXP02509,57,1247300,Salary+Investments,1,1,0,0,0.226,0.295,0.92,Low,11.0,10023.09,911.19,0.0,0.0,0.19114139169394348,0.13,Low
TAXP02510,23,521000,Business,1,0,0,0,0.138,0.279,0.974,Low,12.0,5042.9,420.24,0.0,0.0,0.17828527566863384,0.095,Low
TAXP02511,26,421500,Salary+Business,1,2,0,0,0.104,0.406,0.844,Low,32.0,12558.02,392.44,1.0,0.03125,0.35835890546960436,0.247,Low
TAXP02512,61,2221300,Salary+Investments,1,3,0,0,-0.069,0.246,0.851,Low,17.0,13266.65,780.39,2.0,0.11764705882352941,0.5995452602908522,0.352,Low
TAXP02513,26,759500,Business,0,2,30100,2,0.513,0.236,0.438,High,29.0,20021.3,690.39,1.0,0.034482758620689655,0.369504614176502,0.475,Medium
TAXP02514,34,1160400,Salary,1,1,0,1,-0.032,0.197,0.891,Low,17.0,19484.76,1146.16,1.0,0.058823529411764705,0.4137654251522671,0.246,Low
TAXP02515,27,710600,Salary,1,1,0,0,0.119,0.102,0.881,Low,15.0,5381.66,358.78,0.0,0.0,0.18662510832930376,0.149,Low
TAXP02516,47,426100,Business,1,0,0,0,0.26,0.294,0.954,Low,22.0,9053.89,411.54,2.0,0.09090909090909091,0.5170477233544829,0.258,Low
TAXP02517,23,655200,Multiple,1,1,0,0,0.107,0.178,0.911,Low,7.0,1021.57,145.94,0.0,0.0,0.13580767693597445,0.11,Low
TAXP02518,33,1827800,Business,1,0,0,0,-0.029,0.607,0.903,Low,4.0,4377.35,1094.34,0.0,0.0,0.16766354032668054,0.129,Low
TAXP02519,35,969500,Salary,1,0,0,0,0.229,0.311,0.912,Low,9.0,5631.59,625.73,1.0,0.1111111111111111,0.5418147640228516,0.292,Low
TAXP02520,50,189600,Salary,1,1,0,1,-0.114,0.537,0.821,Low,40.0,20584.49,514.61,1.0,0.025,0.37497878864618583,0.267,Low
TAXP02521,43,556700,Salary+Investments,1,0,0,1,0.379,0.24,0.812,Low,4.0,1991.15,497.79,0.0,0.0,0.15058193540089376,0.171,Low
TAXP02522,29,2345400,Salary,1,2,13100,0,0.145,0.263,0.804,Low,5.0,1280.04,256.01,0.0,0.0,0.1401050705759796,0.171,Low
TAXP02523,41,557300,Salary+Business,1,0,0,0,0.059,0.192,0.98,Low,23.0,8805.9,382.87,1.0,0.043478260869565216,0.3628831651631111,0.174,Low
TAXP02524,41,177800,Professional,1,3,27800,0,-0.127,0.596,0.65,Medium,14.0,2763.11,197.36,1.0,0.07142857142857142,0.4054893990520261,0.375,Low
TAXP02525,36,2540100,Salary,1,0,0,0,-0.084,0.275,0.94,Low,58.0,90424.26,1559.04,4.0,0.06896551724137931,0.5872428405203174,0.297,Low
TAXP02526,45,1062400,Salary,1,1,0,0,0.092,0.13,0.919,Low,12.0,11583.17,965.26,1.0,0.08333333333333333,0.4713134876033453,0.257,Low
TAXP02527,35,618000,Salary,1,0,0,0,0.403,0.321,0.979,Low,15.0,12227.47,815.16,1.0,0.06666666666666667,0.42441229242577305,0.203,Low
TAXP02528,36,497500,Salary,1,0,0,0,0.137,0.281,0.976,Low,13.0,4552.46,350.19,1.0,0.07692307692307693,0.43210349494131023,0.208,Low
TAXP02529,56,1417000,Salary+Business,1,0,0,0,0.156,0.112,0.98,Low,35.0,47936.47,1369.61,0.0,0.0,0.2941005148520014,0.143,Low
TAXP02530,32,440000,Salary+Business,1,1,0,0,0.162,0.44,0.923,Low,16.0,4420.19,276.26,2.0,0.125,0.5973894997392003,0.311,Low
TAXP02531,35,1485800,Salary,1,2,0,0,0.478,0.187,0.863,Low,18.0,14767.4,820.41,1.0,0.05555555555555555,0.3996494707102849,0.255,Low
TAXP02532,27,960400,Business,1,0,5200,1,0.029,0.354,0.87,Low,20.0,19841.52,992.08,1.0,0.05,0.3932803667063609,0.248,Low
TAXP02533,52,775200,Salary,1,0,50000,0,0.35,0.282,0.718,Low,,,,,,,,Low
TAXP02534,52,721800,Salary,1,0,0,0,0.036,0.152,0.98,Low,1.0,238.45,238.45,0.0,0.0,0.12288220736900099,0.066,Low
TAXP02535,51,573100,Salary+Business,0,2,42900,1,-0.013,0.328,0.457,Medium,5.0,2618.21,523.64,1.0,0.2,0.8156008777614249,0.666,Medium
TAXP02536,28,1380000,Salary+Business,1,1,1500,0,0.087,0.496,0.921,Low,18.0,9515.11,528.62,0.0,0.0,0.20678622195240765,0.137,Low
TAXP02537,41,348600,Salary+Business,1,1,0,0,0.086,0.487,0.931,Low,31.0,9905.27,319.52,2.0,0.06451612903225806,0.459764828945799,0.245,Low
TAXP02538,34,202200,Salary,1,1,0,0,0.19,0.357,0.829,Low,24.0,6778.65,282.44,0.0,0.0,0.2167408848071235,0.192,Low
TAXP02539,55,1011700,Business,0,0,0,0,-0.272,0.149,0.867,Low,30.0,33751.35,1125.04,5.0,0.16666666666666666,0.8202247136229213,0.442,Medium
TAXP02540,36,1024000,Business,1,1,32700,1,0.124,0.376,0.753,Low,22.0,16533.65,751.53,1.0,0.045454545454545456,0.3801005626619507,0.307,Low
TAXP02541,39,918500,Multiple,1,0,7300,0,0.004,0.522,0.953,Low,8.0,5161.11,645.14,1.0,0.125,0.5843887163280846,0.289,Low
TAXP02542,41,871800,Professional,1,0,0,0,-0.016,0.187,0.98,Low,18.0,18430.92,1023.94,0.0,0.0,0.22112302666849637,0.111,Low
TAXP02543,55,516000,Multiple,1,1,0,0,-0.107,0.192,0.87,Low,11.0,6713.51,610.32,1.0,0.09090909090909091,0.48245053182668285,0.289,Low
TAXP02544,52,1145900,Salary,1,1,0,0,0.042,0.427,0.911,Low,44.0,38085.92,865.59,4.0,0.09090909090909091,0.6194395529009638,0.328,Low
TAXP02545,57,629000,Business,1,0,0,0,0.017,0.236,0.98,Low,18.0,5526.31,307.02,0.0,0.0,0.19501687721554478,0.099,Low
TAXP02546,40,457700,Salary+Business,0,2,0,0,0.032,0.217,0.743,Low,9.0,1404.13,156.01,1.0,0.1111111111111111,0.5117576692904928,0.372,Low
TAXP02547,57,519300,Salary,1,1,0,0,-0.162,0.345,0.849,Low,69.0,27378.02,396.78,5.0,0.07246376811594203,0.569112627283952,0.339,Low
TAXP02548,60,2784500,Professional,1,1,0,0,0.116,0.322,0.92,Low,1.0,5057.29,5057.29,0.0,0.0,0.1891215939921464,0.129,Low
TAXP02549,44,186400,Business,0,2,0,0,-0.027,0.132,0.715,Low,16.0,4070.93,254.43,1.0,0.0625,0.389358854324261,0.332,Low
TAXP02550,51,931500,Multiple,1,0,0,0,-0.162,0.27,0.975,Low,17.0,4899.88,288.23,0.0,0.0,0.189728594165539,0.099,Low
TAXP02551,61,194000,Salary,0,0,0,1,0.012,0.213,0.849,Low,15.0,8076.57,538.44,1.0,0.06666666666666667,0.41542048759063327,0.27,Low
TAXP02552,58,601300,Multiple,1,0,5100,0,-0.024,0.188,0.89,Low,8.0,4066.61,508.33,0.0,0.0,0.1667222344427072,0.136,Low
TAXP02553,33,475700,Salary,1,2,0,0,0.107,0.232,0.902,Low,5.0,1769.0,353.8,0.0,0.0,0.14710691295150813,0.12,Low
TAXP02554,53,150000,Business,1,1,0,1,0.01,0.324,0.89,Low,24.0,3373.19,140.55,0.0,0.0,0.20166298341208522,0.151,Low
TAXP02555,41,860100,Business,1,1,0,0,-0.132,0.176,0.891,Low,,,,,,,,Low
TAXP02556,27,494400,Salary,0,0,17300,0,-0.042,0.157,0.771,Low,9.0,3245.85,360.65,0.0,0.0,0.16320843001431107,0.199,Low
TAXP02557,37,150000,Multiple,0,1,15400,2,-0.176,0.058,0.641,Medium,48.0,16305.29,339.69,3.0,0.0625,0.5211033791877699,0.432,Medium
TAXP02558,65,1189700,Salary+Investments,1,0,0,1,0.282,0.498,0.892,Low,9.0,10856.86,1206.32,0.0,0.0,0.1893850635897361,0.145,Low
TAXP02559,64,1826500,Multiple,1,1,0,1,0.308,0.52,0.856,Low,28.0,70534.67,2519.1,3.0,0.10714285714285714,0.6334460511309061,0.364,Low
TAXP02560,56,1900500,Multiple,1,0,4800,2,0.327,0.315,0.818,Low,12.0,8706.1,725.51,1.0,0.08333333333333333,0.46512072927750764,0.309,Low
TAXP02561,65,841700,Professional,1,1,0,0,0.006,0.689,0.867,Low,1.0,112.56,112.56,0.0,0.0,0.10668274856336145,0.121,Low
TAXP02562,46,671900,Business,1,0,0,0,0.308,0.296,0.96,Low,3.0,903.66,301.22,0.0,0.0,0.13578075822598487,0.083,Low
TAXP02563,55,1691300,Salary+Investments,1,0,15600,0,0.165,0.04,0.886,Low,21.0,44683.9,2127.8,0.0,0.0,0.24875958828891354,0.175,Low
TAXP02564,28,2182600,Salary,0,0,0,0,-0.032,0.319,0.832,Low,3.0,6238.63,2079.54,1.0,0.3333333333333333,1.0,0.542,Medium
TAXP02565,34,1470200,Salary+Investments,1,0,9400,1,-0.001,0.244,0.864,Low,34.0,46994.25,1382.18,4.0,0.11764705882352941,0.6786124861040486,0.38,Low
TAXP02566,28,330000,Business,1,0,0,0,0.072,0.167,0.98,Low,17.0,3473.0,204.29,1.0,0.058823529411764705,0.3764030385798892,0.18,Low
TAXP02567,63,751400,Professional,1,1,12700,0,0.116,0.426,0.851,Low,44.0,22998.55,522.69,0.0,0.0,0.30850279462307606,0.221,Low
TAXP02568,48,892000,Salary,1,2,6000,1,0.158,0.143,0.789,Low,4.0,914.41,228.6,0.0,0.0,0.1337350026003149,0.176,Low
TAXP02569,62,176600,Salary,1,4,0,0,0.1,0.297,0.82,Low,2.0,163.49,81.74,0.0,0.0,0.10373014198374986,0.146,Low
TAXP02570,39,911300,Salary,1,0,0,0,0.044,0.1,0.886,Low,22.0,47373.84,2153.36,2.0,0.09090909090909091,0.552940242234775,0.312,Low
TAXP02571,39,3339300,Business,1,2,0,0,0.316,0.221,0.954,Low,32.0,107757.31,3367.42,5.0,0.15625,0.81748632856171,0.393,Low
TAXP02572,51,1030400,Salary,1,1,7200,0,0.082,0.453,0.886,Low,31.0,32644.24,1053.04,0.0,0.0,0.2727113507871257,0.185,Low
TAXP02573,46,1877800,Salary,1,0,0,0,0.073,0.407,0.937,Low,41.0,63934.7,1559.38,0.0,0.0,0.3204457345343164,0.179,Low
TAXP02574,37,741500,Salary,1,1,0,0,0.065,0.235,0.9,Low,18.0,17954.85,997.49,1.0,0.05555555555555555,0.4038886606000452,0.237,Low
TAXP02575,35,616600,Business,1,2,40000,0,0.082,0.101,0.715,Low,5.0,5403.1,1080.62,0.0,0.0,0.17131144682566501,0.234,Low
TAXP02576,44,855300,Salary,1,0,0,1,-0.118,0.615,0.904,Low,6.0,3487.04,581.17,0.0,0.0,0.16178190710759757,0.126,Low
TAXP02577,24,361300,Salary+Investments,1,2,0,0,-0.06,0.157,0.886,Low,34.0,12355.78,363.41,2.0,0.058823529411764705,0.45553010303568864,0.268,Low
TAXP02578,29,324700,Salary,1,0,0,2,0.491,0.233,0.895,Low,31.0,13028.79,420.28,4.0,0.12903225806451613,0.6786036900683796,0.363,Low
TAXP02579,22,1617600,Business,1,0,19500,0,-0.164,0.212,0.91,Low,30.0,56633.35,1887.78,0.0,0.0,0.2814559661513559,0.176,Low
TAXP02580,27,1746000,Salary,1,0,0,0,0.143,0.179,0.943,Low,19.0,21684.48,1141.29,1.0,0.05263157894736842,0.4010826703780167,0.212,Low
TAXP02581,29,318400,Business,1,0,11100,0,0.155,0.233,0.882,Low,23.0,7626.04,331.57,1.0,0.043478260869565216,0.35976818457858595,0.227,Low
TAXP02582,24,1305000,Business,1,0,0,0,0.262,0.217,0.962,Low,31.0,43223.66,1394.31,1.0,0.03225806451612903,0.38525366422334717,0.194,Low
TAXP02583,23,610600,Professional,1,1,27400,0,0.159,0.449,0.731,Low,21.0,5828.17,277.53,1.0,0.047619047619047616,0.3617394395967358,0.311,Low
TAXP02584,57,830200,Business,1,3,0,0,0.403,0.289,0.804,Low,22.0,14064.04,639.27,1.0,0.045454545454545456,0.37659269975059767,0.277,Low
TAXP02585,29,905400,Business,1,0,0,0,0.138,0.275,0.98,Low,18.0,8367.12,464.84,2.0,0.1111111111111111,0.570666624936412,0.268,Low
TAXP02586,45,1330000,Salary,0,1,18300,1,0.316,0.315,0.679,Medium,13.0,22948.56,1765.27,0.0,0.0,0.21333315305124806,0.273,Low
TAXP02587,25,689900,Business,1,0,6000,1,0.266,0.337,0.848,Low,1.0,418.13,418.13,0.0,0.0,0.1350388921095631,0.144,Low
TAXP02588,63,1794200,Salary,1,1,0,2,0.347,0.436,0.813,Low,98.0,149477.79,1525.28,5.0,0.05102040816326531,0.5275489701560085,0.34,Low
TAXP02589,31,812200,Professional,1,0,0,0,0.104,0.068,0.959,Low,16.0,10613.78,663.36,0.0,0.0,0.20386519014215707,0.114,Low
TAXP02590,54,1018800,Business,0,1,0,0,0.164,0.112,0.823,Low,24.0,23539.65,980.82,0.0,0.0,0.24371908320014068,0.207,Low
TAXP02591,49,356700,Salary+Business,1,0,0,1,0.041,0.021,0.9,Low,10.0,1899.74,189.97,0.0,0.0,0.1532642994437888,0.124,Low
TAXP02592,55,3075500,Business,1,0,0,1,0.126,0.074,0.969,Low,19.0,21897.82,1152.52,2.0,0.10526315789473684,0.5749792889874075,0.276,Low
TAXP02593,49,911600,Salary,1,0,24400,0,0.134,0.352,0.871,Low,10.0,6500.3,650.03,0.0,0.0,0.17989561416597089,0.152,Low
TAXP02594,43,1086100,Salary,0,1,0,0,-0.232,0.142,0.798,Low,,,,,,,,Low
TAXP02595,55,204200,Salary,1,0,0,1,0.077,0.138,0.944,Low,4.0,3413.98,853.5,1.0,0.25,0.9872716234794949,0.475,Medium
TAXP02596,57,359500,Business,0,2,0,0,0.242,0.201,0.747,Low,22.0,3556.55,161.66,0.0,0.0,0.19683863420928627,0.228,Low
TAXP02597,38,1584900,Salary+Investments,1,1,0,0,-0.116,0.347,0.914,Low,15.0,30775.11,2051.67,1.0,0.06666666666666667,0.4444393846303908,0.247,Low
TAXP02598,63,799100,Salary+Business,1,2,0,0,-0.058,0.224,0.899,Low,4.0,4384.22,1096.05,0.0,0.0,0.16769756253198265,0.131,Low
TAXP02599,65,163900,Business,1,0,7600,0,0.285,0.242,0.929,Low,1.0,62.67,62.67,0.0,0.0,0.09411823277720772,0.081,Low
TAXP02600,53,1372700,Salary,1,0,0,0,0.315,0.271,0.98,Low,11.0,18809.7,1709.97,0.0,0.0,0.20479926883419233,0.103,Low
TAXP02601,62,439400,Salary+Investments,1,1,0,1,0.001,0.468,0.804,Low,31.0,10456.23,337.3,0.0,0.0,0.24803347255434033,0.219,Low
TAXP02602,25,1795600,Salary,1,1,4600,0,0.128,0.342,0.91,Low,16.0,32712.16,2044.51,2.0,0.125,0.6407850346037471,0.338,Low
TAXP02603,45,610200,Salary,1,1,0,0,0.088,0.109,0.922,Low,23.0,7328.18,318.62,0.0,0.0,0.21542743070425563,0.14,Low
TAXP02604,50,753200,Salary+Investments,1,1,0,1,0.288,0.366,0.922,Low,14.0,20925.35,1494.67,1.0,0.07142857142857142,0.4493578666425723,0.245,Low
TAXP02605,62,1519000,Salary,1,1,0,0,0.015,0.328,0.951,Low,5.0,2771.99,554.4,1.0,0.2,0.8168379395169737,0.395,Low
TAXP02606,26,340600,Salary,1,0,0,0,0.039,0.427,0.946,Low,1.0,322.43,322.43,0.0,0.0,0.12941047466769645,0.088,Low
TAXP02607,57,318000,Salary,0,3,0,0,0.315,0.227,0.635,Medium,5.0,763.16,152.63,1.0,0.2,0.7889318323945729,0.556,Medium
TAXP02608,24,564200,Professional,0,1,0,0,-0.061,0.159,0.798,Low,6.0,2838.45,473.08,1.0,0.16666666666666666,0.7073216482408001,0.429,Medium
TAXP02609,37,1179100,Salary,1,2,0,0,0.02,0.343,0.852,Low,6.0,2226.93,371.16,0.0,0.0,0.1520654930316084,0.15,Low
TAXP02610,52,249300,Professional,1,0,0,0,0.121,0.231,0.98,Low,20.0,4994.83,249.74,1.0,0.05,0.36339257933236446,0.175,Low
TAXP02611,34,195600,Business,1,0,0,0,0.344,0.236,0.956,Low,38.0,12212.23,321.37,8.0,0.21052631578947367,0.9691743733177046,0.46,Medium
TAXP02612,58,1176200,Salary,1,2,0,0,-0.091,0.295,0.879,Low,2.0,712.73,356.36,0.0,0.0,0.13549862716778424,0.128,Low
TAXP02613,62,421100,Salary,1,2,0,1,-0.014,0.511,0.794,Low,,,,,,,,Low
TAXP02614,28,490100,Salary+Investments,1,1,0,1,0.195,0.37,0.812,Low,24.0,12819.57,534.15,0.0,0.0,0.23054125433033107,0.207,Low
TAXP02615,32,170700,Salary,1,2,0,0,0.22,0.471,0.859,Low,14.0,3000.26,214.3,2.0,0.14285714285714285,0.6429830646256675,0.367,Low
TAXP02616,24,398700,Salary+Business,1,2,0,0,0.134,0.242,0.874,Low,11.0,1957.3,177.94,0.0,0.0,0.1557720874350143,0.139,Low
TAXP02617,52,646500,Business,1,2,0,0,0.081,0.34,0.882,Low,56.0,26796.43,478.51,7.0,0.125,0.7465396618809415,0.401,Medium
TAXP02618,60,1270100,Salary,1,0,19900,0,0.121,0.15,0.885,Low,29.0,38103.4,1313.91,2.0,0.06896551724137931,0.4972563687476407,0.287,Low
TAXP02619,48,373000,Business,0,0,0,0,-0.141,0.313,0.801,Low,31.0,13091.63,422.31,2.0,0.06451612903225806,0.46580469868311924,0.319,Low
TAXP02620,26,2143700,Business,1,1,0,1,0.116,0.098,0.871,Low,11.0,24729.8,2248.16,1.0,0.09090909090909091,0.51073816199556,0.301,Low
TAXP02621,28,397100,Business,1,0,0,0,0.337,0.287,0.94,Low,3.0,200.53,66.84,0.0,0.0,0.10333998523544316,0.08,Low
TAXP02622,22,397500,Salary+Business,1,4,0,0,-0.111,0.044,0.807,Low,37.0,7212.72,194.94,2.0,0.05405405405405406,0.4380822935205483,0.303,Low
TAXP02623,43,1966200,Salary+Investments,1,0,63000,0,-0.025,0.058,0.698,Medium,7.0,6931.53,990.22,0.0,0.0,0.17725932178928497,0.246,Low
TAXP02624,53,756900,Salary+Business,1,1,12300,0,0.036,0.236,0.84,Low,23.0,13393.79,582.34,1.0,0.043478260869565216,0.37197025849025617,0.255,Low
TAXP02625,27,436800,Business,1,0,4400,3,0.047,0.158,0.78,Low,43.0,12536.62,291.55,0.0,0.0,0.29193729721226974,0.252,Low
TAXP02626,59,581300,Business,1,1,0,0,0.395,0.295,0.87,Low,5.0,915.25,183.05,1.0,0.2,0.7928545358620537,0.428,Medium
TAXP02627,32,1721900,Professional,1,1,0,0,-0.049,0.337,0.917,Low,12.0,9016.23,751.35,0.0,0.0,0.1908797670303482,0.132,Low
TAXP02628,44,1868000,Salary,1,1,0,0,-0.081,0.134,0.963,Low,6.0,3011.99,502.0,0.0,0.0,0.15860762173981785,0.092,Low
TAXP02629,51,361000,Salary+Business,1,0,0,0,0.223,0.26,0.938,Low,16.0,3978.69,248.67,0.0,0.0,0.1826131489106316,0.116,Low
TAXP02630,45,630400,Salary+Investments,0,2,0,0,-0.003,0.232,0.726,Low,31.0,25900.58,835.5,1.0,0.03225806451612903,0.3741434776896581,0.319,Low
TAXP02631,42,693600,Salary,1,0,0,0,0.226,0.42,0.915,Low,6.0,2902.98,483.83,0.0,0.0,0.15780876938098495,0.118,Low
TAXP02632,36,319500,Salary+Investments,0,1,0,1,0.068,0.463,0.76,Low,7.0,4815.18,687.88,2.0,0.2857142857142857,1.0,0.582,Medium
TAXP02633,40,624500,Salary+Investments,0,0,29100,1,0.173,0.201,0.636,Medium,2.0,219.8,109.9,0.0,0.0,0.11008962575263251,0.25,Low
TAXP02634,31,652500,Business,1,0,5900,1,-0.151,0.476,0.931,Low,17.0,10192.13,599.54,2.0,0.11764705882352941,0.5938288307469766,0.305,Low
TAXP02635,34,1477200,Salary+Investments,1,0,0,0,0.173,0.26,0.917,Low,10.0,8292.92,829.29,0.0,0.0,0.18517710216690056,0.129,Low
TAXP02636,54,1550500,Salary,1,0,0,0,0.135,0.168,0.969,Low,1.0,126.87,126.87,0.0,0.0,0.10925991039102763,0.066,Low
TAXP02637,60,512800,Salary,1,0,4700,0,0.059,0.116,0.954,Low,20.0,4761.25,238.06,1.0,0.05,0.36235684209387137,0.188,Low
TAXP02638,59,557200,Salary,1,1,0,0,-0.097,0.245,0.869,Low,24.0,11191.09,466.3,0.0,0.0,0.22759710719022183,0.174,Low
TAXP02639,35,1048700,Business,1,0,86500,1,0.135,0.264,0.49,Medium,13.0,11999.35,923.03,1.0,0.07692307692307693,0.45311064847091936,0.484,Medium
TAXP02640,35,426500,Salary,1,0,0,1,0.216,0.614,0.872,Low,36.0,26846.87,745.75,1.0,0.027777777777777776,0.37650166903145765,0.24,Low
TAXP02641,23,993100,Multiple,1,1,28800,1,0.015,0.475,0.736,Low,9.0,5322.07,591.34,0.0,0.0,0.17392259101940716,0.223,Low
TAXP02642,33,610100,Salary,1,0,0,0,0.018,0.389,0.98,Low,11.0,9677.76,879.8,0.0,0.0,0.19038090265762656,0.097,Low
TAXP02643,47,323400,Salary,1,1,0,1,0.227,0.673,0.813,Low,4.0,565.56,141.39,0.0,0.0,0.12336015548702306,0.158,Low
TAXP02644,33,326400,Professional,1,1,23800,0,0.374,0.15,0.785,Low,89.0,22907.97,257.39,7.0,0.07865168539325842,0.5801644876356677,0.379,Low
TAXP02645,54,1842500,Salary,0,0,67400,0,0.25,0.281,0.563,Medium,24.0,35139.35,1464.14,1.0,0.041666666666666664,0.38991145965444496,0.416,Medium
TAXP02646,23,580800,Salary+Business,0,0,107100,0,0.137,0.141,0.279,High,25.0,16148.61,645.94,1.0,0.04,0.3705824415091795,0.563,Medium
TAXP02647,39,2117600,Salary,0,1,0,0,0.061,0.168,0.814,Low,18.0,20851.22,1158.4,1.0,0.05555555555555555,0.4071331211622885,0.286,Low
TAXP02648,33,449100,Multiple,1,0,0,0,0.096,0.213,0.947,Low,34.0,16678.77,490.55,1.0,0.029411764705882353,0.36497051594240004,0.193,Low
TAXP02649,43,801600,Professional,1,0,0,0,-0.112,0.073,0.978,Low,39.0,34030.38,872.57,2.0,0.05128205128205128,0.4692367991257467,0.223,Low
TAXP02650,22,3639900,Salary,1,1,0,0,0.075,0.576,0.855,Low,23.0,49490.97,2151.78,2.0,0.08695652173913043,0.5438024510798738,0.324,Low
TAXP02651,39,303600,Salary,1,0,0,2,0.279,0.057,0.837,Low,29.0,5842.63,201.47,2.0,0.06896551724137931,0.45662963107229876,0.295,Low
TAXP02652,56,165800,Salary,1,2,0,0,0.106,0.294,0.864,Low,31.0,8747.68,282.18,4.0,0.12903225806451613,0.6699783488025073,0.376,Low
TAXP02653,59,1641400,Multiple,1,1,28500,0,-0.0,0.451,0.729,Low,38.0,76255.4,2006.72,3.0,0.07894736842105263,0.5746809488466638,0.408,Medium
TAXP02654,32,358400,Professional,1,1,2700,0,-0.015,0.356,0.872,Low,13.0,2041.45,157.03,1.0,0.07692307692307693,0.41476406170373653,0.257,Low
TAXP02655,40,640400,Business,1,1,0,0,0.095,0.195,0.97,Low,11.0,6645.49,604.14,0.0,0.0,0.1822297640256941,0.099,Low
TAXP02656,52,426300,Salary,0,1,0,1,-0.098,0.164,0.792,Low,16.0,6081.47,380.09,2.0,0.125,0.6042964704258968,0.386,Low
TAXP02657,41,788400,Salary+Investments,0,0,0,0,-0.045,0.065,0.906,Low,26.0,29301.31,1126.97,0.0,0.0,0.2545755958487832,0.166,Low
TAXP02658,45,327900,Salary,1,0,0,0,0.345,0.157,0.94,Low,15.0,4532.24,302.15,1.0,0.06666666666666667,0.4029062525103861,0.214,Low
TAXP02659,36,571000,Salary+Business,1,1,0,1,-0.066,0.149,0.909,Low,2.0,3542.45,1771.22,0.0,0.0,0.17026893910763322,0.127,Low
TAXP02660,58,898600,Salary+Business,0,1,79900,0,-0.028,0.387,0.452,Medium,29.0,12582.64,433.88,0.0,0.0,0.245644053983268,0.412,Medium
TAXP02661,49,314500,Salary,1,1,0,0,0.147,0.155,0.964,Low,4.0,1425.18,356.29,0.0,0.0,0.14333751056946578,0.084,Low
TAXP02662,64,392600,Business,1,1,0,0,0.029,0.209,0.944,Low,38.0,7913.31,208.24,2.0,0.05263157894736842,0.4387364720419914,0.228,Low
TAXP02663,56,506200,Salary,1,2,0,0,0.114,0.246,0.859,Low,5.0,2824.38,564.88,0.0,0.0,0.15724378733763367,0.148,Low
TAXP02664,37,232300,Salary,1,1,0,0,0.238,0.27,0.867,Low,16.0,5218.56,326.16,1.0,0.0625,0.39473299880115,0.251,Low
TAXP02665,35,479500,Multiple,1,0,0,0,-0.148,0.327,0.925,Low,15.0,4256.39,283.76,2.0,0.13333333333333333,0.6215473211914685,0.321,Low
TAXP02666,24,708000,Professional,1,0,0,0,0.221,0.254,0.955,Low,3.0,4407.92,1469.31,0.0,0.0,0.17013496464515376,0.101,Low
TAXP02667,49,487500,Salary+Investments,0,2,0,1,0.007,0.2,0.745,Low,3.0,709.66,236.55,0.0,0.0,0.13055265914449626,0.199,Low
TAXP02668,54,534600,Business,1,1,0,1,0.054,0.535,0.917,Low,39.0,7296.14,187.08,1.0,0.02564102564102564,0.3512736523263694,0.204,Low
TAXP02669,36,640800,Salary,1,1,0,1,0.408,0.122,0.884,Low,12.0,4172.21,347.68,0.0,0.0,0.17418032446501988,0.142,Low
TAXP02670,21,405400,Salary+Business,1,2,0,0,-0.124,0.026,0.907,Low,2.0,171.47,85.74,0.0,0.0,0.10475277222184073,0.098,Low
TAXP02671,58,1069100,Business,0,0,15800,0,0.195,0.56,0.727,Low,45.0,30679.74,681.77,1.0,0.022222222222222223,0.3915175836131356,0.326,Low
TAXP02672,31,1827800,Salary,1,1,12300,0,0.28,0.367,0.805,Low,22.0,17165.23,780.24,0.0,0.0,0.23091354456903274,0.211,Low
TAXP02673,47,465300,Salary,0,2,12800,1,-0.009,0.143,0.632,Medium,7.0,2717.61,388.23,1.0,0.14285714285714285,0.6283897546422891,0.485,Medium
TAXP02674,23,921800,Professional,1,0,18600,0,-0.007,0.048,0.896,Low,13.0,17985.87,1383.53,0.0,0.0,0.2080453501275643,0.151,Low
TAXP02675,23,547000,Salary+Business,1,1,13400,1,0.041,0.349,0.811,Low,52.0,21960.5,422.32,3.0,0.057692307692307696,0.5217178025776555,0.339,Low
TAXP02676,61,845700,Salary,1,0,37500,0,-0.01,0.223,0.837,Low,31.0,17195.47,554.69,0.0,0.0,0.2588102381611031,0.206,Low
TAXP02677,51,2006900,Salary+Investments,1,1,0,1,0.111,0.237,0.901,Low,9.0,90684.6,10076.07,1.0,0.1111111111111111,0.6021273170384004,0.325,Low
TAXP02678,21,937500,Salary,1,1,0,1,0.243,0.118,0.911,Low,19.0,11526.12,606.64,1.0,0.05263157894736842,0.38737613607551036,0.223,Low
TAXP02679,25,181300,Salary,1,0,10100,0,0.042,0.211,0.833,Low,13.0,1679.83,129.22,0.0,0.0,0.15671380004833896,0.162,Low
TAXP02680,43,901300,Salary,1,1,45200,0,0.249,0.305,0.605,Medium,12.0,10205.05,850.42,2.0,0.16666666666666666,0.7435659099096323,0.552,Medium
TAXP02681,51,1579100,Salary+Business,1,1,47200,1,0.324,0.488,0.636,Medium,6.0,2821.84,470.31,0.0,0.0,0.15719447481177465,0.271,Low
TAXP02682,40,554100,Salary,1,1,0,0,0.169,0.62,0.867,Low,2.0,272.41,136.21,0.0,0.0,0.11471154133768593,0.125,Low
TAXP02683,60,1331200,Business,1,1,19400,0,0.184,0.221,0.867,Low,6.0,2692.78,448.8,0.0,0.0,0.1561801081794067,0.143,Low
TAXP02684,50,395500,Salary,1,1,0,0,0.005,0.256,0.92,Low,30.0,16986.3,566.21,3.0,0.1,0.5853341331767227,0.307,Low
TAXP02685,48,223000,Professional,1,0,0,0,-0.32,0.247,0.973,Low,32.0,6113.36,191.04,2.0,0.0625,0.44590996446025344,0.216,Low
TAXP02686,34,719500,Salary+Business,1,1,0,0,0.194,0.208,0.926,Low,16.0,13116.14,819.76,2.0,0.125,0.6209557475462782,0.32,Low
TAXP02687,51,183500,Salary,1,1,0,1,0.227,0.133,0.84,Low,13.0,6018.03,462.93,2.0,0.15384615384615385,0.6919949908709563,0.399,Low
TAXP02688,60,546900,Multiple,1,0,0,0,0.139,0.09,0.97,Low,15.0,5271.51,351.43,0.0,0.0,0.18617730874435662,0.1,Low
TAXP02689,23,1641700,Salary,0,1,0,0,0.246,0.245,0.764,Low,38.0,66046.08,1738.05,4.0,0.10526315789473684,0.6584035507545881,0.426,Medium
TAXP02690,54,164300,Salary,0,2,0,0,0.012,0.195,0.749,Low,36.0,11428.46,317.46,2.0,0.05555555555555555,0.4496622503462614,0.34,Low
TAXP02691,60,258700,Business,1,0,0,0,0.183,0.202,0.98,Low,40.0,9628.28,240.71,1.0,0.025,0.35852710299645796,0.172,Low
TAXP02692,40,309200,Salary+Business,1,2,34300,0,0.336,0.315,0.724,Low,25.0,7247.7,289.91,1.0,0.04,0.3532268919150695,0.311,Low
TAXP02693,55,621000,Salary,1,0,0,0,0.207,0.283,0.97,Low,9.0,7565.67,840.63,0.0,0.0,0.18155005098956864,0.098,Low
TAXP02694,37,499500,Business,1,0,0,0,0.315,0.148,0.977,Low,21.0,5346.97,254.62,2.0,0.09523809523809523,0.5170180901669652,0.245,Low
TAXP02695,29,1780000,Salary,1,2,0,0,0.316,0.409,0.865,Low,8.0,12615.25,1576.91,0.0,0.0,0.19127646994907282,0.16,Low
TAXP02696,57,1292200,Business,1,1,39600,0,-0.095,0.312,0.737,Low,23.0,28130.4,1223.06,0.0,0.0,0.24458609506823684,0.255,Low
TAXP02697,35,928500,Professional,1,1,0,0,0.215,0.234,0.915,Low,13.0,10069.5,774.58,0.0,0.0,0.19546151058142625,0.135,Low
TAXP02698,55,721900,Multiple,1,0,0,0,-0.001,0.288,0.925,Low,11.0,3768.87,342.62,2.0,0.18181818181818182,0.7699413536802981,0.388,Low
TAXP02699,35,862700,Business,1,0,0,0,-0.077,0.367,0.98,Low,10.0,4474.16,447.42,1.0,0.1,0.5017996261305062,0.237,Low
TAXP02700,38,349400,Professional,1,1,0,2,0.054,0.351,0.858,Low,22.0,3633.27,165.15,1.0,0.045454545454545456,0.34729925243114135,0.234,Low
TAXP02701,51,1204900,Business,1,0,0,0,0.381,0.332,0.935,Low,23.0,21183.39,921.02,0.0,0.0,0.23843289508011833,0.143,Low
TAXP02702,36,291900,Salary,0,1,5100,0,0.013,0.191,0.852,Low,3.0,1549.06,516.35,0.0,0.0,0.1474539506054166,0.148,Low
TAXP02703,57,1186100,Salary,1,0,64100,0,-0.181,0.508,0.658,Medium,2.0,1634.62,817.31,0.0,0.0,0.15348890367026563,0.257,Low
TAXP02704,22,1526900,Multiple,1,0,0,0,-0.131,0.197,0.898,Low,11.0,5929.93,539.08,0.0,0.0,0.17976022373841813,0.137,Low
TAXP02705,21,756600,Salary,0,0,9700,1,0.177,0.206,0.729,Low,6.0,816.58,136.1,0.0,0.0,0.1303806637349908,0.208,Low
TAXP02706,24,572500,Salary+Business,1,0,0,0,-0.021,0.431,0.862,Low,17.0,8184.08,481.42,0.0,0.0,0.20083765647780788,0.166,Low
TAXP02707,32,867100,Salary,1,0,0,0,-0.227,0.152,0.98,Low,29.0,19691.58,679.02,2.0,0.06896551724137931,0.4829376583727738,0.228,Low
TAXP02708,23,150000,Salary+Business,1,0,0,0,-0.125,0.335,0.886,Low,11.0,2061.12,187.37,0.0,0.0,0.15688826696841734,0.133,Low
TAXP02709,38,808000,Salary,1,0,0,0,0.127,0.754,0.963,Low,29.0,16664.17,574.63,2.0,0.06896551724137931,0.4793186181357361,0.236,Low
TAXP02710,22,599100,Multiple,1,2,0,1,0.225,0.128,0.799,Low,44.0,22074.76,501.7,1.0,0.022727272727272728,0.3826143072843172,0.283,Low
TAXP02711,55,626700,Professional,1,1,22000,0,0.029,0.177,0.897,Low,28.0,10129.27,361.76,2.0,0.07142857142857142,0.4734990444035045,0.27,Low
TAXP02712,27,1081000,Salary,1,2,0,0,0.204,0.397,0.845,Low,20.0,22467.27,1123.36,1.0,0.05,0.3959765769878247,0.263,Low
TAXP02713,64,615900,Professional,0,1,66000,1,0.246,0.411,0.374,High,37.0,15119.64,408.64,0.0,0.0,0.27571798632717326,0.468,Medium
TAXP02714,59,286000,Professional,1,0,0,0,-0.025,0.356,0.979,Low,5.0,3551.91,710.38,1.0,0.2,0.8222128628775177,0.382,Low
TAXP02715,52,587100,Salary,0,1,0,2,0.081,0.167,0.761,Low,10.0,5979.42,597.94,1.0,0.1,0.508084804078274,0.36,Low
TAXP02716,56,682400,Salary,1,1,0,1,0.004,0.087,0.904,Low,59.0,43417.59,735.89,5.0,0.0847457627118644,0.6230310655242641,0.333,Low
TAXP02717,55,706100,Salary+Business,1,0,0,0,0.186,0.14,0.966,Low,7.0,5826.01,832.29,0.0,0.0,0.17349058759252461,0.097,Low
TAXP02718,59,730400,Salary+Business,0,2,0,0,0.002,0.533,0.774,Low,26.0,23570.75,906.57,0.0,0.0,0.2498545980243336,0.237,Low
TAXP02719,45,1373800,Salary,0,1,0,0,-0.094,0.072,0.828,Low,11.0,11333.02,1030.27,0.0,0.0,0.19380583895161968,0.182,Low
TAXP02720,49,297400,Salary+Investments,1,0,28000,1,0.108,0.313,0.77,Low,10.0,1511.23,151.12,0.0,0.0,0.14832533557829602,0.193,Low
TAXP02721,42,737700,Salary,1,1,0,0,0.278,0.237,0.897,Low,3.0,1743.18,581.06,1.0,0.3333333333333333,1.0,0.507,Medium
TAXP02722,49,1645400,Salary,1,0,0,0,0.182,0.191,0.98,Low,21.0,18489.09,880.43,0.0,0.0,0.22961227505209736,0.114,Low
TAXP02723,38,186400,Business,1,1,0,0,0.261,0.19,0.939,Low,20.0,6079.48,303.97,1.0,0.05,0.367644405456691,0.199,Low
TAXP02724,26,739800,Salary,1,0,0,2,0.247,0.141,0.865,Low,24.0,15231.24,634.64,2.0,0.08333333333333333,0.5092779154563347,0.303,Low
TAXP02725,62,426500,Salary,1,0,0,0,0.107,0.423,0.965,Low,9.0,3869.2,429.91,0.0,0.0,0.16701338786695683,0.094,Low
TAXP02726,52,497700,Business,0,2,0,0,0.004,0.313,0.794,Low,7.0,4263.59,609.08,0.0,0.0,0.16672035136332586,0.188,Low
TAXP02727,52,338800,Salary,1,1,67500,1,-0.039,0.151,0.505,Medium,9.0,3553.36,394.82,0.0,0.0,0.1651687696514666,0.347,Low
TAXP02728,33,575300,Salary,1,1,15300,0,-0.154,0.43,0.788,Low,15.0,4682.49,312.17,1.0,0.06666666666666667,0.4036121512819528,0.298,Low
TAXP02729,55,2447100,Salary+Business,1,0,0,0,0.29,0.034,0.953,Low,36.0,56097.15,1558.25,0.0,0.0,0.30082217758513663,0.161,Low
TAXP02730,44,261500,Business,1,2,2800,1,0.047,0.207,0.832,Low,21.0,4313.35,205.4,1.0,0.047619047619047616,0.3552309319470354,0.252,Low
TAXP02731,24,280000,Salary+Investments,1,0,5800,1,-0.173,0.413,0.876,Low,19.0,3598.51,189.4,2.0,0.10526315789473684,0.535860932939283,0.309,Low
TAXP02732,63,254600,Business,1,1,0,0,0.297,0.437,0.848,Low,15.0,4686.8,312.45,0.0,0.0,0.1836320656342323,0.166,Low
TAXP02733,65,2254600,Business,0,1,81000,0,0.115,0.098,0.371,High,25.0,34133.49,1365.34,0.0,0.0,0.2548170122853507,0.461,Medium
TAXP02734,60,466000,Salary,0,0,0,1,0.255,0.224,0.748,Low,1.0,122.6,122.6,0.0,0.0,0.10852240131041624,0.187,Low
TAXP02735,42,638100,Salary+Business,1,0,0,1,0.058,0.237,0.92,Low,12.0,3331.26,277.6,0.0,0.0,0.16930816265790383,0.12,Low
TAXP02736,31,486400,Salary,1,0,0,1,-0.027,0.132,0.914,Low,10.0,3550.14,355.01,0.0,0.0,0.16678892929802988,0.122,Low
TAXP02737,21,329300,Salary,1,0,8900,0,0.171,0.354,0.885,Low,60.0,16679.81,278.0,3.0,0.05,0.4872798574884619,0.283,Low
TAXP02738,54,548800,Salary+Investments,1,1,4000,0,0.185,0.273,0.844,Low,11.0,4577.87,416.17,0.0,0.0,0.17415279457399496,0.164,Low
TAXP02739,61,3815800,Salary+Business,1,0,6600,1,0.055,0.235,0.969,Low,8.0,14056.87,1757.11,0.0,0.0,0.19362469485954587,0.104,Low
TAXP02740,25,1770900,Professional,0,1,0,0,0.31,0.073,0.803,Low,22.0,51121.91,2323.72,1.0,0.045454545454545456,0.4045929259230724,0.29,Low
TAXP02741,51,351700,Salary,1,0,5900,0,0.251,0.337,0.887,Low,17.0,7212.76,424.28,2.0,0.11764705882352941,0.5863355945862126,0.326,Low
TAXP02742,22,1036100,Salary,1,1,0,1,0.19,0.202,0.831,Low,29.0,48889.96,1685.86,1.0,0.034482758620689655,0.3888724143756305,0.268,Low
TAXP02743,55,357200,Business,1,1,21300,0,-0.078,0.309,0.824,Low,17.0,3550.35,208.84,1.0,0.058823529411764705,0.37687905286587364,0.266,Low
TAXP02744,22,180900,Salary+Business,1,2,20600,0,-0.1,0.187,0.762,Low,25.0,6148.52,245.94,0.0,0.0,0.21766875431640959,0.229,Low
TAXP02745,64,1354300,Business,1,1,0,0,0.292,0.503,0.86,Low,28.0,25028.23,893.87,1.0,0.03571428571428571,0.3752488210131461,0.246,Low
TAXP02746,28,1498500,Salary,1,0,0,0,-0.25,0.137,0.927,Low,7.0,17268.34,2466.91,0.0,0.0,0.1970672612444234,0.129,Low
TAXP02747,39,1380400,Salary,0,0,9200,1,0.085,0.117,0.753,Low,2.0,6943.36,3471.68,1.0,0.5,1.0,0.586,Medium
TAXP02748,52,463400,Business,1,3,18200,0,0.123,0.094,0.74,Low,8.0,1900.66,237.58,0.0,0.0,0.15025437501319838,0.211,Low
TAXP02749,59,576500,Professional,1,0,5900,0,0.022,0.13,0.965,Low,22.0,4323.75,196.53,2.0,0.09090909090909091,0.5010565130069587,0.245,Low
TAXP02750,37,1115200,Salary,0,3,0,0,0.094,0.608,0.634,Medium,4.0,1401.54,350.38,0.0,0.0,0.1429753248633328,0.266,Low
TAXP02751,65,861700,Salary,1,1,0,2,0.167,0.263,0.773,Low,12.0,5533.8,461.15,2.0,0.16666666666666666,0.7302978556686688,0.453,Medium
TAXP02752,21,489600,Salary,0,3,0,1,0.006,0.184,0.635,Medium,20.0,4648.89,232.44,0.0,0.0,0.19684045201675657,0.289,Low
TAXP02753,42,202600,Salary,0,0,0,2,0.241,0.147,0.725,Low,12.0,3839.96,320.0,0.0,0.0,0.17238374080280364,0.229,Low
TAXP02754,65,705500,Business,1,4,21400,1,0.193,0.204,0.612,Medium,49.0,37999.11,775.49,3.0,0.061224489795918366,0.5387044039798351,0.456,Medium
TAXP02755,33,1413500,Salary,1,1,0,0,0.071,0.18,0.952,Low,23.0,28058.04,1219.91,2.0,0.08695652173913043,0.5314867337244042,0.266,Low
TAXP02756,45,274400,Professional,1,0,0,1,-0.032,0.376,0.936,Low,2.0,1218.14,609.07,0.0,0.0,0.1471119997492686,0.101,Low
TAXP02757,41,1029600,Salary+Business,0,1,0,0,0.085,0.302,0.762,Low,45.0,36807.11,817.94,1.0,0.022222222222222223,0.3954662873007616,0.309,Low
TAXP02758,38,825200,Multiple,1,0,5200,0,0.438,0.107,0.897,Low,12.0,5752.93,479.41,1.0,0.08333333333333333,0.45613934668134504,0.262,Low
TAXP02759,55,1115500,Multiple,0,1,0,0,-0.021,0.251,0.798,Low,7.0,3594.89,513.56,2.0,0.2857142857142857,1.0,0.561,Medium
TAXP02760,44,1217800,Salary,1,1,0,1,0.345,0.365,0.838,Low,8.0,8217.53,1027.19,0.0,0.0,0.18197611339075023,0.171,Low
TAXP02761,53,394200,Salary,1,1,0,2,-0.181,0.405,0.795,Low,7.0,2335.02,333.57,0.0,0.0,0.15367549872823297,0.182,Low
TAXP02762,44,202900,Salary,1,1,0,1,-0.038,0.284,0.831,Low,,,,,,,,Low
TAXP02763,65,442700,Salary+Business,1,0,0,1,0.013,0.041,0.919,Low,11.0,5845.07,531.37,0.0,0.0,0.17944781521584033,0.125,Low
TAXP02764,42,1232900,Salary,1,0,61800,0,0.252,0.291,0.652,Medium,19.0,11973.59,630.19,0.0,0.0,0.2145176515838313,0.288,Low
TAXP02765,56,440000,Salary,1,0,0,0,0.109,0.432,0.932,Low,25.0,9971.75,398.87,1.0,0.04,0.3601350438210488,0.199,Low
TAXP02766,48,394400,Salary,1,0,0,0,0.31,0.418,0.98,Low,26.0,11559.64,444.6,2.0,0.07692307692307693,0.48825415719784293,0.231,Low
TAXP02767,57,175100,Salary,1,0,0,1,0.047,0.102,0.959,Low,23.0,10670.71,463.94,2.0,0.08695652173913043,0.5105225126466928,0.252,Low
TAXP02768,60,2295900,Salary+Business,0,0,0,1,0.091,0.129,0.873,Low,18.0,19955.88,1108.66,1.0,0.05555555555555555,0.40618093294082724,0.253,Low
TAXP02769,31,1177900,Professional,0,1,0,0,0.047,0.681,0.792,Low,11.0,4927.59,447.96,0.0,0.0,0.1757476540948655,0.193,Low
TAXP02770,34,1131500,Business,1,0,0,0,0.424,0.326,0.969,Low,7.0,2357.0,336.71,0.0,0.0,0.1538783421890428,0.086,Low
TAXP02771,34,1304700,Salary+Investments,1,0,0,1,-0.079,0.263,0.98,Low,6.0,19743.83,3290.64,0.0,0.0,0.19939986457292347,0.101,Low
TAXP02772,42,984600,Salary,1,1,0,0,0.019,0.176,0.894,Low,12.0,9518.35,793.2,0.0,0.0,0.1920550778005231,0.145,Low
TAXP02773,43,545100,Salary,1,1,14400,2,-0.056,0.082,0.785,Low,24.0,9584.67,399.36,3.0,0.125,0.6367401358627138,0.405,Medium
TAXP02774,21,577700,Salary,1,1,32800,0,0.192,0.183,0.766,Low,1.0,197.03,197.03,0.0,0.0,0.1187580182558393,0.182,Low
TAXP02775,61,477800,Professional,1,0,0,0,-0.083,0.302,0.98,Low,12.0,6283.95,523.66,2.0,0.16666666666666666,0.7330527066231296,0.341,Low
TAXP02776,59,4332900,Business,1,1,0,0,0.392,0.296,0.88,Low,11.0,18891.42,1717.4,1.0,0.09090909090909091,0.5048933505796912,0.293,Low
TAXP02777,48,969900,Salary,1,2,48400,0,0.113,0.218,0.58,Medium,30.0,15855.48,528.52,1.0,0.03333333333333333,0.36384089489777716,0.395,Low
TAXP02778,34,465500,Multiple,0,2,0,0,0.166,0.26,0.732,Low,39.0,13169.61,337.68,2.0,0.05128205128205128,0.44866146134842216,0.349,Low
TAXP02779,58,908800,Salary,1,0,70500,2,0.174,0.217,0.492,Medium,19.0,13938.23,733.59,0.0,0.0,0.2178119611667934,0.377,Low
TAXP02780,33,313900,Salary,0,2,24800,1,0.097,0.175,0.655,Medium,17.0,4242.47,249.56,1.0,0.058823529411764705,0.38072954166393186,0.361,Low
TAXP02781,34,1920300,Professional,1,0,0,0,0.119,0.261,0.97,Low,12.0,19568.58,1630.72,0.0,0.0,0.2076908993032414,0.11,Low
TAXP02782,65,403800,Multiple,1,0,0,1,0.114,0.034,0.917,Low,52.0,18863.98,362.77,1.0,0.019230769230769232,0.39150270237326223,0.222,Low
TAXP02783,62,932400,Professional,1,1,6400,0,0.183,0.181,0.849,Low,10.0,4078.7,407.87,1.0,0.1,0.4997948351681668,0.308,Low
TAXP02784,47,1400300,Multiple,0,0,0,1,-0.032,0.172,0.79,Low,1.0,178.33,178.33,0.0,0.0,0.1166041181772996,0.168,Low
TAXP02785,28,857500,Salary,1,0,0,0,-0.059,0.208,0.903,Low,10.0,6268.45,626.84,0.0,0.0,0.17910818676552828,0.134,Low
TAXP02786,26,695800,Professional,1,2,0,0,0.231,0.442,0.874,Low,25.0,42296.64,1691.87,1.0,0.04,0.39147019946812417,0.245,Low
TAXP02787,64,655100,Salary+Investments,1,1,0,0,0.1,0.284,0.944,Low,12.0,3304.97,275.41,0.0,0.0,0.1691367323722707,0.107,Low
TAXP02788,32,624100,Business,1,2,8400,0,-0.221,0.455,0.791,Low,6.0,4767.72,794.62,0.0,0.0,0.16856457037554604,0.191,Low
TAXP02789,51,429100,Salary,1,2,0,0,0.024,0.404,0.82,Low,13.0,2901.83,223.22,0.0,0.0,0.16851378398979627,0.175,Low
TAXP02790,36,470300,Multiple,1,0,0,0,0.345,0.078,0.921,Low,41.0,7283.99,177.66,3.0,0.07317073170731707,0.5148487895267123,0.275,Low
TAXP02791,43,1886100,Salary,1,1,0,1,0.074,0.231,0.947,Low,25.0,28657.94,1146.32,1.0,0.04,0.3830232655951433,0.202,Low
TAXP02792,65,601100,Salary,1,1,0,0,0.015,0.192,0.929,Low,2.0,388.38,194.19,0.0,0.0,0.12236591598557953,0.094,Low
TAXP02793,47,369100,Salary+Investments,1,3,0,1,-0.139,0.523,0.716,Low,24.0,9473.19,394.72,0.0,0.0,0.22398672849847415,0.257,Low
TAXP02794,40,448200,Salary+Investments,0,2,72600,0,0.009,0.179,0.361,High,37.0,11861.88,320.59,4.0,0.10810810810810811,0.6272199051135938,0.634,Medium
TAXP02795,39,1435500,Multiple,1,1,0,0,-0.086,0.32,0.896,Low,8.0,13283.27,1660.41,1.0,0.125,0.6048962338267622,0.329,Low
TAXP02796,31,1057200,Salary+Investments,1,1,0,0,0.169,0.386,0.908,Low,18.0,11511.59,639.53,0.0,0.0,0.21091518134134868,0.146,Low
TAXP02797,46,973000,Salary,0,0,42400,3,0.108,0.225,0.588,Medium,17.0,7565.63,445.04,1.0,0.058823529411764705,0.3932527458358017,0.404,Medium
TAXP02798,46,540000,Multiple,1,1,0,1,0.042,0.462,0.783,Low,68.0,29704.63,436.83,1.0,0.014705882352941176,0.38059471143205265,0.291,Low
TAXP02799,25,982200,Business,1,1,0,0,-0.022,0.26,0.905,Low,19.0,15252.62,802.77,1.0,0.05263157894736842,0.3934504636865383,0.229,Low
TAXP02800,39,409000,Professional,1,0,0,1,0.344,0.142,0.946,Low,9.0,8450.79,938.98,2.0,0.2222222222222222,0.917283175515637,0.442,Medium
TAXP02801,50,539200,Salary,0,1,0,2,-0.013,0.224,0.721,Low,17.0,5859.84,344.7,1.0,0.058823529411764705,0.38771895075230756,0.328,Low
TAXP02802,23,1306700,Salary+Business,0,2,0,2,-0.012,0.299,0.647,Medium,3.0,10009.17,3336.39,0.0,0.0,0.18793490087918702,0.279,Low
TAXP02803,64,1219800,Business,1,0,0,0,0.061,0.204,0.959,Low,37.0,42139.9,1138.92,2.0,0.05405405405405406,0.4763199314309,0.237,Low
TAXP02804,59,320500,Salary+Investments,1,0,8900,0,0.084,0.296,0.968,Low,42.0,8671.07,206.45,2.0,0.047619047619047616,0.4376947345103469,0.215,Low
TAXP02805,49,351100,Salary,0,1,0,0,0.177,0.327,0.825,Low,37.0,15402.15,416.27,2.0,0.05405405405405406,0.4544973869200547,0.301,Low
TAXP02806,21,702900,Salary,1,2,0,0,0.249,0.2,0.854,Low,4.0,3238.21,809.55,1.0,0.25,0.986125205665028,0.524,Medium
TAXP02807,44,2252500,Business,1,1,0,3,0.237,0.143,0.795,Low,23.0,35468.16,1542.09,0.0,0.0,0.2496155578684434,0.225,Low
TAXP02808,61,163700,Salary,1,1,17000,0,0.489,0.502,0.848,Low,1.0,503.25,503.25,0.0,0.0,0.13905374659795955,0.146,Low
TAXP02809,22,794200,Professional,0,1,0,0,-0.171,0.18,0.833,Low,27.0,22579.08,836.26,2.0,0.07407407407407407,0.4964697452491396,0.315,Low
TAXP02810,56,241300,Salary,1,1,64300,0,0.137,0.25,0.589,Medium,7.0,4990.07,712.87,2.0,0.2857142857142857,1.0,0.676,High
TAXP02811,58,411700,Business,1,2,0,0,0.017,0.166,0.946,Low,43.0,11732.62,272.85,2.0,0.046511627906976744,0.44399148356057316,0.229,Low
TAXP02812,24,500000,Salary,1,1,0,2,0.422,0.341,0.737,Low,19.0,7423.06,390.69,3.0,0.15789473684210525,0.7252093011988513,0.471,Medium
TAXP02813,31,480200,Salary,1,1,0,0,0.128,0.155,0.889,Low,4.0,905.42,226.36,0.0,0.0,0.13352139764339235,0.121,Low
TAXP02814,53,442600,Professional,1,1,0,0,-0.225,0.458,0.862,Low,31.0,10999.08,354.81,2.0,0.06451612903225806,0.4620325908855942,0.284,Low
TAXP02815,62,653400,Salary,1,0,0,0,0.169,0.185,0.968,Low,2.0,892.64,446.32,0.0,0.0,0.14037393795200886,0.081,Low
TAXP02816,55,442100,Salary,1,1,0,0,0.143,0.145,0.973,Low,4.0,1936.82,484.2,0.0,0.0,0.14998242124166836,0.082,Low
TAXP02817,44,226800,Salary,1,1,0,1,0.221,0.461,0.873,Low,6.0,2765.3,460.88,1.0,0.16666666666666666,0.7067559106153588,0.388,Low
TAXP02818,48,1139700,Salary,1,0,13000,0,-0.016,0.198,0.866,Low,77.0,82260.44,1068.32,3.0,0.03896103896103896,0.48002662875992513,0.29,Low
TAXP02819,44,1117700,Professional,1,1,15600,1,0.152,0.496,0.792,Low,13.0,7737.89,595.22,0.0,0.0,0.18975068268081718,0.2,Low
TAXP02820,46,1192800,Salary,1,1,0,0,0.057,0.355,0.916,Low,16.0,11285.78,705.36,1.0,0.0625,0.41144631762973327,0.231,Low
TAXP02821,55,214400,Salary,1,0,0,1,-0.007,0.435,0.916,Low,9.0,2644.05,293.78,0.0,0.0,0.1587691566703079,0.118,Low
TAXP02822,23,806100,Professional,1,0,4900,1,0.155,0.343,0.887,Low,80.0,31075.38,388.44,2.0,0.025,0.4120220407836818,0.248,Low
TAXP02823,30,1057500,Business,1,0,0,0,0.124,0.495,0.947,Low,13.0,10042.64,772.51,0.0,0.0,0.19540358494097904,0.117,Low
TAXP02824,23,309400,Business,0,1,0,0,0.268,0.407,0.785,Low,71.0,22057.41,310.67,5.0,0.07042253521126761,0.5570788509393301,0.369,Low
TAXP02825,56,654300,Salary,1,2,0,0,0.104,0.645,0.852,Low,15.0,8563.51,570.9,1.0,0.06666666666666667,0.41668943980383566,0.269,Low
TAXP02826,53,597800,Multiple,0,1,0,0,0.197,0.094,0.823,Low,54.0,16890.73,312.79,0.0,0.0,0.3248319362373399,0.244,Low
TAXP02827,23,2448700,Salary,1,1,0,0,-0.093,0.512,0.904,Low,45.0,74288.22,1650.85,3.0,0.06666666666666667,0.5573689701014155,0.304,Low
TAXP02828,25,2598300,Salary,1,1,0,0,0.323,0.281,0.939,Low,7.0,10354.04,1479.15,0.0,0.0,0.18596610822516907,0.117,Low
TAXP02829,32,196100,Salary+Investments,1,0,0,0,-0.024,0.135,0.98,Low,24.0,6136.37,255.68,0.0,0.0,0.21458732019768226,0.108,Low
TAXP02830,31,3915100,Professional,1,0,0,0,0.244,0.252,0.973,Low,34.0,52851.68,1554.46,2.0,0.058823529411764705,0.4870438005626848,0.234,Low
TAXP02831,44,336300,Professional,1,0,119000,0,0.142,0.142,0.394,High,1.0,258.32,258.32,0.0,0.0,0.12461326444304342,0.389,Low
TAXP02832,43,1316900,Salary+Investments,1,1,0,1,0.122,0.394,0.859,Low,25.0,24773.38,990.94,2.0,0.08,0.5118632506509841,0.308,Low
TAXP02833,37,1307300,Salary,1,2,0,0,0.222,0.248,0.906,Low,33.0,72739.1,2204.22,3.0,0.09090909090909091,0.5965841678901451,0.32,Low
TAXP02834,28,317400,Salary+Investments,1,0,0,0,-0.242,0.285,0.98,Low,20.0,3283.23,164.16,0.0,0.0,0.18932671715160998,0.096,Low
TAXP02835,50,927200,Professional,1,0,0,1,0.008,0.141,0.884,Low,9.0,6364.31,707.15,2.0,0.2222222222222222,0.911133453891266,0.474,Medium
TAXP02836,56,601600,Salary,0,1,2900,0,0.219,0.154,0.812,Low,1.0,59.02,59.02,0.0,0.0,0.0928362909519323,0.145,Low
TAXP02837,49,968800,Salary,1,1,0,0,0.408,0.169,0.98,Low,8.0,5530.39,691.3,2.0,0.25,0.9983871030409104,0.46,Medium
TAXP02838,57,767400,Salary,1,0,0,0,0.096,0.092,0.959,Low,12.0,5343.93,445.33,2.0,0.16666666666666666,0.7295413907702486,0.351,Low
TAXP02839,62,1538200,Multiple,1,0,14900,0,-0.29,0.113,0.912,Low,25.0,23044.14,921.77,1.0,0.04,0.3782936567138836,0.219,Low
TAXP02840,58,686300,Salary,0,1,0,0,0.049,0.19,0.814,Low,13.0,6164.64,474.2,0.0,0.0,0.1848242381033373,0.185,Low
TAXP02841,50,576000,Salary,1,1,0,0,0.09,0.173,0.927,Low,27.0,29172.68,1080.47,2.0,0.07407407407407407,0.5020273820144145,0.266,Low
TAXP02842,23,1431000,Professional,1,0,0,0,0.278,0.179,0.933,Low,2.0,573.03,286.52,0.0,0.0,0.13077605584111468,0.096,Low
TAXP02843,36,987200,Salary+Business,1,1,0,0,0.108,0.594,0.88,Low,25.0,21375.24,855.01,2.0,0.08,0.5086630200932011,0.295,Low
TAXP02844,40,1100900,Salary,1,1,0,0,-0.104,0.573,0.942,Low,9.0,4171.92,463.55,0.0,0.0,0.16864546922829973,0.108,Low
TAXP02845,53,402800,Salary+Business,0,1,0,1,0.254,0.311,0.782,Low,25.0,12608.91,504.36,1.0,0.04,0.3652189867772082,0.284,Low
TAXP02846,59,306200,Business,1,1,0,0,0.191,0.229,0.972,Low,6.0,3859.93,643.32,1.0,0.16666666666666666,0.7139844265503511,0.337,Low
TAXP02847,49,431900,Salary+Investments,1,1,0,0,-0.012,0.197,0.954,Low,26.0,5581.68,214.68,1.0,0.038461538461538464,0.34557425362408345,0.181,Low
TAXP02848,37,415700,Salary,0,3,0,0,0.215,0.4,0.677,Medium,26.0,14179.19,545.35,2.0,0.07692307692307693,0.4926805042229244,0.399,Low
TAXP02849,56,1144900,Salary,1,0,0,0,0.013,0.059,0.98,Low,19.0,33321.42,1753.76,1.0,0.05263157894736842,0.41040474683018524,0.196,Low
TAXP02850,52,1312500,Professional,1,2,0,1,0.052,0.196,0.861,Low,56.0,44726.55,798.69,3.0,0.05357142857142857,0.5219316278372101,0.311,Low
TAXP02851,56,581300,Salary,1,0,0,0,0.015,0.523,0.975,Low,8.0,2215.0,276.88,0.0,0.0,0.15356491667054883,0.083,Low
TAXP02852,47,1821200,Business,1,0,0,1,0.05,0.255,0.945,Low,3.0,1441.45,480.48,0.0,0.0,0.1458936523054143,0.096,Low
TAXP02853,50,1741100,Salary,1,0,0,0,0.245,0.252,0.939,Low,31.0,38802.84,1251.7,4.0,0.12903225806451613,0.7022673766819448,0.35,Low
TAXP02854,36,774500,Salary+Business,1,1,0,1,-0.186,0.087,0.897,Low,5.0,2533.51,506.7,0.0,0.0,0.1548881693464622,0.126,Low
TAXP02855,38,359700,Salary+Investments,1,0,0,0,0.277,0.15,0.933,Low,17.0,5222.39,307.2,0.0,0.0,0.19110814885273072,0.123,Low
TAXP02856,33,2020800,Salary+Investments,1,2,21400,1,0.128,0.297,0.73,Low,16.0,65653.46,4103.34,1.0,0.0625,0.44965711424109817,0.351,Low
TAXP02857,32,622100,Multiple,1,0,0,1,0.038,0.259,0.924,Low,70.0,36007.0,514.39,7.0,0.1,0.6656065010339802,0.341,Low
TAXP02858,50,711800,Salary+Investments,1,0,10900,0,0.103,0.281,0.919,Low,12.0,2861.63,238.47,0.0,0.0,0.1660212003451345,0.119,Low
TAXP02859,38,509000,Business,1,1,0,0,-0.045,0.479,0.895,Low,29.0,8013.53,276.33,0.0,0.0,0.23587511868229455,0.164,Low
TAXP02860,27,342500,Salary,1,1,0,1,-0.161,0.388,0.839,Low,2.0,981.52,490.76,1.0,0.5,1.0,0.539,Medium
TAXP02861,22,225800,Salary+Investments,1,1,0,0,-0.041,0.404,0.912,Low,6.0,2848.06,474.68,0.0,0.0,0.15739488791753117,0.119,Low
TAXP02862,59,1025200,Multiple,1,2,0,0,-0.203,0.154,0.787,Low,17.0,29047.16,1708.66,1.0,0.058823529411764705,0.42242961603791523,0.307,Low
TAXP02863,40,369800,Multiple,1,1,1800,0,-0.116,0.287,0.857,Low,13.0,3444.99,265.0,0.0,0.0,0.1722243058821102,0.156,Low
TAXP02864,46,5883100,Salary+Business,1,1,0,0,-0.16,0.395,0.925,Low,16.0,43161.19,2697.57,0.0,0.0,0.2343016686323508,0.147,Low
TAXP02865,61,297400,Salary,1,0,0,1,0.296,0.317,0.855,Low,11.0,2314.69,210.43,0.0,0.0,0.15939511093922165,0.151,Low
TAXP02866,26,262900,Multiple,1,1,7100,0,-0.105,0.45,0.824,Low,28.0,14673.71,524.06,4.0,0.14285714285714285,0.7172428658825869,0.42,Medium
TAXP02867,63,938500,Multiple,1,1,0,0,0.093,0.384,0.956,Low,6.0,3922.04,653.67,0.0,0.0,0.164330522030001,0.098,Low
TAXP02868,52,1954900,Professional,1,1,0,0,0.279,0.239,0.98,Low,3.0,1656.58,552.19,0.0,0.0,0.14890843364546819,0.078,Low
TAXP02869,49,680900,Salary+Investments,1,0,0,0,0.236,0.322,0.947,Low,21.0,15830.26,753.82,0.0,0.0,0.22624504093420328,0.131,Low
TAXP02870,40,981400,Business,1,1,8100,0,0.053,0.34,0.88,Low,25.0,8102.57,324.1,1.0,0.04,0.3556401420883967,0.226,Low
TAXP02871,52,172400,Multiple,0,1,0,1,0.054,0.251,0.843,Low,12.0,2026.3,168.86,0.0,0.0,0.15856306960001335,0.158,Low
TAXP02872,30,399100,Salary,1,0,26100,0,0.129,0.18,0.836,Low,4.0,4754.47,1188.62,1.0,0.25,0.9944565081622423,0.538,Medium
TAXP02873,34,300100,Salary+Investments,1,1,0,0,0.438,0.094,0.917,Low,40.0,17227.85,430.7,3.0,0.075,0.5361215444595068,0.287,Low
TAXP02874,64,166100,Salary,1,2,22600,0,0.166,0.295,0.773,Low,22.0,4892.95,222.41,3.0,0.13636363636363635,0.6537292289481478,0.419,Medium
TAXP02875,33,707100,Salary,1,3,32100,1,0.207,0.088,0.569,Medium,23.0,8567.73,372.51,1.0,0.043478260869565216,0.36228933927256346,0.4,Medium
TAXP02876,53,150000,Salary,1,2,7500,0,0.463,0.715,0.777,Low,17.0,2543.69,149.63,0.0,0.0,0.1755619762866689,0.202,Low
TAXP02877,62,250900,Business,0,0,0,1,0.144,0.181,0.818,Low,47.0,20809.88,442.76,3.0,0.06382978723404255,0.5273094826238656,0.337,Low
TAXP02878,47,441500,Salary,1,0,0,0,0.284,0.501,0.934,Low,7.0,2712.06,387.44,1.0,0.14285714285714285,0.6283454769194271,0.319,Low
TAXP02879,34,357300,Multiple,1,3,33500,0,0.176,0.3,0.695,Medium,26.0,10568.18,406.47,1.0,0.038461538461538464,0.35938844786026636,0.329,Low
TAXP02880,59,864700,Business,1,0,0,1,0.174,0.128,0.96,Low,6.0,3807.5,634.58,0.0,0.0,0.1636879150422399,0.096,Low
TAXP02881,58,810000,Salary+Investments,1,1,25600,0,-0.054,0.37,0.881,Low,23.0,9536.2,414.62,1.0,0.043478260869565216,0.36460891117834937,0.23,Low
TAXP02882,45,1237100,Salary,1,0,24700,1,-0.081,0.205,0.785,Low,2.0,594.7,297.35,0.0,0.0,0.1315793318885521,0.177,Low
TAXP02883,26,1117300,Salary,1,0,0,0,0.018,0.116,0.956,Low,47.0,51883.49,1103.9,2.0,0.0425531914893617,0.4769053533632954,0.239,Low
TAXP02884,40,1477900,Salary+Business,1,1,0,0,0.241,0.167,0.913,Low,23.0,28024.38,1218.45,1.0,0.043478260869565216,0.3879824283994348,0.222,Low
TAXP02885,40,649100,Salary+Business,1,1,0,0,0.234,0.206,0.912,Low,1.0,827.66,827.66,0.0,0.0,0.14984026066722378,0.116,Low
TAXP02886,29,808700,Business,1,0,0,0,0.313,0.142,0.971,Low,21.0,8325.27,396.44,0.0,0.0,0.2123164850521378,0.111,Low
TAXP02887,39,939400,Salary+Business,1,1,0,0,0.098,0.276,0.868,Low,11.0,5819.85,529.08,1.0,0.09090909090909091,0.47935409579000327,0.288,Low
TAXP02888,27,719800,Salary+Investments,1,0,0,0,0.186,0.235,0.972,Low,2.0,361.54,180.77,0.0,0.0,0.12081914948648481,0.07,Low
TAXP02889,52,488300,Business,1,1,15400,0,0.187,0.021,0.831,Low,63.0,26418.92,419.35,3.0,0.047619047619047616,0.4883231891917695,0.313,Low
TAXP02890,40,511600,Multiple,0,2,0,1,0.083,0.046,0.701,Low,23.0,9923.53,431.46,0.0,0.0,0.22199315199643568,0.264,Low
TAXP02891,53,360800,Salary+Business,1,0,0,0,0.049,0.245,0.98,Low,22.0,8207.36,373.06,1.0,0.045454545454545456,0.3649215670870881,0.175,Low
TAXP02892,41,880500,Professional,1,0,0,0,-0.138,0.034,0.967,Low,17.0,8162.04,480.12,1.0,0.058823529411764705,0.3948968677752104,0.196,Low
TAXP02893,53,607500,Salary,1,1,0,0,0.076,0.565,0.933,Low,18.0,8771.27,487.29,0.0,0.0,0.20502213356616827,0.129,Low
TAXP02894,53,403200,Salary,0,0,0,2,0.083,0.245,0.772,Low,7.0,1332.7,190.39,1.0,0.14285714285714285,0.6129749285870922,0.401,Medium
TAXP02895,28,403500,Salary,1,2,15500,2,0.282,0.119,0.706,Low,5.0,659.01,131.8,0.0,0.0,0.12576798170630593,0.218,Low
TAXP02896,40,271900,Salary+Business,1,1,4100,0,0.297,0.267,0.845,Low,10.0,2083.24,208.32,1.0,0.1,0.4852565367400924,0.304,Low
TAXP02897,54,1315200,Salary+Business,0,1,0,0,0.123,0.038,0.849,Low,5.0,2346.3,469.26,0.0,0.0,0.15322462905576467,0.152,Low
TAXP02898,47,687900,Salary,1,1,22500,0,0.43,0.107,0.791,Low,13.0,7108.07,546.77,0.0,0.0,0.18791036835116626,0.2,Low
TAXP02899,30,349200,Professional,0,1,0,1,0.13,0.395,0.792,Low,4.0,794.82,198.7,0.0,0.0,0.1307056215261248,0.173,Low
TAXP02900,58,1163400,Salary,1,1,0,0,0.265,0.058,0.94,Low,8.0,5846.75,730.84,0.0,0.0,0.17459334303406085,0.112,Low
TAXP02901,29,434200,Salary,1,3,0,0,0.084,0.129,0.86,Low,37.0,11105.1,300.14,1.0,0.02702702702702703,0.35822538714676444,0.238,Low
TAXP02902,65,236100,Multiple,1,0,58500,0,-0.082,0.445,0.606,Medium,26.0,6669.97,256.54,3.0,0.11538461538461539,0.6032719179444243,0.488,Medium
TAXP02903,52,1355900,Salary,1,2,0,0,0.032,0.51,0.881,Low,54.0,59674.26,1105.08,1.0,0.018518518518518517,0.41330028408534736,0.251,Low
TAXP02904,35,441500,Salary,1,1,49600,0,0.336,0.218,0.712,Low,12.0,1860.37,155.03,1.0,0.08333333333333333,0.431719249679622,0.353,Low
TAXP02905,29,484200,Business,1,1,0,0,0.058,0.211,0.945,Low,32.0,10350.72,323.46,2.0,0.0625,0.4572981452131336,0.236,Low
TAXP02906,61,669600,Salary,1,0,65800,0,0.025,0.287,0.653,Medium,31.0,10258.01,330.9,0.0,0.0,0.24761911273966353,0.302,Low
TAXP02907,44,1479800,Salary+Business,1,2,0,0,0.099,0.26,0.868,Low,4.0,149890.0,37472.5,1.0,0.25,1.0,0.523,Medium
TAXP02908,57,659400,Multiple,1,1,9200,0,0.038,0.341,0.825,Low,9.0,1359.2,151.02,0.0,0.0,0.1443893767210549,0.161,Low
TAXP02909,58,274100,Business,1,0,0,0,0.291,0.328,0.963,Low,15.0,2526.07,168.4,0.0,0.0,0.1702697011045945,0.097,Low
TAXP02910,24,961600,Business,1,2,0,1,0.402,0.45,0.776,Low,10.0,10492.66,1049.27,0.0,0.0,0.19028052038216878,0.209,Low
TAXP02911,51,458400,Salary,1,0,8100,0,0.101,0.357,0.921,Low,5.0,1809.89,361.98,0.0,0.0,0.14760174713175767,0.11,Low
TAXP02912,36,2530800,Business,0,0,0,2,0.186,0.186,0.734,Low,66.0,174719.47,2647.26,3.0,0.045454545454545456,0.5211479209009666,0.381,Low
TAXP02913,61,649500,Salary,1,0,7500,0,0.256,0.135,0.968,Low,1.0,70.15,70.15,0.0,0.0,0.09653023341000415,0.061,Low
TAXP02914,30,150000,Salary,0,1,0,1,0.117,0.221,0.756,Low,9.0,2345.16,260.57,1.0,0.1111111111111111,0.5228403526599058,0.369,Low
TAXP02915,22,840700,Salary+Investments,1,1,32200,1,-0.04,0.404,0.662,Medium,10.0,5797.53,579.75,1.0,0.1,0.507415139332402,0.414,Medium
TAXP02916,50,2636200,Business,1,1,0,2,0.034,0.148,0.864,Low,11.0,19898.22,1808.93,0.0,0.0,0.2060201914487417,0.168,Low
TAXP02917,45,2021600,Business,1,1,0,1,0.166,0.228,0.878,Low,13.0,18015.58,1385.81,2.0,0.15384615384615385,0.7157734718471623,0.389,Low
TAXP02918,45,2429100,Salary,1,0,0,0,0.163,0.128,0.98,Low,15.0,15183.53,1012.24,1.0,0.06666666666666667,0.4291089151766938,0.204,Low
TAXP02919,32,311900,Salary+Investments,1,0,0,0,-0.187,0.224,0.98,Low,5.0,1345.75,269.15,1.0,0.2,0.8011879861283734,0.372,Low
TAXP02920,43,1253500,Salary,1,0,0,0,0.03,0.126,0.962,Low,9.0,23394.67,2599.41,1.0,0.1111111111111111,0.5727127088180891,0.279,Low
TAXP02921,64,386500,Salary,1,2,134600,0,-0.018,0.133,0.219,High,24.0,7977.92,332.41,2.0,0.08333333333333333,0.49526668566022436,0.652,Medium
TAXP02922,55,763900,Salary+Investments,1,1,97600,0,0.241,0.288,0.409,High,17.0,7197.95,423.41,1.0,0.058823529411764705,0.39217341982178533,0.502,Medium
TAXP02923,65,259900,Business,1,3,0,0,-0.012,0.1,0.829,Low,3.0,504.94,168.31,0.0,0.0,0.12319916708764175,0.149,Low
TAXP02924,35,408700,Multiple,1,0,54400,0,0.026,0.482,0.646,Medium,12.0,8867.23,738.94,1.0,0.08333333333333333,0.4655184019066411,0.404,Medium
TAXP02925,60,399400,Salary,0,1,0,1,0.021,0.101,0.815,Low,18.0,4445.0,246.94,1.0,0.05555555555555555,0.37363918372943283,0.27,Low
TAXP02926,38,1241300,Salary+Business,1,3,0,0,0.227,0.482,0.785,Low,81.0,71965.1,888.46,2.0,0.024691358024691357,0.4289376262871238,0.311,Low
TAXP02927,63,1156900,Multiple,0,2,0,1,0.255,0.287,0.659,Medium,14.0,13373.19,955.23,1.0,0.07142857142857142,0.4396441866328743,0.385,Low
TAXP02928,59,793400,Business,1,1,80400,0,0.179,0.298,0.522,Medium,29.0,23027.17,794.04,3.0,0.10344827586206896,0.6001241329676027,0.533,Medium
TAXP02929,28,245800,Professional,1,2,37000,1,0.277,0.046,0.618,Medium,21.0,6637.12,316.05,2.0,0.09523809523809523,0.521695163014655,0.445,Medium
TAXP02930,64,519400,Salary,1,0,0,0,0.298,0.368,0.932,Low,8.0,4010.0,501.25,0.0,0.0,0.16641842899184772,0.112,Low
TAXP02931,48,379800,Salary+Business,1,0,0,1,-0.19,0.28,0.895,Low,36.0,14917.78,414.38,2.0,0.05555555555555555,0.4554321145169774,0.263,Low
TAXP02932,55,1215800,Salary+Investments,1,2,0,0,0.195,0.261,0.84,Low,31.0,32928.6,1062.21,0.0,0.0,0.2728995079370411,0.211,Low
TAXP02933,47,1518200,Salary+Business,1,3,0,0,0.041,0.323,0.857,Low,27.0,36440.84,1349.66,1.0,0.037037037037037035,0.38463175303316205,0.252,Low
TAXP02934,30,1390700,Multiple,1,2,0,0,-0.101,0.23,0.912,Low,9.0,15090.04,1676.67,0.0,0.0,0.19652931891069794,0.137,Low
TAXP02935,65,377400,Business,1,3,30900,0,0.049,0.228,0.635,Medium,82.0,33540.25,409.03,9.0,0.10975609756097561,0.6928356545121834,0.513,Medium
TAXP02936,26,150000,Business,0,1,33200,1,0.217,0.161,0.595,Medium,28.0,5922.84,211.53,1.0,0.03571428571428571,0.34403197545883524,0.378,Low
TAXP02937,57,182100,Salary,1,0,0,0,0.333,0.114,0.98,Low,9.0,2743.39,304.82,1.0,0.1111111111111111,0.5262340494647065,0.248,Low
TAXP02938,30,1809000,Salary+Business,1,0,75200,0,-0.115,0.08,0.603,Medium,9.0,10768.33,1196.48,0.0,0.0,0.18920741754253786,0.303,Low
TAXP02939,56,486900,Salary+Investments,1,2,0,0,0.199,0.287,0.87,Low,11.0,3043.53,276.68,1.0,0.09090909090909091,0.4653147342677094,0.281,Low
TAXP02940,40,378600,Professional,1,0,0,0,0.415,0.172,0.95,Low,18.0,8174.69,454.15,0.0,0.0,0.20349582070101058,0.119,Low
TAXP02941,31,2121100,Salary,1,1,64200,2,0.393,0.589,0.454,Medium,26.0,43861.26,1686.97,1.0,0.038461538461538464,0.39025197705217796,0.476,Medium
TAXP02942,31,1616300,Business,1,0,0,0,-0.453,0.422,0.87,Low,23.0,23624.62,1027.16,0.0,0.0,0.24079892771794126,0.18,Low
TAXP02943,35,661500,Salary+Business,1,0,0,1,0.449,0.094,0.945,Low,5.0,2289.62,457.92,0.0,0.0,0.15269476605286775,0.099,Low
TAXP02944,61,526200,Multiple,0,1,0,0,0.254,0.204,0.866,Low,38.0,18929.71,498.15,2.0,0.05263157894736842,0.4576152664081613,0.28,Low
TAXP02945,55,591000,Salary,1,1,0,0,-0.269,0.182,0.971,Low,31.0,24194.04,780.45,2.0,0.06451612903225806,0.47911686807045917,0.232,Low
TAXP02946,51,765500,Salary,1,0,0,0,-0.023,0.368,0.98,Low,30.0,21283.7,709.46,3.0,0.1,0.5902238146772001,0.277,Low
TAXP02947,49,2057000,Salary,0,2,0,1,0.301,0.492,0.653,Medium,28.0,39088.76,1396.03,2.0,0.07142857142857142,0.502778312894647,0.417,Medium
TAXP02948,39,881100,Salary,0,3,0,0,0.158,0.26,0.712,Low,12.0,5725.94,477.16,1.0,0.08333333333333333,0.4560374449872778,0.364,Low
TAXP02949,61,1096300,Multiple,1,0,0,0,0.008,0.631,0.925,Low,10.0,9730.94,973.09,0.0,0.0,0.18864559989632096,0.126,Low
TAXP02950,33,1508500,Business,1,0,0,1,0.111,0.387,0.929,Low,15.0,30019.48,2001.3,3.0,0.2,0.8838998289372173,0.437,Medium
TAXP02951,63,280000,Business,0,2,0,1,0.187,0.179,0.694,Medium,43.0,24642.3,573.08,3.0,0.06976744186046512,0.5368083869991347,0.41,Medium
TAXP02952,38,1119300,Salary,1,0,12600,1,0.007,0.271,0.913,Low,6.0,3167.44,527.91,1.0,0.16666666666666666,0.7096982455490347,0.367,Low
TAXP02953,36,525800,Business,1,0,0,1,0.08,0.147,0.926,Low,10.0,3699.95,370.0,1.0,0.1,0.4976839775164399,0.265,Low
TAXP02954,42,150000,Multiple,0,2,0,1,0.244,0.162,0.686,Medium,12.0,4761.21,396.77,0.0,0.0,0.1770401754177889,0.252,Low
TAXP02955,54,150000,Business,0,1,56500,0,-0.012,0.342,0.54,Medium,4.0,2831.13,707.78,0.0,0.0,0.15821180002345064,0.324,Low
TAXP02956,53,312300,Salary,1,2,10500,0,-0.117,0.253,0.762,Low,7.0,2061.28,294.47,1.0,0.14285714285714285,0.6224050091478166,0.411,Medium
TAXP02957,55,952800,Salary,1,3,0,1,-0.002,0.448,0.831,Low,10.0,4878.72,487.87,0.0,0.0,0.17367532767930474,0.171,Low
TAXP02958,25,705500,Multiple,1,0,0,0,-0.042,0.467,0.927,Low,22.0,11818.2,537.19,0.0,0.0,0.22282120907946723,0.14,Low
TAXP02959,28,742300,Multiple,0,1,0,1,0.003,0.189,0.736,Low,24.0,14379.43,599.14,3.0,0.125,0.6455302606313761,0.436,Medium
TAXP02960,59,2648200,Salary,0,0,0,0,-0.176,0.156,0.885,Low,8.0,16498.37,2062.3,0.0,0.0,0.1971004845137194,0.152,Low
TAXP02961,65,260700,Professional,1,1,0,0,0.138,0.141,0.921,Low,22.0,8648.54,393.12,1.0,0.045454545454545456,0.3660555703428368,0.208,Low
TAXP02962,26,637300,Salary,0,1,0,1,0.239,0.348,0.765,Low,4.0,5498.34,1374.58,0.0,0.0,0.17261050977945927,0.207,Low
TAXP02963,61,809300,Business,1,0,0,0,-0.03,0.089,0.98,Low,4.0,3196.65,799.16,0.0,0.0,0.16084505813213432,0.083,Low
TAXP02964,32,382500,Salary,1,1,0,2,-0.004,0.093,0.852,Low,22.0,11180.18,508.19,0.0,0.0,0.22161838554336438,0.181,Low
TAXP02965,65,663400,Salary+Business,1,2,0,0,0.07,0.183,0.885,Low,6.0,3725.02,620.84,0.0,0.0,0.163213106771774,0.137,Low
TAXP02966,65,205400,Multiple,0,2,0,0,-0.046,0.231,0.782,Low,14.0,3838.45,274.18,0.0,0.0,0.17688230359144633,0.199,Low
TAXP02967,49,1793800,Salary,1,1,35800,0,0.257,0.217,0.752,Low,12.0,51975.41,4331.28,2.0,0.16666666666666666,0.7788945123637518,0.487,Medium
TAXP02968,29,397900,Business,0,0,0,0,-0.042,0.063,0.899,Low,30.0,5802.42,193.41,0.0,0.0,0.23208333621672286,0.16,Low
TAXP02969,56,2806200,Salary,0,1,0,1,0.016,0.166,0.744,Low,30.0,170323.69,5677.46,3.0,0.1,0.6353584103032939,0.427,Medium
TAXP02970,25,635000,Salary,0,2,59600,0,-0.022,0.323,0.388,High,25.0,7623.56,304.94,2.0,0.08,0.48632109119879907,0.555,Medium
TAXP02971,36,1362600,Salary,1,1,0,0,0.261,0.304,0.828,Low,8.0,11136.39,1392.05,0.0,0.0,0.18857072822498894,0.179,Low
TAXP02972,49,625500,Salary,1,0,0,1,0.063,0.255,0.889,Low,34.0,13116.93,385.79,3.0,0.08823529411764706,0.5538835690025097,0.31,Low
TAXP02973,24,635800,Multiple,1,0,0,0,0.419,0.101,0.966,Low,25.0,14292.32,571.69,1.0,0.04,0.3679351820678064,0.184,Low
TAXP02974,38,426900,Salary,1,0,0,0,0.157,0.244,0.932,Low,11.0,3353.43,304.86,1.0,0.09090909090909091,0.4674130875421891,0.248,Low
TAXP02975,56,708200,Salary+Investments,1,0,0,1,0.285,0.291,0.892,Low,4.0,553.96,138.49,0.0,0.0,0.12291333508766755,0.115,Low
TAXP02976,25,817200,Salary,1,3,0,0,0.048,0.086,0.861,Low,23.0,28583.92,1242.78,2.0,0.08695652173913043,0.5318896290404681,0.316,Low
TAXP02977,37,369600,Business,1,1,14900,1,-0.051,0.45,0.71,Low,13.0,5194.43,399.57,0.0,0.0,0.18111428354565684,0.241,Low
TAXP02978,21,594000,Business,1,2,0,0,0.095,0.038,0.864,Low,31.0,14075.51,454.05,1.0,0.03225806451612903,0.3609230192785287,0.237,Low
TAXP02979,50,418900,Multiple,1,2,0,0,-0.009,0.478,0.885,Low,14.0,5914.06,422.43,0.0,0.0,0.18624107445337573,0.147,Low
TAXP02980,24,3404100,Salary,1,2,0,0,-0.22,0.124,0.848,Low,10.0,17966.87,1796.69,0.0,0.0,0.20195124881628518,0.174,Low
TAXP02981,33,609300,Salary,1,0,3100,0,0.262,0.189,0.93,Low,9.0,1617.81,179.76,1.0,0.1111111111111111,0.514815402485406,0.27,Low
TAXP02982,44,1977400,Salary+Business,1,1,0,0,0.105,0.093,0.971,Low,8.0,9836.38,1229.55,0.0,0.0,0.18587733394088757,0.1,Low
TAXP02983,30,564600,Salary+Business,1,0,0,0,-0.012,0.149,0.98,Low,5.0,3232.36,646.47,0.0,0.0,0.1601687706504598,0.083,Low
TAXP02984,31,783400,Professional,1,1,0,1,0.16,0.107,0.885,Low,13.0,10923.99,840.31,1.0,0.07692307692307693,0.45107414211060987,0.266,Low
TAXP02985,58,251000,Salary,1,4,0,0,0.108,0.489,0.849,Low,10.0,2463.22,246.32,0.0,0.0,0.15887871982789825,0.155,Low
TAXP02986,55,471100,Salary,1,1,17100,0,0.326,0.101,0.885,Low,21.0,6227.35,296.54,1.0,0.047619047619047616,0.36317299358171673,0.227,Low
TAXP02987,24,756400,Salary+Investments,1,0,0,0,0.169,0.078,0.944,Low,9.0,2924.84,324.98,0.0,0.0,0.1609537043018155,0.103,Low
TAXP02988,59,2036300,Professional,1,1,59300,1,0.075,0.165,0.602,Medium,41.0,58182.32,1419.08,4.0,0.0975609756097561,0.6403510518029374,0.507,Medium
TAXP02989,42,762700,Professional,1,0,0,0,0.211,0.18,0.949,Low,9.0,2157.28,239.7,0.0,0.0,0.15436761825693948,0.098,Low
TAXP02990,27,1760300,Salary,1,2,0,1,0.094,0.098,0.797,Low,37.0,55637.17,1503.71,1.0,0.02702702702702703,0.3931596917682624,0.289,Low
TAXP02991,61,1031000,Salary,1,0,0,0,0.129,0.264,0.98,Low,10.0,5624.05,562.4,1.0,0.1,0.50675660165165,0.239,Low
TAXP02992,36,2097900,Multiple,1,0,9100,0,0.296,0.227,0.856,Low,7.0,7774.48,1110.64,0.0,0.0,0.17974905638585603,0.16,Low
TAXP02993,35,622900,Salary+Business,1,0,0,1,-0.087,0.049,0.946,Low,13.0,3341.38,257.03,1.0,0.07692307692307693,0.42540988665013557,0.221,Low
TAXP02994,27,3633400,Salary,0,0,0,0,-0.038,0.572,0.807,Low,5.0,21520.79,4304.16,0.0,0.0,0.20130714005405986,0.197,Low
TAXP02995,60,458300,Multiple,0,1,4800,0,0.033,0.516,0.687,Medium,18.0,4754.48,264.14,1.0,0.05555555555555555,0.3750950439765955,0.341,Low
TAXP02996,33,374300,Business,1,0,0,1,0.056,0.409,0.872,Low,30.0,6961.05,232.04,1.0,0.03333333333333333,0.34601801368310015,0.226,Low
TAXP02997,47,272000,Salary,1,0,0,0,0.285,0.126,0.977,Low,32.0,9761.86,305.06,3.0,0.09375,0.5591552837874836,0.264,Low
TAXP02998,31,3481800,Salary,1,1,0,2,-0.126,0.082,0.856,Low,17.0,24315.94,1430.35,1.0,0.058823529411764705,0.41857145986716154,0.268,Low
TAXP02999,61,1172600,Salary+Business,1,0,25600,0,0.095,0.35,0.843,Low,73.0,95897.74,1313.67,3.0,0.0410958904109589,0.4915571020786778,0.308,Low
TAXP03000,56,511000,Salary,1,0,0,1,0.012,0.258,0.943,Low,12.0,7998.94,666.58,1.0,0.08333333333333333,0.463283812510588,0.24,Low
TAXP03001,43,1597600,Business,1,1,0,0,0.372,0.274,0.859,Low,32.0,35680.87,1115.03,0.0,0.0,0.2778738024485441,0.203,Low
TAXP03002,36,1066500,Salary+Business,0,0,13400,0,0.241,0.375,0.74,Low,21.0,19164.74,912.61,2.0,0.09523809523809523,0.5446764898786806,0.388,Low
TAXP03003,50,2677400,Salary,0,2,0,0,0.138,0.177,0.753,Low,7.0,10218.27,1459.75,0.0,0.0,0.18567968017896488,0.219,Low
TAXP03004,43,213300,Multiple,1,2,0,0,0.255,0.487,0.85,Low,8.0,1660.14,207.52,0.0,0.0,0.14732957376888642,0.149,Low
TAXP03005,63,537000,Salary,0,0,0,2,-0.111,0.221,0.726,Low,6.0,3468.62,578.1,0.0,0.0,0.16166709501796442,0.223,Low
TAXP03006,51,465900,Salary,1,0,0,0,0.424,0.476,0.98,Low,29.0,13951.35,481.08,0.0,0.0,0.2478813759838071,0.123,Low
TAXP03007,22,156900,Professional,1,0,0,1,-0.035,0.228,0.86,Low,18.0,4320.56,240.03,0.0,0.0,0.18969178698210554,0.162,Low
TAXP03008,58,1394700,Professional,1,0,0,0,0.301,0.308,0.96,Low,9.0,15148.87,1683.21,0.0,0.0,0.1966137609583992,0.11,Low
TAXP03009,29,535000,Business,1,0,0,0,0.188,0.484,0.974,Low,9.0,5490.01,610.0,2.0,0.2222222222222222,0.9079294299854236,0.423,Medium
TAXP03010,34,1107100,Professional,1,2,15900,0,0.142,0.437,0.732,Low,3.0,1106.33,368.78,0.0,0.0,0.14016156951911185,0.21,Low
TAXP03011,40,3554600,Salary+Investments,1,1,0,0,0.294,0.203,0.876,Low,19.0,54795.32,2883.96,0.0,0.0,0.247516675144332,0.18,Low
TAXP03012,30,504000,Salary+Business,1,1,0,1,0.259,0.517,0.839,Low,76.0,34441.44,453.18,6.0,0.07894736842105263,0.5933874497048142,0.356,Low
TAXP03013,63,480000,Salary+Investments,1,0,0,0,0.117,0.108,0.936,Low,34.0,9839.21,289.39,0.0,0.0,0.2564821992368181,0.151,Low
TAXP03014,65,708000,Salary,0,0,9600,1,0.033,0.211,0.722,Low,13.0,4219.81,324.6,1.0,0.07692307692307693,0.43046070799100017,0.347,Low
TAXP03015,28,1323200,Salary,1,2,4100,0,0.12,0.155,0.85,Low,35.0,35641.43,1018.33,1.0,0.02857142857142857,0.3819561528672621,0.254,Low
TAXP03016,35,432200,Business,1,0,9900,1,0.084,0.278,0.924,Low,25.0,16113.58,644.54,1.0,0.04,0.3705353591899462,0.209,Low
TAXP03017,37,412700,Salary,1,0,41500,0,0.157,0.457,0.726,Low,43.0,16281.44,378.64,1.0,0.023255813953488372,0.37434001682768314,0.319,Low
TAXP03018,51,1391500,Salary+Business,1,0,63500,0,0.263,0.546,0.602,Medium,7.0,5036.38,719.48,0.0,0.0,0.17033203888077095,0.296,Low
TAXP03019,47,853700,Salary,0,1,8300,0,0.175,0.366,0.752,Low,11.0,26140.94,2376.45,1.0,0.09090909090909091,0.5119426695811725,0.367,Low
TAXP03020,51,150000,Salary,1,0,0,0,0.13,0.345,0.971,Low,43.0,14888.49,346.24,4.0,0.09302325581395349,0.6026358194369676,0.287,Low
TAXP03021,22,269000,Salary,1,2,0,1,-0.005,0.111,0.819,Low,5.0,405.33,81.07,1.0,0.2,0.7753159233006953,0.448,Medium
TAXP03022,44,1915700,Salary,0,1,0,0,0.152,0.5,0.818,Low,13.0,17657.57,1358.27,1.0,0.07692307692307693,0.46149177024968163,0.308,Low
TAXP03023,30,868100,Salary,0,1,0,1,-0.171,0.12,0.719,Low,12.0,6438.66,536.55,0.0,0.0,0.18357985023682305,0.237,Low
TAXP03024,31,375500,Professional,0,1,0,1,-0.028,0.248,0.759,Low,6.0,924.99,154.16,0.0,0.0,0.1330690049080719,0.192,Low
TAXP03025,55,574900,Business,0,4,0,0,0.197,0.038,0.707,Low,36.0,9784.36,271.79,2.0,0.05555555555555555,0.44630094353118144,0.362,Low
TAXP03026,27,656200,Salary,1,0,0,0,0.242,0.473,0.948,Low,3.0,2020.48,673.49,0.0,0.0,0.15321346609607805,0.098,Low
TAXP03027,22,1104000,Salary,1,0,0,0,0.097,0.029,0.98,Low,7.0,3743.91,534.84,1.0,0.14285714285714285,0.6353313634869148,0.297,Low
TAXP03028,42,244500,Salary+Investments,1,0,0,1,0.132,0.283,0.863,Low,20.0,10498.33,524.92,2.0,0.1,0.5444770942066068,0.32,Low
TAXP03029,54,354800,Salary,1,1,0,1,0.159,0.375,0.831,Low,5.0,583.62,116.72,1.0,0.2,0.7831510037032581,0.445,Medium
TAXP03030,43,791200,Business,1,3,18200,0,0.209,0.296,0.683,Medium,13.0,11701.38,900.11,0.0,0.0,0.19871906161280195,0.264,Low
TAXP03031,28,604900,Business,0,3,0,1,0.068,0.591,0.629,Medium,4.0,5791.47,1447.87,0.0,0.0,0.17373757076572263,0.282,Low
TAXP03032,55,981100,Business,1,0,0,0,-0.057,0.365,0.967,Low,8.0,9897.1,1237.14,2.0,0.25,1.0,0.468,Medium
TAXP03033,38,268200,Salary+Investments,1,0,0,0,0.162,0.062,0.919,Low,43.0,19267.34,448.08,2.0,0.046511627906976744,0.454731781132935,0.249,Low
TAXP03034,52,840600,Professional,1,3,0,0,0.413,0.581,0.782,Low,22.0,14760.78,670.94,0.0,0.0,0.22764105865910833,0.222,Low
TAXP03035,30,1426400,Multiple,1,4,35100,0,-0.048,0.324,0.616,Medium,9.0,14512.91,1612.55,0.0,0.0,0.19568303990752264,0.299,Low
TAXP03036,62,922900,Salary+Investments,1,0,0,0,0.08,0.06,0.98,Low,31.0,15400.42,496.79,1.0,0.03225806451612903,0.3628723331170793,0.174,Low
TAXP03037,33,718500,Salary,1,0,6600,0,0.038,0.336,0.92,Low,14.0,5442.0,388.71,0.0,0.0,0.1844391645687999,0.127,Low
TAXP03038,64,606600,Salary,1,0,0,2,0.486,0.419,0.867,Low,3.0,837.25,279.08,0.0,0.0,0.13412896291973375,0.134,Low
TAXP03039,37,356300,Salary,1,2,9200,2,-0.054,0.088,0.741,Low,33.0,13119.09,397.55,2.0,0.06060606060606061,0.4594356933797771,0.349,Low
TAXP03040,53,617200,Salary,1,0,0,0,0.074,0.697,0.92,Low,6.0,859.04,143.17,0.0,0.0,0.1314735649860075,0.103,Low
TAXP03041,43,1610000,Business,1,1,0,0,0.042,0.156,0.915,Low,6.0,6347.76,1057.96,0.0,0.0,0.17477325818918887,0.125,Low
TAXP03042,24,596600,Salary,1,1,0,0,-0.101,0.268,0.98,Low,3.0,16671.23,5557.08,0.0,0.0,0.19901076989470196,0.101,Low
TAXP03043,25,342500,Salary,1,0,0,0,-0.109,0.214,0.98,Low,4.0,474.87,118.72,0.0,0.0,0.11959406621263625,0.065,Low
TAXP03044,39,456000,Salary,0,1,62500,0,0.191,0.171,0.498,Medium,9.0,11962.64,1329.18,0.0,0.0,0.19148953893943332,0.362,Low
TAXP03045,29,751100,Professional,1,2,21700,1,0.213,0.089,0.728,Low,12.0,5319.07,443.26,0.0,0.0,0.17944036549733364,0.23,Low
TAXP03046,48,496700,Professional,1,0,0,0,0.01,0.022,0.98,Low,1.0,3412.85,3412.85,0.0,0.0,0.1805836369254774,0.092,Low
TAXP03047,27,921900,Multiple,1,0,95000,0,0.325,0.155,0.523,Medium,28.0,15683.69,560.13,2.0,0.07142857142857142,0.4829713314094474,0.48,Medium
TAXP03048,47,947100,Salary,1,0,0,0,-0.26,0.393,0.93,Low,13.0,6422.71,494.05,1.0,0.07692307692307693,0.43955908466568455,0.236,Low
TAXP03049,30,1232800,Salary,1,0,1900,0,-0.101,0.465,0.949,Low,19.0,11044.55,581.29,1.0,0.05263157894736842,0.3864509394584497,0.202,Low
TAXP03050,29,1811500,Multiple,1,0,0,2,-0.032,0.066,0.863,Low,20.0,16528.19,826.41,0.0,0.0,0.22431727098434986,0.176,Low
TAXP03051,37,1331400,Professional,1,0,0,1,0.099,0.039,0.98,Low,3.0,4900.17,1633.39,0.0,0.0,0.17243235114919597,0.089,Low
TAXP03052,47,331700,Business,1,1,0,0,0.028,0.036,0.952,Low,17.0,3526.18,207.42,0.0,0.0,0.18261378068010392,0.109,Low
TAXP03053,38,339100,Business,1,1,0,0,0.068,0.184,0.872,Low,23.0,5722.01,248.78,2.0,0.08695652173913043,0.4970306436941857,0.294,Low
TAXP03054,36,615500,Salary,1,0,19500,1,0.178,0.313,0.818,Low,23.0,17082.48,742.72,0.0,0.0,0.233766325203029,0.205,Low
TAXP03055,36,469700,Salary+Investments,1,0,0,0,0.333,0.122,0.98,Low,5.0,1128.06,225.61,0.0,0.0,0.1373718860363981,0.073,Low
TAXP03056,36,286400,Professional,0,0,0,1,0.228,0.378,0.747,Low,4.0,908.01,227.0,1.0,0.25,0.9585831525551511,0.571,Medium
TAXP03057,39,472900,Business,1,0,30400,0,0.109,0.299,0.764,Low,12.0,2987.53,248.96,0.0,0.0,0.16695231758541124,0.205,Low
TAXP03058,58,461900,Business,1,2,0,1,0.087,0.154,0.858,Low,12.0,3935.83,327.99,1.0,0.08333333333333333,0.4479175740566243,0.28,Low
TAXP03059,47,400700,Salary,1,0,0,1,0.276,0.475,0.906,Low,14.0,3464.51,247.46,0.0,0.0,0.17466511778609922,0.13,Low
TAXP03060,39,517800,Salary,1,0,0,0,0.401,0.424,0.903,Low,16.0,2076.68,129.79,1.0,0.0625,0.37482414817111787,0.222,Low
TAXP03061,54,1518500,Salary+Business,1,1,0,0,0.202,0.163,0.914,Low,44.0,107374.49,2440.33,3.0,0.06818181818181818,0.5669301908181997,0.302,Low
TAXP03062,44,750300,Business,1,0,2900,0,0.022,0.42,0.93,Low,19.0,7597.05,399.84,1.0,0.05263157894736842,0.37834271068334074,0.209,Low
TAXP03063,63,3853300,Salary,1,3,0,0,0.141,0.232,0.82,Low,5.0,6469.24,1293.85,1.0,0.2,0.8352186474921154,0.475,Medium
TAXP03064,46,734900,Salary,1,0,0,0,0.193,0.234,0.967,Low,17.0,12390.21,728.84,0.0,0.0,0.2098278029003528,0.113,Low
TAXP03065,30,527500,Multiple,1,0,0,0,0.011,0.344,0.93,Low,5.0,2022.92,404.58,0.0,0.0,0.1500117705731659,0.106,Low
TAXP03066,46,651900,Salary,1,2,0,0,0.239,0.276,0.816,Low,14.0,4887.68,349.12,0.0,0.0,0.1821126962807979,0.183,Low
TAXP03067,55,781800,Salary,0,1,0,0,0.142,0.156,0.845,Low,10.0,3295.21,329.52,0.0,0.0,0.1651755297705169,0.16,Low
TAXP03068,30,889200,Professional,1,1,0,0,0.286,0.333,0.872,Low,9.0,7688.7,854.3,0.0,0.0,0.18189991390897498,0.152,Low
TAXP03069,30,2899200,Salary+Business,1,0,35300,0,-0.056,0.209,0.795,Low,12.0,69305.06,5775.42,0.0,0.0,0.23514160457885444,0.219,Low
TAXP03070,47,353700,Professional,1,0,0,0,-0.179,0.296,0.98,Low,17.0,8900.93,523.58,2.0,0.11764705882352941,0.5908925995507891,0.277,Low
TAXP03071,60,1206500,Salary+Investments,0,1,230100,0,0.037,0.331,0.02,High,5.0,4521.64,904.33,0.0,0.0,0.1674480123478294,0.614,Medium
TAXP03072,36,754900,Salary,0,0,0,1,0.104,0.066,0.832,Low,8.0,3880.11,485.01,1.0,0.125,0.5782048601519584,0.353,Low
TAXP03073,43,209700,Multiple,1,2,6500,1,-0.188,0.395,0.735,Low,13.0,3771.82,290.14,0.0,0.0,0.17418537902629594,0.224,Low
TAXP03074,50,1132200,Salary+Investments,1,2,0,0,0.003,0.267,0.916,Low,6.0,7065.16,1177.53,1.0,0.16666666666666666,0.7270962490692001,0.373,Low
TAXP03075,50,1619200,Business,1,0,7000,0,0.305,0.186,0.98,Low,58.0,76778.36,1323.76,3.0,0.05172413793103448,0.5267964590357277,0.248,Low
TAXP03076,27,350700,Professional,1,0,0,0,0.185,0.022,0.98,Low,23.0,4625.54,201.11,0.0,0.0,0.20547541511817916,0.103,Low
TAXP03077,38,645800,Salary,1,0,0,2,0.122,0.035,0.906,Low,5.0,6184.33,1236.87,0.0,0.0,0.17424139054983684,0.13,Low
TAXP03078,65,187700,Business,1,0,0,0,-0.069,0.54,0.904,Low,22.0,6818.01,309.91,1.0,0.045454545454545456,0.3609061043423803,0.215,Low
TAXP03079,60,262600,Salary,1,1,30200,1,0.3,0.112,0.709,Low,28.0,5545.85,198.07,3.0,0.10714285714285714,0.578325112582867,0.42,Medium
TAXP03080,55,1382400,Salary,1,0,64500,0,0.033,0.296,0.611,Medium,22.0,33993.15,1545.14,1.0,0.045454545454545456,0.3957368567788945,0.392,Low
TAXP03081,22,464600,Multiple,1,2,29300,0,0.115,0.365,0.726,Low,9.0,1837.35,204.15,0.0,0.0,0.15089759330080432,0.219,Low
TAXP03082,39,292500,Salary,1,1,0,0,0.165,0.569,0.929,Low,10.0,1954.07,195.41,0.0,0.0,0.15387343478968546,0.108,Low
TAXP03083,23,766800,Business,1,0,0,0,0.127,0.548,0.892,Low,20.0,12083.18,604.16,0.0,0.0,0.21752472656236338,0.157,Low
TAXP03084,34,446200,Salary,1,0,0,0,0.339,0.483,0.952,Low,9.0,7453.23,828.14,0.0,0.0,0.18122529695581333,0.108,Low
TAXP03085,59,463100,Salary,1,1,0,0,0.192,0.154,0.904,Low,28.0,6688.51,238.88,3.0,0.10714285714285714,0.5823745284967684,0.315,Low
TAXP03086,38,1106900,Salary,1,1,0,0,0.154,0.089,0.948,Low,23.0,20028.08,870.79,1.0,0.043478260869565216,0.38069470828765933,0.2,Low
TAXP03087,28,281600,Salary,0,1,15500,0,0.086,0.152,0.71,Low,32.0,5575.07,174.22,2.0,0.0625,0.44391939862372065,0.359,Low
TAXP03088,53,338700,Professional,1,0,0,0,0.169,0.064,0.973,Low,29.0,10992.6,379.06,2.0,0.06896551724137931,0.4703039174269659,0.226,Low
TAXP03089,55,726300,Multiple,0,2,0,0,0.066,0.041,0.774,Low,24.0,11109.59,462.9,1.0,0.041666666666666664,0.3649387303803341,0.289,Low
TAXP03090,50,1306300,Business,1,1,0,0,0.13,0.468,0.884,Low,2.0,2622.61,1311.3,0.0,0.0,0.16374474101780304,0.137,Low
TAXP03091,57,1585200,Multiple,1,0,0,0,0.045,0.108,0.98,Low,11.0,11941.92,1085.63,2.0,0.18181818181818182,0.7949411894301651,0.369,Low
TAXP03092,52,402700,Professional,1,1,0,0,0.02,0.099,0.98,Low,14.0,5834.32,416.74,1.0,0.07142857142857142,0.42166128727615915,0.201,Low
TAXP03093,49,1276500,Professional,1,0,0,0,-0.047,0.467,0.94,Low,35.0,21912.58,626.07,1.0,0.02857142857142857,0.37140642457992123,0.2,Low
TAXP03094,61,369600,Salary,1,0,0,0,0.057,0.22,0.935,Low,13.0,2116.92,162.84,1.0,0.07692307692307693,0.4155474467973318,0.223,Low
TAXP03095,35,2420800,Salary,1,1,0,0,0.046,0.409,0.911,Low,17.0,36613.69,2153.75,0.0,0.0,0.2333363308010875,0.154,Low
TAXP03096,41,287300,Salary+Investments,0,1,0,0,0.393,0.382,0.783,Low,30.0,10970.94,365.7,0.0,0.0,0.24586237452220222,0.23,Low
TAXP03097,46,1691700,Business,1,0,15700,0,0.259,0.31,0.863,Low,21.0,47391.81,2256.75,0.0,0.0,0.2500366155560785,0.188,Low
TAXP03098,51,405200,Salary,1,0,0,0,0.079,0.17,0.944,Low,7.0,2136.71,305.24,0.0,0.0,0.15175427211638423,0.099,Low
TAXP03099,42,2769700,Salary+Business,1,0,42500,0,0.032,0.24,0.765,Low,34.0,90845.22,2671.92,2.0,0.058823529411764705,0.4988001152543964,0.354,Low
TAXP03100,40,995000,Salary,1,0,13700,0,0.198,0.37,0.933,Low,30.0,23513.27,783.78,2.0,0.06666666666666667,0.48238420953334255,0.254,Low
TAXP03101,28,312800,Salary+Business,1,1,0,0,0.411,0.298,0.893,Low,20.0,5144.31,257.22,0.0,0.0,0.19903038321221733,0.148,Low
TAXP03102,49,446300,Salary,1,0,0,1,0.227,0.096,0.914,Low,27.0,16301.92,603.77,6.0,0.2222222222222222,0.9782952503297091,0.488,Medium
TAXP03103,26,1140700,Multiple,1,0,11200,0,-0.175,0.338,0.892,Low,48.0,31744.31,661.34,4.0,0.08333333333333333,0.6042892139565416,0.331,Low
TAXP03104,42,1387000,Salary,1,0,0,0,0.238,0.273,0.976,Low,50.0,52770.95,1055.42,3.0,0.06,0.5452701102256058,0.259,Low
TAXP03105,39,617700,Salary,1,1,0,1,0.266,0.772,0.798,Low,27.0,8544.19,316.45,1.0,0.037037037037037035,0.35318833442652375,0.27,Low
TAXP03106,55,671200,Professional,1,1,20100,0,0.452,0.176,0.813,Low,47.0,23624.57,502.65,7.0,0.14893617021276595,0.8109094301020539,0.468,Medium
TAXP03107,42,1122100,Salary,1,1,2700,1,0.06,0.141,0.887,Low,16.0,42699.66,2668.73,2.0,0.125,0.6465683061496303,0.353,Low
TAXP03108,21,714700,Multiple,1,0,12600,1,0.122,0.122,0.875,Low,31.0,35487.27,1144.75,4.0,0.12903225806451613,0.7003294517332671,0.384,Low
TAXP03109,43,256100,Professional,1,1,42700,2,0.172,0.388,0.578,Medium,29.0,7526.12,259.52,1.0,0.034482758620689655,0.3483106571685637,0.389,Low
TAXP03110,30,362000,Salary,1,0,0,1,-0.022,0.434,0.895,Low,8.0,1302.3,162.79,0.0,0.0,0.14208649055662903,0.122,Low
TAXP03111,38,769900,Salary,1,1,0,0,-0.037,0.505,0.919,Low,33.0,16921.16,512.76,0.0,0.0,0.26494976385424984,0.164,Low
TAXP03112,34,1559500,Multiple,1,2,23500,0,0.164,0.175,0.751,Low,,,,,,,,Low
TAXP03113,28,2080700,Professional,1,0,0,0,-0.147,0.478,0.93,Low,2.0,2174.84,1087.42,0.0,0.0,0.15968283104202244,0.11,Low
TAXP03114,63,1139400,Salary+Investments,1,1,0,0,-0.111,0.167,0.91,Low,33.0,35604.25,1078.92,0.0,0.0,0.2810811451590588,0.176,Low
TAXP03115,32,799400,Salary,1,1,0,0,0.231,0.291,0.894,Low,4.0,2292.09,573.02,1.0,0.25,0.9786326004818833,0.499,Medium
TAXP03116,43,1114500,Multiple,1,0,13700,0,0.18,0.112,0.862,Low,7.0,7355.05,1050.72,0.0,0.0,0.17854588528619536,0.156,Low
TAXP03117,58,402200,Business,1,1,0,0,0.3,0.329,0.878,Low,29.0,11229.94,387.24,2.0,0.06896551724137931,0.47076655999222183,0.279,Low
TAXP03118,37,582100,Professional,1,2,19500,0,0.174,0.274,0.698,Medium,16.0,7620.84,476.3,1.0,0.0625,0.4029346671566738,0.347,Low
TAXP03119,63,359100,Salary,1,0,0,0,0.102,0.77,0.881,Low,6.0,1283.33,213.89,1.0,0.16666666666666666,0.6901399523544833,0.376,Low
TAXP03120,39,264500,Salary,1,0,0,0,0.306,0.259,0.921,Low,9.0,1359.66,151.07,0.0,0.0,0.1443966761550791,0.108,Low
TAXP03121,63,826400,Multiple,0,0,0,0,0.032,0.113,0.91,Low,27.0,17520.99,648.93,0.0,0.0,0.24652541148499893,0.16,Low
TAXP03122,41,742900,Multiple,1,0,19300,0,0.047,0.319,0.839,Low,10.0,5672.41,567.24,1.0,0.1,0.5069421949445502,0.317,Low
TAXP03123,21,1066400,Salary,1,1,0,2,0.09,0.279,0.79,Low,60.0,36410.28,606.84,2.0,0.03333333333333333,0.44918927146393833,0.318,Low
TAXP03124,60,963100,Multiple,1,0,196800,0,0.172,0.379,0.02,High,35.0,25001.46,714.33,2.0,0.05714285714285714,0.46855145046264995,0.75,High
TAXP03125,59,774100,Salary,1,1,0,0,0.089,0.427,0.977,Low,6.0,3118.28,519.71,0.0,0.0,0.15935922870096433,0.084,Low
TAXP03126,64,970400,Salary,0,1,0,0,-0.138,0.15,0.892,Low,38.0,25376.64,667.81,3.0,0.07894736842105263,0.5508108192149146,0.307,Low
TAXP03127,26,630300,Salary,1,0,0,0,0.057,0.041,0.98,Low,23.0,15207.92,661.21,0.0,0.0,0.23124587096731763,0.115,Low
TAXP03128,58,875000,Salary,1,2,25600,1,0.095,0.247,0.713,Low,38.0,17886.62,470.7,3.0,0.07894736842105263,0.543229125558673,0.402,Medium
TAXP03129,36,385300,Salary,0,0,0,0,0.118,0.494,0.876,Low,26.0,5445.43,209.44,0.0,0.0,0.2181170583909896,0.166,Low
TAXP03130,58,848200,Salary,1,0,10500,0,0.028,0.208,0.91,Low,4.0,1420.24,355.06,0.0,0.0,0.14326232307443956,0.114,Low
TAXP03131,64,1051800,Salary,1,1,0,1,0.181,0.149,0.917,Low,18.0,9456.76,525.38,1.0,0.05555555555555555,0.3899862360836967,0.221,Low
TAXP03132,29,401300,Salary+Business,1,1,0,0,-0.158,0.147,0.98,Low,11.0,1197.02,108.82,0.0,0.0,0.14517123824547995,0.076,Low
TAXP03133,37,674700,Salary+Investments,0,0,0,1,0.167,0.473,0.701,Low,8.0,3747.44,468.43,0.0,0.0,0.16495097503212447,0.239,Low
TAXP03134,33,414900,Professional,1,0,0,1,0.387,0.272,0.882,Low,15.0,7128.37,475.22,2.0,0.13333333333333333,0.6327140074410791,0.35,Low
TAXP03135,34,444900,Salary,1,1,0,0,0.003,0.32,0.936,Low,33.0,10463.57,317.08,4.0,0.12121212121212122,0.6545383293470839,0.33,Low
TAXP03136,47,289200,Salary+Business,0,1,0,1,0.109,0.305,0.796,Low,9.0,1660.26,184.47,1.0,0.1111111111111111,0.515374759663721,0.344,Low
TAXP03137,39,1617000,Salary,1,1,0,0,0.06,0.178,0.963,Low,54.0,89321.39,1654.1,2.0,0.037037037037037035,0.4831632919355456,0.238,Low
TAXP03138,50,1400100,Salary+Business,1,2,0,0,0.063,0.12,0.913,Low,27.0,19622.45,726.76,3.0,0.1111111111111111,0.6156482270419295,0.325,Low
TAXP03139,51,957100,Business,1,0,0,0,-0.065,0.196,0.98,Low,12.0,13728.46,1144.04,0.0,0.0,0.1999996919938924,0.101,Low
TAXP03140,30,2689100,Salary,1,1,0,0,0.419,0.149,0.925,Low,11.0,16295.72,1481.43,1.0,0.09090909090909091,0.5016858136344974,0.267,Low
TAXP03141,22,567200,Salary,1,1,0,0,0.162,0.214,0.964,Low,12.0,5422.5,451.88,1.0,0.08333333333333333,0.45485762553454434,0.224,Low
TAXP03142,54,5766600,Salary+Investments,1,0,0,0,-0.007,0.359,0.98,Low,10.0,189034.89,18903.49,0.0,0.0,0.25304374767721644,0.125,Low
TAXP03143,29,551800,Multiple,1,2,0,0,-0.026,0.312,0.934,Low,8.0,6664.2,833.02,0.0,0.0,0.17743137559827452,0.116,Low
TAXP03144,29,781100,Professional,1,0,0,0,0.11,0.256,0.98,Low,12.0,3762.31,313.53,1.0,0.08333333333333333,0.4469415311424057,0.212,Low
TAXP03145,48,488100,Multiple,1,0,0,0,-0.247,0.166,0.98,Low,12.0,2321.84,193.49,0.0,0.0,0.1615032157724917,0.084,Low
TAXP03146,32,849800,Multiple,0,1,0,0,0.268,0.152,0.823,Low,17.0,23220.98,1365.94,1.0,0.058823529411764705,0.4175716501530071,0.285,Low
TAXP03147,29,1186300,Salary,1,1,0,0,0.018,0.21,0.942,Low,13.0,26479.78,2036.91,0.0,0.0,0.21643945747903093,0.129,Low
TAXP03148,34,598800,Salary+Business,0,0,0,1,0.162,0.405,0.764,Low,19.0,9523.45,501.23,2.0,0.10526315789473684,0.5569234222801258,0.38,Low
TAXP03149,44,2336000,Salary,1,0,46600,0,0.17,0.352,0.7,Medium,2.0,1518.75,759.38,0.0,0.0,0.15189440360773637,0.233,Low
TAXP03150,59,772100,Business,1,0,8300,0,0.254,0.433,0.877,Low,15.0,48699.32,3246.62,1.0,0.06666666666666667,0.45440164618652557,0.272,Low
TAXP03151,65,789800,Salary,1,0,0,0,0.179,0.159,0.98,Low,13.0,11292.41,868.65,0.0,0.0,0.19794741273892041,0.1,Low
TAXP03152,53,337800,Multiple,1,0,0,0,0.219,0.552,0.909,Low,8.0,2469.21,308.65,0.0,0.0,0.15591608271845286,0.12,Low
TAXP03153,61,878600,Salary+Business,1,1,0,1,0.263,0.275,0.935,Low,7.0,1336.12,190.87,0.0,0.0,0.14160172004692076,0.099,Low
TAXP03154,44,590200,Salary,1,0,0,0,0.047,0.485,0.928,Low,26.0,8019.25,308.43,1.0,0.038461538461538464,0.35341206287568616,0.199,Low
TAXP03155,39,419500,Salary,1,1,2700,0,0.444,0.208,0.893,Low,19.0,3731.6,196.4,1.0,0.05263157894736842,0.3629612721794903,0.222,Low
TAXP03156,57,371600,Business,1,0,0,0,0.156,0.325,0.924,Low,1.0,377.24,377.24,0.0,0.0,0.13280982942034697,0.102,Low
TAXP03157,34,4449900,Salary+Business,0,2,0,0,0.096,0.529,0.822,Low,18.0,83064.91,4614.72,3.0,0.16666666666666666,0.8038000358741931,0.46,Medium
TAXP03158,57,537700,Multiple,1,0,9200,0,-0.035,0.284,0.89,Low,22.0,8125.31,369.33,1.0,0.045454545454545456,0.3647039762737409,0.225,Low
TAXP03159,65,227700,Salary,1,1,24300,0,0.067,0.511,0.83,Low,57.0,11735.51,205.89,3.0,0.05263157894736842,0.48947067983223624,0.314,Low
TAXP03160,38,393200,Business,1,1,0,0,0.164,0.408,0.864,Low,2.0,208.32,104.16,0.0,0.0,0.10893557831927862,0.124,Low
TAXP03161,49,626300,Business,1,0,0,0,0.115,0.133,0.98,Low,55.0,39035.0,709.73,3.0,0.05454545454545454,0.5225850251997401,0.246,Low
TAXP03162,56,963500,Salary,1,1,8200,1,0.392,0.037,0.819,Low,15.0,16021.8,1068.12,1.0,0.06666666666666667,0.43027472056149113,0.293,Low
TAXP03163,56,969200,Business,1,1,53200,1,0.038,0.375,0.592,Medium,4.0,364.52,91.13,0.0,0.0,0.1139062427555866,0.276,Low
TAXP03164,30,1058000,Salary,1,1,0,1,0.209,0.229,0.832,Low,14.0,16959.12,1211.37,1.0,0.07142857142857142,0.44479779487972976,0.293,Low
TAXP03165,64,408600,Salary,1,0,63200,1,-0.08,0.257,0.588,Medium,12.0,7211.8,600.98,0.0,0.0,0.186037926186032,0.31,Low
TAXP03166,43,830600,Salary,1,0,0,0,0.449,0.209,0.897,Low,36.0,24509.86,680.83,4.0,0.1111111111111111,0.6495268017944333,0.349,Low
TAXP03167,22,345900,Salary+Investments,1,1,0,0,-0.091,0.112,0.962,Low,11.0,1522.0,138.36,0.0,0.0,0.15034463526808647,0.089,Low
TAXP03168,26,416100,Salary,1,0,0,1,0.432,0.455,0.915,Low,5.0,999.67,199.93,0.0,0.0,0.13476041460972737,0.107,Low
TAXP03169,53,335700,Salary,0,1,0,2,0.078,0.117,0.74,Low,19.0,4914.5,258.66,0.0,0.0,0.19522977564533311,0.231,Low
TAXP03170,40,276300,Salary+Business,1,2,0,1,-0.258,0.169,0.802,Low,17.0,10510.98,618.29,3.0,0.17647058823529413,0.7886142930865062,0.464,Medium
TAXP03171,25,1398600,Multiple,1,0,0,0,0.316,0.226,0.935,Low,35.0,55770.85,1593.45,0.0,0.0,0.2973853470276361,0.17,Low
TAXP03172,44,1067200,Business,1,0,0,0,0.113,0.397,0.98,Low,36.0,31881.61,885.6,1.0,0.027777777777777776,0.38022940238899344,0.182,Low
TAXP03173,47,1313100,Salary,1,1,20000,1,0.027,0.336,0.795,Low,40.0,60010.61,1500.27,3.0,0.075,0.5631854787490259,0.366,Low
TAXP03174,24,668700,Professional,1,1,0,0,0.203,0.208,0.91,Low,69.0,63353.41,918.17,2.0,0.028985507246376812,0.4438217277204718,0.249,Low
TAXP03175,36,1137100,Salary,1,1,0,0,0.206,0.403,0.857,Low,54.0,35287.03,653.46,4.0,0.07407407407407407,0.585238594296258,0.342,Low
TAXP03176,41,182900,Professional,0,0,54400,1,0.166,0.093,0.555,Medium,38.0,11734.65,308.81,2.0,0.05263157894736842,0.4472582419859632,0.446,Medium
TAXP03177,56,1210000,Salary,1,1,0,0,0.282,0.445,0.942,Low,18.0,12526.51,695.92,0.0,0.0,0.21274717166405827,0.128,Low
TAXP03178,50,738400,Salary,1,0,9400,0,0.14,0.171,0.891,Low,16.0,7906.76,494.17,1.0,0.0625,0.4037328068888984,0.242,Low
TAXP03179,24,1021000,Salary,1,0,0,0,0.204,0.265,0.98,Low,35.0,30810.98,880.31,3.0,0.08571428571428572,0.5673684433288573,0.266,Low
TAXP03180,48,854600,Salary+Business,1,0,0,0,0.017,0.12,0.968,Low,10.0,4160.42,416.04,0.0,0.0,0.17022456221528195,0.094,Low
TAXP03181,61,319400,Salary,1,1,0,1,0.222,0.077,0.958,Low,10.0,3052.41,305.24,0.0,0.0,0.16351874501904323,0.097,Low
TAXP03182,23,221000,Salary,1,1,0,0,0.017,0.059,0.951,Low,33.0,6716.79,203.54,0.0,0.0,0.2449504804186845,0.137,Low
TAXP03183,65,389300,Business,1,2,0,1,-0.08,0.267,0.837,Low,6.0,3016.32,502.72,0.0,0.0,0.15863875414519749,0.161,Low
TAXP03184,25,976200,Salary+Business,1,1,0,1,0.067,0.136,0.913,Low,9.0,6586.34,731.82,0.0,0.0,0.17854372720134476,0.128,Low
TAXP03185,49,1068300,Salary,1,0,0,0,0.056,0.268,0.919,Low,6.0,3689.14,614.86,0.0,0.0,0.16300327297166223,0.118,Low
TAXP03186,36,242800,Professional,0,1,0,1,0.248,0.152,0.756,Low,36.0,13041.24,362.26,4.0,0.1111111111111111,0.6358537057384466,0.42,Medium
TAXP03187,53,320700,Professional,1,2,0,0,-0.133,0.3,0.875,Low,4.0,1605.58,401.4,0.0,0.0,0.1459187901774007,0.134,Low
TAXP03188,58,386200,Salary,1,1,0,0,0.275,0.313,0.915,Low,8.0,3705.53,463.19,0.0,0.0,0.16470728069465085,0.121,Low
TAXP03189,59,502600,Multiple,1,1,0,0,0.0,0.456,0.935,Low,9.0,2823.45,313.72,0.0,0.0,0.1601899963020889,0.108,Low
TAXP03190,60,243800,Salary+Investments,1,1,3000,1,-0.294,0.504,0.756,Low,17.0,5401.43,317.73,2.0,0.11764705882352941,0.5800730793509653,0.395,Low
TAXP03191,57,233500,Salary,1,3,0,0,-0.093,0.348,0.833,Low,16.0,5188.7,324.29,0.0,0.0,0.18835877488745753,0.177,Low
TAXP03192,34,359700,Salary,0,1,86300,0,0.051,0.332,0.287,High,22.0,10151.93,461.45,3.0,0.13636363636363635,0.669527697281946,0.693,High
TAXP03193,41,691600,Salary,1,1,17100,0,0.171,0.111,0.873,Low,20.0,10799.56,539.98,0.0,0.0,0.2150902340479198,0.167,Low
TAXP03194,53,277800,Salary,1,2,0,0,0.079,0.195,0.882,Low,22.0,5518.18,250.83,0.0,0.0,0.20632946524243517,0.158,Low
TAXP03195,28,598000,Business,1,1,0,1,-0.094,0.273,0.887,Low,22.0,15232.54,692.39,0.0,0.0,0.22832320818371582,0.165,Low
TAXP03196,46,1392900,Salary+Investments,1,0,0,0,-0.025,0.33,0.98,Low,,,,,,,,Low
TAXP03197,44,254600,Salary+Investments,1,1,60400,3,-0.091,0.092,0.484,Medium,19.0,2883.9,151.78,1.0,0.05263157894736842,0.3573978433163904,0.445,Medium
TAXP03198,65,560200,Salary,1,0,0,1,0.141,0.294,0.854,Low,19.0,7145.7,376.09,1.0,0.05263157894736842,0.37701612302508175,0.25,Low
TAXP03199,23,1359400,Business,1,2,0,1,0.086,0.103,0.796,Low,45.0,37619.28,835.98,2.0,0.044444444444444446,0.4692729857701289,0.323,Low
TAXP03200,25,481000,Salary,1,1,6600,0,0.198,0.356,0.871,Low,6.0,2845.45,474.24,0.0,0.0,0.15737502102233183,0.142,Low
TAXP03201,22,430100,Business,0,0,0,0,-0.183,0.226,0.894,Low,12.0,2695.98,224.66,0.0,0.0,0.1647319316434176,0.132,Low
TAXP03202,45,1502200,Salary,1,0,0,0,0.015,0.225,0.965,Low,25.0,44942.06,1797.68,2.0,0.08,0.5247867985828789,0.255,Low
TAXP03203,45,521400,Multiple,1,0,0,1,0.425,0.435,0.899,Low,38.0,17330.53,456.07,0.0,0.0,0.282018465647902,0.182,Low
TAXP03204,47,1439700,Salary+Investments,0,4,19500,0,0.203,0.308,0.583,Medium,9.0,3811.91,423.55,0.0,0.0,0.1666902184553022,0.304,Low
TAXP03205,31,885200,Salary,0,1,0,1,0.053,0.137,0.744,Low,11.0,3922.84,356.62,0.0,0.0,0.17080834435098824,0.218,Low
TAXP03206,34,507800,Professional,1,1,0,0,-0.058,0.173,0.977,Low,11.0,7058.09,641.64,0.0,0.0,0.1835356742416098,0.095,Low
TAXP03207,39,918100,Business,1,0,0,1,0.277,0.363,0.893,Low,5.0,6565.22,1313.04,1.0,0.2,0.8355382030768262,0.435,Medium
TAXP03208,23,818700,Salary+Business,1,0,0,0,0.345,0.136,0.95,Low,14.0,9662.42,690.17,1.0,0.07142857142857142,0.43259545691503254,0.222,Low
TAXP03209,54,1355600,Business,1,0,20900,0,-0.084,0.309,0.833,Low,14.0,18889.3,1349.24,0.0,0.0,0.21142230438670143,0.187,Low
TAXP03210,23,438000,Salary,1,1,0,1,-0.069,0.214,0.923,Low,10.0,1612.35,161.23,0.0,0.0,0.14972281794596193,0.11,Low
TAXP03211,51,669600,Professional,1,1,0,0,0.145,0.353,0.851,Low,9.0,3042.72,338.08,0.0,0.0,0.16180911648234012,0.155,Low
TAXP03212,41,621800,Salary,1,0,12200,0,0.16,0.547,0.863,Low,23.0,17530.97,762.22,1.0,0.043478260869565216,0.3778065898992706,0.245,Low
TAXP03213,65,1079200,Business,1,1,0,1,0.177,0.511,0.843,Low,21.0,10198.72,485.65,0.0,0.0,0.21671380959382774,0.184,Low
TAXP03214,52,310700,Salary,1,0,0,0,0.395,0.247,0.98,Low,2.0,783.1,391.55,0.0,0.0,0.13753777368891346,0.073,Low
TAXP03215,42,1351800,Professional,1,2,11800,1,-0.055,0.368,0.785,Low,6.0,3069.57,511.6,0.0,0.0,0.15901801236313126,0.19,Low
TAXP03216,52,909300,Salary+Investments,1,1,10800,0,0.106,0.246,0.88,Low,47.0,37749.53,803.18,3.0,0.06382978723404255,0.5402196008002338,0.309,Low
TAXP03217,26,251800,Salary,0,2,0,0,0.215,0.265,0.749,Low,12.0,2565.58,213.8,1.0,0.08333333333333333,0.4386602676139854,0.335,Low
TAXP03218,29,1551400,Salary,1,0,0,0,0.214,0.24,0.952,Low,5.0,4314.05,862.81,0.0,0.0,0.16642862698111527,0.101,Low
TAXP03219,43,3247100,Salary+Business,1,1,0,0,-0.004,0.521,0.914,Low,14.0,24492.55,1749.47,2.0,0.14285714285714285,0.6884880983887599,0.357,Low
TAXP03220,59,1337100,Salary,1,1,0,0,0.003,0.201,0.883,Low,4.0,1348.26,337.06,0.0,0.0,0.14213617519824925,0.128,Low
TAXP03221,57,1816000,Business,1,1,0,0,0.027,0.24,0.942,Low,75.0,91817.46,1224.23,4.0,0.05333333333333334,0.5304107966080083,0.271,Low
TAXP03222,37,691200,Professional,1,1,0,2,0.373,0.233,0.802,Low,1.0,233.37,233.37,0.0,0.0,0.12241656670571895,0.164,Low
TAXP03223,33,196500,Salary,1,1,0,2,-0.057,0.109,0.8,Low,6.0,3176.54,529.42,0.0,0.0,0.15976042445854932,0.182,Low
TAXP03224,64,172300,Salary+Investments,1,0,0,0,0.048,0.196,0.98,Low,7.0,3954.19,564.88,0.0,0.0,0.1650872425429809,0.085,Low
TAXP03225,46,781000,Business,1,1,2200,0,0.224,0.45,0.932,Low,21.0,15414.16,734.01,1.0,0.047619047619047616,0.38281026588756967,0.21,Low
TAXP03226,26,424400,Professional,1,1,900,1,-0.074,0.231,0.887,Low,1.0,718.21,718.21,0.0,0.0,0.14676423041953807,0.128,Low
TAXP03227,31,336500,Salary,1,1,22600,1,0.141,0.244,0.723,Low,97.0,34539.26,356.07,11.0,0.1134020618556701,0.7018646560987061,0.468,Medium
TAXP03228,58,621300,Salary,1,2,0,0,-0.204,0.171,0.876,Low,22.0,6578.6,299.03,1.0,0.045454545454545456,0.3601324389349143,0.23,Low
TAXP03229,61,1012500,Salary,1,0,0,1,0.131,0.434,0.876,Low,1.0,716.89,716.89,0.0,0.0,0.1467243397800977,0.134,Low
TAXP03230,61,228400,Salary+Investments,0,2,0,1,0.108,0.223,0.755,Low,44.0,11506.49,261.51,2.0,0.045454545454545456,0.44350630114448597,0.334,Low
TAXP03231,21,470500,Salary+Investments,1,1,0,0,0.126,0.032,0.98,Low,18.0,3291.99,182.89,0.0,0.0,0.18381584577648202,0.094,Low
TAXP03232,58,1927700,Salary+Business,1,1,25700,1,-0.039,0.226,0.727,Low,8.0,27943.64,3492.96,1.0,0.125,0.6210382604979983,0.43,Medium
TAXP03233,26,299700,Salary,1,0,0,0,0.136,0.296,0.951,Low,6.0,1450.3,241.72,0.0,0.0,0.14278428813820365,0.091,Low
TAXP03234,57,1215900,Business,1,2,0,0,0.094,0.256,0.908,Low,25.0,13358.78,534.35,2.0,0.08,0.49847103620828637,0.275,Low
TAXP03235,60,458500,Salary+Business,1,1,0,0,0.308,0.46,0.93,Low,14.0,4051.37,289.38,1.0,0.07142857142857142,0.41376474165030935,0.225,Low
TAXP03236,37,962900,Professional,1,0,0,0,0.202,0.025,0.98,Low,6.0,3704.94,617.49,0.0,0.0,0.16309592464790876,0.084,Low
TAXP03237,29,1432300,Salary,1,3,32300,0,-0.132,0.284,0.66,Medium,21.0,17786.66,846.98,0.0,0.0,0.22877219201854243,0.29,Low
TAXP03238,53,1108400,Salary+Investments,1,0,0,0,-0.033,0.469,0.98,Low,10.0,7442.65,744.26,1.0,0.1,0.5128310978257518,0.242,Low
TAXP03239,24,1250800,Salary,1,0,0,0,0.001,0.168,0.98,Low,12.0,8312.81,692.73,1.0,0.08333333333333333,0.46411835434826854,0.22,Low
TAXP03240,47,283700,Salary,1,0,0,1,0.129,0.2,0.974,Low,31.0,8860.35,285.82,0.0,0.0,0.24444882133711568,0.124,Low
TAXP03241,35,1449300,Salary+Investments,1,1,0,0,0.073,0.237,0.949,Low,45.0,59923.79,1331.64,2.0,0.044444444444444446,0.4793727578142385,0.244,Low
TAXP03242,40,351800,Business,1,1,0,0,0.072,0.121,0.98,Low,25.0,9636.6,385.46,2.0,0.08,0.4913945555612349,0.232,Low
TAXP03243,58,783600,Salary,1,0,0,1,0.551,0.111,0.911,Low,27.0,11888.66,440.32,0.0,0.0,0.23811995500436098,0.156,Low
TAXP03244,65,782800,Business,0,0,18000,0,0.018,0.29,0.78,Low,27.0,25043.5,927.54,1.0,0.037037037037037035,0.37649440784176763,0.29,Low
TAXP03245,39,921700,Multiple,0,1,83200,3,0.323,0.262,0.162,High,7.0,2527.7,361.1,0.0,0.0,0.15539229550514877,0.531,Medium
TAXP03246,34,828500,Salary,1,2,0,0,0.076,0.285,0.864,Low,18.0,4804.96,266.94,1.0,0.05555555555555555,0.37532352092667626,0.244,Low
TAXP03247,58,354000,Salary+Business,1,1,11400,0,-0.249,0.424,0.884,Low,32.0,21605.91,675.18,1.0,0.03125,0.3701183397585432,0.23,Low
TAXP03248,39,245900,Salary,1,0,0,0,0.131,0.133,0.948,Low,17.0,4017.12,236.3,0.0,0.0,0.1854315580757629,0.112,Low
TAXP03249,29,1218100,Salary,1,0,0,0,0.279,0.117,0.979,Low,14.0,8056.66,575.48,0.0,0.0,0.19294089169078601,0.098,Low
TAXP03250,61,743100,Business,1,2,0,0,0.201,0.223,0.847,Low,20.0,8804.45,440.22,1.0,0.05,0.3756641402457108,0.253,Low
TAXP03251,65,1487000,Business,0,2,6700,0,0.141,0.207,0.769,Low,3.0,517.42,172.47,1.0,0.3333333333333333,1.0,0.577,Medium
TAXP03252,34,629400,Salary,0,1,490700,0,0.104,0.208,0.02,High,6.0,1100.27,183.38,1.0,0.16666666666666666,0.6868148076118991,0.848,High
TAXP03253,28,236300,Salary,1,1,0,1,0.021,0.087,0.823,Low,27.0,9634.27,356.82,1.0,0.037037037037037035,0.3557879870190573,0.257,Low
TAXP03254,27,1303200,Professional,1,1,0,1,0.243,0.346,0.835,Low,22.0,11279.18,512.69,6.0,0.2727272727272727,1.0,0.541,Medium
TAXP03255,47,497900,Business,1,2,18000,0,0.031,0.25,0.809,Low,17.0,4585.93,269.76,1.0,0.058823529411764705,0.3824134805274517,0.277,Low
TAXP03256,34,831500,Salary+Business,1,0,0,1,-0.002,0.213,0.889,Low,12.0,4235.56,352.96,1.0,0.08333333333333333,0.44950662664396324,0.263,Low
TAXP03257,49,407800,Salary+Investments,0,3,0,3,0.166,0.509,0.554,Medium,17.0,5344.92,314.41,0.0,0.0,0.19161012857423787,0.332,Low
TAXP03258,55,2123600,Salary,1,0,0,0,0.052,0.237,0.957,Low,21.0,37899.32,1804.73,0.0,0.0,0.24518543468512005,0.134,Low
TAXP03259,21,345800,Business,1,0,0,0,0.305,0.281,0.876,Low,16.0,4948.49,309.28,0.0,0.0,0.1873327227030627,0.152,Low
TAXP03260,59,509800,Business,1,1,0,1,0.175,0.36,0.878,Low,26.0,18004.24,692.47,1.0,0.038461538461538464,0.37093514583680476,0.234,Low
TAXP03261,22,702300,Business,1,1,0,0,-0.024,0.275,0.907,Low,2.0,1438.42,719.21,0.0,0.0,0.1507159705170639,0.119,Low
TAXP03262,26,296100,Salary,1,0,76400,1,-0.083,0.286,0.453,Medium,14.0,3249.67,232.12,1.0,0.07142857142857142,0.40899505386330504,0.485,Medium
TAXP03263,53,824600,Salary,1,1,0,0,0.008,0.066,0.913,Low,42.0,40638.29,967.58,2.0,0.047619047619047616,0.47115534730261077,0.26,Low
TAXP03264,48,2074700,Salary,0,1,0,1,0.474,0.267,0.704,Low,10.0,12948.13,1294.81,1.0,0.1,0.5248426677297473,0.399,Low
TAXP03265,65,456600,Salary,1,1,0,0,0.062,0.48,0.971,Low,13.0,3832.96,294.84,0.0,0.0,0.17453335537710152,0.094,Low
TAXP03266,46,863900,Multiple,1,2,0,0,0.221,0.334,0.895,Low,4.0,894.68,223.67,0.0,0.0,0.13326342664940602,0.118,Low
TAXP03267,39,150000,Business,1,1,0,0,-0.109,0.086,0.909,Low,12.0,4201.02,350.08,0.0,0.0,0.17432932672230383,0.128,Low
TAXP03268,51,632000,Business,1,1,0,0,-0.073,0.399,0.921,Low,23.0,5751.21,250.05,2.0,0.08695652173913043,0.49714073287573646,0.267,Low
TAXP03269,55,518800,Business,1,0,0,1,0.07,0.238,0.94,Low,56.0,13981.95,249.68,2.0,0.03571428571428571,0.43781282187619086,0.23,Low
TAXP03270,51,360600,Professional,1,1,31300,0,0.372,0.297,0.699,Medium,16.0,2507.79,156.74,0.0,0.0,0.172641664212818,0.243,Low
TAXP03271,37,1416000,Business,1,0,0,2,-0.107,0.159,0.855,Low,7.0,1854.84,264.98,0.0,0.0,0.14869309090762178,0.147,Low
TAXP03272,64,513900,Business,1,1,0,1,-0.001,0.59,0.874,Low,40.0,13715.72,342.89,2.0,0.05,0.44868380173194866,0.271,Low
TAXP03273,34,572000,Salary+Business,1,1,14900,0,0.244,0.138,0.822,Low,39.0,18312.03,469.54,1.0,0.02564102564102564,0.37118623692578756,0.265,Low
TAXP03274,36,495400,Salary,1,0,0,1,0.355,0.325,0.931,Low,18.0,11087.26,615.96,1.0,0.05555555555555555,0.3934342587361479,0.215,Low
TAXP03275,33,163500,Business,1,0,0,0,0.17,0.34,0.98,Low,7.0,1801.81,257.4,0.0,0.0,0.14806562114439814,0.078,Low
TAXP03276,34,287700,Business,1,0,46500,1,0.208,0.182,0.669,Medium,9.0,1517.58,168.62,0.0,0.0,0.1467678737663268,0.248,Low
TAXP03277,30,1298500,Salary+Business,1,0,0,0,-0.044,0.074,0.98,Low,9.0,25407.98,2823.11,0.0,0.0,0.2078380396656743,0.105,Low
TAXP03278,47,150000,Multiple,1,0,0,1,-0.112,0.2,0.968,Low,9.0,1117.89,124.21,0.0,0.0,0.14017597732563045,0.081,Low
TAXP03279,53,374400,Salary+Business,1,0,0,0,-0.083,0.666,0.965,Low,17.0,13494.57,793.8,1.0,0.058823529411764705,0.4057970324779937,0.202,Low
TAXP03280,40,487400,Business,1,0,4900,0,-0.04,0.348,0.933,Low,11.0,10894.17,990.38,0.0,0.0,0.19294911252759822,0.124,Low
TAXP03281,62,2281000,Salary,1,0,0,0,0.136,0.076,0.958,Low,6.0,10790.42,1798.4,0.0,0.0,0.186285696430082,0.107,Low
TAXP03282,42,1130400,Business,1,0,5500,0,-0.095,0.376,0.94,Low,9.0,6892.36,765.82,1.0,0.1111111111111111,0.5461952676806158,0.279,Low
TAXP03283,42,435200,Salary+Investments,1,0,0,1,0.14,0.35,0.95,Low,5.0,3598.28,719.66,2.0,0.4,1.0,0.478,Medium
TAXP03284,24,1662700,Multiple,1,0,0,1,0.05,0.114,0.976,Low,15.0,26333.33,1755.56,1.0,0.06666666666666667,0.44105648025245436,0.212,Low
TAXP03285,61,381400,Salary+Investments,0,0,47200,0,0.01,0.134,0.678,Medium,36.0,15562.57,432.29,1.0,0.027777777777777776,0.3646821370133201,0.341,Low
TAXP03286,27,1344200,Salary,0,0,8900,1,0.242,0.426,0.703,Low,15.0,18825.94,1255.06,1.0,0.06666666666666667,0.43377396019826736,0.359,Low
TAXP03287,28,244300,Salary+Business,1,0,0,0,-0.053,0.301,0.98,Low,8.0,1937.89,242.24,0.0,0.0,0.15067386035764785,0.079,Low
TAXP03288,63,1407700,Salary+Investments,1,0,0,1,0.33,0.151,0.909,Low,7.0,3817.26,545.32,0.0,0.0,0.1643233300557647,0.124,Low
TAXP03289,44,485200,Professional,1,1,27700,0,0.233,0.055,0.856,Low,6.0,1034.67,172.45,0.0,0.0,0.13548740375464793,0.14,Low
TAXP03290,24,310000,Professional,0,0,0,0,-0.058,0.331,0.8,Low,21.0,6892.58,328.22,2.0,0.09523809523809523,0.5225127310240545,0.345,Low
TAXP03291,40,555900,Business,1,1,0,0,0.292,0.355,0.902,Low,10.0,2598.34,259.83,0.0,0.0,0.16003379140952426,0.126,Low
TAXP03292,47,793700,Professional,1,0,0,0,-0.077,0.24,0.98,Low,39.0,21007.88,538.66,3.0,0.07692307692307693,0.543393367557126,0.256,Low
TAXP03293,21,455200,Salary,1,4,39900,0,0.307,0.344,0.577,Medium,53.0,17486.33,329.93,2.0,0.03773584905660377,0.4505150489444645,0.435,Medium
TAXP03294,54,968600,Salary,1,1,0,1,0.153,0.411,0.848,Low,,,,,,,,Low
TAXP03295,51,427200,Salary+Investments,1,2,0,0,-0.153,0.342,0.896,Low,25.0,6501.81,260.07,0.0,0.0,0.2188771588079006,0.156,Low
TAXP03296,21,1016000,Multiple,1,0,0,0,-0.107,0.239,0.959,Low,8.0,7836.41,979.55,0.0,0.0,0.18094593398534473,0.104,Low
TAXP03297,48,893700,Salary+Investments,0,1,0,2,0.035,0.323,0.656,Medium,11.0,18638.57,1694.42,0.0,0.0,0.20460092153945644,0.281,Low
TAXP03298,31,622100,Salary,1,1,0,0,0.239,0.097,0.899,Low,28.0,12264.92,438.03,0.0,0.0,0.24192865800621832,0.164,Low
TAXP03299,54,473000,Salary,1,1,0,0,0.073,0.4,0.912,Low,34.0,16936.7,498.14,2.0,0.058823529411764705,0.46236190517227416,0.256,Low
TAXP03300,37,724900,Salary,0,1,0,2,0.069,0.204,0.661,Medium,43.0,13805.61,321.06,2.0,0.046511627906976744,0.4475126006257207,0.388,Low
TAXP03301,30,966000,Salary+Investments,1,0,0,0,0.106,0.336,0.955,Low,15.0,10272.52,684.83,1.0,0.06666666666666667,0.42063437791097935,0.214,Low
TAXP03302,43,2868300,Professional,1,0,0,1,-0.219,0.159,0.927,Low,54.0,127752.88,2365.79,2.0,0.037037037037037035,0.4909300993466323,0.261,Low
TAXP03303,40,1278400,Multiple,1,0,47000,0,0.232,0.422,0.707,Low,14.0,21096.62,1506.9,2.0,0.14285714285714285,0.685249041811544,0.47,Medium
TAXP03304,36,1312500,Salary,1,0,0,0,0.314,0.526,0.927,Low,20.0,10150.27,507.51,0.0,0.0,0.21374637936887125,0.136,Low
TAXP03305,60,6007100,Business,1,1,0,0,0.226,0.093,0.917,Low,10.0,32917.58,3291.76,1.0,0.1,0.5450935241885536,0.291,Low
TAXP03306,50,942400,Salary+Business,0,2,0,0,0.032,0.149,0.803,Low,6.0,3718.57,619.76,1.0,0.16666666666666666,0.713175534994436,0.429,Medium
TAXP03307,42,921400,Salary,0,3,0,1,-0.042,0.523,0.597,Medium,9.0,6636.56,737.4,0.0,0.0,0.1787084467787167,0.302,Low
TAXP03308,31,1079100,Multiple,1,2,24900,1,-0.073,0.24,0.656,Medium,14.0,8330.48,595.03,0.0,0.0,0.19366540237677687,0.276,Low
TAXP03309,46,314400,Business,1,0,0,0,-0.081,0.227,0.888,Low,12.0,3973.04,331.09,0.0,0.0,0.17312128598123522,0.14,Low
TAXP03310,22,472200,Salary,1,1,6800,0,0.462,0.083,0.944,Low,45.0,18499.17,411.09,1.0,0.022222222222222223,0.38055355231005605,0.202,Low
TAXP03311,60,451500,Salary,1,1,0,0,0.087,0.143,0.934,Low,26.0,7237.54,278.37,5.0,0.19230769230769232,0.8588848119208458,0.423,Medium
TAXP03312,21,1036100,Salary+Investments,1,0,41200,0,0.245,0.118,0.791,Low,11.0,7191.78,653.8,0.0,0.0,0.18394250584236685,0.198,Low
TAXP03313,52,573400,Professional,1,1,0,0,0.236,0.249,0.893,Low,1.0,279.19,279.19,0.0,0.0,0.1262940938979072,0.116,Low
TAXP03314,36,718000,Salary+Business,1,0,0,2,0.123,0.414,0.81,Low,73.0,35719.52,489.31,3.0,0.0410958904109589,0.4701397923204598,0.316,Low
TAXP03315,53,1422200,Salary+Business,1,2,0,0,-0.049,0.394,0.865,Low,46.0,93480.64,2032.19,5.0,0.10869565217391304,0.704496540398044,0.391,Low
TAXP03316,37,1210100,Business,1,0,0,1,0.183,0.208,0.93,Low,3.0,2370.43,790.14,0.0,0.0,0.15667733865336586,0.109,Low
TAXP03317,22,578600,Salary+Business,1,2,0,0,-0.073,0.164,0.904,Low,15.0,6004.69,400.31,0.0,0.0,0.18899755972584129,0.138,Low
TAXP03318,63,401200,Multiple,0,0,0,1,0.196,0.488,0.778,Low,19.0,5449.34,286.81,0.0,0.0,0.19746479255051877,0.211,Low
TAXP03319,55,1472000,Salary,1,0,4200,0,-0.066,0.344,0.928,Low,24.0,25619.45,1067.48,0.0,0.0,0.24555577611519608,0.15,Low
TAXP03320,23,1134800,Salary+Business,1,1,13800,0,0.03,0.375,0.831,Low,8.0,5291.03,661.38,0.0,0.0,0.1724277460637325,0.171,Low
TAXP03321,22,204500,Salary,0,0,0,1,0.03,0.252,0.752,Low,34.0,7161.22,210.62,2.0,0.058823529411764705,0.44372913741265196,0.336,Low
TAXP03322,44,518800,Salary,1,1,0,0,0.324,0.416,0.899,Low,22.0,8125.14,369.32,0.0,0.0,0.21470352317469305,0.152,Low
TAXP03323,64,732300,Salary,1,0,0,0,-0.289,0.318,0.92,Low,12.0,7753.59,646.13,0.0,0.0,0.1876083620159356,0.128,Low
TAXP03324,47,1138800,Salary+Investments,1,1,22000,0,0.473,0.074,0.836,Low,37.0,34094.25,921.47,1.0,0.02702702702702703,0.38253462313009956,0.262,Low
TAXP03325,21,1251700,Salary,1,2,0,0,-0.029,0.242,0.926,Low,5.0,4129.26,825.85,0.0,0.0,0.16547910549645534,0.115,Low
TAXP03326,52,797400,Business,0,2,0,2,0.08,0.397,0.608,Medium,22.0,12847.66,583.98,2.0,0.09090909090909091,0.5246316092654494,0.452,Medium
TAXP03327,40,990600,Professional,1,2,0,1,0.166,0.06,0.827,Low,4.0,2040.47,510.12,1.0,0.25,0.9761121944253999,0.534,Medium
TAXP03328,49,680700,Salary,1,1,0,0,0.152,0.476,0.915,Low,19.0,12473.98,656.53,0.0,0.0,0.21540530372997835,0.144,Low
TAXP03329,36,400100,Salary+Business,1,3,0,0,0.235,0.245,0.854,Low,28.0,7238.44,258.52,1.0,0.03571428571428571,0.34836914260714424,0.237,Low
TAXP03330,21,538500,Multiple,1,0,0,0,0.198,0.229,0.98,Low,,,,,,,,Low
TAXP03331,21,658900,Salary,1,2,89000,0,0.426,0.376,0.377,High,38.0,20134.87,529.86,2.0,0.05263157894736842,0.458952904685197,0.549,Medium
TAXP03332,49,634000,Salary,1,0,2800,0,0.217,0.433,0.924,Low,67.0,31568.79,471.18,2.0,0.029850746268656716,0.4322125406178287,0.236,Low
TAXP03333,49,167200,Multiple,1,1,0,0,0.081,0.086,0.98,Low,60.0,23794.98,396.58,4.0,0.06666666666666667,0.5499712774289092,0.258,Low
TAXP03334,35,488200,Salary,1,0,0,1,0.012,0.33,0.961,Low,6.0,3247.79,541.3,1.0,0.16666666666666666,0.7102412065041085,0.341,Low
TAXP03335,24,676800,Salary,1,0,12700,2,0.007,0.41,0.788,Low,1.0,620.8,620.8,0.0,0.0,0.1436039831868125,0.181,Low
TAXP03336,55,530800,Multiple,1,0,0,2,0.307,0.122,0.849,Low,61.0,21359.58,350.16,6.0,0.09836065573770492,0.6518651229320384,0.376,Low
TAXP03337,27,544200,Salary+Investments,1,1,0,1,0.381,0.224,0.886,Low,3.0,826.42,275.47,0.0,0.0,0.13384726227731336,0.123,Low
TAXP03338,29,923600,Professional,1,1,0,1,0.261,0.287,0.909,Low,41.0,28840.45,703.43,2.0,0.04878048780487805,0.46415155663150387,0.259,Low
TAXP03339,41,298900,Business,1,0,0,0,-0.406,0.401,0.934,Low,7.0,667.82,95.4,0.0,0.0,0.12665538950026278,0.093,Low
TAXP03340,53,201300,Salary+Investments,1,1,0,1,-0.26,0.079,0.957,Low,7.0,1435.65,205.09,0.0,0.0,0.1431540268977871,0.088,Low
TAXP03341,65,505900,Professional,0,0,0,0,0.099,0.066,0.881,Low,40.0,15881.72,397.04,2.0,0.05,0.451859131725292,0.269,Low
TAXP03342,49,1126800,Professional,1,1,0,0,0.073,0.515,0.877,Low,17.0,19669.38,1157.02,0.0,0.0,0.21985238073801555,0.167,Low
TAXP03343,64,2190800,Salary+Investments,1,1,0,0,0.103,0.182,0.938,Low,4.0,9744.43,2436.11,1.0,0.25,1.0,0.484,Medium
TAXP03344,50,1141500,Professional,1,0,0,0,0.3,0.323,0.98,Low,32.0,22719.26,709.98,1.0,0.03125,0.3712078459866488,0.178,Low
TAXP03345,59,225800,Business,1,0,0,1,0.292,0.224,0.857,Low,18.0,7852.73,436.26,1.0,0.05555555555555555,0.3859585794108244,0.252,Low
TAXP03346,28,549900,Salary,1,1,13200,1,0.128,0.277,0.8,Low,9.0,6040.03,671.11,2.0,0.2222222222222222,0.9099994896340663,0.519,Medium
TAXP03347,23,781900,Business,1,2,109400,0,-0.144,0.16,0.31,High,6.0,1384.84,230.81,0.0,0.0,0.14178560514630115,0.443,Medium
TAXP03348,51,738700,Business,1,1,12600,0,-0.097,0.21,0.831,Low,7.0,2875.47,410.78,0.0,0.0,0.1581842046368737,0.164,Low
TAXP03349,64,958400,Salary,1,1,28600,0,0.111,0.06,0.799,Low,26.0,48324.07,1858.62,1.0,0.038461538461538464,0.3923549072088234,0.287,Low
TAXP03350,54,335900,Business,1,1,0,1,0.167,0.342,0.869,Low,6.0,3720.46,620.08,0.0,0.0,0.16318655113415692,0.145,Low
TAXP03351,36,681100,Salary+Business,1,0,0,0,-0.095,0.128,0.939,Low,11.0,8208.02,746.18,1.0,0.09090909090909091,0.4868084977160338,0.253,Low
TAXP03352,43,879700,Salary,1,0,0,0,0.206,0.39,0.977,Low,5.0,25118.42,5023.68,1.0,0.2,0.864663120119927,0.402,Medium
TAXP03353,26,1177900,Salary,0,0,0,1,-0.18,0.263,0.761,Low,32.0,28562.69,892.58,3.0,0.09375,0.5824218386293215,0.394,Low
TAXP03354,36,363900,Salary,1,4,7200,0,-0.326,0.272,0.769,Low,9.0,3306.07,367.34,1.0,0.1111111111111111,0.5302731825549092,0.366,Low
TAXP03355,51,507000,Salary,1,2,0,0,-0.04,0.256,0.904,Low,14.0,4090.81,292.2,0.0,0.0,0.17826010483652605,0.133,Low
TAXP03356,28,150000,Salary+Business,1,1,5700,0,0.32,0.197,0.875,Low,,,,,,,,Low
TAXP03357,42,415500,Business,1,1,0,0,0.344,0.347,0.848,Low,9.0,2320.42,257.82,1.0,0.1111111111111111,0.5226109440433389,0.319,Low
TAXP03358,34,445600,Salary,1,3,0,0,-0.155,0.397,0.806,Low,3.0,1351.12,450.37,0.0,0.0,0.14449138548968649,0.172,Low
TAXP03359,43,312000,Salary+Business,1,0,46100,0,-0.143,0.24,0.779,Low,8.0,2130.59,266.32,2.0,0.25,0.9777243208527673,0.562,Medium
TAXP03360,55,732300,Salary,1,1,0,0,0.222,0.268,0.888,Low,12.0,5104.09,425.34,0.0,0.0,0.1785465558083532,0.142,Low
TAXP03361,60,624300,Salary,0,0,63900,0,0.029,0.159,0.56,Medium,3.0,3249.56,1083.19,0.0,0.0,0.1635197771713115,0.316,Low
TAXP03362,39,150000,Salary+Investments,0,1,10600,0,0.319,0.222,0.715,Low,15.0,4010.85,267.39,0.0,0.0,0.1802617404488063,0.238,Low
TAXP03363,58,759100,Business,0,0,20500,0,0.219,0.195,0.731,Low,,,,,,,,Low
TAXP03364,52,333100,Salary+Business,1,1,27200,0,0.247,0.332,0.818,Low,9.0,2048.74,227.64,0.0,0.0,0.15325141471042625,0.169,Low
TAXP03365,62,922100,Salary+Investments,1,1,0,1,-0.032,0.441,0.845,Low,101.0,65045.99,644.02,6.0,0.0594059405940594,0.5365181309894453,0.327,Low
TAXP03366,54,258300,Multiple,1,0,0,0,0.171,0.256,0.98,Low,24.0,13114.11,546.42,0.0,0.0,0.23103361073595882,0.115,Low
TAXP03367,45,664200,Salary,1,0,25500,0,0.423,0.156,0.78,Low,18.0,3670.22,203.9,1.0,0.05555555555555555,0.3694986839111084,0.287,Low
TAXP03368,51,530100,Salary+Business,1,0,0,0,0.123,0.348,0.98,Low,4.0,13660.69,3415.17,0.0,0.0,0.19236311066689668,0.098,Low
TAXP03369,35,808500,Salary+Business,1,0,0,1,0.093,0.216,0.928,Low,15.0,11312.67,754.18,0.0,0.0,0.2027258708963339,0.131,Low
TAXP03370,51,711100,Salary,1,2,0,1,0.03,0.545,0.833,Low,7.0,5909.18,844.17,0.0,0.0,0.17379802022425025,0.17,Low
TAXP03371,52,540900,Multiple,1,0,0,0,-0.156,0.204,0.921,Low,40.0,17375.42,434.39,0.0,0.0,0.28880632855792115,0.173,Low
TAXP03372,48,215000,Salary,0,1,0,1,-0.076,0.338,0.799,Low,37.0,19372.57,523.58,2.0,0.05405405405405406,0.4594670089776959,0.317,Low
TAXP03373,25,224400,Salary+Investments,1,0,10000,0,-0.043,0.292,0.835,Low,12.0,2937.61,244.8,0.0,0.0,0.16658788725491872,0.166,Low
TAXP03374,44,426900,Professional,1,0,0,0,-0.163,0.393,0.964,Low,14.0,3159.18,225.66,1.0,0.07142857142857142,0.4083844778400333,0.204,Low
TAXP03375,52,646100,Business,1,0,0,0,-0.147,0.624,0.949,Low,24.0,16122.48,671.77,0.0,0.0,0.23551085511012096,0.134,Low
TAXP03376,29,419500,Salary,1,1,0,1,-0.292,0.152,0.844,Low,13.0,1936.46,148.96,0.0,0.0,0.159778846468006,0.158,Low
TAXP03377,56,1019600,Salary+Investments,1,1,0,2,-0.025,0.668,0.786,Low,16.0,22327.95,1395.5,1.0,0.0625,0.42624695986261785,0.31,Low
TAXP03378,58,531600,Business,1,0,0,1,0.208,0.175,0.95,Low,50.0,68276.45,1365.53,2.0,0.04,0.4848592378237476,0.246,Low
TAXP03379,45,324500,Salary,1,1,0,1,0.049,0.214,0.906,Low,31.0,7932.87,255.9,0.0,0.0,0.24205664621076867,0.161,Low
TAXP03380,64,532100,Salary,1,3,0,0,0.05,0.156,0.859,Low,9.0,2170.83,241.2,0.0,0.0,0.15450301989623097,0.147,Low
TAXP03381,59,764800,Salary+Business,1,0,0,0,0.223,0.059,0.98,Low,14.0,7178.21,512.73,1.0,0.07142857142857142,0.42615284496730466,0.203,Low
TAXP03382,41,821300,Salary,1,0,0,0,0.37,0.242,0.925,Low,,,,,,,,Low
TAXP03383,60,2513400,Business,1,1,0,1,0.464,0.27,0.846,Low,2.0,30085.5,15042.75,0.0,0.0,0.21671076121665123,0.182,Low
TAXP03384,62,401600,Professional,0,0,65600,0,0.123,0.281,0.49,Medium,24.0,7301.28,304.22,2.0,0.08333333333333333,0.49334818855483564,0.503,Medium
TAXP03385,25,616500,Salary,1,0,8800,1,0.055,0.149,0.901,Low,18.0,19564.81,1086.93,1.0,0.05555555555555555,0.4057515620071899,0.237,Low
TAXP03386,65,883400,Business,1,0,4200,0,0.034,0.257,0.928,Low,15.0,4745.85,316.39,1.0,0.06666666666666667,0.40390308273595593,0.221,Low
TAXP03387,21,639100,Salary,0,0,14700,1,0.195,0.194,0.747,Low,7.0,2383.84,340.55,0.0,0.0,0.15412349402542624,0.209,Low
TAXP03388,42,453300,Multiple,1,0,0,0,0.075,0.232,0.98,Low,10.0,2120.48,212.05,0.0,0.0,0.15563945823020706,0.081,Low
TAXP03389,63,213000,Salary+Investments,1,2,15400,0,0.076,0.124,0.828,Low,53.0,13666.68,257.86,1.0,0.018867924528301886,0.38291745176251735,0.267,Low
TAXP03390,53,450000,Salary,1,0,0,0,0.086,0.165,0.928,Low,13.0,6632.39,510.18,1.0,0.07692307692307693,0.4402552844362279,0.238,Low
TAXP03391,33,300000,Business,1,0,25100,0,-0.051,0.247,0.863,Low,6.0,983.89,163.98,1.0,0.16666666666666666,0.6844010997927851,0.383,Low
TAXP03392,49,187500,Business,0,0,0,0,-0.273,0.275,0.855,Low,8.0,3129.92,391.24,1.0,0.125,0.573550030395648,0.338,Low
TAXP03393,30,366500,Multiple,1,1,0,0,-0.007,0.416,0.904,Low,6.0,1441.75,240.29,0.0,0.0,0.1426564244539031,0.117,Low
TAXP03394,31,305800,Salary,1,2,0,0,0.333,0.52,0.839,Low,8.0,1137.93,142.24,0.0,0.0,0.13917586049546243,0.151,Low
TAXP03395,62,989600,Business,0,3,0,1,0.326,0.544,0.654,Medium,6.0,6892.46,1148.74,0.0,0.0,0.1765593238473862,0.27,Low
TAXP03396,23,1002000,Multiple,1,1,0,0,0.25,0.245,0.955,Low,16.0,14912.56,932.04,0.0,0.0,0.21123986582407006,0.12,Low
TAXP03397,64,339100,Salary,1,0,0,0,0.021,0.179,0.955,Low,12.0,1859.16,154.93,1.0,0.08333333333333333,0.4317052122367548,0.219,Low
TAXP03398,41,538900,Business,1,1,7300,1,-0.026,0.146,0.891,Low,3.0,684.32,228.11,1.0,0.3333333333333333,1.0,0.51,Medium
TAXP03399,23,170600,Salary,1,0,0,1,0.36,0.152,0.882,Low,45.0,22623.01,502.73,3.0,0.06666666666666667,0.5315805149700551,0.304,Low
TAXP03400,56,455300,Professional,1,0,0,0,-0.073,0.18,0.98,Low,9.0,2711.78,301.31,0.0,0.0,0.15931655577661497,0.083,Low
TAXP03401,23,866300,Salary,1,0,0,0,0.106,0.338,0.98,Low,5.0,2064.8,412.96,0.0,0.0,0.15045564839857195,0.079,Low
TAXP03402,35,1177200,Multiple,1,0,0,0,0.37,0.072,0.948,Low,22.0,23250.58,1056.84,0.0,0.0,0.23749547100836804,0.135,Low
TAXP03403,31,389000,Salary,1,0,0,0,0.12,0.589,0.906,Low,13.0,2440.45,187.73,1.0,0.07692307692307693,0.4186181401359283,0.24,Low
TAXP03404,56,1386200,Salary,1,1,0,0,0.053,0.5,0.88,Low,5.0,5183.51,1036.7,1.0,0.2,0.8304113448399549,0.44,Medium
TAXP03405,38,218300,Salary+Investments,1,0,0,0,0.286,0.302,0.969,Low,19.0,4548.95,239.42,0.0,0.0,0.19355808754795056,0.104,Low
TAXP03406,50,264700,Salary+Investments,0,2,0,1,0.112,0.083,0.734,Low,5.0,1216.56,243.31,1.0,0.2,0.7990049793790406,0.506,Medium
TAXP03407,24,1083500,Professional,0,2,0,2,0.131,0.214,0.673,Medium,24.0,28024.44,1167.69,2.0,0.08333333333333333,0.5225023873278425,0.415,Medium
TAXP03408,52,2165000,Salary+Business,1,2,0,0,0.342,0.551,0.856,Low,5.0,3543.8,708.76,0.0,0.0,0.16216329532243384,0.152,Low
TAXP03409,52,927300,Salary,1,0,6300,0,-0.307,0.415,0.898,Low,8.0,3978.76,497.34,0.0,0.0,0.16624893713060707,0.131,Low
TAXP03410,33,631400,Professional,0,2,44800,0,0.157,0.566,0.497,Medium,15.0,4023.63,268.24,0.0,0.0,0.1803305642701078,0.358,Low
TAXP03411,60,150000,Salary,1,2,0,0,-0.023,0.137,0.908,Low,31.0,6393.36,206.24,0.0,0.0,0.23739193562625113,0.157,Low
TAXP03412,42,151500,Salary,1,0,0,0,0.067,0.189,0.98,Low,5.0,633.31,126.66,0.0,0.0,0.12491083387093127,0.067,Low
TAXP03413,51,713500,Multiple,1,1,30900,0,0.118,0.074,0.774,Low,4.0,2848.89,712.22,0.0,0.0,0.15834740236599504,0.196,Low
TAXP03414,29,502300,Salary+Business,1,0,0,0,-0.008,0.178,0.937,Low,14.0,5292.99,378.07,1.0,0.07142857142857142,0.4195521461872427,0.223,Low
TAXP03415,62,293200,Salary,1,1,0,1,0.137,0.409,0.85,Low,41.0,18053.21,440.32,1.0,0.024390243902439025,0.3735097922278452,0.251,Low
TAXP03416,32,681400,Salary,1,3,0,0,0.162,0.511,0.847,Low,13.0,4715.01,362.69,0.0,0.0,0.17901703265240287,0.165,Low
TAXP03417,49,706200,Multiple,1,0,0,0,0.133,0.156,0.977,Low,12.0,7648.95,637.41,1.0,0.08333333333333333,0.46231377079774433,0.221,Low
TAXP03418,25,1283000,Salary,0,1,34100,2,0.118,0.184,0.515,Medium,12.0,12235.91,1019.66,0.0,0.0,0.19750272987489162,0.356,Low
TAXP03419,23,717200,Salary,1,1,42600,1,0.081,0.158,0.638,Medium,17.0,9422.49,554.26,0.0,0.0,0.20389152794239085,0.291,Low
TAXP03420,26,1574100,Salary,1,1,0,0,0.084,0.282,0.902,Low,25.0,26054.2,1042.17,1.0,0.04,0.3809567974149287,0.225,Low
TAXP03421,63,653800,Salary,1,0,0,0,0.113,0.218,0.967,Low,15.0,8360.45,557.36,0.0,0.0,0.19616925467799004,0.106,Low
TAXP03422,30,598200,Salary,1,0,13400,1,-0.051,0.047,0.778,Low,38.0,13882.09,365.32,1.0,0.02631578947368421,0.3640545240893468,0.286,Low
TAXP03423,60,1398700,Multiple,1,0,0,0,0.303,0.404,0.98,Low,12.0,10592.41,882.7,0.0,0.0,0.1943739588005038,0.098,Low
TAXP03424,47,321300,Salary,1,0,0,0,0.085,0.149,0.928,Low,48.0,20259.35,422.07,1.0,0.020833333333333332,0.3883057808862719,0.214,Low
TAXP03425,24,4931400,Business,1,0,0,2,0.035,0.45,0.833,Low,6.0,8323.87,1387.31,0.0,0.0,0.18065362395229442,0.173,Low
TAXP03426,40,851600,Salary+Business,0,3,11900,0,0.163,0.398,0.549,Medium,17.0,17866.11,1050.95,1.0,0.058823529411764705,0.41188388881014765,0.433,Medium
TAXP03427,42,855100,Business,1,0,0,0,0.082,0.107,0.98,Low,6.0,3710.23,618.37,0.0,0.0,0.16312685724003012,0.084,Low
TAXP03428,33,948700,Salary+Business,0,1,0,1,0.299,0.478,0.664,Medium,9.0,12556.17,1395.13,0.0,0.0,0.19254027403046833,0.271,Low
TAXP03429,48,2511200,Professional,0,2,19100,0,0.243,0.433,0.573,Medium,7.0,7902.88,1128.98,1.0,0.14285714285714285,0.6515330119730384,0.528,Medium
TAXP03430,59,1150100,Professional,1,2,0,0,0.115,0.55,0.85,Low,10.0,4570.03,457.0,0.0,0.0,0.17225898685105667,0.16,Low
TAXP03431,60,204700,Professional,1,2,0,0,0.25,0.179,0.903,Low,3.0,865.79,288.6,0.0,0.0,0.13485427690418794,0.114,Low
TAXP03432,44,1785500,Salary+Business,0,3,10300,0,0.138,0.056,0.599,Medium,13.0,15632.01,1202.46,0.0,0.0,0.20500188301458627,0.313,Low
TAXP03433,61,508500,Salary+Business,1,0,1300,0,-0.085,0.41,0.976,Low,22.0,9286.26,422.1,0.0,0.0,0.2175966869771901,0.111,Low
TAXP03434,62,702100,Salary+Business,1,1,0,1,0.242,0.393,0.813,Low,58.0,25003.63,431.1,1.0,0.017241379310344827,0.38867550328202105,0.278,Low
TAXP03435,24,258800,Salary,1,0,0,0,-0.204,0.409,0.895,Low,19.0,3729.28,196.28,0.0,0.0,0.18926362548197279,0.143,Low
TAXP03436,49,949400,Professional,1,0,22000,0,-0.463,0.536,0.811,Low,21.0,36463.43,1736.35,0.0,0.0,0.2443472140147584,0.214,Low
TAXP03437,55,406700,Salary+Business,1,0,0,0,0.212,0.099,0.98,Low,7.0,1490.92,212.99,1.0,0.14285714285714285,0.6153989795853999,0.288,Low
TAXP03438,21,698600,Salary,1,1,0,0,0.171,0.136,0.868,Low,11.0,4343.97,394.91,2.0,0.18181818181818182,0.773016766214591,0.42,Medium
TAXP03439,48,529800,Salary+Investments,1,0,0,0,0.16,0.068,0.98,Low,2.0,1280.41,640.21,0.0,0.0,0.1481928603615266,0.078,Low
TAXP03440,62,2599300,Salary,1,1,0,0,0.322,0.079,0.946,Low,11.0,20878.8,1898.07,0.0,0.0,0.2070641923617784,0.123,Low
TAXP03441,33,2708600,Salary,1,0,0,0,0.096,0.128,0.98,Low,3.0,2163.64,721.21,0.0,0.0,0.15469785683320536,0.081,Low
TAXP03442,59,672100,Salary+Investments,1,1,0,1,0.039,0.23,0.839,Low,13.0,4645.6,357.35,2.0,0.15384615384615385,0.6863881924196067,0.397,Low
TAXP03443,63,680600,Salary,1,0,0,0,0.227,0.167,0.98,Low,73.0,45718.39,626.28,3.0,0.0410958904109589,0.47548936519662527,0.225,Low
TAXP03444,49,496800,Salary,1,1,0,0,-0.014,0.234,0.902,Low,12.0,2610.58,217.55,1.0,0.08333333333333333,0.4390360968684835,0.251,Low
TAXP03445,49,1441300,Salary,1,1,0,1,0.062,0.126,0.892,Low,53.0,62320.52,1175.86,1.0,0.018867924528301886,0.41580023679459666,0.247,Low
TAXP03446,45,512900,Salary+Investments,1,1,0,0,0.14,0.428,0.855,Low,79.0,35240.59,446.08,3.0,0.0379746835443038,0.457835768703395,0.286,Low
TAXP03447,39,479900,Business,1,0,0,0,0.153,0.454,0.897,Low,3.0,381.79,127.26,0.0,0.0,0.11716974044217719,0.109,Low
TAXP03448,41,1315000,Professional,1,2,0,0,0.047,0.182,0.92,Low,18.0,13313.24,739.62,1.0,0.05555555555555555,0.3974013460990385,0.223,Low
TAXP03449,44,441200,Salary+Business,1,2,10200,0,0.022,0.16,0.853,Low,2.0,1372.83,686.42,0.0,0.0,0.14970396426638105,0.148,Low
TAXP03450,42,632600,Professional,1,1,23200,0,-0.079,0.361,0.772,Low,5.0,4621.85,924.37,0.0,0.0,0.16792348510244415,0.201,Low
TAXP03451,58,208200,Multiple,1,3,0,0,-0.026,0.096,0.8,Low,13.0,4789.13,368.39,1.0,0.07692307692307693,0.43320096252389245,0.305,Low
TAXP03452,55,1079200,Salary+Business,1,1,0,0,0.391,0.246,0.901,Low,16.0,10558.5,659.91,0.0,0.0,0.20375196850719882,0.146,Low
TAXP03453,36,2629100,Salary,1,0,33200,0,0.058,0.107,0.807,Low,6.0,19955.19,3325.86,0.0,0.0,0.1996310177106685,0.196,Low
TAXP03454,44,1092500,Multiple,0,1,0,0,0.13,0.123,0.801,Low,18.0,6785.98,377.0,0.0,0.0,0.19946264951826198,0.199,Low
TAXP03455,30,1862100,Business,1,1,19400,1,-0.139,0.168,0.809,Low,62.0,89228.23,1439.16,1.0,0.016129032258064516,0.4111462818920092,0.29,Low
TAXP03456,28,353500,Salary,1,0,0,1,0.51,0.16,0.919,Low,22.0,4356.12,198.01,1.0,0.045454545454545456,0.35121765897412505,0.203,Low
TAXP03457,37,770600,Salary,1,0,0,0,-0.038,0.452,0.959,Low,46.0,46461.5,1010.03,1.0,0.021739130434782608,0.40236941495585443,0.204,Low
TAXP03458,23,329600,Professional,1,1,0,0,-0.088,0.173,0.896,Low,7.0,882.11,126.02,0.0,0.0,0.13264376176615664,0.117,Low
TAXP03459,59,551700,Salary,0,0,0,1,0.09,0.287,0.733,Low,18.0,7183.64,399.09,1.0,0.05555555555555555,0.38402940075256264,0.32,Low
TAXP03460,26,1133400,Business,1,3,21000,0,-0.043,0.306,0.75,Low,12.0,5946.19,495.52,0.0,0.0,0.18185536155803225,0.219,Low
TAXP03461,35,699400,Salary,1,0,13200,0,0.158,0.315,0.866,Low,20.0,6522.46,326.12,0.0,0.0,0.20416681735811842,0.166,Low
TAXP03462,32,235100,Business,1,1,0,0,-0.142,0.106,0.927,Low,8.0,2045.44,255.68,1.0,0.125,0.5643420459126133,0.294,Low
TAXP03463,30,252200,Salary,1,0,0,0,0.282,0.198,0.98,Low,52.0,26553.09,510.64,4.0,0.07692307692307693,0.5892941056363822,0.276,Low
TAXP03464,37,240500,Salary+Investments,0,1,47700,0,0.25,0.261,0.58,Medium,2.0,1048.77,524.38,0.0,0.0,0.14386690257205725,0.296,Low
TAXP03465,53,925900,Salary,1,1,5300,0,0.081,0.306,0.882,Low,12.0,8313.77,692.81,0.0,0.0,0.18912085829912761,0.15,Low
TAXP03466,61,2872600,Salary,1,0,0,0,-0.165,0.161,0.98,Low,13.0,45233.34,3479.49,0.0,0.0,0.22806224346371046,0.114,Low
TAXP03467,29,1733600,Business,1,0,0,0,-0.03,0.458,0.939,Low,3.0,3865.09,1288.36,0.0,0.0,0.16728333658464628,0.109,Low
TAXP03468,31,166000,Business,1,2,0,1,0.11,0.396,0.845,Low,13.0,3525.02,271.16,1.0,0.07692307692307693,0.42656728682528594,0.277,Low
TAXP03469,42,1808300,Professional,1,0,0,0,-0.094,0.087,0.98,Low,23.0,34390.81,1495.25,1.0,0.043478260869565216,0.39242444744311167,0.188,Low
TAXP03470,35,1275600,Business,1,2,23100,0,-0.068,0.233,0.722,Low,11.0,23360.12,2123.65,0.0,0.0,0.2095014524087571,0.247,Low
TAXP03471,56,213700,Salary,1,2,15800,0,0.268,0.387,0.763,Low,30.0,14074.05,469.14,3.0,0.1,0.5812580719802312,0.392,Low
TAXP03472,31,522500,Salary+Investments,0,0,7300,2,0.125,0.298,0.699,Medium,44.0,29687.19,674.71,2.0,0.045454545454545456,0.4640368775054906,0.374,Low
TAXP03473,39,1430500,Business,1,1,0,0,0.12,0.206,0.943,Low,11.0,13422.25,1220.2,0.0,0.0,0.1974765414512482,0.12,Low
TAXP03474,45,966100,Salary,1,1,32000,0,0.184,0.23,0.728,Low,18.0,18908.83,1050.49,1.0,0.05555555555555555,0.40501170620412524,0.332,Low
TAXP03475,38,253300,Salary+Business,1,0,26600,0,0.074,0.146,0.85,Low,11.0,5573.74,506.7,1.0,0.09090909090909091,0.478417651099265,0.298,Low
TAXP03476,48,1009000,Professional,1,0,0,0,0.09,0.245,0.943,Low,6.0,1770.42,295.07,1.0,0.16666666666666666,0.6970990246186822,0.345,Low
TAXP03477,56,150000,Professional,0,1,60900,1,0.173,0.341,0.44,High,13.0,1575.16,121.17,0.0,0.0,0.15532784658278823,0.378,Low
TAXP03478,44,553700,Business,1,2,0,0,0.229,0.245,0.906,Low,47.0,13612.99,289.64,2.0,0.0425531914893617,0.4479067765975838,0.253,Low
TAXP03479,41,1474800,Salary,1,1,0,1,0.18,0.149,0.903,Low,28.0,32706.1,1168.08,2.0,0.07142857142857142,0.4989101927226253,0.278,Low
TAXP03480,63,658700,Business,1,1,0,0,0.334,0.487,0.87,Low,28.0,14080.49,502.87,2.0,0.07142857142857142,0.4806342150900415,0.288,Low
TAXP03481,65,453800,Salary,1,1,0,0,0.104,0.091,0.973,Low,9.0,2250.86,250.1,0.0,0.0,0.15528596470782396,0.085,Low
TAXP03482,65,1233100,Salary,1,2,0,0,-0.116,0.474,0.789,Low,5.0,3492.79,698.56,0.0,0.0,0.16184890596167822,0.189,Low
TAXP03483,21,1311300,Multiple,1,0,0,0,0.274,0.152,0.98,Low,16.0,24926.85,1557.93,0.0,0.0,0.2223862639939012,0.111,Low
TAXP03484,58,1669400,Professional,1,1,0,0,0.061,0.263,0.929,Low,40.0,40349.88,1008.75,1.0,0.025,0.38957324320436654,0.214,Low
TAXP03485,61,1219900,Salary,0,0,0,0,-0.023,0.195,0.817,Low,9.0,4299.16,477.68,0.0,0.0,0.16929646698832235,0.177,Low
TAXP03486,57,1416000,Salary,1,0,0,1,0.214,0.111,0.916,Low,41.0,48582.78,1184.95,1.0,0.024390243902439025,0.3949752281513791,0.224,Low
TAXP03487,54,1101800,Salary+Business,1,1,0,0,0.159,0.082,0.948,Low,47.0,60565.14,1288.62,1.0,0.02127659574468085,0.4100494443500501,0.213,Low
TAXP03488,37,786900,Salary,1,2,1500,0,-0.105,0.131,0.839,Low,39.0,20278.57,519.96,3.0,0.07692307692307693,0.5426275702116526,0.333,Low
TAXP03489,53,693300,Salary,1,1,0,0,0.207,0.103,0.963,Low,21.0,16534.38,787.35,0.0,0.0,0.2271888083214772,0.123,Low
TAXP03490,47,547900,Salary,1,0,31100,0,0.4,0.277,0.798,Low,26.0,6692.6,257.41,1.0,0.038461538461538464,0.3494990283543153,0.268,Low
TAXP03491,58,271500,Salary+Business,1,0,7200,0,0.152,0.057,0.98,Low,28.0,10721.38,382.91,1.0,0.03571428571428571,0.35687222142021274,0.172,Low
TAXP03492,36,326700,Professional,1,0,0,0,0.059,0.103,0.955,Low,41.0,8586.87,209.44,2.0,0.04878048780487805,0.4379158093928551,0.222,Low
TAXP03493,54,530600,Salary,1,0,41000,0,-0.167,0.194,0.739,Low,24.0,6795.3,283.14,1.0,0.041666666666666664,0.354293968252915,0.303,Low
TAXP03494,56,773400,Salary,1,0,0,0,0.428,0.437,0.911,Low,20.0,20461.34,1023.07,2.0,0.1,0.5589476603860104,0.3,Low
TAXP03495,58,1834200,Professional,1,1,27200,0,0.017,0.551,0.752,Low,7.0,2187.51,312.5,1.0,0.14285714285714285,0.6236914196198388,0.417,Medium
TAXP03496,28,630700,Business,1,0,0,1,-0.125,0.299,0.91,Low,23.0,10358.59,450.37,0.0,0.0,0.22292276501089073,0.15,Low
TAXP03497,59,1338700,Professional,0,1,4300,1,0.118,0.268,0.723,Low,27.0,39351.27,1457.45,2.0,0.07407407407407407,0.5085213033934957,0.381,Low
TAXP03498,30,1413900,Salary,1,1,0,0,0.261,0.106,0.916,Low,73.0,113749.7,1558.22,4.0,0.0547945205479452,0.540467080303797,0.289,Low
TAXP03499,63,550200,Salary+Business,0,1,0,0,0.298,0.363,0.775,Low,24.0,10730.39,447.1,2.0,0.08333333333333333,0.5016862589159299,0.35,Low
TAXP03500,22,997400,Multiple,1,0,118000,0,-0.008,0.256,0.397,High,22.0,16020.9,728.22,0.0,0.0,0.2294173952524431,0.435,Medium
TAXP03501,31,545500,Professional,0,1,31400,0,0.084,0.024,0.743,Low,13.0,3677.22,282.86,1.0,0.07692307692307693,0.42748188476529164,0.334,Low
TAXP03502,48,1684000,Salary,1,0,11900,0,0.1,0.096,0.85,Low,7.0,13587.57,1941.08,0.0,0.0,0.19186420934896564,0.169,Low
TAXP03503,45,1027400,Professional,1,0,13400,0,0.256,0.617,0.876,Low,6.0,2514.79,419.13,0.0,0.0,0.15469856867994422,0.138,Low
TAXP03504,51,275800,Salary,1,1,136200,0,0.195,0.416,0.203,High,54.0,15386.62,284.94,3.0,0.05555555555555555,0.5061467754151068,0.666,Medium
TAXP03505,39,730200,Salary,1,1,0,0,0.143,0.015,0.904,Low,14.0,8269.48,590.68,1.0,0.07142857142857142,0.4292203657254222,0.246,Low
TAXP03506,21,2129400,Salary,0,2,32300,0,0.246,0.395,0.554,Medium,22.0,43216.96,1964.41,1.0,0.045454545454545456,0.4009469947103207,0.426,Medium
TAXP03507,48,570500,Salary+Investments,1,1,0,0,-0.118,0.273,0.969,Low,8.0,2287.96,286.0,1.0,0.125,0.5667661588042148,0.272,Low
TAXP03508,43,897200,Salary,1,1,0,0,0.167,0.32,0.952,Low,2.0,1270.54,635.27,1.0,0.5,1.0,0.476,Medium
TAXP03509,43,963000,Salary+Investments,0,1,0,0,0.135,0.252,0.769,Low,10.0,5908.38,590.84,0.0,0.0,0.17782570819803148,0.207,Low
TAXP03510,37,308200,Business,1,2,0,0,0.092,0.214,0.859,Low,34.0,23072.55,678.6,1.0,0.029411764705882353,0.37200484333518286,0.245,Low
TAXP03511,61,938900,Business,1,1,0,0,0.06,0.222,0.946,Low,6.0,4953.38,825.56,0.0,0.0,0.16939309186491197,0.106,Low
TAXP03512,56,238300,Salary,1,2,11700,0,0.121,0.146,0.826,Low,5.0,1470.45,294.09,2.0,0.4,1.0,0.546,Medium
TAXP03513,29,414300,Professional,0,1,0,0,0.009,0.43,0.789,Low,,,,,,,,Low
TAXP03514,22,1410200,Salary,1,1,19900,1,0.536,0.126,0.747,Low,6.0,9103.64,1517.27,0.0,0.0,0.1825967718126938,0.221,Low
TAXP03515,29,840400,Business,1,1,0,0,0.317,0.379,0.882,Low,16.0,4326.74,270.42,0.0,0.0,0.18442718466094501,0.148,Low
TAXP03516,23,522000,Salary,0,1,8000,0,0.275,0.082,0.781,Low,8.0,970.23,121.28,2.0,0.25,0.9607400078917355,0.553,Medium
TAXP03517,52,896400,Salary,1,0,0,1,0.015,0.228,0.902,Low,13.0,4117.0,316.69,0.0,0.0,0.1760806184642083,0.133,Low
TAXP03518,48,622500,Business,1,0,0,0,-0.053,0.087,0.967,Low,9.0,5952.39,661.38,0.0,0.0,0.17634924639333974,0.098,Low
TAXP03519,41,655900,Salary,1,0,25100,1,0.066,0.329,0.753,Low,3.0,1813.88,604.63,0.0,0.0,0.15087483453153705,0.204,Low
TAXP03520,47,1043000,Salary,1,1,0,1,0.118,0.368,0.832,Low,80.0,70967.6,887.1,1.0,0.0125,0.38867284319968237,0.267,Low
TAXP03521,57,385000,Multiple,0,1,0,0,-0.132,0.049,0.794,Low,19.0,3657.53,192.5,3.0,0.15789473684210525,0.7098965618494069,0.433,Medium
TAXP03522,58,669200,Salary,1,1,0,0,0.177,0.527,0.906,Low,10.0,6646.71,664.67,1.0,0.1,0.5103785455274564,0.281,Low
TAXP03523,40,519100,Salary,1,0,0,0,0.273,0.361,0.952,Low,16.0,5404.55,337.78,0.0,0.0,0.18924115677267553,0.112,Low
TAXP03524,47,207500,Salary,1,0,0,1,-0.258,0.321,0.932,Low,12.0,2277.41,189.78,0.0,0.0,0.16108584095784417,0.11,Low
TAXP03525,46,335000,Salary,1,0,0,0,-0.044,0.177,0.973,Low,15.0,3429.65,228.64,0.0,0.0,0.17687611898009448,0.094,Low
TAXP03526,63,2010400,Professional,0,2,0,0,0.296,0.211,0.776,Low,17.0,17282.58,1016.62,0.0,0.0,0.217045867952459,0.221,Low
TAXP03527,55,857500,Salary,0,3,0,2,0.16,0.197,0.594,Medium,38.0,34454.76,906.7,0.0,0.0,0.296916696881609,0.357,Low
TAXP03528,35,250600,Business,1,0,0,0,-0.039,0.25,0.931,Low,27.0,9511.16,352.27,0.0,0.0,0.23328728423771086,0.143,Low
TAXP03529,60,214400,Professional,1,0,0,0,0.218,0.406,0.946,Low,13.0,4193.3,322.56,1.0,0.07692307692307693,0.4303242815836465,0.223,Low
TAXP03530,38,599600,Salary,1,2,39400,0,0.005,0.19,0.703,Low,38.0,25406.63,668.6,3.0,0.07894736842105263,0.5508364280797469,0.411,Medium
TAXP03531,55,2000200,Multiple,1,0,6500,2,0.062,0.282,0.817,Low,5.0,1609.43,321.89,0.0,0.0,0.1450601949147653,0.166,Low
TAXP03532,64,568200,Multiple,1,1,0,0,-0.082,0.411,0.871,Low,8.0,2217.87,277.23,0.0,0.0,0.15359293331867171,0.14,Low
TAXP03533,57,1665700,Salary,1,0,21600,3,0.103,0.242,0.734,Low,44.0,91566.14,2081.05,0.0,0.0,0.3384734190060164,0.299,Low
TAXP03534,25,837500,Salary,1,2,136600,0,0.263,0.417,0.14,High,57.0,35343.53,620.06,3.0,0.05263157894736842,0.5133408346454023,0.704,High
TAXP03535,30,912600,Salary,1,0,5400,1,0.024,0.021,0.908,Low,7.0,1477.01,211.0,0.0,0.0,0.14376781873271857,0.115,Low
TAXP03536,56,248500,Salary,1,1,0,0,0.203,0.262,0.925,Low,23.0,6070.63,263.94,1.0,0.043478260869565216,0.3548316462995764,0.201,Low
TAXP03537,26,1276600,Business,1,0,0,0,0.092,0.083,0.968,Low,9.0,14538.55,1615.39,0.0,0.0,0.19572134575748232,0.106,Low
TAXP03538,21,510700,Business,1,1,0,0,0.273,0.034,0.98,Low,4.0,875.45,218.86,0.0,0.0,0.1327937308876941,0.071,Low
TAXP03539,32,1210000,Business,1,0,0,3,0.026,0.238,0.813,Low,24.0,16005.03,666.88,1.0,0.041666666666666664,0.37285232438551,0.271,Low
TAXP03540,42,361700,Salary,0,1,0,1,0.349,0.37,0.663,Medium,8.0,2009.22,251.15,1.0,0.125,0.5639556086366974,0.439,Medium
TAXP03541,26,738400,Salary,1,0,0,0,0.209,0.183,0.95,Low,,,,,,,,Low
TAXP03542,27,837500,Multiple,1,0,0,0,0.139,0.527,0.938,Low,26.0,22055.71,848.3,1.0,0.038461538461538464,0.37533670173028677,0.203,Low
TAXP03543,36,581800,Multiple,1,0,7200,2,0.145,0.121,0.885,Low,31.0,13593.52,438.5,2.0,0.06451612903225806,0.4666197143222925,0.273,Low
TAXP03544,47,869800,Salary,1,0,0,1,0.026,0.32,0.928,Low,48.0,28701.34,597.94,1.0,0.020833333333333332,0.39585450558023105,0.218,Low
TAXP03545,45,536600,Professional,0,1,4700,1,0.015,0.093,0.738,Low,3.0,870.71,290.24,0.0,0.0,0.13497690144784852,0.205,Low
TAXP03546,56,407300,Business,1,1,10700,1,0.142,0.164,0.82,Low,11.0,3273.13,297.56,0.0,0.0,0.16688853015721614,0.174,Low
TAXP03547,65,2065100,Professional,1,1,0,0,-0.092,0.178,0.973,Low,12.0,33755.11,2812.93,1.0,0.08333333333333333,0.49452430605586056,0.237,Low
TAXP03548,22,1383300,Business,1,2,0,0,0.004,0.27,0.871,Low,8.0,7385.17,923.15,1.0,0.125,0.5921594554985227,0.337,Low
TAXP03549,51,375800,Salary+Investments,0,2,101200,0,-0.05,0.097,0.282,High,16.0,25467.76,1591.74,1.0,0.0625,0.4291021351572576,0.588,Medium
TAXP03550,28,978700,Salary,1,1,0,1,0.191,0.161,0.896,Low,17.0,10097.46,593.97,3.0,0.17647058823529413,0.7877441763410227,0.412,Medium
TAXP03551,37,380800,Salary,1,0,0,0,0.194,0.42,0.915,Low,13.0,3925.12,301.93,0.0,0.0,0.17504756405674937,0.126,Low
TAXP03552,36,277000,Multiple,1,0,0,1,0.303,0.358,0.904,Low,28.0,5707.28,203.83,1.0,0.03571428571428571,0.3432307937408886,0.207,Low
TAXP03553,52,1368300,Salary,1,1,0,0,0.046,0.138,0.959,Low,21.0,11797.14,561.77,2.0,0.09523809523809523,0.5341550278014615,0.263,Low
TAXP03554,32,190600,Salary,0,0,0,1,-0.029,0.373,0.825,Low,6.0,5236.79,872.8,1.0,0.16666666666666666,0.7205998446220464,0.421,Medium
TAXP03555,61,1266900,Salary+Business,1,1,28000,0,-0.135,0.273,0.798,Low,4.0,19486.88,4871.72,1.0,0.25,1.0,0.561,Medium
TAXP03556,38,541900,Salary+Business,1,1,0,1,0.143,0.397,0.874,Low,11.0,3935.2,357.75,1.0,0.09090909090909091,0.4708764643038818,0.281,Low
TAXP03557,57,558200,Professional,1,1,31200,0,0.323,0.212,0.722,Low,4.0,2252.94,563.24,0.0,0.0,0.15325915613255287,0.222,Low
TAXP03558,63,873100,Salary+Business,1,1,0,0,0.088,0.389,0.91,Low,14.0,8742.19,624.44,1.0,0.07142857142857142,0.430425482114835,0.243,Low
TAXP03559,43,987800,Professional,0,0,5300,1,0.104,0.143,0.74,Low,19.0,14986.18,788.75,1.0,0.05263157894736842,0.3930682690410338,0.32,Low
TAXP03560,25,358500,Salary,1,0,17100,1,0.099,0.348,0.862,Low,34.0,20274.64,596.31,2.0,0.058823529411764705,0.46626095603013074,0.286,Low
TAXP03561,52,1089800,Professional,1,2,0,0,0.141,0.148,0.838,Low,10.0,5670.02,567.0,1.0,0.1,0.5069330599010295,0.317,Low
TAXP03562,40,705300,Salary+Business,1,1,23700,0,0.26,0.108,0.81,Low,19.0,8909.84,468.94,2.0,0.10526315789473684,0.5554801809175226,0.354,Low
TAXP03563,36,263100,Salary+Investments,1,1,15800,0,0.407,0.103,0.845,Low,29.0,12885.44,444.33,0.0,0.0,0.24615925421640056,0.196,Low
TAXP03564,41,575200,Salary,1,1,0,1,0.18,0.244,0.876,Low,18.0,10112.57,561.81,2.0,0.1111111111111111,0.5747728513484388,0.327,Low
TAXP03565,34,1757200,Salary,1,0,2200,0,0.19,0.028,0.895,Low,27.0,24862.13,920.82,0.0,0.0,0.25411452178615757,0.172,Low
TAXP03566,33,2173600,Salary+Business,1,0,0,1,0.062,0.131,0.95,Low,13.0,22406.48,1723.58,1.0,0.07692307692307693,0.4666605145861566,0.237,Low
TAXP03567,65,1089500,Salary,1,0,0,1,0.083,0.264,0.846,Low,26.0,27054.33,1040.55,0.0,0.0,0.2528446834769229,0.198,Low
TAXP03568,33,275900,Salary,1,1,0,0,0.081,0.402,0.878,Low,1.0,200.37,200.37,0.0,0.0,0.11912120707011883,0.121,Low
TAXP03569,41,925400,Salary+Investments,1,0,0,0,0.041,0.741,0.962,Low,19.0,6916.65,364.03,1.0,0.05263157894736842,0.37631058156139136,0.19,Low
TAXP03570,53,1199400,Business,1,0,0,0,0.12,0.176,0.98,Low,37.0,40061.54,1082.74,3.0,0.08108108108108109,0.5644118167811938,0.265,Low
TAXP03571,30,1096100,Salary,1,1,0,1,0.2,0.367,0.848,Low,80.0,80863.81,1010.8,2.0,0.025,0.43275455227376247,0.278,Low
TAXP03572,48,1143800,Salary,1,1,49900,1,0.11,0.391,0.596,Medium,85.0,74081.6,871.55,2.0,0.023529411764705882,0.42468640333270397,0.413,Medium
TAXP03573,61,844300,Salary,1,0,0,0,0.055,0.175,0.98,Low,6.0,2804.79,467.46,0.0,0.0,0.15706315324868708,0.082,Low
TAXP03574,57,617000,Salary+Business,1,0,34000,0,0.12,0.161,0.82,Low,13.0,7935.57,610.43,1.0,0.07692307692307693,0.44414370754149984,0.299,Low
TAXP03575,22,419500,Business,1,1,0,2,-0.054,0.056,0.79,Low,15.0,4395.32,293.02,3.0,0.2,0.842242364347096,0.495,Medium
TAXP03576,39,165700,Salary,1,0,0,0,0.229,0.191,0.962,Low,62.0,25553.12,412.15,6.0,0.0967741935483871,0.6501599603579904,0.313,Low
TAXP03577,21,830100,Salary,1,0,40100,1,0.034,0.162,0.708,Low,56.0,39357.66,702.82,5.0,0.08928571428571429,0.6370156704220895,0.447,Medium
TAXP03578,48,743200,Salary,1,1,0,0,-0.085,0.276,0.917,Low,32.0,23770.4,742.82,0.0,0.0,0.26906360991928063,0.167,Low
TAXP03579,35,971100,Salary,0,1,0,1,0.174,0.464,0.725,Low,16.0,14415.23,900.95,0.0,0.0,0.21050413798420067,0.246,Low
TAXP03580,61,248100,Salary,1,0,41000,1,0.182,0.066,0.645,Medium,14.0,3835.55,273.97,2.0,0.14285714285714285,0.6482945227353761,0.487,Medium
TAXP03581,28,1034200,Business,1,0,0,0,-0.038,0.229,0.955,Low,45.0,38051.1,845.58,1.0,0.022222222222222223,0.3961871946365767,0.203,Low
TAXP03582,59,2853300,Salary,1,1,0,0,0.2,0.255,0.824,Low,8.0,9042.65,1130.33,2.0,0.25,1.0,0.547,Medium
TAXP03583,36,687800,Salary,1,0,0,0,0.201,0.356,0.925,Low,44.0,24472.67,556.2,2.0,0.045454545454545456,0.45984934059615645,0.248,Low
TAXP03584,62,621800,Business,1,1,0,1,0.416,0.263,0.875,Low,4.0,1665.41,416.35,0.0,0.0,0.1467113116699667,0.135,Low
TAXP03585,29,812000,Business,1,0,0,1,0.062,0.478,0.855,Low,7.0,1370.96,195.85,0.0,0.0,0.14215780930248,0.144,Low
TAXP03586,33,2808100,Salary,1,0,0,1,0.091,0.502,0.897,Low,52.0,122177.03,2349.56,2.0,0.038461538461538464,0.49548148159649247,0.28,Low
TAXP03587,36,311000,Salary,1,1,0,0,0.003,0.262,0.874,Low,24.0,7077.02,294.88,0.0,0.0,0.21767301444692527,0.167,Low
TAXP03588,65,752400,Salary,1,2,0,0,0.179,0.363,0.883,Low,15.0,9121.65,608.11,1.0,0.06666666666666667,0.4180581949518948,0.252,Low
TAXP03589,54,365500,Salary,1,0,0,0,0.099,0.145,0.98,Low,14.0,2041.8,145.84,1.0,0.07142857142857142,0.39895879369618625,0.191,Low
TAXP03590,57,438400,Salary+Business,1,3,0,0,0.258,0.124,0.828,Low,10.0,2773.26,277.33,0.0,0.0,0.16144326901570388,0.167,Low
TAXP03591,45,627200,Salary,0,3,111400,2,0.031,0.054,0.02,High,22.0,16459.0,748.14,1.0,0.045454545454545456,0.3800024288920559,0.71,High
TAXP03592,56,1714800,Salary+Business,1,3,42500,0,0.175,0.25,0.627,Medium,49.0,94257.02,1923.61,1.0,0.02040816326530612,0.4237208257176168,0.396,Low
TAXP03593,49,2377200,Salary+Business,1,1,0,0,0.062,0.243,0.905,Low,15.0,42106.47,2807.1,0.0,0.0,0.23124399265972356,0.156,Low
TAXP03594,51,897500,Salary,1,0,3400,1,-0.195,0.427,0.902,Low,5.0,1722.27,344.45,0.0,0.0,0.14652724418351076,0.12,Low
TAXP03595,58,495600,Salary,1,0,1800,0,0.2,0.321,0.914,Low,1.0,3103.69,3103.69,0.0,0.0,0.17852232911363958,0.128,Low
TAXP03596,65,3911800,Salary,1,1,0,0,-0.18,0.357,0.92,Low,5.0,18233.05,3646.61,1.0,0.2,0.857708108325384,0.43,Medium
TAXP03597,46,477800,Salary,0,3,0,1,0.074,0.306,0.646,Medium,22.0,8739.82,397.26,1.0,0.045454545454545456,0.3662829791858663,0.36,Low
TAXP03598,40,430800,Business,1,1,0,0,0.077,0.06,0.954,Low,4.0,1467.72,366.93,1.0,0.25,0.9689744231032986,0.461,Medium
TAXP03599,50,181100,Salary,0,1,0,0,0.099,0.13,0.841,Low,11.0,6433.71,584.88,2.0,0.18181818181818182,0.7815276694243986,0.439,Medium
TAXP03600,54,1776100,Salary+Business,1,1,0,1,0.108,0.149,0.949,Low,27.0,28807.32,1066.94,2.0,0.07407407407407407,0.5017539633452355,0.254,Low
TAXP03601,65,1305200,Business,1,0,0,2,0.106,0.449,0.894,Low,13.0,14493.17,1114.86,1.0,0.07692307692307693,0.45720688416836963,0.264,Low
TAXP03602,52,3706300,Salary+Business,0,1,21000,0,0.158,0.376,0.688,Medium,40.0,176309.04,4407.73,3.0,0.075,0.5865782422530411,0.436,Medium
TAXP03603,63,239000,Salary+Business,1,1,0,1,0.083,0.184,0.864,Low,12.0,4813.55,401.13,0.0,0.0,0.17727698911798298,0.155,Low
TAXP03604,53,1857300,Business,1,1,0,0,0.519,0.336,0.824,Low,22.0,19461.12,884.6,0.0,0.0,0.23363617303833262,0.202,Low
TAXP03605,63,683700,Multiple,1,2,41300,0,0.045,0.436,0.665,Medium,18.0,7091.43,393.97,0.0,0.0,0.20041623639619127,0.274,Low
TAXP03606,54,1161400,Multiple,1,0,0,1,-0.096,0.149,0.952,Low,14.0,9453.26,675.23,2.0,0.14285714285714285,0.6678352227371658,0.327,Low
TAXP03607,60,198500,Salary,1,1,0,0,-0.126,0.41,0.951,Low,16.0,4152.0,259.5,2.0,0.125,0.596035379504412,0.295,Low
TAXP03608,29,1870600,Salary,0,1,0,0,0.205,0.435,0.748,Low,59.0,80222.29,1359.7,2.0,0.03389830508474576,0.4685523872174284,0.349,Low
TAXP03609,65,1145100,Salary,1,1,0,0,-0.155,0.385,0.886,Low,12.0,13377.7,1114.81,1.0,0.08333333333333333,0.47443817120421355,0.276,Low
TAXP03610,36,632000,Salary,1,1,0,0,-0.094,0.38,0.894,Low,37.0,27114.34,732.82,0.0,0.0,0.28837739197149576,0.188,Low
TAXP03611,56,1034300,Business,1,0,0,0,-0.117,0.112,0.97,Low,21.0,27856.45,1326.5,2.0,0.09523809523809523,0.5527902073723041,0.265,Low
TAXP03612,38,374600,Salary,0,1,14200,2,0.173,0.255,0.637,Medium,1.0,56.18,56.18,0.0,0.0,0.09178369986285352,0.241,Low
TAXP03613,41,428300,Business,0,3,0,0,0.313,0.491,0.625,Medium,14.0,4993.32,356.67,0.0,0.0,0.18257571542996479,0.288,Low
TAXP03614,54,465600,Salary+Business,1,2,4300,1,-0.051,0.153,0.843,Low,11.0,3178.96,289.0,2.0,0.18181818181818182,0.7662567755705377,0.431,Medium
TAXP03615,45,171200,Salary,1,0,9100,0,0.168,0.164,0.943,Low,3.0,425.15,141.72,0.0,0.0,0.11948834699716189,0.085,Low
TAXP03616,53,1208900,Business,1,2,0,0,-0.322,0.501,0.873,Low,31.0,26918.41,868.34,2.0,0.06451612903225806,0.4814311040028267,0.286,Low
TAXP03617,24,1532900,Salary,1,0,0,0,-0.019,0.342,0.969,Low,5.0,6739.49,1347.9,0.0,0.0,0.17610666274205306,0.096,Low
TAXP03618,58,392300,Salary+Business,1,2,0,0,0.196,0.467,0.875,Low,2.0,961.38,480.69,0.0,0.0,0.14198140226198544,0.133,Low
TAXP03619,39,835200,Professional,1,1,0,0,0.05,0.385,0.934,Low,2.0,262.6,131.3,0.0,0.0,0.1139210373266444,0.088,Low
TAXP03620,56,536900,Salary,0,0,0,0,0.259,0.424,0.864,Low,25.0,8806.79,352.27,1.0,0.04,0.3574445412887127,0.236,Low
TAXP03621,33,823300,Professional,1,1,0,0,-0.257,0.374,0.934,Low,8.0,4467.01,558.38,1.0,0.125,0.581257630846507,0.298,Low
TAXP03622,47,413700,Salary,1,1,0,0,-0.018,0.23,0.98,Low,15.0,5801.44,386.76,1.0,0.06666666666666667,0.40825171666211524,0.195,Low
TAXP03623,47,344100,Salary+Business,1,1,0,0,0.172,0.469,0.884,Low,24.0,7605.21,316.88,0.0,0.0,0.21923095476958662,0.162,Low
TAXP03624,27,1386400,Business,0,2,0,0,0.17,0.539,0.753,Low,46.0,62131.4,1350.68,3.0,0.06521739130434782,0.5521531484966383,0.384,Low
TAXP03625,42,620800,Salary,0,2,0,0,0.183,0.486,0.671,Medium,59.0,20897.86,354.2,3.0,0.05084745762711865,0.495320209429655,0.404,Medium
TAXP03626,49,2787500,Professional,1,4,15100,0,0.133,0.191,0.675,Medium,16.0,41740.17,2608.76,1.0,0.0625,0.439824983378233,0.377,Low
TAXP03627,58,672000,Salary+Investments,0,0,0,0,-0.083,0.239,0.849,Low,19.0,7641.22,402.17,1.0,0.05263157894736842,0.3784682833791741,0.253,Low
TAXP03628,60,333700,Salary+Business,1,0,7200,0,-0.025,0.29,0.912,Low,10.0,2352.74,235.27,0.0,0.0,0.15788637988622078,0.119,Low
TAXP03629,38,1572400,Business,1,0,0,0,0.471,0.03,0.939,Low,35.0,42443.48,1212.67,2.0,0.05714285714285714,0.48003124277809206,0.25,Low
TAXP03630,49,1023700,Salary+Business,1,1,0,0,-0.102,0.294,0.935,Low,2.0,5316.9,2658.45,1.0,0.5,1.0,0.486,Medium
TAXP03631,28,1097000,Salary,0,1,2800,0,-0.126,0.33,0.785,Low,12.0,9612.08,801.01,2.0,0.16666666666666666,0.742267596321535,0.452,Medium
TAXP03632,61,1531800,Salary+Business,1,0,46300,0,0.209,0.265,0.684,Medium,21.0,26859.78,1279.04,0.0,0.0,0.23771393482031383,0.281,Low
TAXP03633,60,406200,Salary+Investments,1,1,18300,0,-0.069,0.246,0.79,Low,14.0,2867.36,204.81,0.0,0.0,0.17057533467115413,0.192,Low
TAXP03634,65,593100,Salary,1,2,6200,0,0.387,0.227,0.856,Low,14.0,4767.63,340.54,0.0,0.0,0.18157424735493183,0.161,Low
TAXP03635,42,574500,Salary,1,2,0,0,0.538,0.227,0.771,Low,44.0,26731.78,607.54,1.0,0.022727272727272728,0.3867633714158695,0.3,Low
TAXP03636,37,256600,Salary,1,1,18800,0,0.061,0.321,0.868,Low,27.0,7715.26,285.75,1.0,0.037037037037037035,0.350979667811676,0.231,Low
TAXP03637,55,537600,Salary,1,0,4700,0,0.15,0.069,0.98,Low,20.0,9179.1,458.96,0.0,0.0,0.21156702412312017,0.106,Low
TAXP03638,53,1701300,Salary,0,1,86700,1,-0.192,0.044,0.26,High,9.0,39139.26,4348.81,0.0,0.0,0.2172174573586797,0.505,Medium
TAXP03639,30,771100,Salary,1,3,69800,0,0.265,0.18,0.44,High,15.0,9314.61,620.97,1.0,0.06666666666666667,0.4185120196066282,0.496,Medium
TAXP03640,45,246600,Business,1,0,7300,0,-0.258,0.596,0.881,Low,44.0,19259.82,437.72,4.0,0.09090909090909091,0.6046584340006423,0.338,Low
TAXP03641,49,212000,Salary,0,0,0,0,-0.114,0.238,0.821,Low,1.0,50.0,50.0,0.0,0.0,0.0893000032739525,0.139,Low
TAXP03642,41,2155100,Salary,1,1,0,1,0.119,0.495,0.87,Low,13.0,17403.45,1338.73,0.0,0.0,0.20733107060389366,0.165,Low
TAXP03643,37,609100,Professional,1,0,0,0,0.188,0.265,0.98,Low,3.0,410.51,136.84,0.0,0.0,0.11873285106803867,0.064,Low
TAXP03644,31,407800,Salary,1,0,0,0,-0.137,0.364,0.971,Low,17.0,9785.31,575.61,0.0,0.0,0.20471052234713366,0.108,Low
TAXP03645,39,533600,Business,1,0,0,2,0.013,0.24,0.9,Low,34.0,10320.88,303.56,1.0,0.029411764705882353,0.3545753566636801,0.215,Low
TAXP03646,32,224400,Salary+Business,1,1,34700,0,-0.166,0.305,0.768,Low,27.0,3954.76,146.47,1.0,0.037037037037037035,0.3365400467422698,0.279,Low
TAXP03647,34,1810900,Multiple,1,0,0,0,0.049,0.319,0.98,Low,65.0,81775.9,1258.09,3.0,0.046153846153846156,0.5073104096747507,0.239,Low
TAXP03648,29,489800,Business,1,0,0,1,-0.028,0.1,0.959,Low,5.0,626.59,125.32,0.0,0.0,0.12468101391460018,0.079,Low
TAXP03649,37,1739800,Salary,1,0,0,0,-0.002,0.232,0.98,Low,38.0,66346.25,1745.95,2.0,0.05263157894736842,0.48481775037998487,0.229,Low
TAXP03650,49,674600,Salary,1,2,0,1,0.204,0.158,0.815,Low,10.0,7042.1,704.21,1.0,0.1,0.5116314856764346,0.332,Low
TAXP03651,37,1819400,Multiple,1,1,0,1,0.145,0.228,0.852,Low,35.0,70923.47,2026.38,0.0,0.0,0.30260156826104767,0.218,Low
TAXP03652,27,782000,Professional,1,1,0,1,0.19,0.078,0.874,Low,17.0,9064.79,533.22,0.0,0.0,0.20305267490521928,0.161,Low
TAXP03653,57,1201500,Salary+Business,1,0,0,0,0.079,0.236,0.98,Low,9.0,6065.07,673.9,0.0,0.0,0.17675585893327636,0.091,Low
TAXP03654,40,1090900,Professional,1,2,0,0,0.215,0.129,0.917,Low,59.0,73556.67,1246.72,3.0,0.05084745762711865,0.5226023885802309,0.281,Low
TAXP03655,47,1018100,Salary,1,1,0,1,0.094,0.115,0.921,Low,29.0,22987.82,792.68,1.0,0.034482758620689655,0.37250083388933103,0.211,Low
TAXP03656,44,835000,Business,1,0,0,2,0.021,0.13,0.844,Low,5.0,3764.47,752.89,0.0,0.0,0.16347323252378115,0.159,Low
TAXP03657,43,549700,Salary+Business,1,0,0,1,0.191,0.269,0.941,Low,10.0,3347.62,334.76,0.0,0.0,0.1655171537274846,0.107,Low
TAXP03658,40,2581400,Salary+Investments,0,1,0,2,0.032,0.267,0.771,Low,11.0,18435.22,1675.93,2.0,0.18181818181818182,0.8043628498046287,0.488,Medium
TAXP03659,55,338300,Salary,1,0,21300,0,0.047,0.2,0.843,Low,21.0,36498.41,1738.02,2.0,0.09523809523809523,0.5586537376290566,0.338,Low
TAXP03660,59,652000,Business,1,0,6000,0,0.271,0.141,0.935,Low,36.0,15856.35,440.45,1.0,0.027777777777777776,0.36508730340288276,0.2,Low
TAXP03661,61,657000,Salary,1,0,0,1,0.256,0.344,0.812,Low,25.0,19424.32,776.97,1.0,0.04,0.37458731079222063,0.272,Low
TAXP03662,40,868500,Multiple,0,0,0,0,0.052,0.169,0.908,Low,14.0,12020.47,858.6,1.0,0.07142857142857142,0.4373310657121102,0.247,Low
TAXP03663,36,477100,Salary,1,1,0,0,0.24,0.01,0.946,Low,8.0,4246.21,530.78,1.0,0.125,0.5801588774996193,0.291,Low
TAXP03664,24,815300,Salary+Business,1,1,0,0,-0.105,0.305,0.953,Low,5.0,1844.64,368.93,0.0,0.0,0.1480135918302244,0.092,Low
TAXP03665,40,575600,Salary,1,1,0,1,0.053,0.114,0.925,Low,7.0,2745.22,392.17,1.0,0.14285714285714285,0.6286086944635122,0.324,Low
TAXP03666,65,208100,Professional,0,0,0,0,-0.02,0.143,0.893,Low,42.0,13206.06,314.43,3.0,0.07142857142857142,0.5253652093394788,0.295,Low
TAXP03667,32,654500,Professional,0,2,0,1,0.1,0.153,0.754,Low,10.0,6646.52,664.65,0.0,0.0,0.18037792572384825,0.216,Low
TAXP03668,59,294300,Salary,0,0,0,0,0.218,0.578,0.803,Low,12.0,2872.17,239.35,0.0,0.0,0.16610070058787146,0.183,Low
TAXP03669,55,186500,Salary+Business,1,0,0,0,0.189,0.404,0.946,Low,15.0,2996.4,199.76,2.0,0.13333333333333333,0.6139572887588529,0.306,Low
TAXP03670,50,717300,Salary+Investments,1,0,0,2,0.167,0.028,0.888,Low,41.0,19011.07,463.68,2.0,0.04878048780487805,0.455117723238159,0.266,Low
TAXP03671,46,923600,Salary+Investments,1,2,1200,0,0.122,0.481,0.801,Low,1.0,228.68,228.68,0.0,0.0,0.12197762506019844,0.164,Low
TAXP03672,55,949700,Salary,1,0,0,0,0.075,0.32,0.944,Low,9.0,5088.28,565.36,0.0,0.0,0.1729487971396529,0.109,Low
TAXP03673,25,977800,Salary+Business,1,0,0,0,0.292,0.333,0.92,Low,24.0,34373.94,1432.25,2.0,0.08333333333333333,0.526933569627922,0.281,Low
TAXP03674,26,161700,Business,1,0,0,0,-0.147,0.204,0.965,Low,2.0,950.76,475.38,0.0,0.0,0.14174069695764135,0.083,Low
TAXP03675,29,244000,Business,1,1,0,0,-0.007,0.524,0.89,Low,30.0,6865.69,228.86,2.0,0.06666666666666667,0.4557197799953474,0.266,Low
TAXP03676,55,2691600,Business,1,6,0,0,0.166,0.396,0.638,Medium,23.0,25193.62,1095.37,3.0,0.13043478260869565,0.6726286809122858,0.502,Medium
TAXP03677,40,305800,Professional,1,0,0,1,0.344,0.657,0.904,Low,14.0,1824.19,130.3,0.0,0.0,0.16081498696367352,0.125,Low
TAXP03678,30,1009100,Salary,1,0,0,0,0.045,0.077,0.98,Low,7.0,3212.89,458.98,0.0,0.0,0.1605880145154395,0.083,Low
TAXP03679,23,396400,Salary,1,1,0,1,0.058,0.315,0.866,Low,87.0,37395.42,429.83,5.0,0.05747126436781609,0.521370476513799,0.308,Low
TAXP03680,43,688400,Salary,1,0,0,1,-0.106,0.307,0.911,Low,17.0,10748.3,632.25,0.0,0.0,0.20674540577496564,0.142,Low
TAXP03681,38,412000,Salary,1,2,18700,1,0.013,0.754,0.734,Low,4.0,1476.84,369.21,0.0,0.0,0.14410857024446652,0.211,Low
TAXP03682,29,973900,Salary,1,0,0,1,0.213,0.224,0.888,Low,7.0,9091.04,1298.72,0.0,0.0,0.18314333525426513,0.144,Low
TAXP03683,22,717300,Salary,1,0,0,0,0.353,0.42,0.886,Low,20.0,45429.12,2271.46,3.0,0.15,0.7412560009306559,0.396,Low
TAXP03684,54,470700,Salary+Business,0,1,88700,0,0.053,0.382,0.286,High,2.0,577.88,288.94,0.0,0.0,0.1309584370474305,0.452,Medium
TAXP03685,56,305200,Business,1,1,0,1,-0.028,0.261,0.9,Low,6.0,913.29,152.22,0.0,0.0,0.13279438113486813,0.115,Low
TAXP03686,32,788200,Salary,1,0,8300,0,0.111,0.101,0.911,Low,7.0,4414.22,630.6,1.0,0.14285714285714285,0.6389016344962927,0.336,Low
TAXP03687,43,271500,Salary+Business,1,0,0,0,-0.158,0.353,0.969,Low,9.0,1090.21,121.13,0.0,0.0,0.13963593508052538,0.08,Low
TAXP03688,32,884300,Salary+Investments,1,1,18500,0,0.298,0.167,0.821,Low,6.0,1217.2,202.87,0.0,0.0,0.13899662257269335,0.161,Low
TAXP03689,39,4307200,Salary+Investments,0,1,0,0,-0.097,0.45,0.744,Low,17.0,36484.77,2146.16,2.0,0.11764705882352941,0.6214950662278709,0.42,Medium
TAXP03690,25,1718300,Salary+Investments,1,1,0,0,0.15,0.341,0.863,Low,30.0,71295.39,2376.51,1.0,0.03333333333333333,0.39645305721594193,0.254,Low
TAXP03691,63,1090300,Multiple,1,0,38200,0,0.148,0.346,0.775,Low,62.0,41828.57,674.65,3.0,0.04838709677419355,0.5011635254770075,0.349,Low
TAXP03692,53,611100,Business,1,3,0,0,0.2,0.234,0.843,Low,6.0,1085.97,181.0,1.0,0.16666666666666666,0.6865322864448518,0.395,Low
TAXP03693,61,160900,Multiple,0,0,0,0,0.141,0.091,0.81,Low,14.0,2665.13,190.37,1.0,0.07142857142857142,0.40470943498929146,0.287,Low
TAXP03694,34,250900,Multiple,1,1,35600,1,0.1,0.047,0.712,Low,10.0,1435.91,143.59,0.0,0.0,0.14722265552833677,0.225,Low
TAXP03695,60,1636900,Salary,1,4,23100,0,0.169,0.069,0.782,Low,15.0,9137.94,609.2,0.0,0.0,0.19809687626096745,0.209,Low
TAXP03696,44,368100,Salary+Investments,1,1,0,0,0.234,0.623,0.862,Low,1.0,91.5,91.5,0.0,0.0,0.1022285698764532,0.122,Low
TAXP03697,29,392900,Salary+Business,1,2,0,1,0.387,0.499,0.812,Low,32.0,7690.2,240.32,0.0,0.0,0.24461964595746288,0.213,Low
TAXP03698,35,576900,Salary+Business,1,1,0,0,-0.076,0.276,0.931,Low,49.0,23221.28,473.9,4.0,0.08163265306122448,0.5953747780515525,0.306,Low
TAXP03699,57,302600,Salary+Investments,0,2,14900,0,-0.194,0.247,0.653,Medium,21.0,5198.79,247.56,1.0,0.047619047619047616,0.3592673811025631,0.353,Low
TAXP03700,55,268700,Salary,1,0,0,0,-0.148,0.321,0.98,Low,7.0,1857.97,265.42,1.0,0.14285714285714285,0.6201581369852166,0.29,Low
TAXP03701,53,626800,Salary,1,1,0,1,-0.19,0.109,0.854,Low,50.0,14952.72,299.05,2.0,0.04,0.4519383237720709,0.284,Low
TAXP03702,31,342100,Professional,1,1,0,1,-0.092,0.304,0.92,Low,13.0,2630.45,202.34,1.0,0.07692307692307693,0.42023783315717805,0.233,Low
TAXP03703,50,381200,Salary+Business,0,0,0,0,-0.112,0.328,0.866,Low,39.0,13288.05,340.72,3.0,0.07692307692307693,0.5334706912849598,0.314,Low
TAXP03704,63,370400,Salary+Investments,1,0,0,0,0.033,0.454,0.941,Low,12.0,1820.95,151.75,0.0,0.0,0.15625719729159052,0.103,Low
TAXP03705,23,946800,Salary+Investments,1,2,0,0,0.237,0.55,0.88,Low,17.0,7142.13,420.13,1.0,0.058823529411764705,0.3920047661146437,0.242,Low
TAXP03706,35,550000,Salary+Business,1,2,0,1,0.2,0.613,0.826,Low,5.0,4663.58,932.72,0.0,0.0,0.1681184541866051,0.171,Low
TAXP03707,24,571600,Multiple,1,0,0,0,0.0,0.314,0.957,Low,2.0,137.82,68.91,0.0,0.0,0.1000700222544984,0.069,Low
TAXP03708,25,999000,Salary,0,1,0,0,0.014,0.267,0.787,Low,33.0,21461.66,650.35,1.0,0.030303030303030304,0.3701024745046211,0.284,Low
TAXP03709,65,586800,Multiple,1,3,0,1,0.422,0.189,0.772,Low,11.0,3565.72,324.16,0.0,0.0,0.1687417587041185,0.201,Low
TAXP03710,31,532000,Salary,1,3,0,0,0.195,0.458,0.781,Low,27.0,7946.6,294.32,0.0,0.0,0.22939677971313982,0.224,Low
TAXP03711,29,912100,Business,1,1,13200,0,0.128,0.205,0.716,Low,,,,,,,,Low
TAXP03712,24,1051600,Salary,0,3,0,0,0.119,0.16,0.769,Low,3.0,3876.16,1292.05,0.0,0.0,0.1673453926562951,0.202,Low
TAXP03713,65,584700,Business,0,1,0,0,0.054,0.437,0.865,Low,28.0,14192.36,506.87,0.0,0.0,0.24509143204544476,0.185,Low
TAXP03714,42,688800,Salary,1,1,0,0,0.421,0.532,0.836,Low,17.0,6509.45,382.91,0.0,0.0,0.19587795912548417,0.178,Low
TAXP03715,56,370200,Salary,1,2,7900,0,0.07,0.247,0.878,Low,25.0,7409.07,296.36,2.0,0.08,0.4857034401469469,0.286,Low
TAXP03716,32,349800,Professional,1,0,0,0,0.124,0.25,0.955,Low,17.0,3028.92,178.17,1.0,0.058823529411764705,0.37344769442692133,0.193,Low
TAXP03717,49,1130900,Salary+Business,1,0,14200,0,-0.164,0.592,0.836,Low,6.0,4754.21,792.37,1.0,0.16666666666666666,0.718503028941096,0.414,Medium
TAXP03718,60,895500,Salary,1,0,0,0,-0.002,0.211,0.98,Low,26.0,29581.52,1137.75,2.0,0.07692307692307693,0.5086282395890892,0.24,Low
TAXP03719,51,902200,Professional,1,0,0,0,0.012,0.232,0.966,Low,8.0,15474.05,1934.26,1.0,0.125,0.6082093302144669,0.292,Low
TAXP03720,44,795700,Salary,1,1,0,0,0.178,0.356,0.847,Low,61.0,25088.61,411.29,2.0,0.03278688524590164,0.43895667872251554,0.282,Low
TAXP03721,30,672000,Salary,0,0,0,1,-0.024,0.192,0.831,Low,24.0,9339.78,389.16,1.0,0.041666666666666664,0.3611795325122258,0.255,Low
TAXP03722,31,1073200,Salary,1,1,16000,0,0.108,0.249,0.795,Low,33.0,25534.65,773.78,1.0,0.030303030303030304,0.3738704828644682,0.281,Low
TAXP03723,47,1274400,Business,1,0,0,3,0.003,0.182,0.877,Low,10.0,2709.68,270.97,1.0,0.1,0.4909414709233656,0.289,Low
TAXP03724,41,1252700,Salary+Business,1,1,1800,0,-0.076,0.253,0.902,Low,5.0,17794.35,3558.87,0.0,0.0,0.19717939583209243,0.143,Low
TAXP03725,23,604500,Business,1,3,3100,0,-0.083,0.446,0.777,Low,29.0,16802.55,579.4,2.0,0.06896551724137931,0.4794978827486009,0.338,Low
TAXP03726,29,1764500,Salary+Business,1,2,55700,1,0.072,0.19,0.549,Medium,6.0,7548.32,1258.05,1.0,0.16666666666666666,0.728531483490018,0.576,Medium
TAXP03727,40,766200,Business,1,0,0,0,0.116,0.144,0.945,Low,34.0,17007.18,500.21,2.0,0.058823529411764705,0.462451900468949,0.238,Low
TAXP03728,29,1024800,Salary+Business,1,2,18000,0,0.069,0.137,0.794,Low,13.0,11397.19,876.71,2.0,0.15384615384615385,0.7058400482193131,0.431,Medium
TAXP03729,45,796400,Multiple,1,0,0,0,-0.033,0.036,0.98,Low,62.0,55106.89,888.82,3.0,0.04838709677419355,0.5071424190953676,0.239,Low
TAXP03730,34,776500,Salary,1,0,0,0,0.078,0.535,0.967,Low,,,,,,,,Low
TAXP03731,34,382700,Salary,1,1,0,0,0.048,0.392,0.946,Low,62.0,16540.67,266.78,5.0,0.08064516129032258,0.5875182391369781,0.294,Low
TAXP03732,25,1077000,Salary,0,1,9700,0,-0.067,0.077,0.807,Low,11.0,11357.72,1032.52,0.0,0.0,0.19385306825382814,0.193,Low
TAXP03733,43,5042100,Business,0,0,4200,2,0.113,0.095,0.763,Low,8.0,17675.34,2209.42,0.0,0.0,0.19859611928458495,0.22,Low
TAXP03734,29,496300,Business,1,0,0,0,0.39,0.585,0.963,Low,9.0,13691.24,1521.25,1.0,0.1111111111111111,0.5610849293873882,0.273,Low
TAXP03735,49,684100,Salary,0,5,129300,1,0.076,0.36,0.02,High,21.0,14150.97,673.86,2.0,0.09523809523809523,0.5380990790713325,0.781,High
TAXP03736,63,471400,Salary+Investments,1,0,0,0,-0.134,0.253,0.977,Low,37.0,13455.6,363.66,4.0,0.10810810810810811,0.629949380783592,0.296,Low
TAXP03737,62,457400,Multiple,1,2,0,0,0.335,0.369,0.85,Low,88.0,28996.73,329.51,6.0,0.06818181818181818,0.5509590088114882,0.33,Low
TAXP03738,51,1976300,Salary,0,1,0,0,0.301,0.22,0.833,Low,12.0,18493.71,1541.14,2.0,0.16666666666666666,0.7564649103756507,0.432,Medium
TAXP03739,57,400400,Salary,1,2,0,0,0.329,0.186,0.797,Low,17.0,2127.59,125.15,1.0,0.058823529411764705,0.3658289902457516,0.276,Low
TAXP03740,62,462000,Salary,1,2,0,0,0.093,0.307,0.879,Low,12.0,3143.29,261.94,1.0,0.08333333333333333,0.44305162018696004,0.266,Low
TAXP03741,51,207300,Salary,1,1,69100,0,-0.025,0.347,0.581,Medium,11.0,5654.79,514.07,2.0,0.18181818181818182,0.7787305265473126,0.581,Medium
TAXP03742,32,376700,Salary+Investments,1,0,26100,0,-0.043,0.215,0.859,Low,47.0,13070.61,278.1,4.0,0.0851063829787234,0.5874525259428278,0.342,Low
TAXP03743,43,190000,Business,1,0,0,1,0.283,0.165,0.924,Low,13.0,4834.73,371.9,1.0,0.07692307692307693,0.43340618786997503,0.237,Low
TAXP03744,59,1024400,Salary,1,0,0,0,0.357,0.425,0.947,Low,10.0,5004.4,500.44,0.0,0.0,0.17422651774560274,0.108,Low
TAXP03745,51,4879300,Business,1,0,0,1,-0.047,0.365,0.958,Low,40.0,184499.5,4612.49,1.0,0.025,0.42256405338474623,0.213,Low
TAXP03746,37,499200,Salary,1,1,1100,0,-0.303,0.275,0.872,Low,4.0,683.28,170.82,0.0,0.0,0.1274398631773308,0.128,Low
TAXP03747,28,195800,Salary,1,1,0,0,0.097,0.08,0.979,Low,8.0,1626.73,203.34,0.0,0.0,0.1468902509690685,0.078,Low
TAXP03748,27,1242600,Salary,1,0,0,0,-0.045,0.447,0.924,Low,37.0,27034.98,730.68,3.0,0.08108108108108109,0.5558813972106101,0.292,Low
TAXP03749,37,385100,Professional,0,3,0,1,-0.013,0.048,0.731,Low,29.0,6822.87,235.27,1.0,0.034482758620689655,0.34618904640087605,0.304,Low
TAXP03750,57,1656600,Business,0,1,0,1,0.062,0.348,0.739,Low,16.0,31615.88,1975.99,1.0,0.0625,0.4337952059843465,0.339,Low
TAXP03751,45,530500,Salary+Investments,1,2,29700,1,0.166,0.492,0.68,Medium,50.0,20181.22,403.62,4.0,0.08,0.5904309215711122,0.442,Medium
TAXP03752,23,412400,Salary,1,2,0,0,-0.025,0.099,0.921,Low,48.0,10981.68,228.78,5.0,0.10416666666666667,0.6500512753285137,0.336,Low
TAXP03753,62,571800,Salary+Business,1,0,0,0,0.122,0.365,0.939,Low,3.0,502.91,167.64,0.0,0.0,0.12311220962739962,0.089,Low
TAXP03754,39,1121700,Salary,1,1,0,0,0.08,0.261,0.881,Low,46.0,35530.65,772.41,3.0,0.06521739130434782,0.5400297837044102,0.308,Low
TAXP03755,38,551800,Salary,1,0,0,0,-0.269,0.296,0.891,Low,15.0,7524.32,501.62,0.0,0.0,0.19388545799436194,0.147,Low
TAXP03756,57,454600,Salary+Investments,1,0,0,2,0.187,0.193,0.856,Low,1.0,341.15,341.15,0.0,0.0,0.13063228578508723,0.138,Low
TAXP03757,37,563300,Professional,0,1,0,2,0.028,0.193,0.713,Low,1.0,152.27,152.27,0.0,0.0,0.1131943315849059,0.209,Low
TAXP03758,48,260100,Salary,1,2,0,0,-0.102,0.286,0.906,Low,38.0,14405.7,379.1,2.0,0.05263157894736842,0.4516984494669224,0.255,Low
TAXP03759,62,865100,Business,0,0,0,0,-0.016,0.164,0.925,Low,12.0,11468.1,955.68,1.0,0.08333333333333333,0.4710969153297589,0.253,Low
TAXP03760,44,179600,Salary+Business,1,1,0,1,0.132,0.176,0.856,Low,11.0,1277.24,116.11,0.0,0.0,0.14656736980238277,0.145,Low
TAXP03761,48,472100,Multiple,1,0,0,0,0.107,0.278,0.975,Low,37.0,17228.59,465.64,0.0,0.0,0.27854690828353046,0.139,Low
TAXP03762,36,1123000,Professional,1,0,0,0,0.203,0.09,0.978,Low,57.0,86025.55,1509.22,4.0,0.07017543859649122,0.5905308226966599,0.278,Low
TAXP03763,61,808500,Salary,1,2,0,0,0.17,0.371,0.873,Low,66.0,48870.46,740.46,4.0,0.06060606060606061,0.5435043060699178,0.314,Low
TAXP03764,24,994300,Business,1,0,3200,0,-0.087,0.622,0.941,Low,12.0,6423.07,535.26,2.0,0.16666666666666666,0.7335273064663455,0.363,Low
TAXP03765,33,620300,Salary,0,1,0,0,-0.373,0.141,0.773,Low,4.0,8274.78,2068.7,2.0,0.5,1.0,0.575,Medium
TAXP03766,65,1509000,Salary,1,0,34800,0,0.119,0.374,0.716,Low,13.0,17571.96,1351.69,1.0,0.07692307692307693,0.4613863116411194,0.364,Low
TAXP03767,42,1264900,Business,1,2,0,0,0.201,0.465,0.89,Low,43.0,57929.78,1347.2,2.0,0.046511627906976744,0.4786034707130596,0.276,Low
TAXP03768,28,896200,Salary+Business,1,2,0,0,0.068,0.133,0.955,Low,48.0,28520.04,594.17,1.0,0.020833333333333332,0.39571713401200237,0.203,Low
TAXP03769,39,1267500,Salary,1,0,0,0,0.206,0.136,0.98,Low,53.0,51219.01,966.4,1.0,0.018867924528301886,0.41154424496496433,0.196,Low
TAXP03770,32,1115700,Salary+Business,1,1,0,0,-0.06,0.242,0.951,Low,34.0,41320.37,1215.3,1.0,0.029411764705882353,0.38464414748425857,0.2,Low
TAXP03771,44,473700,Salary+Business,1,1,0,0,0.045,0.259,0.883,Low,4.0,1006.43,251.61,0.0,0.0,0.1358084822113596,0.125,Low
TAXP03772,31,247000,Salary+Business,1,0,3000,0,-0.047,0.182,0.946,Low,26.0,16242.55,624.71,3.0,0.11538461538461539,0.6225486685609846,0.31,Low
TAXP03773,38,879700,Salary,1,2,0,1,0.212,0.264,0.751,Low,17.0,13247.81,779.28,1.0,0.058823529411764705,0.4053967937332491,0.319,Low
TAXP03774,61,963100,Salary,1,1,0,0,-0.046,0.302,0.883,Low,6.0,4797.45,799.58,0.0,0.0,0.16869938687359462,0.14,Low
TAXP03775,24,1425300,Salary,1,2,0,0,0.43,0.213,0.856,Low,17.0,39667.61,2333.39,3.0,0.17647058823529413,0.8174281213291353,0.447,Medium
TAXP03776,55,331200,Salary,1,3,0,0,0.02,0.204,0.833,Low,20.0,4451.53,222.58,1.0,0.05,0.36090257817357974,0.254,Low
TAXP03777,24,338400,Salary,1,1,0,0,0.228,0.368,0.889,Low,14.0,4889.31,349.24,0.0,0.0,0.18211991606783648,0.143,Low
TAXP03778,41,905100,Salary,1,0,0,1,0.022,0.334,0.947,Low,1.0,992.93,992.93,0.0,0.0,0.1537892284148022,0.098,Low
TAXP03779,51,617500,Salary,1,1,0,0,0.314,0.272,0.892,Low,13.0,7244.56,557.27,0.0,0.0,0.18832263699495144,0.144,Low
TAXP03780,63,167200,Salary,1,0,0,0,0.308,0.116,0.922,Low,41.0,7973.86,194.48,4.0,0.0975609756097561,0.5972910379352537,0.312,Low
TAXP03781,32,851500,Salary+Investments,1,0,32000,0,0.048,0.431,0.811,Low,8.0,8002.32,1000.29,1.0,0.125,0.5939004126495826,0.371,Low
TAXP03782,23,171300,Salary+Business,1,1,0,0,0.144,0.225,0.931,Low,15.0,9091.69,606.11,1.0,0.06666666666666667,0.41798687323628003,0.226,Low
TAXP03783,54,329100,Salary,1,0,0,1,0.304,0.231,0.886,Low,,,,,,,,Low
TAXP03784,61,1720200,Multiple,1,0,0,0,0.149,0.241,0.915,Low,13.0,9313.21,716.4,1.0,0.07692307692307693,0.4476145138801397,0.248,Low
TAXP03785,46,2418500,Salary,1,0,0,0,-0.047,0.328,0.98,Low,7.0,6292.54,898.93,0.0,0.0,0.17516139198770728,0.09,Low
TAXP03786,23,270900,Salary,1,1,0,0,0.111,0.037,0.934,Low,47.0,9630.66,204.91,1.0,0.02127659574468085,0.3702100160802884,0.203,Low
TAXP03787,43,512800,Salary+Business,1,0,0,0,-0.02,0.199,0.98,Low,20.0,16109.38,805.47,1.0,0.05,0.38876063022455437,0.186,Low
TAXP03788,38,670300,Business,1,1,0,0,0.124,0.286,0.927,Low,4.0,1230.02,307.5,0.0,0.0,0.14014927675918826,0.103,Low
TAXP03789,41,2343600,Salary,1,1,0,0,-0.026,0.354,0.98,Low,4.0,7934.88,1983.72,1.0,0.25,1.0,0.461,Medium
TAXP03790,23,455800,Salary,1,1,0,0,0.16,0.293,0.94,Low,25.0,13443.14,537.73,0.0,0.0,0.23460747774099255,0.139,Low
TAXP03791,35,461100,Business,1,1,0,0,-0.186,0.054,0.98,Low,26.0,12847.71,494.14,3.0,0.11538461538461539,0.6174664167422467,0.289,Low
TAXP03792,65,1982400,Professional,1,1,0,1,-0.08,0.198,0.883,Low,16.0,17632.9,1102.06,3.0,0.1875,0.8336248488872953,0.439,Medium
TAXP03793,23,496300,Salary,1,2,0,0,-0.027,0.407,0.88,Low,1.0,160.55,160.55,0.0,0.0,0.11433682084014414,0.117,Low
TAXP03794,62,1093300,Business,1,3,0,0,0.074,0.192,0.878,Low,21.0,32130.66,1530.03,0.0,0.0,0.24160200814825944,0.176,Low
TAXP03795,44,224400,Salary,1,0,27800,0,-0.142,0.074,0.85,Low,15.0,13240.19,882.68,2.0,0.13333333333333333,0.6461381363684948,0.373,Low
TAXP03796,47,574600,Business,0,1,0,0,-0.041,0.07,0.759,Low,15.0,5040.37,336.02,2.0,0.13333333333333333,0.625206504028974,0.414,Medium
TAXP03797,63,196800,Salary,0,2,0,0,0.224,0.221,0.774,Low,74.0,20628.87,278.77,8.0,0.10810810810810811,0.6790965922606612,0.43,Medium
TAXP03798,30,304000,Salary+Investments,1,0,17300,0,0.244,0.15,0.895,Low,38.0,9564.08,251.69,1.0,0.02631578947368421,0.355990694932515,0.218,Low
TAXP03799,65,1189400,Salary+Business,0,2,0,0,-0.305,0.346,0.742,Low,,,,,,,,Low
TAXP03800,33,627100,Salary,1,1,0,0,0.006,0.082,0.97,Low,15.0,8944.12,596.27,3.0,0.2,0.8576321135742316,0.402,Medium
TAXP03801,36,516600,Salary+Business,1,1,15000,0,0.304,0.603,0.853,Low,15.0,2137.64,142.51,1.0,0.06666666666666667,0.3866674430875512,0.255,Low
TAXP03802,41,379100,Salary,1,1,0,0,0.162,0.171,0.863,Low,23.0,15910.06,691.74,2.0,0.08695652173913043,0.5191810445853251,0.309,Low
TAXP03803,48,554500,Salary,1,0,16400,1,0.165,0.589,0.861,Low,1.0,361.53,361.53,0.0,0.0,0.1318886550288153,0.136,Low
TAXP03804,35,807400,Business,1,0,26800,2,0.19,0.344,0.776,Low,11.0,8808.78,800.8,0.0,0.0,0.18834038213557314,0.208,Low
TAXP03805,56,1319100,Business,1,0,0,0,-0.053,0.198,0.951,Low,5.0,4903.67,980.73,0.0,0.0,0.1692074047974615,0.103,Low
TAXP03806,21,150000,Salary+Business,1,2,0,1,0.134,0.28,0.892,Low,34.0,15663.69,460.7,2.0,0.058823529411764705,0.46066870624561174,0.267,Low
TAXP03807,50,357100,Multiple,1,0,0,0,0.175,0.174,0.945,Low,36.0,16709.95,464.17,2.0,0.05555555555555555,0.4578900525391335,0.236,Low
TAXP03808,50,728900,Salary,0,1,0,0,0.117,0.227,0.773,Low,39.0,16560.78,424.64,1.0,0.02564102564102564,0.36900833317225595,0.291,Low
TAXP03809,45,605300,Salary,1,1,0,0,0.037,0.363,0.943,Low,15.0,5541.38,369.43,0.0,0.0,0.18725845187318937,0.116,Low
TAXP03810,48,869100,Professional,1,2,21300,1,0.092,0.246,0.715,Low,38.0,32090.31,844.48,2.0,0.05263157894736842,0.4690589054955657,0.368,Low
TAXP03811,54,788100,Salary,1,5,0,0,-0.082,0.281,0.735,Low,9.0,5261.57,584.62,2.0,0.2222222222222222,0.9070080845981306,0.554,Medium
TAXP03812,61,521900,Salary,1,1,22500,0,0.198,0.399,0.814,Low,3.0,778.76,259.59,1.0,0.3333333333333333,1.0,0.552,Medium
TAXP03813,30,444800,Multiple,1,2,0,0,-0.13,0.303,0.89,Low,3.0,190.8,63.6,0.0,0.0,0.10227625316516915,0.107,Low
TAXP03814,42,544700,Salary+Business,1,0,0,2,-0.031,0.102,0.893,Low,10.0,3138.05,313.8,1.0,0.1,0.4941176588653322,0.281,Low
TAXP03815,46,1486300,Multiple,1,0,26400,0,0.209,0.568,0.811,Low,27.0,40880.85,1514.11,0.0,0.0,0.2649043593500595,0.223,Low
TAXP03816,36,383700,Salary,1,0,0,0,0.146,0.305,0.941,Low,7.0,1105.28,157.9,0.0,0.0,0.13750668920906428,0.094,Low
TAXP03817,64,621300,Salary,1,0,0,0,0.023,0.091,0.98,Low,12.0,6126.38,510.53,1.0,0.08333333333333333,0.4575023320919636,0.217,Low
TAXP03818,44,741700,Business,1,0,0,0,-0.174,0.096,0.964,Low,5.0,3631.0,726.2,1.0,0.2,0.8226904123686315,0.39,Low
TAXP03819,47,1999000,Multiple,1,0,0,1,0.093,0.082,0.95,Low,2.0,15798.85,7899.42,1.0,0.5,1.0,0.478,Medium
TAXP03820,29,523600,Salary,1,1,0,0,-0.001,0.444,0.886,Low,40.0,27305.25,682.63,1.0,0.025,0.3811037173277827,0.234,Low
TAXP03821,39,1296400,Salary,1,0,0,0,0.177,0.026,0.956,Low,39.0,24553.56,629.58,1.0,0.02564102564102564,0.3775433961261183,0.194,Low
TAXP03822,49,1578100,Salary,1,0,11800,0,0.017,0.336,0.974,Low,1.0,842.3,842.3,0.0,0.0,0.15022054657076384,0.082,Low
TAXP03823,40,620800,Salary+Business,1,0,0,1,-0.18,0.394,0.887,Low,40.0,12135.13,303.38,2.0,0.05,0.44603331803361723,0.263,Low
TAXP03824,55,558500,Salary+Business,1,0,8600,1,-0.121,0.149,0.908,Low,22.0,22547.87,1024.9,1.0,0.045454545454545456,0.3868296978726862,0.225,Low
TAXP03825,27,512900,Professional,1,1,1500,1,0.032,0.519,0.857,Low,18.0,8862.82,492.38,1.0,0.05555555555555555,0.3885804797944665,0.254,Low
TAXP03826,27,540700,Salary,1,0,0,0,0.117,0.215,0.96,Low,32.0,12313.93,384.81,2.0,0.0625,0.46105877535022793,0.229,Low
TAXP03827,36,1202300,Salary+Business,1,2,17700,0,-0.086,0.233,0.783,Low,40.0,23356.27,583.91,0.0,0.0,0.29521695658976493,0.252,Low
TAXP03828,35,767600,Business,1,0,10000,0,-0.021,0.422,0.913,Low,34.0,24333.48,715.69,1.0,0.029411764705882353,0.3731586179200133,0.216,Low
TAXP03829,57,770000,Salary,1,1,0,0,0.227,0.122,0.904,Low,8.0,2615.35,326.92,0.0,0.0,0.15716075225270074,0.124,Low
TAXP03830,60,289100,Salary,1,0,0,0,0.278,0.395,0.938,Low,5.0,2387.09,477.42,1.0,0.2,0.8135981023145964,0.4,Medium
TAXP03831,42,323900,Business,0,3,41200,0,0.144,0.11,0.534,Medium,15.0,4925.29,328.35,0.0,0.0,0.18470647927876302,0.339,Low
TAXP03832,43,3042000,Salary,1,3,17000,1,0.054,0.451,0.635,Medium,29.0,74269.29,2561.01,3.0,0.10344827586206896,0.6255336935361833,0.482,Medium
TAXP03833,34,571900,Multiple,1,0,22700,1,0.001,0.438,0.752,Low,11.0,7142.18,649.29,1.0,0.09090909090909091,0.4837924561535606,0.354,Low
TAXP03834,44,372100,Business,1,0,0,1,0.186,0.105,0.928,Low,8.0,4686.02,585.75,0.0,0.0,0.1697951762223705,0.116,Low
TAXP03835,52,1821400,Salary,1,1,5100,1,0.049,0.144,0.879,Low,7.0,24140.74,3448.68,0.0,0.0,0.20433974930532176,0.159,Low
TAXP03836,53,796200,Professional,1,0,0,0,0.247,0.237,0.98,Low,4.0,1057.56,264.39,0.0,0.0,0.13688039696491006,0.073,Low
TAXP03837,64,985600,Professional,1,0,42200,0,0.256,0.457,0.663,Medium,14.0,14838.64,1059.9,2.0,0.14285714285714285,0.6776141817612725,0.49,Medium
TAXP03838,47,588500,Salary,1,0,0,0,0.166,0.495,0.947,Low,34.0,16604.67,488.37,2.0,0.058823529411764705,0.46193284814756974,0.237,Low
TAXP03839,36,516700,Professional,1,1,22600,0,0.02,0.063,0.824,Low,21.0,8977.97,427.52,2.0,0.09523809523809523,0.528237216621218,0.335,Low
TAXP03840,24,575300,Salary,1,0,25200,0,0.033,0.308,0.822,Low,4.0,741.76,185.44,0.0,0.0,0.12921313061515005,0.156,Low
TAXP03841,51,240200,Salary,1,2,0,1,-0.163,0.373,0.906,Low,27.0,10045.65,372.06,0.0,0.0,0.2344712402198928,0.157,Low
TAXP03842,57,610100,Salary+Business,1,1,146600,0,0.092,0.122,0.211,High,38.0,18266.14,480.69,3.0,0.07894736842105263,0.5436840937336993,0.679,High
TAXP03843,45,804400,Business,1,0,0,0,0.087,0.347,0.883,Low,6.0,1735.43,289.24,1.0,0.16666666666666666,0.6966670433838251,0.378,Low
TAXP03844,62,2463400,Salary,1,0,0,0,-0.12,0.383,0.98,Low,4.0,3616.9,904.22,0.0,0.0,0.1635239730778272,0.085,Low
TAXP03845,35,691500,Salary,1,2,0,0,0.478,0.135,0.917,Low,4.0,1708.05,427.01,0.0,0.0,0.1472589828608791,0.112,Low
TAXP03846,23,150000,Business,1,3,0,0,0.189,0.476,0.817,Low,15.0,7737.13,515.81,3.0,0.2,0.8544899009733489,0.485,Medium
TAXP03847,49,607500,Salary,1,0,0,0,-0.034,0.352,0.98,Low,33.0,11326.58,343.23,0.0,0.0,0.2562540712595106,0.126,Low
TAXP03848,26,4672300,Salary+Investments,1,2,0,0,0.429,0.331,0.874,Low,17.0,67717.62,3983.39,0.0,0.0,0.24668459917190516,0.18,Low
TAXP03849,24,1212900,Business,0,1,0,0,0.021,0.223,0.85,Low,37.0,31731.03,857.6,5.0,0.13513513513513514,0.7377332857552176,0.414,Medium
TAXP03850,52,362500,Salary+Investments,1,1,0,0,0.233,0.208,0.925,Low,18.0,3992.96,221.83,0.0,0.0,0.18798692461453514,0.126,Low
TAXP03851,40,994800,Salary,0,0,0,0,0.114,0.245,0.836,Low,13.0,5312.24,408.63,0.0,0.0,0.18160007036255182,0.172,Low
TAXP03852,48,381000,Salary+Investments,1,0,39600,0,0.026,0.329,0.747,Low,18.0,5593.65,310.76,0.0,0.0,0.19527903054177664,0.227,Low
TAXP03853,54,245200,Salary,1,0,0,0,0.046,0.509,0.975,Low,22.0,6953.57,316.07,0.0,0.0,0.21133225220094998,0.109,Low
TAXP03854,38,505800,Salary,1,0,0,0,0.33,0.062,0.94,Low,7.0,1871.56,267.37,0.0,0.0,0.14888722644917707,0.1,Low
TAXP03855,48,694300,Salary,1,2,0,1,0.24,0.283,0.809,Low,6.0,2818.28,469.71,0.0,0.0,0.15716712070009406,0.176,Low
TAXP03856,45,168900,Salary,1,0,90900,0,0.08,0.109,0.478,Medium,16.0,6815.57,425.97,0.0,0.0,0.1942650108058719,0.375,Low
TAXP03857,47,284200,Salary+Investments,1,0,0,0,-0.228,0.378,0.938,Low,14.0,2810.48,200.75,1.0,0.07142857142857142,0.40585666981192703,0.217,Low
TAXP03858,52,654900,Salary+Business,0,0,13300,1,0.149,0.235,0.738,Low,5.0,638.78,127.76,0.0,0.0,0.12509612532214545,0.2,Low
TAXP03859,38,484500,Professional,1,0,69600,1,-0.099,0.106,0.582,Medium,14.0,3979.37,284.24,1.0,0.07142857142857142,0.41337671563654227,0.416,Medium
TAXP03860,43,863700,Business,0,2,38200,2,0.186,0.437,0.422,High,6.0,2362.87,393.81,0.0,0.0,0.15334879788404682,0.387,Low
TAXP03861,47,271100,Business,0,2,0,0,-0.014,0.277,0.714,Low,16.0,13364.73,835.3,0.0,0.0,0.20886296236453525,0.251,Low
TAXP03862,27,1087000,Professional,1,0,0,1,0.002,0.68,0.877,Low,8.0,6845.68,855.71,0.0,0.0,0.17801411346197016,0.148,Low
TAXP03863,30,277200,Salary+Investments,1,0,0,1,-0.002,0.278,0.915,Low,6.0,2118.6,353.1,0.0,0.0,0.15098559739612874,0.115,Low
TAXP03864,25,2121200,Business,1,0,0,0,0.263,0.244,0.94,Low,11.0,35740.05,3249.1,1.0,0.09090909090909091,0.5187319081978367,0.266,Low
TAXP03865,29,189000,Salary+Business,1,1,0,0,-0.183,0.148,0.98,Low,1.0,3457.32,3457.32,0.0,0.0,0.18086467375103493,0.092,Low
TAXP03866,40,296000,Salary,1,1,0,0,0.218,0.082,0.98,Low,4.0,908.93,227.23,0.0,0.0,0.1336050464590687,0.071,Low
TAXP03867,63,877900,Multiple,1,0,0,0,0.155,0.031,0.98,Low,24.0,13281.06,553.38,1.0,0.041666666666666664,0.36880780768047683,0.177,Low
TAXP03868,62,2154300,Salary,1,1,0,0,0.088,0.061,0.975,Low,6.0,2719.43,453.24,2.0,0.3333333333333333,1.0,0.464,Medium
TAXP03869,55,815500,Salary,0,1,0,0,0.028,0.353,0.806,Low,14.0,12921.81,922.99,1.0,0.07142857142857142,0.43889939732159144,0.304,Low
TAXP03870,46,974800,Salary+Investments,1,0,0,2,0.178,0.439,0.846,Low,19.0,18675.67,982.93,0.0,0.0,0.22415788405953407,0.186,Low
TAXP03871,30,658300,Salary,1,0,0,1,0.03,0.097,0.854,Low,45.0,19626.91,436.15,3.0,0.06666666666666667,0.5285021743067025,0.318,Low
TAXP03872,37,310400,Salary,1,1,0,0,0.028,0.1,0.948,Low,10.0,6917.15,691.72,1.0,0.1,0.5112432925074973,0.259,Low
TAXP03873,55,456700,Salary,0,1,0,2,0.11,0.31,0.77,Low,18.0,5793.24,321.85,1.0,0.05555555555555555,0.37937127500142415,0.297,Low
TAXP03874,61,271600,Business,1,1,0,0,0.375,0.28,0.896,Low,29.0,10687.51,368.53,1.0,0.034482758620689655,0.3559012509159359,0.217,Low
TAXP03875,64,258900,Multiple,0,1,37400,0,-0.142,0.299,0.566,Medium,21.0,7868.99,374.71,2.0,0.09523809523809523,0.525381401540143,0.475,Medium
TAXP03876,38,868000,Salary+Investments,1,0,15300,1,0.18,0.248,0.817,Low,20.0,25731.2,1286.56,0.0,0.0,0.2339196113047168,0.206,Low
TAXP03877,42,289500,Business,1,2,0,0,0.077,0.253,0.86,Low,37.0,9520.38,257.31,3.0,0.08108108108108109,0.5332723585145203,0.317,Low
TAXP03878,43,818200,Multiple,1,0,0,1,0.065,0.391,0.933,Low,41.0,19838.59,483.87,3.0,0.07317073170731707,0.5365287900487541,0.278,Low
TAXP03879,23,254600,Professional,1,0,0,0,-0.144,0.417,0.964,Low,9.0,2319.92,257.77,1.0,0.1111111111111111,0.5226062825748077,0.255,Low
TAXP03880,26,804600,Salary+Investments,1,1,68500,0,-0.181,0.643,0.554,Medium,35.0,27131.36,775.18,4.0,0.11428571428571428,0.6588958039537145,0.542,Medium
TAXP03881,23,457200,Salary,1,0,0,0,0.154,0.171,0.98,Low,6.0,1443.58,240.6,0.0,0.0,0.1426838551682938,0.075,Low
TAXP03882,54,1789600,Business,1,0,0,0,-0.103,0.07,0.98,Low,7.0,5204.67,743.52,0.0,0.0,0.17104479909955625,0.088,Low
TAXP03883,31,820600,Salary,0,2,0,0,0.263,0.035,0.735,Low,31.0,43487.87,1402.83,1.0,0.03225806451612903,0.38538589947987956,0.319,Low
TAXP03884,52,1582500,Salary,1,1,64200,0,-0.063,0.175,0.5,Medium,10.0,6068.72,606.87,1.0,0.1,0.5084061723372887,0.504,Medium
TAXP03885,37,377200,Salary+Business,1,0,0,0,0.188,0.084,0.975,Low,21.0,8874.28,422.58,3.0,0.14285714285714285,0.6851284149365583,0.322,Low
TAXP03886,56,676800,Salary,1,1,32700,0,0.008,0.21,0.744,Low,30.0,18679.51,622.65,3.0,0.1,0.5873939953817289,0.405,Medium
TAXP03887,26,320700,Business,1,0,0,0,0.0,0.141,0.98,Low,7.0,1872.74,267.53,0.0,0.0,0.14890086205730746,0.078,Low
TAXP03888,35,482600,Professional,1,1,38500,1,-0.046,0.584,0.659,Medium,16.0,7525.32,470.33,0.0,0.0,0.1964113512834214,0.276,Low
TAXP03889,30,538200,Salary,1,1,8100,0,0.17,0.708,0.777,Low,16.0,6754.73,422.17,0.0,0.0,0.194070759616508,0.21,Low
TAXP03890,40,385400,Business,1,0,0,0,0.214,0.219,0.962,Low,3.0,349.97,116.66,0.0,0.0,0.1152954429681581,0.073,Low
TAXP03891,46,270900,Professional,1,0,0,0,0.05,0.277,0.973,Low,3.0,805.49,268.5,0.0,0.0,0.13329227021947182,0.075,Low
TAXP03892,28,234900,Salary+Investments,1,1,0,0,0.195,0.071,0.833,Low,54.0,18828.37,348.67,3.0,0.05555555555555555,0.5105163600419484,0.322,Low
TAXP03893,51,150000,Salary,0,1,20000,0,0.102,0.231,0.659,Medium,29.0,13042.88,449.75,1.0,0.034482758620689655,0.36021548110986035,0.35,Low
TAXP03894,64,303800,Multiple,1,1,0,0,-0.113,0.58,0.862,Low,33.0,12202.98,369.79,3.0,0.09090909090909091,0.5578678940593983,0.327,Low
TAXP03895,22,1021200,Salary+Investments,1,0,0,1,0.161,0.361,0.906,Low,6.0,4010.2,668.37,0.0,0.0,0.16481249311969604,0.126,Low
TAXP03896,24,205600,Professional,0,1,18400,1,0.052,0.339,0.642,Medium,1.0,2072.67,2072.67,0.0,0.0,0.1697584068207662,0.273,Low
TAXP03897,63,242700,Salary,1,0,0,0,-0.318,0.294,0.877,Low,18.0,3719.75,206.65,0.0,0.0,0.1864550219067977,0.152,Low
TAXP03898,50,2360000,Salary+Business,1,0,21200,0,0.037,0.262,0.784,Low,20.0,44737.19,2236.86,2.0,0.1,0.5759228679008399,0.378,Low
TAXP03899,62,411000,Salary+Business,1,3,0,1,-0.171,0.8,0.739,Low,38.0,6878.4,181.01,5.0,0.13157894736842105,0.6962348612800195,0.457,Medium
TAXP03900,52,819000,Salary,1,1,0,0,-0.097,0.454,0.959,Low,13.0,5627.69,432.9,0.0,0.0,0.18284972162711172,0.105,Low
TAXP03901,53,1032200,Multiple,1,0,11000,0,0.06,0.569,0.881,Low,36.0,26003.8,722.33,3.0,0.08333333333333333,0.5591431035856645,0.317,Low
TAXP03902,28,1047300,Salary+Investments,1,0,0,0,0.088,0.269,0.941,Low,3.0,10871.84,3623.95,0.0,0.0,0.18972963236675694,0.118,Low
TAXP03903,44,217200,Business,1,0,0,1,-0.034,0.35,0.85,Low,2.0,226.48,113.24,0.0,0.0,0.11073395760712272,0.132,Low
TAXP03904,37,550400,Salary+Business,1,1,0,0,0.184,0.147,0.931,Low,15.0,7712.66,514.18,0.0,0.0,0.194421248972298,0.125,Low
TAXP03905,58,202700,Business,1,0,0,0,0.082,0.354,0.972,Low,23.0,4311.69,187.46,2.0,0.08695652173913043,0.490914011752589,0.236,Low
TAXP03906,22,3783200,Salary+Business,1,0,0,1,0.032,0.192,0.89,Low,10.0,14191.75,1419.18,0.0,0.0,0.19683264253547464,0.149,Low
TAXP03907,21,206200,Salary+Investments,0,2,0,1,0.107,0.486,0.714,Low,5.0,1493.11,298.62,0.0,0.0,0.1434364205136393,0.222,Low
TAXP03908,46,305700,Salary,0,0,0,2,0.293,0.43,0.728,Low,21.0,4264.53,203.07,0.0,0.0,0.19784210310972306,0.239,Low
TAXP03909,64,307300,Salary,0,2,0,1,-0.244,0.216,0.7,Low,25.0,5049.21,201.97,2.0,0.08,0.4774105368860002,0.38,Low
TAXP03910,65,221300,Salary,1,2,0,0,0.308,0.175,0.873,Low,38.0,11865.61,312.25,0.0,0.0,0.27381425409613014,0.193,Low
TAXP03911,47,1721300,Salary+Investments,1,0,13300,0,0.001,0.263,0.86,Low,5.0,25423.05,5084.61,0.0,0.0,0.2049248347932947,0.169,Low
TAXP03912,40,3718700,Salary,1,0,6400,0,-0.025,0.372,0.91,Low,25.0,87023.28,3480.93,3.0,0.12,0.6711300711467003,0.352,Low
TAXP03913,33,461500,Salary+Investments,1,1,0,0,0.036,0.036,0.966,Low,9.0,2779.93,308.88,2.0,0.2222222222222222,0.893187098015085,0.421,Medium
TAXP03914,65,251200,Business,1,0,29800,0,-0.042,0.105,0.841,Low,42.0,14961.52,356.23,4.0,0.09523809523809523,0.6066386793233681,0.36,Low
TAXP03915,29,150000,Salary,1,0,0,1,-0.066,0.298,0.818,Low,65.0,17437.34,268.27,5.0,0.07692307692307693,0.5753551862821638,0.359,Low
TAXP03916,26,545200,Salary+Investments,1,1,0,0,0.235,0.205,0.969,Low,13.0,6061.45,466.27,2.0,0.15384615384615385,0.6921507643792544,0.329,Low
TAXP03917,43,517600,Business,1,0,0,0,0.126,0.548,0.98,Low,10.0,3727.0,372.7,1.0,0.1,0.49784172944438876,0.235,Low
TAXP03918,38,406700,Salary,0,0,96500,0,-0.207,0.381,0.375,High,23.0,11203.2,487.1,3.0,0.13043478260869565,0.6550559912351755,0.639,Medium
TAXP03919,43,762300,Salary,1,1,0,1,0.208,0.264,0.854,Low,25.0,22691.25,907.65,1.0,0.04,0.3779589187516489,0.25,Low
TAXP03920,61,863900,Salary,0,1,0,0,0.185,0.262,0.756,Low,6.0,3356.59,559.43,1.0,0.16666666666666666,0.7109554257340926,0.454,Medium
TAXP03921,33,820200,Salary,1,1,21700,0,-0.138,0.241,0.813,Low,16.0,8993.98,562.12,1.0,0.0625,0.40652517079742767,0.286,Low
TAXP03922,60,517700,Salary,1,1,26900,1,0.129,0.042,0.772,Low,7.0,1375.7,196.53,0.0,0.0,0.14223237683629744,0.189,Low
TAXP03923,30,294100,Professional,1,0,5800,1,0.199,0.109,0.923,Low,2.0,280.1,140.05,0.0,0.0,0.11531169843393176,0.094,Low
TAXP03924,35,1049800,Salary,1,1,8400,1,-0.157,0.137,0.897,Low,15.0,10171.45,678.1,0.0,0.0,0.20041998636054015,0.147,Low
TAXP03925,21,655900,Salary,1,1,0,1,0.146,0.38,0.801,Low,38.0,31777.33,836.25,4.0,0.10526315789473684,0.642530543740465,0.399,Low
TAXP03926,51,1232200,Salary,1,2,0,0,-0.008,0.135,0.9,Low,11.0,9601.29,872.84,0.0,0.0,0.19020883614333647,0.141,Low
TAXP03927,59,1148100,Salary,1,1,67800,0,0.187,0.16,0.568,Medium,21.0,23815.4,1134.07,3.0,0.14285714285714285,0.7065324484279619,0.556,Medium
TAXP03928,60,233500,Multiple,1,0,0,0,-0.049,0.164,0.951,Low,22.0,6056.74,275.31,0.0,0.0,0.20834394814160578,0.121,Low
TAXP03929,28,231400,Salary,1,1,0,0,0.267,0.071,0.882,Low,15.0,6627.97,441.86,0.0,0.0,0.19113696609103345,0.151,Low
TAXP03930,55,377300,Salary,1,0,19600,0,0.061,0.199,0.883,Low,1.0,50.0,50.0,0.0,0.0,0.0893000032739525,0.105,Low
TAXP03931,27,303800,Business,1,0,0,1,0.002,0.454,0.936,Low,10.0,4712.3,471.23,0.0,0.0,0.17292324882006047,0.113,Low
TAXP03932,49,1119600,Salary+Investments,1,1,0,0,-0.016,0.094,0.944,Low,7.0,9597.54,1371.08,0.0,0.0,0.18431977061705482,0.114,Low
TAXP03933,52,837100,Salary+Business,1,0,0,0,0.24,0.208,0.969,Low,37.0,39630.54,1071.1,1.0,0.02702702702702703,0.3857987740181913,0.191,Low
TAXP03934,27,1434200,Salary+Investments,1,0,38600,1,-0.016,0.164,0.753,Low,7.0,15091.26,2155.89,0.0,0.0,0.1941422785999402,0.223,Low
TAXP03935,25,864800,Multiple,1,0,8800,0,0.27,0.36,0.947,Low,26.0,14246.65,547.95,1.0,0.038461538461538464,0.36586030566106775,0.194,Low
TAXP03936,24,755400,Professional,1,0,0,0,0.134,0.345,0.944,Low,18.0,7078.17,393.23,0.0,0.0,0.20037569786560744,0.121,Low
TAXP03937,52,1541900,Multiple,1,0,0,1,-0.122,0.345,0.862,Low,16.0,8688.54,543.03,0.0,0.0,0.19952627136737555,0.166,Low
TAXP03938,48,911600,Salary,1,0,28800,0,0.104,0.409,0.743,Low,19.0,7507.71,395.14,1.0,0.05263157894736842,0.3780864807390895,0.311,Low
TAXP03939,26,682700,Salary+Investments,1,2,0,1,0.107,0.38,0.839,Low,1.0,51.43,51.43,0.0,0.0,0.08990048683317106,0.129,Low
TAXP03940,43,1887300,Salary+Investments,1,0,0,2,-0.127,0.3,0.801,Low,16.0,26018.37,1626.15,0.0,0.0,0.22331631307383706,0.21,Low
TAXP03941,56,706200,Salary+Investments,1,0,0,0,0.101,0.293,0.98,Low,10.0,12184.55,1218.46,1.0,0.1,0.523523841181191,0.247,Low
TAXP03942,31,522100,Business,0,0,0,0,0.187,0.252,0.838,Low,38.0,19924.24,524.32,4.0,0.10526315789473684,0.632409194552817,0.374,Low
TAXP03943,48,355600,Salary+Business,1,0,0,0,0.281,0.556,0.891,Low,54.0,19005.48,351.95,4.0,0.07407407407407407,0.571830198188133,0.317,Low
TAXP03944,34,1078300,Salary,1,2,5400,0,0.273,0.428,0.8,Low,31.0,26625.25,858.88,2.0,0.06451612903225806,0.48119359376785187,0.327,Low
TAXP03945,32,1583900,Professional,1,0,0,0,0.482,0.104,0.911,Low,54.0,41441.47,767.43,1.0,0.018518518518518517,0.40539133220058177,0.231,Low
TAXP03946,38,626800,Salary,1,2,13300,0,0.1,0.19,0.849,Low,1.0,800.87,800.87,0.0,0.0,0.14912664079040389,0.15,Low
TAXP03947,36,1666800,Business,1,1,0,0,0.189,0.038,0.945,Low,10.0,13857.48,1385.75,0.0,0.0,0.1963154272301804,0.119,Low
TAXP03948,43,157400,Professional,0,1,0,0,0.003,0.26,0.814,Low,14.0,2372.99,169.5,0.0,0.0,0.16648799205786288,0.177,Low
TAXP03949,30,624600,Salary,1,1,17800,0,0.401,0.355,0.762,Low,6.0,2003.85,333.98,0.0,0.0,0.149779921895029,0.198,Low
TAXP03950,38,631500,Salary,1,1,0,0,-0.043,0.121,0.947,Low,28.0,12723.11,454.4,1.0,0.03571428571428571,0.36058044702147374,0.191,Low
TAXP03951,49,385100,Salary,1,1,0,0,0.394,0.231,0.898,Low,27.0,8341.38,308.94,1.0,0.037037037037037035,0.3526683484043298,0.215,Low
TAXP03952,38,3616800,Professional,1,0,0,0,0.374,0.432,0.943,Low,23.0,108333.34,4710.15,2.0,0.08695652173913043,0.5608087652113107,0.284,Low
TAXP03953,50,619700,Professional,1,1,17700,0,-0.026,0.587,0.789,Low,6.0,3066.01,511.0,0.0,0.0,0.1589928628378629,0.188,Low
TAXP03954,26,484600,Salary+Business,1,1,11600,1,0.266,0.262,0.828,Low,14.0,4426.88,316.21,1.0,0.07142857142857142,0.4156831879819384,0.282,Low
TAXP03955,27,662300,Salary,0,1,0,2,0.173,0.065,0.756,Low,35.0,16611.21,474.61,2.0,0.05714285714285714,0.4596885805023416,0.341,Low
TAXP03956,59,153700,Salary+Business,1,2,38600,0,0.034,0.074,0.715,Low,7.0,1332.19,190.31,0.0,0.0,0.14153808918200575,0.22,Low
TAXP03957,41,376100,Professional,0,1,0,1,0.078,0.237,0.787,Low,40.0,10042.33,251.06,4.0,0.1,0.6069376866375504,0.39,Low
TAXP03958,48,1319400,Salary,1,0,0,0,0.142,0.218,0.977,Low,4.0,1010.03,252.51,0.0,0.0,0.1358857107278449,0.074,Low
TAXP03959,54,413300,Salary,1,0,0,3,0.158,0.308,0.782,Low,35.0,8775.26,250.72,3.0,0.08571428571428572,0.5401579745846743,0.363,Low
TAXP03960,27,357900,Business,0,3,5000,0,0.339,0.261,0.715,Low,6.0,1562.92,260.49,0.0,0.0,0.14440178422078748,0.222,Low
TAXP03961,64,1668800,Salary,1,0,0,0,0.191,0.318,0.971,Low,7.0,7290.45,1041.49,0.0,0.0,0.17835450371951767,0.096,Low
TAXP03962,40,1706100,Salary,0,1,0,0,-0.023,0.309,0.725,Low,3.0,2231.94,743.98,0.0,0.0,0.1553718118314057,0.221,Low
TAXP03963,61,943100,Salary,0,2,2200,0,0.219,0.294,0.796,Low,4.0,1894.26,473.56,0.0,0.0,0.1495009435346225,0.179,Low
TAXP03964,39,468400,Salary,0,0,0,0,-0.18,0.269,0.881,Low,28.0,6363.42,227.26,1.0,0.03571428571428571,0.3455829282996187,0.221,Low
TAXP03965,39,547100,Salary,1,3,0,1,0.038,0.321,0.765,Low,25.0,7664.81,306.59,0.0,0.0,0.22243788767070324,0.229,Low
TAXP03966,48,364300,Salary,1,0,0,0,0.054,0.194,0.98,Low,117.0,22529.65,192.56,0.0,0.0,0.31434080600792813,0.152,Low
TAXP03967,29,317600,Salary+Business,1,3,0,0,0.205,0.758,0.776,Low,29.0,8154.36,281.18,4.0,0.13793103448275862,0.6914244805171967,0.434,Medium
TAXP03968,48,306400,Business,1,1,0,2,0.383,0.194,0.752,Low,29.0,5805.74,200.2,2.0,0.06896551724137931,0.45649277257086074,0.342,Low
TAXP03969,65,416500,Business,1,0,0,0,0.135,0.362,0.978,Low,8.0,1178.8,147.35,0.0,0.0,0.1399368322549841,0.075,Low
TAXP03970,50,308600,Professional,1,4,48900,0,0.042,0.341,0.556,Medium,5.0,2144.1,428.82,0.0,0.0,0.15127205976715052,0.312,Low
TAXP03971,24,210800,Business,1,2,11900,0,-0.012,0.439,0.858,Low,21.0,7000.26,333.35,3.0,0.14285714285714285,0.6799911910158968,0.384,Low
TAXP03972,52,761200,Salary,0,2,27900,2,0.234,0.52,0.508,Medium,10.0,3946.87,394.69,1.0,0.1,0.49908316257764285,0.495,Medium
TAXP03973,22,769600,Salary,1,0,0,0,0.069,0.444,0.96,Low,27.0,31783.06,1177.15,3.0,0.1111111111111111,0.626108922433751,0.304,Low
TAXP03974,25,2211800,Salary,1,1,0,0,0.019,0.275,0.85,Low,5.0,19941.72,3988.34,0.0,0.0,0.19965276110372626,0.172,Low
TAXP03975,33,401700,Business,1,0,0,0,0.252,0.29,0.962,Low,48.0,22274.24,464.05,0.0,0.0,0.32161000506104076,0.166,Low
TAXP03976,34,804500,Business,0,3,0,0,0.287,0.257,0.702,Low,45.0,22970.2,510.45,0.0,0.0,0.31191058256673276,0.304,Low
TAXP03977,21,814100,Salary,0,0,0,0,-0.053,0.467,0.832,Low,3.0,908.44,302.81,1.0,0.3333333333333333,1.0,0.542,Medium
TAXP03978,21,541400,Business,0,1,0,1,-0.139,0.279,0.778,Low,9.0,1870.86,207.87,0.0,0.0,0.15128816677349496,0.19,Low
TAXP03979,56,1110900,Multiple,0,2,0,0,0.084,0.409,0.823,Low,30.0,22353.6,745.12,1.0,0.03333333333333333,0.3712873681376014,0.264,Low
TAXP03980,41,1135900,Salary,1,1,54700,0,-0.082,0.394,0.576,Medium,28.0,28655.35,1023.41,1.0,0.03571428571428571,0.37818452573099176,0.403,Medium
TAXP03981,29,822800,Business,1,2,0,1,-0.104,0.321,0.797,Low,55.0,46632.78,847.87,3.0,0.05454545454545454,0.5264418995158953,0.349,Low
TAXP03982,40,540700,Business,1,2,10900,1,-0.067,0.163,0.741,Low,14.0,3823.26,273.09,0.0,0.0,0.17679651445205471,0.222,Low
TAXP03983,52,502500,Salary+Business,1,0,0,0,0.267,0.414,0.934,Low,7.0,2924.29,417.76,1.0,0.14285714285714285,0.6299774752716403,0.32,Low
TAXP03984,54,242800,Salary+Business,1,2,28800,1,0.204,0.071,0.648,Medium,8.0,4666.66,583.33,0.0,0.0,0.16970543096653204,0.27,Low
TAXP03985,33,363800,Salary+Business,1,0,0,0,0.493,0.037,0.98,Low,9.0,2913.9,323.77,1.0,0.1111111111111111,0.5275392476297113,0.248,Low
TAXP03986,28,415400,Salary,0,1,0,0,-0.003,0.602,0.771,Low,42.0,14420.96,343.36,1.0,0.023809523809523808,0.3701275954783855,0.293,Low
TAXP03987,64,289400,Business,1,0,0,0,0.313,0.097,0.953,Low,7.0,1974.16,282.02,1.0,0.14285714285714285,0.6214705208848917,0.306,Low
TAXP03988,49,892200,Salary+Business,1,0,0,0,0.179,0.072,0.936,Low,47.0,42355.65,901.18,4.0,0.0851063829787234,0.6129294180345963,0.311,Low
TAXP03989,65,1538500,Salary,1,1,15600,0,0.011,0.066,0.851,Low,14.0,28785.87,2056.13,0.0,0.0,0.22056494147797304,0.181,Low
TAXP03990,34,338000,Multiple,1,0,0,0,0.077,0.167,0.964,Low,26.0,6152.1,236.62,0.0,0.0,0.22075476041268,0.119,Low
TAXP03991,26,797200,Salary,1,0,30300,0,0.01,0.228,0.812,Low,15.0,14992.8,999.52,0.0,0.0,0.20883468783609568,0.197,Low
TAXP03992,38,308700,Business,1,1,0,0,0.141,0.396,0.957,Low,4.0,1679.29,419.82,0.0,0.0,0.14689110815076248,0.09,Low
TAXP03993,35,521900,Business,1,0,15100,0,0.258,0.31,0.896,Low,8.0,6515.65,814.46,1.0,0.125,0.589442455864381,0.322,Low
TAXP03994,53,395400,Business,1,1,0,0,0.041,0.307,0.938,Low,38.0,8661.77,227.94,2.0,0.05263157894736842,0.4406899246136191,0.232,Low
TAXP03995,53,1002600,Salary+Investments,1,1,0,0,0.236,0.328,0.877,Low,15.0,11484.88,765.66,0.0,0.0,0.20305350661111363,0.159,Low
TAXP03996,24,398700,Salary,1,2,6300,0,0.303,0.167,0.821,Low,77.0,27800.93,361.05,4.0,0.05194805194805195,0.4993669502079163,0.323,Low
TAXP03997,47,1346600,Business,1,1,0,0,0.339,0.128,0.867,Low,11.0,10256.43,932.4,0.0,0.0,0.1916405791892052,0.159,Low
TAXP03998,36,544600,Professional,1,0,0,0,-0.088,0.354,0.942,Low,25.0,10530.54,421.22,4.0,0.16,0.7573161240193756,0.373,Low
TAXP03999,48,407200,Salary+Investments,1,0,0,0,0.092,0.259,0.976,Low,4.0,1530.29,382.57,0.0,0.0,0.14487853545202797,0.078,Low
TAXP04000,38,263600,Professional,1,0,0,0,0.214,0.144,0.928,Low,29.0,7632.89,263.2,3.0,0.10344827586206896,0.5762015910944184,0.299,Low
TAXP04001,45,780000,Multiple,1,1,5500,0,-0.074,0.293,0.935,Low,25.0,17560.58,702.42,2.0,0.08,0.5043999264304536,0.263,Low
TAXP04002,53,1238300,Salary+Investments,1,2,0,0,-0.11,0.055,0.905,Low,34.0,23503.43,691.28,2.0,0.058823529411764705,0.46946486326100445,0.264,Low
TAXP04003,34,791400,Salary,1,0,9400,1,0.096,0.171,0.912,Low,30.0,19046.85,634.9,1.0,0.03333333333333333,0.3678162075831862,0.214,Low
TAXP04004,29,3258200,Salary+Investments,1,1,45200,0,0.034,0.301,0.727,Low,12.0,47905.74,3992.15,0.0,0.0,0.22712442116129394,0.252,Low
TAXP04005,52,1819700,Multiple,1,0,99000,0,0.072,0.333,0.489,Medium,9.0,33671.36,3741.26,3.0,0.3333333333333333,1.0,0.731,High
TAXP04006,63,520900,Salary,1,0,0,0,0.025,0.072,0.98,Low,17.0,8156.52,479.8,0.0,0.0,0.20076456060476577,0.101,Low
TAXP04007,40,517000,Professional,1,0,0,1,0.446,0.275,0.889,Low,22.0,6887.29,313.06,0.0,0.0,0.21112493839368016,0.156,Low
TAXP04008,65,911600,Salary,1,1,17600,0,0.026,0.696,0.804,Low,39.0,34477.12,884.03,1.0,0.02564102564102564,0.3849043012608553,0.281,Low
TAXP04009,29,355500,Professional,1,1,107700,0,0.194,0.276,0.349,High,16.0,8268.7,516.79,1.0,0.0625,0.4047028203657579,0.54,Medium
TAXP04010,57,1505200,Salary,1,1,0,0,0.183,0.427,0.892,Low,8.0,18801.26,2350.16,0.0,0.0,0.19993648874457906,0.149,Low
TAXP04011,65,843300,Salary+Business,0,1,20700,0,-0.17,0.332,0.765,Low,32.0,16967.23,530.23,0.0,0.0,0.2617540413031264,0.247,Low
TAXP04012,34,781800,Salary,1,2,0,0,0.335,0.077,0.873,Low,27.0,21976.16,813.93,0.0,0.0,0.25143829114671323,0.183,Low
TAXP04013,27,1065900,Business,1,0,3800,0,0.2,0.607,0.934,Low,6.0,1642.15,273.69,0.0,0.0,0.14547158006808159,0.102,Low
TAXP04014,50,2247100,Salary,1,1,0,0,0.125,0.186,0.98,Low,9.0,27890.79,3098.98,1.0,0.1111111111111111,0.5765285539337842,0.27,Low
TAXP04015,60,735100,Professional,1,1,42300,0,0.269,0.511,0.66,Medium,8.0,4401.13,550.14,0.0,0.0,0.1684355758128181,0.263,Low
TAXP04016,24,599200,Business,1,3,2500,1,0.092,0.023,0.787,Low,20.0,5827.87,291.39,2.0,0.1,0.5317296511485019,0.356,Low
TAXP04017,49,1926100,Professional,1,0,0,0,0.241,0.156,0.965,Low,12.0,21455.39,1787.95,0.0,0.0,0.20968858228079368,0.114,Low
TAXP04018,60,1304500,Salary,0,2,0,0,-0.2,0.415,0.709,Low,32.0,25190.95,787.22,1.0,0.03125,0.3734473653123243,0.328,Low
TAXP04019,22,515900,Salary,1,0,38000,0,0.231,0.022,0.812,Low,16.0,71802.38,4487.65,0.0,0.0,0.2453507205261559,0.214,Low
TAXP04020,44,652400,Business,1,0,8500,1,0.129,0.27,0.906,Low,15.0,8124.52,541.63,1.0,0.06666666666666667,0.4155487874330983,0.239,Low
TAXP04021,24,748200,Multiple,1,0,0,0,0.132,0.237,0.97,Low,40.0,17663.35,441.58,3.0,0.075,0.5366624033963163,0.258,Low
TAXP04022,28,843400,Salary,1,2,15000,1,-0.035,0.102,0.783,Low,10.0,6660.61,666.06,1.0,0.1,0.5104238411326041,0.349,Low
TAXP04023,42,244700,Professional,1,0,0,1,0.065,0.32,0.82,Low,24.0,6528.09,272.0,0.0,0.0,0.21592597188715223,0.196,Low
TAXP04024,35,214100,Salary,1,0,0,0,0.06,0.16,0.98,Low,45.0,10106.59,224.59,4.0,0.08888888888888889,0.5874698971399389,0.275,Low
TAXP04025,24,343100,Salary+Business,1,1,23600,1,-0.082,0.22,0.756,Low,11.0,3119.86,283.62,2.0,0.18181818181818182,0.7658506964607737,0.479,Medium
TAXP04026,57,324500,Salary,1,0,0,1,0.157,0.291,0.943,Low,2.0,146.04,73.02,0.0,0.0,0.101310510108534,0.077,Low
TAXP04027,30,408900,Business,1,0,25000,1,0.352,0.057,0.832,Low,25.0,7207.86,288.31,1.0,0.04,0.35310761130379364,0.251,Low
TAXP04028,60,1026600,Salary,0,2,22400,2,-0.127,0.323,0.591,Medium,20.0,11791.06,589.55,0.0,0.0,0.21699419619851631,0.323,Low
TAXP04029,28,575600,Salary,0,2,0,2,0.178,0.073,0.682,Medium,34.0,10933.2,321.56,2.0,0.058823529411764705,0.4528817137638902,0.379,Low
TAXP04030,44,748700,Salary,1,1,0,0,0.033,0.784,0.883,Low,1.0,458.43,458.43,0.0,0.0,0.13703242053332326,0.126,Low
TAXP04031,53,269200,Salary,0,0,118000,1,0.014,0.026,0.182,High,30.0,10002.65,333.42,0.0,0.0,0.24386166954304117,0.56,Medium
TAXP04032,42,466200,Business,1,0,0,0,0.112,0.11,0.98,Low,4.0,1999.84,499.96,0.0,0.0,0.1506763097731773,0.079,Low
TAXP04033,39,992100,Multiple,1,2,0,0,0.114,0.075,0.909,Low,73.0,64785.93,887.48,6.0,0.0821917808219178,0.618665094633505,0.328,Low
TAXP04034,54,997600,Business,1,2,0,1,0.13,0.456,0.798,Low,17.0,19257.88,1132.82,0.0,0.0,0.21939367208820998,0.21,Low
TAXP04035,21,385800,Salary+Investments,1,1,0,1,-0.081,0.176,0.888,Low,36.0,17533.97,487.05,1.0,0.027777777777777776,0.3672664464563181,0.227,Low
TAXP04036,58,730200,Business,1,0,0,1,0.274,0.128,0.89,Low,50.0,30379.39,607.59,2.0,0.04,0.4672944725548649,0.271,Low
TAXP04037,52,3165700,Salary,1,1,0,0,0.113,0.071,0.892,Low,32.0,92917.51,2903.67,2.0,0.0625,0.5048949019955594,0.287,Low
TAXP04038,55,641800,Salary,0,4,9200,0,0.195,0.29,0.61,Medium,53.0,34471.96,650.41,2.0,0.03773584905660377,0.4652210454074575,0.424,Medium
TAXP04039,39,394600,Salary,1,0,0,0,0.294,0.581,0.962,Low,45.0,10444.56,232.1,1.0,0.022222222222222223,0.3681810566320881,0.187,Low
TAXP04040,38,573600,Salary,1,1,0,1,-0.207,0.268,0.873,Low,17.0,4767.83,280.46,0.0,0.0,0.18913743983946002,0.155,Low
TAXP04041,46,694600,Salary+Investments,1,1,0,0,0.201,0.476,0.89,Low,24.0,12415.17,517.3,1.0,0.041666666666666664,0.3673465372386445,0.226,Low
TAXP04042,49,583000,Professional,1,0,17300,0,0.074,0.072,0.95,Low,57.0,15695.1,275.35,0.0,0.0,0.32207307419540493,0.172,Low
TAXP04043,62,635500,Business,1,1,0,0,0.263,0.217,0.93,Low,21.0,7119.92,339.04,1.0,0.047619047619047616,0.36607243202433054,0.203,Low
TAXP04044,59,229900,Business,1,1,0,1,-0.028,0.497,0.908,Low,45.0,13186.53,293.03,2.0,0.044444444444444446,0.4465570253034544,0.252,Low
TAXP04045,23,325000,Salary,1,0,0,0,0.25,0.482,0.926,Low,14.0,2738.32,195.59,1.0,0.07142857142857142,0.4052946914060566,0.223,Low
TAXP04046,27,583700,Professional,1,2,0,0,-0.069,0.339,0.911,Low,26.0,15383.09,591.66,3.0,0.11538461538461539,0.6213700768517291,0.329,Low
TAXP04047,63,577100,Salary,0,0,0,1,0.164,0.378,0.797,Low,38.0,19516.67,513.6,6.0,0.15789473684210525,0.8056454663993602,0.474,Medium
TAXP04048,38,432400,Salary,1,1,42000,0,0.145,0.175,0.719,Low,35.0,13310.2,380.29,0.0,0.0,0.266317641981202,0.274,Low
TAXP04049,47,572200,Salary,0,1,0,2,0.075,0.194,0.758,Low,18.0,5445.18,302.51,2.0,0.1111111111111111,0.5613634443976959,0.386,Low
TAXP04050,23,679200,Salary,0,2,0,0,-0.065,0.621,0.723,Low,26.0,11655.81,448.3,0.0,0.0,0.23458750863434444,0.258,Low
TAXP04051,25,1233200,Professional,1,2,0,0,0.041,0.249,0.921,Low,33.0,32113.75,973.14,1.0,0.030303030303030304,0.3788427915584722,0.214,Low
TAXP04052,39,605200,Salary,0,2,13500,1,0.248,0.297,0.574,Medium,5.0,1943.52,388.7,0.0,0.0,0.14914447379879042,0.301,Low
TAXP04053,53,866400,Salary,1,0,2700,0,0.338,0.264,0.896,Low,23.0,33761.91,1467.91,3.0,0.13043478260869565,0.6789804700161836,0.363,Low
TAXP04054,55,440100,Salary+Investments,1,1,0,0,0.413,0.041,0.887,Low,41.0,9525.86,232.34,0.0,0.0,0.2791834889802285,0.188,Low
TAXP04055,61,981300,Multiple,1,1,22200,0,0.184,0.292,0.797,Low,6.0,2892.74,482.12,1.0,0.16666666666666666,0.7077321958505743,0.43,Medium
TAXP04056,29,851900,Business,1,1,0,0,0.14,0.124,0.924,Low,11.0,24278.42,2207.13,0.0,0.0,0.21033833264262716,0.136,Low
TAXP04057,30,1212400,Business,1,0,0,1,0.172,0.394,0.91,Low,18.0,37888.32,2104.91,1.0,0.05555555555555555,0.42009338026503984,0.239,Low
TAXP04058,45,1086400,Salary+Business,1,1,0,0,0.409,0.35,0.878,Low,1.0,50.0,50.0,1.0,1.0,1.0,0.517,Medium
TAXP04059,45,993100,Salary,1,1,0,0,0.183,0.057,0.883,Low,28.0,16742.54,597.95,3.0,0.10714285714285714,0.6022446802941126,0.335,Low
TAXP04060,22,605500,Business,1,0,0,0,0.114,0.313,0.98,Low,8.0,2095.85,261.98,0.0,0.0,0.15236868319057395,0.08,Low
TAXP04061,41,775400,Salary,1,1,0,0,0.056,0.218,0.916,Low,2.0,148.44,74.22,0.0,0.0,0.10165972222157808,0.092,Low
TAXP04062,61,1397900,Salary,0,1,0,0,0.074,0.446,0.847,Low,34.0,20419.08,600.56,1.0,0.029411764705882353,0.36935602616133273,0.25,Low
TAXP04063,28,406500,Multiple,1,2,0,0,0.162,0.42,0.873,Low,15.0,4212.76,280.85,2.0,0.13333333333333333,0.6213243763295282,0.349,Low
TAXP04064,57,413400,Salary+Business,1,0,0,0,-0.02,0.338,0.97,Low,5.0,1527.53,305.51,1.0,0.2,0.8039296841760986,0.378,Low
TAXP04065,41,740700,Multiple,0,1,0,0,-0.0,0.094,0.816,Low,10.0,5734.95,573.5,1.0,0.1,0.5071798791033013,0.329,Low
TAXP04066,44,876500,Salary+Business,1,0,37400,0,0.09,0.281,0.753,Low,37.0,20845.25,563.39,2.0,0.05405405405405406,0.4610550764311704,0.343,Low
TAXP04067,49,359100,Professional,1,0,11400,2,0.028,0.285,0.768,Low,18.0,2786.89,154.83,1.0,0.05555555555555555,0.3635536398526584,0.291,Low
TAXP04068,52,615900,Salary+Business,1,1,0,0,0.195,0.316,0.962,Low,19.0,11726.72,617.2,0.0,0.0,0.21406598484328115,0.117,Low
TAXP04069,49,607500,Professional,0,0,86800,0,0.208,0.162,0.376,High,2.0,164.15,82.07,0.0,0.0,0.10381657139139047,0.39,Low
TAXP04070,25,150000,Business,1,1,0,0,0.142,0.064,0.878,Low,11.0,2703.96,245.81,0.0,0.0,0.162755688516934,0.14,Low
TAXP04071,34,554900,Salary,1,0,0,1,0.178,0.417,0.914,Low,28.0,7752.31,276.87,1.0,0.03571428571428571,0.3498529017966045,0.205,Low
TAXP04072,59,580400,Business,1,1,15200,0,0.119,0.268,0.862,Low,8.0,7648.32,956.04,0.0,0.0,0.18041892404656554,0.157,Low
TAXP04073,22,579100,Salary,1,0,22600,0,-0.5,0.341,0.815,Low,6.0,2133.26,355.54,0.0,0.0,0.1511349169484216,0.17,Low
TAXP04074,53,1801600,Business,1,0,8000,1,-0.04,0.457,0.866,Low,9.0,16605.92,1845.1,0.0,0.0,0.19860676304992966,0.163,Low
TAXP04075,44,270900,Salary,1,0,0,1,0.213,0.02,0.943,Low,34.0,7573.13,222.74,5.0,0.14705882352941177,0.7361144449847361,0.363,Low
TAXP04076,26,359000,Business,1,0,0,0,-0.034,0.337,0.914,Low,6.0,1675.06,279.18,0.0,0.0,0.1459009036781821,0.113,Low
TAXP04077,26,150000,Salary,1,1,66200,0,0.237,0.348,0.479,Medium,11.0,4007.46,364.31,1.0,0.09090909090909091,0.47127049183405084,0.499,Medium
TAXP04078,65,459800,Salary,1,1,8900,0,0.246,0.337,0.87,Low,10.0,2446.06,244.61,0.0,0.0,0.15872753107533838,0.143,Low
TAXP04079,22,488900,Business,1,0,0,0,0.058,0.17,0.899,Low,8.0,3165.29,395.66,0.0,0.0,0.1612934249793581,0.128,Low
TAXP04080,22,450200,Salary,1,2,0,0,0.006,0.242,0.895,Low,36.0,12661.66,351.71,4.0,0.1111111111111111,0.6352140862825885,0.344,Low
TAXP04081,21,1443000,Multiple,1,0,0,0,0.102,0.335,0.934,Low,37.0,39707.11,1073.17,0.0,0.0,0.29665146018343813,0.17,Low
TAXP04082,49,1207900,Business,1,1,0,1,0.093,0.222,0.912,Low,12.0,14510.23,1209.19,1.0,0.08333333333333333,0.47620129287823115,0.263,Low
TAXP04083,62,687500,Salary,0,2,0,0,0.2,0.467,0.759,Low,5.0,1457.01,291.4,0.0,0.0,0.1429067529830258,0.197,Low
TAXP04084,28,497800,Salary,0,1,0,1,-0.275,0.091,0.769,Low,23.0,38321.47,1666.15,0.0,0.0,0.2512946836676131,0.24,Low
TAXP04085,56,1360800,Salary+Investments,1,5,0,1,-0.017,0.184,0.668,Medium,20.0,45792.82,2289.64,0.0,0.0,0.24642907812152726,0.293,Low
TAXP04086,53,640800,Professional,1,0,0,0,-0.062,0.183,0.971,Low,8.0,2417.34,302.17,0.0,0.0,0.15545657336467394,0.086,Low
TAXP04087,31,360600,Salary,1,0,0,0,-0.303,0.282,0.98,Low,9.0,3233.52,359.28,1.0,0.1111111111111111,0.529792680984492,0.249,Low
TAXP04088,24,188900,Salary,1,1,0,0,0.021,0.255,0.973,Low,1.0,93.6,93.6,0.0,0.0,0.10271603963618246,0.061,Low
TAXP04089,42,473100,Salary+Business,1,1,0,0,-0.14,0.377,0.968,Low,2.0,500.17,250.08,0.0,0.0,0.12783407145364978,0.075,Low
TAXP04090,24,1119100,Multiple,1,1,64300,0,0.038,0.153,0.593,Medium,17.0,8644.4,508.49,1.0,0.058823529411764705,0.39614115486832774,0.402,Medium
TAXP04091,26,3347900,Salary,0,0,0,2,0.022,0.296,0.744,Low,4.0,5097.89,1274.47,0.0,0.0,0.17096969460205988,0.218,Low
TAXP04092,41,679500,Salary,1,1,13000,0,0.173,0.259,0.845,Low,38.0,15095.47,397.25,0.0,0.0,0.2790272410977864,0.211,Low
TAXP04093,57,374600,Salary,1,0,0,0,0.06,0.109,0.98,Low,34.0,9916.57,291.66,2.0,0.058823529411764705,0.45076932538835157,0.214,Low
TAXP04094,65,276900,Salary,1,0,0,1,-0.171,0.112,0.955,Low,16.0,2426.64,151.66,1.0,0.0625,0.37818197730378117,0.195,Low
TAXP04095,49,967200,Salary+Business,0,1,23100,1,0.155,0.457,0.603,Medium,4.0,6081.1,1520.28,0.0,0.0,0.1747965227246629,0.297,Low
TAXP04096,33,182400,Multiple,1,1,0,0,0.487,0.425,0.831,Low,36.0,13482.56,374.52,2.0,0.05555555555555555,0.45324108871544444,0.297,Low
TAXP04097,35,966100,Multiple,1,0,0,1,0.272,0.121,0.902,Low,17.0,13325.88,783.88,0.0,0.0,0.21140657388832634,0.149,Low
TAXP04098,48,1171100,Salary+Business,1,2,11400,0,0.209,0.587,0.818,Low,20.0,16150.73,807.54,1.0,0.05,0.38881622777836733,0.275,Low
TAXP04099,28,889900,Salary,1,0,0,1,0.069,0.419,0.916,Low,11.0,16103.59,1463.96,1.0,0.09090909090909091,0.5014284461712103,0.272,Low
TAXP04100,44,554900,Multiple,0,3,0,0,0.021,0.196,0.741,Low,34.0,18300.12,538.24,6.0,0.17647058823529413,0.852275213496449,0.526,Medium
TAXP04101,55,976300,Salary,1,0,44800,0,0.01,0.185,0.719,Low,9.0,3467.02,385.22,0.0,0.0,0.1646359931600758,0.229,Low
TAXP04102,58,735100,Salary,1,0,0,0,0.139,0.316,0.98,Low,4.0,1560.3,390.08,1.0,0.25,0.9702991646288139,0.448,Medium
TAXP04103,23,371200,Professional,1,2,0,0,-0.082,0.255,0.87,Low,7.0,5592.16,798.88,0.0,0.0,0.1726020962127978,0.149,Low
TAXP04104,33,2463300,Salary,1,0,16000,0,0.135,0.299,0.891,Low,51.0,110483.12,2166.34,1.0,0.0196078431372549,0.4315020465727148,0.254,Low
TAXP04105,32,504600,Salary+Investments,1,0,12500,0,-0.006,0.091,0.953,Low,13.0,2631.24,202.4,0.0,0.0,0.16639816782198552,0.101,Low
TAXP04106,45,1136300,Multiple,1,0,0,0,-0.174,0.408,0.942,Low,42.0,37140.72,884.3,1.0,0.023809523809523808,0.3906317762256919,0.208,Low
TAXP04107,29,150000,Salary+Business,1,1,0,0,-0.008,0.221,0.939,Low,12.0,4540.4,378.37,3.0,0.25,1.0,0.484,Medium
TAXP04108,63,1629500,Salary+Business,1,0,15900,0,0.3,0.389,0.835,Low,15.0,28135.76,1875.72,0.0,0.0,0.22249333050834383,0.191,Low
TAXP04109,62,1871500,Salary,1,0,18600,0,0.122,0.528,0.861,Low,39.0,63431.38,1626.45,2.0,0.05128205128205128,0.4827471308000063,0.294,Low
TAXP04110,35,664100,Salary,1,0,0,1,-0.468,0.486,0.915,Low,16.0,8881.77,555.11,1.0,0.0625,0.4062530384564697,0.23,Low
TAXP04111,39,971900,Salary+Business,1,1,0,0,-0.008,0.026,0.958,Low,13.0,5304.57,408.04,1.0,0.07692307692307693,0.43541492574185725,0.219,Low
TAXP04112,40,971800,Business,0,2,0,1,0.245,0.405,0.673,Medium,23.0,19862.51,863.59,1.0,0.043478260869565216,0.3805146566435742,0.351,Low
TAXP04113,22,409200,Salary+Investments,1,1,0,0,0.052,0.487,0.88,Low,32.0,10175.95,318.0,1.0,0.03125,0.3538045151322074,0.225,Low
TAXP04114,60,963800,Salary,1,1,53500,0,0.184,0.218,0.651,Medium,16.0,33668.34,2104.27,1.0,0.0625,0.4351603566951945,0.388,Low
TAXP04115,56,363100,Salary,1,1,22800,0,0.037,0.425,0.761,Low,62.0,14151.25,228.25,3.0,0.04838709677419355,0.4776924021242135,0.346,Low
TAXP04116,35,419300,Salary,1,0,0,0,0.129,0.4,0.98,Low,3.0,234.82,78.27,0.0,0.0,0.1067209794075868,0.059,Low
TAXP04117,45,1463200,Professional,1,0,47300,1,0.106,0.173,0.648,Medium,10.0,9988.52,998.85,0.0,0.0,0.18921234197271228,0.279,Low
TAXP04118,38,1311200,Salary+Business,1,1,7000,1,-0.003,0.494,0.798,Low,17.0,54658.96,3215.23,3.0,0.17647058823529413,0.824386830308707,0.482,Medium
TAXP04119,31,390900,Multiple,1,0,19300,0,0.191,0.32,0.872,Low,9.0,3428.16,380.91,0.0,0.0,0.16439186749484416,0.144,Low
TAXP04120,34,383300,Salary,1,0,46900,1,0.345,0.146,0.636,Medium,24.0,4458.97,185.79,1.0,0.041666666666666664,0.34518527795915843,0.356,Low
TAXP04121,25,408400,Business,1,0,0,1,0.162,0.08,0.921,Low,12.0,7490.24,624.19,1.0,0.08333333333333333,0.4618591874641293,0.251,Low
TAXP04122,57,1101500,Salary,1,0,63000,0,0.117,0.512,0.572,Medium,33.0,20959.14,635.13,1.0,0.030303030303030304,0.3695887816606791,0.402,Medium
TAXP04123,50,316400,Salary,1,1,0,0,-0.035,0.386,0.94,Low,8.0,3145.34,393.17,1.0,0.125,0.5736564769342525,0.291,Low
TAXP04124,62,840300,Salary,1,4,0,0,0.25,0.361,0.786,Low,5.0,1662.93,332.59,2.0,0.4,1.0,0.568,Medium
TAXP04125,21,1112900,Business,1,1,0,1,0.018,0.302,0.853,Low,34.0,33836.09,995.18,1.0,0.029411764705882353,0.38030889832818376,0.252,Low
TAXP04126,49,610000,Business,1,0,0,1,0.19,0.358,0.9,Low,23.0,15713.62,683.2,2.0,0.08695652173913043,0.5189116581309328,0.289,Low
TAXP04127,46,1345100,Salary,0,0,13600,1,0.222,0.25,0.772,Low,6.0,7782.77,1297.13,0.0,0.0,0.17919515800892147,0.206,Low
TAXP04128,49,522100,Professional,0,2,0,0,0.258,0.104,0.695,Medium,25.0,18575.67,743.03,1.0,0.04,0.373618519935756,0.336,Low
TAXP04129,65,557200,Salary+Investments,1,1,0,0,0.261,0.245,0.852,Low,7.0,1689.32,241.33,0.0,0.0,0.146671363965769,0.147,Low
TAXP04130,38,321600,Salary,1,0,0,2,0.255,0.137,0.864,Low,27.0,5698.65,211.06,0.0,0.0,0.22220530353473916,0.175,Low
TAXP04131,27,1352000,Salary,1,0,0,1,-0.101,0.106,0.957,Low,18.0,13055.89,725.33,1.0,0.05555555555555555,0.3969780604463548,0.202,Low
TAXP04132,21,374300,Salary+Business,1,1,0,0,-0.037,0.321,0.942,Low,5.0,583.58,116.72,0.0,0.0,0.12314952801822612,0.087,Low
TAXP04133,43,836200,Salary+Business,1,0,0,0,-0.12,0.545,0.925,Low,42.0,32132.84,765.07,1.0,0.023809523809523808,0.38749054093854574,0.216,Low
TAXP04134,28,617500,Salary+Investments,0,0,31200,0,-0.13,0.505,0.61,Medium,32.0,17974.62,561.71,0.0,0.0,0.2630041876998237,0.333,Low
TAXP04135,27,304600,Salary,1,2,13000,0,0.344,0.395,0.687,Medium,24.0,8241.98,343.42,0.0,0.0,0.22097169229713146,0.272,Low
TAXP04136,27,419200,Business,1,2,0,0,-0.058,0.266,0.887,Low,5.0,681.22,136.24,0.0,0.0,0.1264824186654428,0.119,Low
TAXP04137,33,1759200,Salary+Investments,1,0,0,0,-0.08,0.349,0.973,Low,,,,,,,,Low
TAXP04138,26,751600,Salary,1,1,0,0,0.091,0.112,0.943,Low,25.0,9661.07,386.44,0.0,0.0,0.22744948301455603,0.134,Low
TAXP04139,42,314300,Business,1,0,0,0,-0.019,0.247,0.96,Low,32.0,6097.62,190.55,1.0,0.03125,0.3427292756285463,0.176,Low
TAXP04140,50,809800,Multiple,1,3,0,0,0.462,0.632,0.799,Low,5.0,1444.91,288.98,1.0,0.2,0.8027262882411235,0.472,Medium
TAXP04141,34,585100,Salary,0,0,0,0,0.056,0.397,0.885,Low,26.0,12828.4,493.4,1.0,0.038461538461538464,0.363587667339186,0.227,Low
TAXP04142,27,7815700,Salary+Business,0,1,0,0,0.171,0.243,0.807,Low,5.0,18279.85,3655.97,1.0,0.2,0.8577637582743841,0.492,Medium
TAXP04143,46,798100,Salary+Investments,1,1,45800,0,-0.025,0.161,0.689,Medium,26.0,15565.12,598.66,0.0,0.0,0.24085586198230108,0.279,Low
TAXP04144,24,494200,Salary,1,0,0,0,-0.166,0.19,0.911,Low,7.0,1036.23,148.03,0.0,0.0,0.13611498738281375,0.11,Low
TAXP04145,54,1806900,Salary+Business,1,0,0,1,-0.017,0.344,0.952,Low,19.0,33222.45,1748.55,1.0,0.05263157894736842,0.41034019154028906,0.211,Low
TAXP04146,38,172700,Business,1,1,0,0,-0.015,0.353,0.878,Low,22.0,4294.63,195.21,1.0,0.045454545454545456,0.35091051742644125,0.225,Low
TAXP04147,39,695700,Salary+Investments,1,1,34700,2,-0.016,0.271,0.65,Medium,5.0,2557.04,511.41,0.0,0.0,0.15508852053950656,0.262,Low
TAXP04148,32,2732500,Salary+Investments,1,0,15000,1,-0.156,0.35,0.837,Low,3.0,2608.54,869.51,0.0,0.0,0.15875334958195403,0.161,Low
TAXP04149,33,597800,Salary+Investments,1,1,0,0,0.122,0.153,0.98,Low,40.0,13547.6,338.69,0.0,0.0,0.28341677327686476,0.139,Low
TAXP04150,27,186600,Salary,1,2,0,0,0.046,0.315,0.859,Low,9.0,1691.3,187.92,0.0,0.0,0.14910817105892551,0.145,Low
TAXP04151,46,488800,Salary+Business,1,0,0,0,-0.147,0.262,0.955,Low,1.0,905.32,905.32,0.0,0.0,0.15178551838451698,0.093,Low
TAXP04152,27,1852400,Multiple,0,2,0,1,0.117,0.033,0.647,Medium,15.0,19975.86,1331.72,0.0,0.0,0.2150604046400809,0.291,Low
TAXP04153,51,852100,Professional,1,1,0,0,0.222,0.269,0.922,Low,5.0,2750.77,550.15,0.0,0.0,0.15667137226863947,0.113,Low
TAXP04154,32,355300,Professional,0,1,0,0,0.292,0.414,0.72,Low,16.0,3577.9,223.62,0.0,0.0,0.18031729622148823,0.235,Low
TAXP04155,46,396900,Salary,1,3,0,1,-0.287,0.582,0.745,Low,43.0,11155.93,259.44,0.0,0.0,0.28941274979188975,0.27,Low
TAXP04156,45,434400,Salary+Investments,0,1,0,0,-0.017,0.322,0.812,Low,10.0,3276.31,327.63,0.0,0.0,0.1650510033930936,0.178,Low
TAXP04157,49,843100,Salary,1,1,0,1,-0.119,0.112,0.944,Low,6.0,8611.44,1435.24,0.0,0.0,0.18139062554275392,0.112,Low
TAXP04158,55,1703600,Salary,1,1,0,0,-0.004,0.14,0.899,Low,4.0,3662.21,915.55,0.0,0.0,0.16379401318261838,0.129,Low
TAXP04159,46,1386700,Multiple,0,2,14800,0,0.322,0.24,0.662,Medium,40.0,35014.09,875.35,1.0,0.025,0.38649655260154053,0.36,Low
TAXP04160,59,902600,Multiple,1,1,0,0,-0.016,0.263,0.926,Low,1.0,542.14,542.14,0.0,0.0,0.14066703924999452,0.104,Low
TAXP04161,32,249200,Multiple,1,0,0,0,0.024,0.153,0.98,Low,13.0,2606.47,200.5,0.0,0.0,0.16619379591736572,0.086,Low
TAXP04162,54,249900,Business,1,0,0,0,-0.033,0.26,0.964,Low,19.0,4230.08,222.64,0.0,0.0,0.1919867672298167,0.106,Low
TAXP04163,36,954200,Salary,1,1,31000,0,0.36,0.331,0.763,Low,18.0,9563.93,531.33,0.0,0.0,0.20689714133469123,0.223,Low
TAXP04164,49,246700,Business,1,0,0,0,-0.268,0.309,0.937,Low,19.0,4766.69,250.88,1.0,0.05263157894736842,0.368253458275184,0.2,Low
TAXP04165,43,552600,Salary,1,0,0,1,0.011,0.191,0.964,Low,16.0,7334.0,458.38,1.0,0.0625,0.40210335024484845,0.201,Low
TAXP04166,61,809100,Salary+Investments,1,3,0,0,-0.038,0.123,0.85,Low,34.0,35097.94,1032.29,3.0,0.08823529411764706,0.5752208337827697,0.341,Low
TAXP04167,33,286500,Business,0,2,0,0,-0.175,0.208,0.738,Low,17.0,8948.12,526.36,2.0,0.11764705882352941,0.5910072018494448,0.41,Medium
TAXP04168,44,310900,Salary,0,2,0,2,0.276,0.223,0.599,Medium,18.0,6494.2,360.79,1.0,0.05555555555555555,0.381844218758586,0.392,Low
TAXP04169,28,607400,Salary,1,0,0,1,-0.188,0.06,0.925,Low,22.0,14653.07,666.05,0.0,0.0,0.22748226218726864,0.144,Low
TAXP04170,49,934100,Salary,1,2,0,0,0.026,0.239,0.836,Low,8.0,3136.4,392.05,0.0,0.0,0.16109482637541941,0.163,Low
TAXP04171,22,1395900,Salary+Investments,1,4,0,0,0.087,0.248,0.784,Low,16.0,13665.66,854.1,0.0,0.0,0.20934591125438526,0.213,Low
TAXP04172,39,1006300,Salary+Business,0,1,0,0,-0.02,0.076,0.857,Low,,,,,,,,Low
TAXP04173,21,685400,Salary,1,4,0,0,-0.177,0.611,0.669,Medium,45.0,23556.85,523.49,2.0,0.044444444444444446,0.45912381339269237,0.389,Low
TAXP04174,35,379800,Salary,1,0,0,0,0.073,0.256,0.974,Low,23.0,7774.19,338.01,1.0,0.043478260869565216,0.3601847434715807,0.176,Low
TAXP04175,42,300600,Salary,0,0,0,1,-0.022,0.285,0.767,Low,22.0,4360.84,198.22,2.0,0.09090909090909091,0.5012410567338731,0.354,Low
TAXP04176,35,450000,Salary,0,0,38500,1,0.229,0.732,0.566,Medium,19.0,7047.63,370.93,0.0,0.0,0.20303262988040105,0.33,Low
TAXP04177,38,873200,Multiple,0,2,28300,0,0.183,0.456,0.566,Medium,52.0,70321.05,1352.33,4.0,0.07692307692307693,0.6104161693678916,0.513,Medium
TAXP04178,27,828300,Professional,1,0,0,0,0.411,0.436,0.92,Low,27.0,23535.56,871.69,1.0,0.037037037037037035,0.37514738290853905,0.213,Low
TAXP04179,53,150000,Salary,1,1,0,0,0.118,0.464,0.9,Low,1.0,50.0,50.0,0.0,0.0,0.0893000032739525,0.095,Low
TAXP04180,56,369200,Salary+Business,1,3,49800,1,0.194,0.086,0.462,Medium,25.0,7549.99,302.0,3.0,0.12,0.6181112106780416,0.574,Medium
TAXP04181,41,1547200,Salary,1,0,0,1,0.043,0.24,0.908,Low,27.0,29147.0,1079.52,1.0,0.037037037037037035,0.37978605413819266,0.222,Low
TAXP04182,23,688200,Salary,1,0,0,0,0.374,0.088,0.98,Low,55.0,44430.91,807.83,3.0,0.05454545454545454,0.5253928631835938,0.247,Low
TAXP04183,23,234300,Business,1,2,0,0,0.102,0.276,0.818,Low,8.0,2406.06,300.76,0.0,0.0,0.15535534498155734,0.17,Low
TAXP04184,51,3544500,Salary,0,0,0,1,0.084,0.107,0.878,Low,8.0,57980.07,7247.51,1.0,0.125,0.6368848147471418,0.354,Low
TAXP04185,62,636600,Business,1,1,0,0,0.186,0.656,0.928,Low,15.0,10976.72,731.78,2.0,0.13333333333333333,0.6420721248734665,0.329,Low
TAXP04186,59,857200,Salary+Investments,1,0,10000,0,-0.003,0.659,0.852,Low,13.0,10240.84,787.76,0.0,0.0,0.19582742555287003,0.17,Low
TAXP04187,39,866600,Multiple,0,1,359900,0,0.02,0.315,0.02,High,6.0,2600.48,433.41,0.0,0.0,0.1554244545262409,0.609,Medium
TAXP04188,43,498800,Salary,1,0,0,0,0.186,0.197,0.98,Low,7.0,1354.73,193.53,0.0,0.0,0.14190052925344449,0.075,Low
TAXP04189,28,385000,Professional,1,0,0,1,0.217,0.271,0.896,Low,24.0,5841.57,243.4,2.0,0.08333333333333333,0.4885224923624573,0.277,Low
TAXP04190,24,2994600,Salary,1,0,4200,0,0.196,0.235,0.906,Low,12.0,21564.76,1797.06,0.0,0.0,0.20979893141870873,0.146,Low
TAXP04191,55,1338500,Business,1,0,30700,0,0.087,0.259,0.847,Low,32.0,23162.03,723.81,2.0,0.0625,0.47475138367305575,0.298,Low
TAXP04192,40,1174700,Salary,1,1,0,0,0.143,0.177,0.93,Low,16.0,23980.37,1498.77,0.0,0.0,0.22154623845934784,0.138,Low
TAXP04193,43,984300,Business,1,0,0,1,0.254,0.268,0.907,Low,7.0,2083.03,297.58,0.0,0.0,0.15120359689974444,0.119,Low
TAXP04194,36,315600,Salary,1,2,3000,1,-0.075,0.146,0.811,Low,34.0,7907.96,232.59,0.0,0.0,0.2517556693909907,0.217,Low
TAXP04195,35,1630700,Multiple,1,0,0,1,0.1,0.341,0.887,Low,3.0,1065.01,355.0,0.0,0.0,0.13933729829383967,0.125,Low
TAXP04196,65,354200,Salary+Investments,1,3,0,1,-0.366,0.259,0.831,Low,14.0,7907.0,564.79,0.0,0.0,0.1925344401194382,0.18,Low
TAXP04197,57,797100,Salary,1,1,0,0,0.218,0.217,0.9,Low,22.0,9585.3,435.7,2.0,0.09090909090909091,0.5182833287171641,0.288,Low
TAXP04198,52,199700,Salary+Business,0,0,0,0,-0.025,0.225,0.923,Low,15.0,4020.08,268.01,0.0,0.0,0.18031146841242923,0.123,Low
TAXP04199,38,150000,Salary,1,2,0,0,-0.021,0.238,0.883,Low,17.0,8140.34,478.84,1.0,0.058823529411764705,0.3948391794280097,0.242,Low
TAXP04200,53,817400,Salary+Business,1,0,0,1,0.08,0.514,0.931,Low,23.0,9495.92,412.87,2.0,0.08695652173913043,0.5079954785659055,0.267,Low
TAXP04201,36,363000,Salary,1,1,47500,1,0.199,0.555,0.584,Medium,16.0,4949.35,309.33,0.0,0.0,0.18733648402178443,0.313,Low
TAXP04202,44,155200,Salary,1,0,0,0,0.483,0.248,0.923,Low,25.0,10919.03,436.76,1.0,0.04,0.3621009642896005,0.205,Low
TAXP04203,27,959300,Professional,1,0,25300,0,-0.148,0.31,0.828,Low,9.0,5727.52,636.39,0.0,0.0,0.1755142959851314,0.174,Low
TAXP04204,52,2991200,Business,1,0,7600,0,-0.036,0.423,0.939,Low,14.0,43094.56,3078.18,1.0,0.07142857142857142,0.46503786901007704,0.243,Low
TAXP04205,23,1767700,Business,0,1,19200,0,0.137,0.118,0.76,Low,22.0,15727.0,714.86,1.0,0.045454545454545456,0.3790159009297037,0.303,Low
TAXP04206,53,540100,Business,1,1,0,1,-0.016,0.271,0.877,Low,9.0,1118.28,124.25,0.0,0.0,0.1401834911645386,0.131,Low
TAXP04207,48,654200,Salary,1,0,43800,0,0.234,0.521,0.722,Low,49.0,28527.08,582.19,2.0,0.04081632653061224,0.46514094882978274,0.362,Low
TAXP04208,23,1231700,Salary,1,1,0,0,0.073,0.047,0.932,Low,24.0,38609.32,1608.72,2.0,0.08333333333333333,0.5294550472745422,0.276,Low
TAXP04209,43,1458100,Professional,1,3,0,0,0.242,0.28,0.833,Low,3.0,1444.32,481.44,0.0,0.0,0.14593675478208712,0.158,Low
TAXP04210,31,507600,Professional,1,2,54000,1,0.06,0.144,0.511,Medium,,,,,,,,Low
TAXP04211,42,666200,Salary,1,0,0,0,0.187,0.21,0.966,Low,49.0,17122.87,349.45,1.0,0.02040816326530612,0.38673476660754363,0.193,Low
TAXP04212,21,807100,Salary,1,0,80300,0,-0.053,0.313,0.519,Medium,77.0,54355.55,705.92,7.0,0.09090909090909091,0.6424682740043202,0.554,Medium
TAXP04213,53,968500,Professional,1,0,0,0,0.41,0.138,0.979,Low,3.0,1761.06,587.02,0.0,0.0,0.15023419049719183,0.079,Low
TAXP04214,43,590600,Professional,1,0,0,0,-0.172,0.237,0.94,Low,6.0,1395.28,232.55,0.0,0.0,0.14194799256456717,0.097,Low
TAXP04215,37,596200,Salary+Investments,1,2,5500,0,-0.013,0.134,0.842,Low,6.0,1616.57,269.43,1.0,0.16666666666666666,0.6951319157216698,0.4,Medium
TAXP04216,60,1755400,Business,1,2,0,1,-0.127,0.185,0.854,Low,33.0,30315.47,918.65,2.0,0.06060606060606061,0.47759277906754216,0.295,Low
TAXP04217,50,1552800,Business,0,2,0,1,0.228,0.134,0.762,Low,1.0,743.34,743.34,0.0,0.0,0.1475100118146993,0.197,Low
TAXP04218,48,916600,Business,0,0,9500,2,0.186,0.268,0.649,Medium,21.0,12933.82,615.9,3.0,0.14285714285714285,0.6932919958458914,0.505,Medium
TAXP04219,27,2241100,Salary,1,0,0,0,-0.095,0.358,0.973,Low,10.0,15552.91,1555.29,0.0,0.0,0.19882008794172695,0.104,Low
TAXP04220,43,492100,Salary,1,1,0,0,0.26,0.232,0.937,Low,30.0,65021.47,2167.38,2.0,0.06666666666666667,0.5044537069505614,0.262,Low
TAXP04221,52,2091200,Salary,0,0,0,0,-0.012,0.049,0.885,Low,3.0,3755.06,1251.69,0.0,0.0,0.16665669409099615,0.138,Low
TAXP04222,62,960600,Salary+Investments,1,0,0,0,0.162,0.272,0.98,Low,30.0,18557.72,618.59,1.0,0.03333333333333333,0.3672521809172106,0.176,Low
TAXP04223,48,6850700,Salary,1,1,0,0,0.2,0.289,0.89,Low,1.0,2613.76,2613.76,0.0,0.0,0.1747930118414991,0.139,Low
TAXP04224,28,275400,Professional,0,1,0,1,0.061,0.372,0.743,Low,4.0,1088.61,272.15,0.0,0.0,0.13750642768389792,0.203,Low
TAXP04225,51,395700,Business,1,2,0,0,0.246,0.619,0.828,Low,6.0,403.57,67.26,0.0,0.0,0.11523817649494981,0.146,Low
TAXP04226,24,878800,Salary,1,0,30300,0,0.077,0.157,0.783,Low,19.0,7923.87,417.05,0.0,0.0,0.2055708827643845,0.212,Low
TAXP04227,35,865200,Salary+Investments,0,0,0,0,0.154,0.103,0.857,Low,9.0,4649.63,516.63,0.0,0.0,0.17099478526099207,0.156,Low
TAXP04228,62,2646700,Professional,1,2,46900,0,0.056,0.295,0.577,Medium,21.0,25332.54,1206.31,1.0,0.047619047619047616,0.39358663006547,0.41,Medium
TAXP04229,57,401700,Salary,1,2,0,0,-0.199,0.229,0.873,Low,10.0,2872.79,287.28,0.0,0.0,0.16220622979093996,0.143,Low
TAXP04230,61,1247000,Salary+Business,0,2,0,0,0.08,0.042,0.83,Low,9.0,17385.99,1931.78,1.0,0.1111111111111111,0.5662697252964032,0.348,Low
TAXP04231,36,1501100,Business,1,0,2000,1,-0.04,0.189,0.949,Low,8.0,7098.69,887.34,0.0,0.0,0.1788012901932984,0.109,Low
TAXP04232,51,1079600,Salary,1,0,0,1,0.323,0.215,0.935,Low,29.0,46153.95,1591.52,4.0,0.13793103448275862,0.7290019485618092,0.364,Low
TAXP04233,52,325400,Salary+Business,1,0,0,0,-0.118,0.233,0.966,Low,3.0,279.81,93.27,0.0,0.0,0.11048329549097537,0.068,Low
TAXP04234,32,1791100,Professional,0,0,26800,2,0.296,0.304,0.54,Medium,24.0,48825.47,2034.39,3.0,0.125,0.6720499340880097,0.555,Medium
TAXP04235,63,1575100,Salary,1,0,9900,0,0.071,0.537,0.884,Low,30.0,54146.09,1804.87,3.0,0.1,0.6104812375473285,0.339,Low
TAXP04236,64,1000900,Multiple,0,1,0,0,0.165,0.171,0.814,Low,53.0,30661.07,578.51,0.0,0.0,0.33815295500889814,0.254,Low
TAXP04237,25,753000,Professional,1,0,11700,0,-0.121,0.423,0.901,Low,7.0,13756.76,1965.25,0.0,0.0,0.19213278991038107,0.141,Low
TAXP04238,55,764900,Professional,1,1,21800,0,0.051,0.262,0.792,Low,32.0,33859.69,1058.12,2.0,0.0625,0.4829872270593301,0.332,Low
TAXP04239,41,614200,Salary,1,0,0,0,-0.006,0.321,0.953,Low,31.0,27996.12,903.1,3.0,0.0967741935483871,0.5887341767322316,0.291,Low
TAXP04240,51,1031100,Salary,1,2,0,0,0.437,0.031,0.849,Low,12.0,8327.82,693.98,1.0,0.08333333333333333,0.46415747166604954,0.292,Low
TAXP04241,45,664700,Business,1,4,0,2,-0.01,0.062,0.731,Low,21.0,12038.83,573.28,1.0,0.047619047619047616,0.3774517730494589,0.318,Low
TAXP04242,31,352800,Professional,1,0,0,0,0.285,0.323,0.872,Low,8.0,2969.2,371.15,1.0,0.125,0.5724083385417924,0.328,Low
TAXP04243,25,305500,Business,1,1,0,0,0.287,0.283,0.92,Low,1.0,50.0,50.0,0.0,0.0,0.0893000032739525,0.084,Low
TAXP04244,44,378200,Salary+Business,1,0,0,0,0.282,0.232,0.98,Low,45.0,9760.65,216.9,1.0,0.022222222222222223,0.36671701371128307,0.176,Low
TAXP04245,58,762700,Salary,1,0,0,0,0.005,0.329,0.925,Low,6.0,750.22,125.04,0.0,0.0,0.12855416597803476,0.099,Low
TAXP04246,58,637500,Salary+Business,1,0,0,1,0.389,0.179,0.877,Low,2.0,1100.22,550.11,0.0,0.0,0.14490493277794808,0.133,Low
TAXP04247,33,759000,Salary+Business,1,0,0,0,0.422,0.471,0.95,Low,11.0,13707.87,1246.17,1.0,0.09090909090909091,0.4979334032277816,0.252,Low
TAXP04248,59,932200,Salary+Business,1,0,0,1,0.159,0.122,0.905,Low,30.0,25262.14,842.07,3.0,0.1,0.5939401478748815,0.32,Low
TAXP04249,37,413800,Salary+Business,1,1,0,2,0.026,0.159,0.851,Low,34.0,14083.57,414.22,2.0,0.058823529411764705,0.45836491832035176,0.288,Low
TAXP04250,46,1867300,Salary+Investments,1,1,0,0,-0.038,0.14,0.922,Low,1.0,476.94,476.94,0.0,0.0,0.13789012122636407,0.105,Low
TAXP04251,35,536000,Salary,0,0,0,0,0.175,0.553,0.806,Low,13.0,5984.92,460.38,0.0,0.0,0.1841831422867079,0.19,Low
TAXP04252,44,475800,Professional,1,1,0,0,0.11,0.472,0.81,Low,9.0,2784.1,309.34,0.0,0.0,0.15988620819698562,0.176,Low
TAXP04253,44,919900,Multiple,1,0,0,1,0.129,0.429,0.851,Low,25.0,15435.49,617.42,1.0,0.04,0.3696032567392804,0.248,Low
TAXP04254,52,173200,Business,0,1,0,2,-0.116,0.379,0.651,Medium,3.0,3300.04,1100.01,1.0,0.3333333333333333,1.0,0.642,Medium
TAXP04255,42,367900,Salary,0,0,0,0,0.105,0.2,0.827,Low,35.0,11720.54,334.87,2.0,0.05714285714285714,0.45213494778391033,0.299,Low
TAXP04256,44,1317300,Multiple,1,1,0,0,0.283,0.23,0.957,Low,6.0,8246.5,1374.42,0.0,0.0,0.18045098959597197,0.105,Low
TAXP04257,50,186100,Salary,1,1,0,0,0.23,0.098,0.923,Low,19.0,2920.34,153.7,0.0,0.0,0.18398452002525378,0.125,Low
TAXP04258,39,1453300,Salary,1,0,0,0,0.034,0.064,0.98,Low,26.0,39223.06,1508.58,1.0,0.038461538461538464,0.38782651878405416,0.186,Low
TAXP04259,44,1929500,Salary,0,1,0,0,0.083,0.263,0.804,Low,5.0,1136.39,227.28,0.0,0.0,0.13753094365767599,0.17,Low
TAXP04260,24,498200,Business,1,0,0,0,-0.135,0.315,0.957,Low,24.0,7574.93,315.62,0.0,0.0,0.21914459857098764,0.122,Low
TAXP04261,60,802000,Salary,1,2,0,0,-0.006,0.556,0.911,Low,36.0,37432.9,1039.8,2.0,0.05555555555555555,0.47537809501143924,0.263,Low
TAXP04262,26,1454900,Business,1,1,0,0,0.046,0.06,0.955,Low,7.0,7377.82,1053.97,0.0,0.0,0.17861294280160267,0.105,Low
TAXP04263,60,464500,Multiple,1,1,0,0,0.201,0.256,0.911,Low,14.0,3788.66,270.62,0.0,0.0,0.176599828115587,0.128,Low
TAXP04264,55,1214100,Business,1,1,50100,0,-0.013,0.108,0.651,Medium,4.0,1597.43,399.36,0.0,0.0,0.14580855992106814,0.258,Low
TAXP04265,63,400900,Business,1,2,0,0,-0.066,0.186,0.912,Low,22.0,7184.36,326.56,0.0,0.0,0.21203906422006158,0.144,Low
TAXP04266,22,460900,Salary+Investments,1,0,0,0,0.221,0.259,0.98,Low,24.0,6596.29,274.85,1.0,0.041666666666666664,0.3536508296774905,0.17,Low
TAXP04267,30,365600,Salary+Business,1,1,13800,0,0.032,0.302,0.88,Low,36.0,9044.37,251.23,5.0,0.1388888888888889,0.7195997518340409,0.39,Low
TAXP04268,23,831900,Salary,1,1,28600,0,-0.034,0.133,0.802,Low,24.0,18361.27,765.05,1.0,0.041666666666666664,0.37583046032005984,0.278,Low
TAXP04269,39,1496200,Salary,1,3,0,0,0.23,0.323,0.853,Low,29.0,43482.79,1499.41,1.0,0.034482758620689655,0.3863289032985247,0.255,Low
TAXP04270,61,569300,Professional,1,1,0,0,0.173,0.281,0.868,Low,20.0,23974.56,1198.73,1.0,0.05,0.39738537856727923,0.251,Low
TAXP04271,55,260300,Salary+Investments,1,1,0,0,0.067,0.238,0.898,Low,1.0,50.0,50.0,0.0,0.0,0.0893000032739525,0.096,Low
TAXP04272,52,298100,Business,1,1,3900,0,0.044,0.139,0.822,Low,34.0,11680.7,343.55,3.0,0.08823529411764706,0.5513723064432854,0.346,Low
TAXP04273,59,863600,Salary,1,0,0,0,0.161,0.154,0.98,Low,8.0,2657.65,332.21,0.0,0.0,0.15750809640713107,0.082,Low
TAXP04274,21,2452200,Salary+Business,1,0,0,1,0.186,0.231,0.886,Low,33.0,70397.66,2133.26,2.0,0.06060606060606061,0.4958740110329284,0.286,Low
TAXP04275,56,863000,Professional,1,2,0,0,0.133,0.21,0.92,Low,7.0,3815.61,545.09,2.0,0.2857142857142857,1.0,0.494,Medium
TAXP04276,35,492000,Business,1,1,0,2,0.119,0.225,0.772,Low,25.0,12936.78,517.47,2.0,0.08,0.497775329649833,0.349,Low
TAXP04277,52,1128500,Salary+Investments,1,0,8100,0,0.003,0.249,0.941,Low,32.0,25251.08,789.1,1.0,0.03125,0.3734990702609269,0.201,Low
TAXP04278,55,547000,Salary+Business,1,0,0,0,0.013,0.159,0.98,Low,21.0,7757.58,369.41,1.0,0.047619047619047616,0.36792973815882113,0.177,Low
TAXP04279,51,495000,Professional,1,1,0,0,0.073,0.29,0.875,Low,17.0,5821.67,342.45,1.0,0.058823529411764705,0.38757745401310184,0.243,Low
TAXP04280,39,326000,Professional,1,0,0,0,-0.054,0.228,0.931,Low,4.0,1177.4,294.35,0.0,0.0,0.13920301598475182,0.101,Low
TAXP04281,48,1791900,Professional,1,3,25400,2,-0.072,0.242,0.635,Medium,9.0,14434.61,1603.85,1.0,0.1111111111111111,0.562232307296612,0.454,Medium
TAXP04282,42,150000,Business,1,2,0,2,0.086,0.159,0.789,Low,3.0,485.36,161.79,0.0,0.0,0.12234555135067741,0.171,Low
TAXP04283,49,1154500,Business,1,1,20000,1,0.258,0.15,0.72,Low,,,,,,,,Low
TAXP04284,41,465500,Salary+Business,0,2,0,0,-0.232,0.409,0.745,Low,21.0,9070.84,431.94,0.0,0.0,0.2141744511576345,0.237,Low
TAXP04285,38,483700,Professional,0,2,0,1,0.037,0.481,0.676,Medium,23.0,7206.68,313.33,1.0,0.043478260869565216,0.35854379278953896,0.34,Low
TAXP04286,30,2198300,Business,1,0,0,1,0.144,0.125,0.91,Low,24.0,72518.55,3021.61,3.0,0.125,0.6806365747099924,0.356,Low
TAXP04287,38,388700,Salary,0,3,0,1,0.272,0.149,0.609,Medium,28.0,12693.41,453.34,0.0,0.0,0.24267266708266755,0.324,Low
TAXP04288,53,398300,Salary+Business,1,1,0,0,0.388,0.508,0.856,Low,8.0,2760.2,345.02,0.0,0.0,0.15832781261413184,0.15,Low
TAXP04289,60,591800,Professional,1,1,0,0,0.059,0.216,0.937,Low,24.0,21763.06,906.79,1.0,0.041666666666666664,0.3795168879814257,0.205,Low
TAXP04290,25,875600,Salary,1,0,0,1,0.416,0.386,0.955,Low,79.0,82793.18,1048.01,5.0,0.06329113924050633,0.5598997119069484,0.277,Low
TAXP04291,29,472900,Salary,0,2,0,0,0.173,0.2,0.732,Low,38.0,15224.02,400.63,5.0,0.13157894736842105,0.7134214421627565,0.468,Medium
TAXP04292,43,209300,Salary,1,1,21300,1,0.23,0.399,0.734,Low,24.0,7342.61,305.94,1.0,0.041666666666666664,0.3559703608736792,0.306,Low
TAXP04293,52,348500,Multiple,1,0,0,0,-0.07,0.201,0.914,Low,18.0,10144.7,563.59,1.0,0.05555555555555555,0.3915082791425297,0.223,Low
TAXP04294,28,1635200,Salary+Investments,1,0,7800,0,0.173,0.284,0.901,Low,13.0,25230.77,1940.83,0.0,0.0,0.21539079246691195,0.151,Low
TAXP04295,35,686000,Business,1,0,21500,0,0.244,0.264,0.868,Low,10.0,3884.8,388.48,0.0,0.0,0.16873983183854221,0.149,Low
TAXP04296,23,899400,Salary,1,1,0,1,-0.01,0.542,0.892,Low,36.0,30369.1,843.59,1.0,0.027777777777777776,0.37917520692033646,0.23,Low
TAXP04297,23,538500,Salary+Business,1,1,0,0,-0.317,0.482,0.892,Low,14.0,3469.34,247.81,2.0,0.14285714285714285,0.6461238197239774,0.35,Low
TAXP04298,27,404300,Business,1,0,0,0,0.124,0.237,0.956,Low,19.0,13808.83,726.78,3.0,0.15789473684210525,0.7386623327418127,0.357,Low
TAXP04299,53,2175100,Multiple,1,0,58100,0,0.066,0.114,0.681,Medium,5.0,3384.65,676.93,1.0,0.2,0.8211669628256258,0.545,Medium
TAXP04300,60,567600,Salary,1,0,0,0,0.315,0.605,0.965,Low,41.0,15094.02,368.15,2.0,0.04878048780487805,0.4501197691135368,0.222,Low
TAXP04301,43,472400,Salary,1,3,0,1,0.014,0.062,0.901,Low,23.0,15704.56,682.81,2.0,0.08695652173913043,0.5188991527845448,0.288,Low
TAXP04302,28,1431100,Business,1,2,0,0,-0.013,0.317,0.908,Low,27.0,49808.42,1844.76,1.0,0.037037037037037035,0.39141315124481607,0.227,Low
TAXP04303,62,386400,Salary,1,1,0,0,-0.087,0.206,0.98,Low,15.0,5444.7,362.98,3.0,0.2,0.8468772942191992,0.392,Low
TAXP04304,33,423600,Professional,1,0,0,0,-0.001,0.245,0.98,Low,24.0,8912.21,371.34,2.0,0.08333333333333333,0.4976646416244186,0.235,Low
TAXP04305,27,654800,Salary+Business,1,2,0,1,0.527,0.142,0.802,Low,33.0,16470.58,499.11,1.0,0.030303030303030304,0.36436485863056245,0.273,Low
TAXP04306,27,650100,Salary,1,1,0,0,-0.154,0.244,0.869,Low,13.0,5800.53,446.19,2.0,0.15384615384615385,0.6911974130214121,0.383,Low
TAXP04307,36,783600,Business,0,2,0,0,-0.114,0.298,0.836,Low,25.0,8770.37,350.81,1.0,0.04,0.3573548103632569,0.251,Low
TAXP04308,54,2930600,Professional,0,4,0,0,0.091,0.362,0.688,Medium,,,,,,,,Low
TAXP04309,38,828000,Salary+Investments,0,1,17800,1,0.416,0.448,0.608,Medium,19.0,31857.18,1676.69,1.0,0.05263157894736842,0.40942950788136495,0.4,Medium
TAXP04310,41,150000,Business,0,0,0,0,0.219,0.17,0.866,Low,6.0,1463.05,243.84,0.0,0.0,0.14297357437394181,0.138,Low
TAXP04311,36,822100,Salary,1,0,0,0,0.348,0.656,0.908,Low,18.0,13984.88,776.94,0.0,0.0,0.21513535284101482,0.147,Low
TAXP04312,63,668000,Business,1,0,0,0,0.038,0.373,0.947,Low,2.0,1070.23,535.12,0.0,0.0,0.1443059166530168,0.094,Low
TAXP04313,51,670700,Business,0,0,0,1,-0.122,0.183,0.819,Low,2.0,500.69,250.34,0.0,0.0,0.12785654552512177,0.157,Low
TAXP04314,50,775900,Salary+Business,1,3,0,1,0.028,0.344,0.732,Low,54.0,44116.88,816.98,3.0,0.05555555555555555,0.5289703214257309,0.385,Low
TAXP04315,40,636700,Business,1,1,0,0,0.08,0.047,0.859,Low,27.0,16240.25,601.49,0.0,0.0,0.2448797510566603,0.188,Low
TAXP04316,44,625800,Salary,1,0,9300,0,0.102,0.281,0.955,Low,57.0,22819.77,400.35,1.0,0.017543859649122806,0.38807061628291045,0.199,Low
TAXP04317,60,1010700,Salary+Business,1,1,9300,0,0.066,0.536,0.815,Low,3.0,1165.9,388.63,0.0,0.0,0.1412973985679309,0.165,Low
TAXP04318,50,440000,Business,1,1,0,0,0.195,0.081,0.86,Low,23.0,10069.74,437.81,0.0,0.0,0.2223100261532197,0.177,Low
TAXP04319,57,328500,Salary,1,3,7800,1,-0.014,0.216,0.697,Medium,41.0,11676.35,284.79,2.0,0.04878048780487805,0.4445620941112379,0.367,Low
TAXP04320,22,5733600,Business,1,0,0,0,-0.048,0.421,0.979,Low,12.0,36597.95,3049.83,0.0,0.0,0.221279566688808,0.111,Low
TAXP04321,59,388200,Multiple,1,1,27000,0,-0.093,0.111,0.809,Low,20.0,5644.23,282.21,0.0,0.0,0.20103681026609066,0.196,Low
TAXP04322,63,698600,Salary+Business,1,0,0,0,0.133,0.146,0.98,Low,15.0,9372.24,624.82,0.0,0.0,0.19864574108405192,0.1,Low
TAXP04323,51,221400,Salary,1,3,0,0,0.117,0.198,0.853,Low,5.0,1260.24,252.05,1.0,0.2,0.7997678842256732,0.441,Medium
TAXP04324,64,706900,Salary+Business,1,1,0,0,0.275,0.08,0.948,Low,52.0,31514.19,606.04,1.0,0.019230769230769232,0.4026223587193422,0.21,Low
TAXP04325,46,332000,Salary,1,0,0,0,0.348,0.427,0.92,Low,36.0,7675.46,213.21,1.0,0.027777777777777776,0.3493847415005965,0.201,Low
TAXP04326,33,472700,Business,1,0,7200,1,-0.093,0.15,0.932,Low,10.0,5874.39,587.44,0.0,0.0,0.1777006384268962,0.117,Low
TAXP04327,48,1379400,Business,1,0,0,0,0.104,0.272,0.964,Low,5.0,1050.56,210.11,0.0,0.0,0.13583338819143387,0.081,Low
TAXP04328,49,913100,Salary,0,1,0,0,0.067,0.062,0.816,Low,7.0,7190.63,1027.23,1.0,0.14285714285714285,0.6494839948888669,0.393,Low
TAXP04329,27,978700,Salary,1,1,0,2,-0.146,0.298,0.831,Low,58.0,53129.04,916.02,1.0,0.017241379310344827,0.40501531445991357,0.275,Low
TAXP04330,30,181600,Multiple,1,0,33500,0,0.015,0.112,0.786,Low,76.0,20010.94,263.3,4.0,0.05263157894736842,0.49478911483874255,0.34,Low
TAXP04331,34,2439500,Salary,0,4,0,1,0.351,0.613,0.577,Medium,5.0,31072.17,6214.43,0.0,0.0,0.20928125134785935,0.327,Low
TAXP04332,45,275600,Salary+Business,1,1,0,0,-0.001,0.16,0.926,Low,2.0,657.93,328.96,0.0,0.0,0.1337664216748286,0.101,Low
TAXP04333,27,1953800,Professional,1,1,0,1,-0.028,0.397,0.907,Low,12.0,12713.45,1059.45,0.0,0.0,0.1983332872769483,0.14,Low
TAXP04334,55,1356300,Business,1,1,0,0,0.092,0.185,0.957,Low,14.0,24054.43,1718.17,0.0,0.0,0.21666780658685525,0.121,Low
TAXP04335,25,985000,Salary,1,0,0,2,0.246,0.375,0.814,Low,3.0,1158.59,386.2,0.0,0.0,0.14116117398353212,0.166,Low
TAXP04336,63,351200,Salary,0,2,0,0,0.051,0.326,0.809,Low,15.0,3448.06,229.87,0.0,0.0,0.17699186462369426,0.185,Low
TAXP04337,51,725000,Salary,1,0,22400,0,0.12,0.08,0.843,Low,26.0,32128.08,1235.7,1.0,0.038461538461538464,0.383496863941887,0.259,Low
TAXP04338,36,463100,Business,0,0,181800,2,-0.266,0.136,0.02,High,1.0,50.0,50.0,0.0,0.0,0.0893000032739525,0.579,Medium
TAXP04339,37,663700,Multiple,1,0,0,0,0.192,0.133,0.98,Low,34.0,18899.88,555.88,4.0,0.11764705882352941,0.65885654336764,0.307,Low
TAXP04340,52,543000,Salary+Investments,1,0,0,0,0.135,0.171,0.98,Low,6.0,1659.09,276.52,0.0,0.0,0.14569362876482816,0.077,Low
TAXP04341,24,150000,Salary,1,1,28400,0,0.242,0.238,0.743,Low,,,,,,,,Low
TAXP04342,53,1457800,Salary,1,1,0,0,-0.199,0.291,0.832,Low,46.0,46932.84,1020.28,1.0,0.021739130434782608,0.4025883794781655,0.274,Low
TAXP04343,45,613100,Salary,1,0,8100,0,0.052,0.386,0.851,Low,12.0,2854.92,237.91,0.0,0.0,0.16597043665925815,0.157,Low
TAXP04344,30,458500,Multiple,0,0,0,0,0.254,0.513,0.846,Low,33.0,17533.22,531.31,4.0,0.12121212121212122,0.6657198651953982,0.384,Low
TAXP04345,61,434200,Salary,1,2,18300,1,0.011,0.262,0.707,Low,31.0,8929.4,288.05,1.0,0.03225806451612903,0.3510684186535313,0.319,Low
TAXP04346,49,841400,Salary,1,1,0,1,0.108,0.027,0.91,Low,2.0,2270.54,1135.27,0.0,0.0,0.16061708158330662,0.122,Low
TAXP04347,28,341500,Professional,0,1,60100,1,0.034,0.218,0.471,Medium,3.0,806.24,268.75,0.0,0.0,0.133312404642512,0.351,Low
TAXP04348,50,150000,Business,1,1,0,0,0.038,0.447,0.871,Low,7.0,670.63,95.8,0.0,0.0,0.12674562338618983,0.128,Low
TAXP04349,39,871400,Salary,1,1,6600,0,0.287,0.105,0.884,Low,28.0,34083.69,1217.27,1.0,0.03571428571428571,0.381948190659722,0.236,Low
TAXP04350,55,944600,Professional,1,1,0,1,-0.128,0.221,0.866,Low,5.0,1048.77,209.75,1.0,0.2,0.7957965335203304,0.432,Medium
TAXP04351,43,563000,Salary,1,1,0,1,0.092,0.181,0.938,Low,15.0,5177.36,345.16,1.0,0.06666666666666667,0.40578709596122586,0.217,Low
TAXP04352,65,284400,Salary,1,2,0,0,0.14,0.297,0.902,Low,,,,,,,,Low
TAXP04353,62,693000,Salary,1,2,0,1,0.25,0.377,0.836,Low,21.0,17079.07,813.29,0.0,0.0,0.22789174443711757,0.193,Low
TAXP04354,22,226400,Salary,1,2,0,0,0.08,0.307,0.853,Low,7.0,1969.73,281.39,0.0,0.0,0.14999333962413272,0.148,Low
TAXP04355,39,310200,Multiple,1,1,0,0,0.255,0.527,0.86,Low,21.0,2936.01,139.81,0.0,0.0,0.18978452278751845,0.162,Low
TAXP04356,30,378600,Business,1,2,20100,0,0.091,0.163,0.72,Low,26.0,7537.13,289.89,2.0,0.07692307692307693,0.47899324203343085,0.37,Low
TAXP04357,41,1193500,Salary+Business,1,0,29700,2,0.119,0.326,0.74,Low,7.0,3040.52,434.36,0.0,0.0,0.15939329201087826,0.215,Low
TAXP04358,27,500600,Salary,1,1,9900,1,0.113,0.074,0.776,Low,8.0,2526.3,315.79,0.0,0.0,0.15641084224283427,0.194,Low
TAXP04359,45,470800,Salary+Business,1,0,0,1,0.205,0.175,0.929,Low,24.0,24125.91,1005.25,1.0,0.041666666666666664,0.38175273039800695,0.211,Low
TAXP04360,27,2655400,Multiple,1,0,0,0,0.187,0.049,0.98,Low,2.0,1577.44,788.72,0.0,0.0,0.152716668262362,0.08,Low
TAXP04361,49,837800,Salary,1,0,0,0,-0.078,0.175,0.98,Low,21.0,11902.49,566.79,0.0,0.0,0.22006202641804073,0.11,Low
TAXP04362,41,829700,Multiple,1,1,0,0,0.135,0.074,0.929,Low,17.0,14374.22,845.54,2.0,0.11764705882352941,0.601284268186924,0.31,Low
TAXP04363,65,498100,Professional,1,0,0,0,0.187,0.627,0.902,Low,22.0,18329.96,833.18,5.0,0.22727272727272727,0.982337371593274,0.496,Medium
TAXP04364,60,423100,Salary+Business,0,0,85500,2,0.334,0.312,0.251,High,1.0,50.3,50.3,0.0,0.0,0.08942736261402413,0.452,Medium
TAXP04365,48,150000,Salary,0,1,0,1,-0.061,0.277,0.761,Low,51.0,18912.03,370.82,4.0,0.0784313725490196,0.5873402955848304,0.396,Low
TAXP04366,41,1305700,Professional,1,0,0,0,0.186,0.09,0.977,Low,19.0,20170.99,1061.63,0.0,0.0,0.2258287976325679,0.114,Low
TAXP04367,53,897600,Business,1,1,0,0,0.044,0.404,0.942,Low,38.0,29349.37,772.35,0.0,0.0,0.29343833862051694,0.164,Low
TAXP04368,51,571300,Multiple,1,0,0,1,0.131,0.303,0.888,Low,42.0,18324.44,436.3,4.0,0.09523809523809523,0.6110302666512492,0.337,Low
TAXP04369,27,588800,Salary+Investments,1,1,0,1,-0.072,0.473,0.842,Low,51.0,27317.39,535.64,3.0,0.058823529411764705,0.530601482202391,0.326,Low
TAXP04370,37,1104300,Salary,1,0,0,0,0.098,0.286,0.98,Low,17.0,10295.5,605.62,0.0,0.0,0.20581229781589677,0.104,Low
TAXP04371,65,212200,Multiple,1,0,0,0,0.151,0.17,0.98,Low,16.0,4226.35,264.15,1.0,0.0625,0.39016931843537594,0.187,Low
TAXP04372,35,425100,Salary+Investments,1,0,0,0,-0.055,0.294,0.962,Low,1.0,80.43,80.43,1.0,1.0,1.0,0.471,Medium
TAXP04373,21,286800,Business,1,2,0,1,0.332,0.139,0.777,Low,13.0,5468.32,420.64,0.0,0.0,0.18222736839075732,0.205,Low
TAXP04374,58,2327300,Salary,1,2,35500,0,-0.147,0.2,0.639,Medium,8.0,65819.49,8227.44,1.0,0.125,0.6396382444196212,0.486,Medium
TAXP04375,62,1221000,Salary,1,1,0,1,0.186,0.388,0.899,Low,32.0,23974.45,749.2,0.0,0.0,0.26924896942940785,0.177,Low
TAXP04376,50,150000,Salary,0,2,0,1,-0.289,0.293,0.657,Medium,4.0,281.51,70.38,0.0,0.0,0.10836426064628843,0.237,Low
TAXP04377,49,218600,Salary,1,1,0,1,0.059,0.222,0.85,Low,37.0,35507.24,959.66,3.0,0.08108108108108109,0.5617938526825889,0.335,Low
TAXP04378,36,590900,Multiple,1,1,23200,2,0.177,0.212,0.653,Medium,11.0,8716.93,792.45,0.0,0.0,0.18811305744294307,0.276,Low
TAXP04379,37,462600,Salary,1,0,0,1,0.214,0.174,0.903,Low,69.0,28513.17,413.23,2.0,0.028985507246376812,0.4265143656101257,0.245,Low
TAXP04380,62,250500,Professional,1,0,0,1,0.083,0.386,0.918,Low,5.0,1180.32,236.06,0.0,0.0,0.13835102039939468,0.107,Low
TAXP04381,59,2636500,Professional,1,3,0,0,0.061,0.18,0.811,Low,10.0,6089.31,608.93,0.0,0.0,0.17847960066794766,0.184,Low
TAXP04382,43,814000,Professional,1,0,39000,0,0.191,0.13,0.864,Low,3.0,641.88,213.96,0.0,0.0,0.1283824872611971,0.133,Low
TAXP04383,35,914900,Salary,0,0,0,1,0.252,0.198,0.83,Low,34.0,21220.75,624.14,0.0,0.0,0.2731320661105998,0.216,Low
TAXP04384,29,394900,Business,1,0,0,0,0.321,0.169,0.98,Low,20.0,4394.19,219.71,3.0,0.15,0.6906223221039287,0.322,Low
TAXP04385,21,1093400,Professional,1,2,0,0,-0.107,0.352,0.889,Low,11.0,4943.73,449.43,1.0,0.09090909090909091,0.4758185050636822,0.275,Low
TAXP04386,42,494300,Business,1,1,0,1,0.068,0.528,0.9,Low,14.0,12979.25,927.09,1.0,0.07142857142857142,0.4389956055689396,0.253,Low
TAXP04387,45,530000,Salary,0,1,0,0,-0.251,0.132,0.825,Low,24.0,10053.02,418.88,1.0,0.041666666666666664,0.3627735770788397,0.259,Low
TAXP04388,51,1009200,Salary+Business,1,1,1600,0,-0.119,0.275,0.93,Low,20.0,11333.45,566.67,1.0,0.05,0.3811361457419196,0.21,Low
TAXP04389,57,201200,Salary,1,0,0,1,-0.013,0.317,0.927,Low,4.0,978.1,244.52,0.0,0.0,0.13519095669560754,0.101,Low
TAXP04390,37,2052500,Business,1,0,3000,1,0.238,0.22,0.888,Low,13.0,13353.4,1027.18,0.0,0.0,0.20158381640895412,0.152,Low
TAXP04391,28,741200,Business,0,3,66800,0,0.023,0.38,0.4,High,56.0,56670.04,1011.96,3.0,0.05357142857142857,0.5270653057482868,0.567,Medium
TAXP04392,58,1634800,Salary,0,1,0,0,0.054,0.336,0.812,Low,23.0,101340.79,4406.12,1.0,0.043478260869565216,0.4158819312615189,0.291,Low
TAXP04393,55,299700,Salary+Business,1,1,6400,0,0.148,0.252,0.889,Low,16.0,2837.11,177.32,0.0,0.0,0.17530492693625968,0.14,Low
TAXP04394,44,334400,Salary,1,1,268000,0,-0.007,0.37,0.02,High,46.0,15910.57,345.88,4.0,0.08695652173913043,0.5943576537880657,0.806,High
TAXP04395,22,281600,Multiple,1,0,0,0,-0.219,0.668,0.923,Low,29.0,6225.04,214.66,3.0,0.10344827586206896,0.5717928320227779,0.3,Low
TAXP04396,42,778400,Salary+Investments,1,0,0,2,-0.019,0.225,0.868,Low,14.0,13030.12,930.72,2.0,0.14285714285714285,0.6747947407484931,0.376,Low
TAXP04397,48,681600,Salary,0,1,38000,0,0.081,0.22,0.584,Medium,29.0,40365.09,1391.9,4.0,0.13793103448275862,0.7260937589948542,0.556,Medium
TAXP04398,59,465300,Salary,1,2,40700,1,0.175,0.187,0.664,Medium,38.0,8776.81,230.97,1.0,0.02631578947368421,0.354133078330655,0.344,Low
TAXP04399,43,313200,Salary,1,1,0,0,0.067,0.025,0.952,Low,6.0,2525.19,420.86,1.0,0.16666666666666666,0.7047879725388073,0.344,Low
TAXP04400,41,261100,Salary+Investments,1,2,0,0,0.172,0.353,0.818,Low,21.0,3343.84,159.23,0.0,0.0,0.19259010159489937,0.187,Low
TAXP04401,38,627700,Professional,0,0,30800,0,0.248,0.27,0.74,Low,23.0,18446.42,802.02,0.0,0.0,0.23543222335020145,0.249,Low
TAXP04402,39,464900,Salary,1,0,0,0,0.279,0.1,0.973,Low,33.0,8339.13,252.7,2.0,0.06060606060606061,0.4496277614600934,0.217,Low
TAXP04403,21,396800,Business,1,0,0,0,0.128,0.605,0.98,Low,7.0,632.38,90.34,0.0,0.0,0.12548394560578005,0.067,Low
TAXP04404,25,1980000,Salary,1,2,0,0,-0.082,0.4,0.877,Low,21.0,34264.74,1631.65,1.0,0.047619047619047616,0.40014037042013145,0.248,Low
TAXP04405,55,612600,Business,1,1,0,0,-0.099,0.104,0.965,Low,5.0,1028.21,205.64,0.0,0.0,0.13536867241603473,0.08,Low
TAXP04406,37,1622000,Business,1,0,0,1,-0.084,0.366,0.895,Low,8.0,11992.79,1499.1,0.0,0.0,0.19017840354168453,0.143,Low
TAXP04407,59,442800,Salary,1,0,0,0,-0.072,0.331,0.973,Low,12.0,2638.53,219.88,1.0,0.08333333333333333,0.43926629562984565,0.213,Low
TAXP04408,38,775300,Salary+Business,1,1,0,0,0.116,0.32,0.959,Low,9.0,4012.23,445.8,2.0,0.2222222222222222,0.9011331561113699,0.428,Medium
TAXP04409,65,624500,Salary,1,0,0,0,0.402,0.181,0.904,Low,4.0,1082.09,270.52,1.0,0.25,0.9623764599960305,0.486,Medium
TAXP04410,29,191500,Business,1,1,0,0,0.134,0.198,0.919,Low,6.0,313.33,52.22,0.0,0.0,0.10983376033238876,0.094,Low
TAXP04411,29,1817800,Professional,1,4,0,1,0.087,0.133,0.71,Low,14.0,22026.79,1573.34,2.0,0.14285714285714285,0.6861853494174122,0.468,Medium
TAXP04412,47,589700,Multiple,1,0,0,0,0.254,0.075,0.98,Low,5.0,1774.09,354.82,0.0,0.0,0.1471691280517452,0.077,Low
TAXP04413,57,1112500,Business,1,1,0,0,-0.033,0.152,0.95,Low,69.0,102818.18,1490.12,4.0,0.057971014492753624,0.5499798186638857,0.275,Low
TAXP04414,27,378200,Salary+Investments,1,1,14500,0,0.267,0.379,0.79,Low,29.0,8264.83,284.99,1.0,0.034482758620689655,0.3503363435374817,0.273,Low
TAXP04415,43,577300,Salary,1,1,0,0,0.255,0.238,0.94,Low,22.0,6005.52,272.98,0.0,0.0,0.20816020289930226,0.127,Low
TAXP04416,31,348200,Salary+Investments,1,2,21100,1,0.109,0.395,0.702,Low,35.0,9108.54,260.24,0.0,0.0,0.25810711322927404,0.28,Low
TAXP04417,54,1582700,Salary,1,0,0,0,0.435,0.293,0.947,Low,13.0,24087.43,1852.88,0.0,0.0,0.21438432217780262,0.126,Low
TAXP04418,46,813400,Salary+Business,0,1,0,1,0.278,0.14,0.835,Low,29.0,28998.17,999.94,1.0,0.034482758620689655,0.377538798264864,0.261,Low
TAXP04419,50,846600,Salary,1,1,30500,1,0.107,0.333,0.709,Low,46.0,29546.22,642.31,2.0,0.043478260869565216,0.4642912815324469,0.369,Low
TAXP04420,33,1728300,Multiple,1,0,0,0,0.077,0.229,0.98,Low,15.0,22491.69,1499.45,2.0,0.13333333333333333,0.6576344099754801,0.307,Low
TAXP04421,33,1494500,Multiple,1,0,18900,0,0.031,0.152,0.891,Low,22.0,30558.92,1389.04,0.0,0.0,0.2434257665956061,0.169,Low
TAXP04422,49,1127800,Business,1,1,0,0,0.079,0.263,0.947,Low,9.0,6292.86,699.21,0.0,0.0,0.17755530614947015,0.109,Low
TAXP04423,36,233500,Business,1,1,15900,0,0.084,0.266,0.885,Low,33.0,15226.19,461.4,3.0,0.09090909090909091,0.562662526006361,0.316,Low
TAXP04424,52,393900,Business,1,1,0,1,0.049,0.115,0.917,Low,21.0,4758.61,226.6,0.0,0.0,0.20021149712454053,0.136,Low
TAXP04425,27,315500,Salary,0,0,58000,0,0.066,0.392,0.556,Medium,28.0,12163.24,434.4,3.0,0.10714285714285714,0.5953197280175436,0.512,Medium
TAXP04426,34,1097500,Professional,1,2,0,0,-0.091,0.552,0.825,Low,15.0,21342.57,1422.84,0.0,0.0,0.2164964214291801,0.194,Low
TAXP04427,25,735000,Professional,1,0,0,1,0.009,0.119,0.957,Low,15.0,17155.65,1143.71,2.0,0.13333333333333333,0.6517581704131683,0.317,Low
TAXP04428,24,238800,Business,1,0,0,0,-0.156,0.369,0.95,Low,19.0,8481.65,446.4,1.0,0.05263157894736842,0.3807288260424955,0.199,Low
TAXP04429,32,567400,Salary,1,4,46700,1,0.166,0.167,0.489,Medium,30.0,13123.75,437.46,1.0,0.03333333333333333,0.3597433605210526,0.443,Medium
TAXP04430,43,221700,Salary+Investments,1,1,0,1,0.113,0.246,0.891,Low,1.0,50.0,50.0,0.0,0.0,0.0893000032739525,0.1,Low
TAXP04431,27,625600,Salary,0,2,0,1,0.08,0.256,0.672,Medium,42.0,24432.09,581.72,4.0,0.09523809523809523,0.6172643396551888,0.458,Medium
TAXP04432,25,197400,Professional,1,3,0,0,0.242,0.142,0.844,Low,49.0,17763.61,362.52,0.0,0.0,0.3201833255070162,0.23,Low
TAXP04433,60,951200,Salary,1,1,0,0,-0.038,0.332,0.937,Low,18.0,16889.95,938.33,2.0,0.1111111111111111,0.5858956953419174,0.298,Low
TAXP04434,44,853300,Salary,1,1,26300,1,-0.014,0.633,0.665,Medium,19.0,7808.01,410.95,0.0,0.0,0.20525180474776755,0.277,Low
TAXP04435,53,2567500,Salary,1,0,0,1,-0.137,0.173,0.92,Low,46.0,138987.86,3021.48,0.0,0.0,0.35441014314215924,0.203,Low
TAXP04436,53,1196800,Salary,1,2,0,1,0.264,0.171,0.907,Low,61.0,43717.26,716.68,3.0,0.04918032786885246,0.5050913909966381,0.278,Low
TAXP04437,25,479400,Professional,1,0,20700,0,0.197,0.29,0.945,Low,4.0,1548.95,387.24,0.0,0.0,0.14514103615433227,0.096,Low
TAXP04438,48,1171400,Business,1,1,0,0,0.313,0.211,0.858,Low,18.0,18299.5,1016.64,1.0,0.05555555555555555,0.40430112276546987,0.26,Low
TAXP04439,59,237600,Professional,1,0,0,0,0.353,0.196,0.956,Low,4.0,318.27,79.57,0.0,0.0,0.11099418611415243,0.074,Low
TAXP04440,41,325100,Professional,0,1,0,2,0.032,0.262,0.711,Low,8.0,1121.44,140.18,0.0,0.0,0.13886111453467614,0.221,Low
TAXP04441,59,826200,Salary,1,0,0,1,-0.014,0.414,0.98,Low,36.0,28783.9,799.55,0.0,0.0,0.2863458429357306,0.14,Low
TAXP04442,63,150000,Salary,1,0,12100,0,-0.187,0.159,0.916,Low,18.0,3439.23,191.07,0.0,0.0,0.18476092451633636,0.129,Low
TAXP04443,45,632800,Professional,1,2,6000,1,-0.076,0.183,0.84,Low,20.0,11618.08,580.9,1.0,0.05,0.38167381960065105,0.26,Low
TAXP04444,25,311800,Professional,1,0,18100,0,0.048,0.351,0.88,Low,17.0,3852.18,226.6,0.0,0.0,0.18452506493853682,0.149,Low
TAXP04445,48,699200,Business,0,2,0,1,-0.23,0.045,0.744,Low,16.0,8166.7,510.42,0.0,0.0,0.19818381271908722,0.23,Low
TAXP04446,60,299200,Salary,1,1,0,0,-0.072,0.139,0.945,Low,35.0,9885.11,282.43,1.0,0.02857142857142857,0.3541629319157724,0.19,Low
TAXP04447,47,882200,Salary+Business,1,0,0,1,0.087,0.099,0.928,Low,41.0,32171.51,784.67,0.0,0.0,0.3055462234705682,0.177,Low
TAXP04448,57,659100,Salary,1,1,0,0,0.243,0.149,0.911,Low,20.0,6727.01,336.35,0.0,0.0,0.2048353306652931,0.141,Low
TAXP04449,45,1781500,Professional,1,2,0,1,-0.015,0.399,0.818,Low,11.0,24062.45,2187.5,0.0,0.0,0.21014439228865242,0.195,Low
TAXP04450,39,653200,Salary,1,0,0,0,0.12,0.349,0.954,Low,26.0,18820.57,723.87,0.0,0.0,0.2449736087905961,0.136,Low
TAXP04451,63,373700,Professional,1,0,23100,0,0.398,0.341,0.885,Low,8.0,3523.45,440.43,0.0,0.0,0.1636155878895697,0.137,Low
TAXP04452,27,544100,Salary,1,1,0,1,-0.189,0.351,0.86,Low,2.0,391.44,195.72,0.0,0.0,0.12253546342144436,0.132,Low
TAXP04453,41,246900,Salary+Business,1,0,0,0,0.274,0.065,0.97,Low,6.0,1387.75,231.29,1.0,0.16666666666666666,0.6918309905102037,0.328,Low
TAXP04454,28,870800,Salary,0,2,311100,0,0.161,0.518,0.02,High,5.0,2368.17,473.63,1.0,0.2,0.8134256691705909,0.905,High
TAXP04455,50,993900,Business,0,1,0,1,0.303,0.472,0.666,Medium,24.0,15692.88,653.87,0.0,0.0,0.23492527953475417,0.289,Low
TAXP04456,62,3846000,Salary,1,1,0,0,0.255,0.162,0.931,Low,54.0,184745.47,3421.21,3.0,0.05555555555555555,0.560048527917123,0.29,Low
TAXP04457,65,415400,Professional,1,0,0,0,-0.006,0.434,0.98,Low,52.0,26603.47,511.61,4.0,0.07692307692307693,0.5893351862099239,0.276,Low
TAXP04458,31,536000,Salary,1,2,29900,0,0.1,0.077,0.739,Low,8.0,3072.21,384.03,2.0,0.25,0.9856469537081723,0.587,Medium
TAXP04459,53,429400,Salary,1,0,0,0,-0.134,0.349,0.977,Low,17.0,2998.44,176.38,0.0,0.0,0.1791116575036526,0.093,Low
TAXP04460,60,757300,Salary+Business,1,0,0,0,0.016,0.221,0.98,Low,10.0,6789.54,678.95,1.0,0.1,0.5108395399106154,0.241,Low
TAXP04461,58,855600,Salary,1,1,0,0,0.105,0.492,0.909,Low,32.0,13696.24,428.01,2.0,0.0625,0.46336332598656643,0.259,Low
TAXP04462,43,625500,Salary,0,1,0,0,0.149,0.301,0.743,Low,27.0,28787.86,1066.22,1.0,0.037037037037037035,0.37951708113375043,0.312,Low
TAXP04463,28,1421000,Salary+Investments,0,2,0,0,0.226,0.574,0.729,Low,32.0,29309.05,915.91,1.0,0.03125,0.3767313510842829,0.319,Low
TAXP04464,41,416900,Salary+Business,1,0,0,1,0.353,0.225,0.868,Low,10.0,7816.73,781.67,1.0,0.1,0.5138945782161335,0.304,Low
TAXP04465,55,1322200,Salary+Investments,1,1,0,0,0.03,0.434,0.883,Low,83.0,74491.07,897.48,5.0,0.060240963855421686,0.5464705401384626,0.31,Low
TAXP04466,48,957800,Salary,1,0,10400,0,0.283,0.076,0.839,Low,3.0,5072.72,1690.91,0.0,0.0,0.17318338576096237,0.166,Low
TAXP04467,38,644400,Business,1,4,0,0,0.143,0.254,0.764,Low,5.0,3274.84,654.97,1.0,0.2,0.8204518534904265,0.499,Medium
TAXP04468,30,518100,Salary+Business,1,1,0,0,-0.109,0.258,0.918,Low,20.0,6089.07,304.45,0.0,0.0,0.20267851992008368,0.136,Low
TAXP04469,50,3730000,Salary,0,2,0,0,0.076,0.206,0.758,Low,,,,,,,,Low
TAXP04470,40,360900,Salary+Business,1,2,0,0,0.119,0.195,0.87,Low,60.0,16231.17,270.52,2.0,0.03333333333333333,0.4316899455632899,0.266,Low
TAXP04471,42,805500,Salary,0,1,0,1,-0.034,0.353,0.755,Low,31.0,32821.24,1058.75,2.0,0.06451612903225806,0.48573188652749194,0.353,Low
TAXP04472,63,378700,Salary+Investments,1,0,0,0,-0.066,0.398,0.974,Low,43.0,16499.41,383.71,0.0,0.0,0.29788385495709796,0.148,Low
TAXP04473,21,2351100,Professional,1,1,0,0,-0.072,0.422,0.891,Low,10.0,17547.32,1754.73,0.0,0.0,0.20143845660359921,0.151,Low
TAXP04474,31,1230900,Business,1,1,0,0,0.013,0.174,0.957,Low,29.0,36869.75,1271.37,2.0,0.06896551724137931,0.4965422450686745,0.247,Low
TAXP04475,62,398800,Business,1,2,0,1,-0.038,0.148,0.905,Low,18.0,3669.0,203.83,0.0,0.0,0.18615816653699327,0.136,Low
TAXP04476,62,940200,Salary,1,0,0,1,0.297,0.047,0.973,Low,3.0,1067.29,355.76,0.0,0.0,0.13938360568447394,0.078,Low
TAXP04477,34,782500,Salary,1,1,0,0,-0.292,0.473,0.831,Low,12.0,8308.8,692.4,0.0,0.0,0.18910789201379435,0.178,Low
TAXP04478,65,448100,Salary+Business,0,1,0,0,0.118,0.388,0.799,Low,14.0,3079.64,219.97,0.0,0.0,0.17211894590860832,0.188,Low
TAXP04479,30,1122000,Business,1,0,6200,0,0.185,0.133,0.917,Low,14.0,13265.29,947.52,0.0,0.0,0.20375417247735472,0.137,Low
TAXP04480,23,860300,Business,0,3,0,0,-0.054,0.125,0.749,Low,26.0,16289.92,626.54,4.0,0.15384615384615385,0.7495348814694913,0.475,Medium
TAXP04481,34,759200,Salary,1,3,17500,0,0.063,0.422,0.693,Medium,11.0,5283.19,480.29,0.0,0.0,0.177257480318205,0.249,Low
TAXP04482,44,630700,Professional,1,0,0,1,0.045,0.244,0.909,Low,8.0,4670.19,583.77,0.0,0.0,0.16972182231529015,0.126,Low
TAXP04483,21,886500,Salary,1,2,20000,0,0.088,0.251,0.703,Low,8.0,2814.48,351.81,0.0,0.0,0.15874948269294317,0.235,Low
TAXP04484,28,766700,Salary,1,0,0,1,0.206,0.285,0.863,Low,47.0,23847.17,507.39,0.0,0.0,0.3196233125278626,0.219,Low
TAXP04485,56,678300,Multiple,0,3,0,2,0.192,0.419,0.561,Medium,46.0,28800.25,626.09,5.0,0.10869565217391304,0.6789542641200648,0.547,Medium
TAXP04486,48,409700,Business,1,2,0,1,0.004,0.223,0.855,Low,6.0,1091.3,181.88,0.0,0.0,0.1366380199611123,0.141,Low
TAXP04487,48,2200600,Business,1,0,0,0,-0.141,0.117,0.98,Low,11.0,11373.16,1033.92,1.0,0.09090909090909091,0.4938825392570839,0.233,Low
TAXP04488,65,305100,Multiple,1,1,0,0,0.126,0.213,0.929,Low,19.0,9581.32,504.28,1.0,0.05263157894736842,0.3833705024520759,0.212,Low
TAXP04489,31,884400,Salary,1,1,0,1,-0.005,0.29,0.873,Low,4.0,2577.93,644.48,0.0,0.0,0.15618037609810756,0.14,Low
TAXP04490,61,516200,Multiple,1,2,4700,0,0.016,0.173,0.878,Low,17.0,9430.52,554.74,1.0,0.058823529411764705,0.39802763944778763,0.246,Low
TAXP04491,36,2307300,Professional,1,1,3900,0,0.136,0.234,0.877,Low,32.0,46898.43,1465.58,1.0,0.03125,0.38693028632504917,0.242,Low
TAXP04492,62,339200,Professional,1,0,0,0,0.03,0.261,0.969,Low,21.0,10126.97,482.24,0.0,0.0,0.21656081860216647,0.115,Low
TAXP04493,56,382800,Salary,1,0,39800,0,0.149,0.325,0.753,Low,4.0,366.8,91.7,0.0,0.0,0.1140401757883427,0.187,Low
TAXP04494,30,323300,Salary,1,1,0,0,0.502,0.558,0.814,Low,122.0,42486.08,348.25,3.0,0.02459016393442623,0.40830403722956515,0.286,Low
TAXP04495,30,820500,Business,1,2,0,3,0.21,0.246,0.716,Low,36.0,19128.95,531.36,4.0,0.1111111111111111,0.6441532783470575,0.446,Medium
TAXP04496,45,241900,Salary,1,2,0,0,0.315,0.099,0.925,Low,21.0,10145.43,483.12,3.0,0.14285714285714285,0.688028854998343,0.351,Low
TAXP04497,43,460600,Salary,1,0,0,0,0.182,0.559,0.897,Low,11.0,1459.63,132.69,0.0,0.0,0.14944269936287088,0.124,Low
TAXP04498,31,150000,Business,1,0,42800,0,0.112,0.102,0.755,Low,41.0,8955.98,218.44,3.0,0.07317073170731707,0.5193132715951924,0.368,Low
TAXP04499,32,772800,Salary+Business,1,1,1900,0,0.184,0.414,0.901,Low,29.0,18616.15,641.94,1.0,0.034482758620689655,0.367926865873195,0.22,Low
TAXP04500,61,453400,Salary,1,2,50500,0,0.176,0.234,0.646,Medium,7.0,2170.95,310.14,0.0,0.0,0.15209836538843666,0.263,Low
TAXP04501,54,222600,Salary+Business,0,0,0,1,0.238,0.369,0.735,Low,21.0,3979.1,189.48,2.0,0.09523809523809523,0.5106311341410898,0.376,Low
TAXP04502,29,1420300,Multiple,1,0,0,0,0.109,0.6,0.874,Low,30.0,19755.21,658.51,1.0,0.03333333333333333,0.3686079068622883,0.235,Low
TAXP04503,53,253500,Salary+Business,0,0,10900,0,-0.109,0.187,0.822,Low,2.0,685.1,342.55,0.0,0.0,0.1346425247627504,0.158,Low
TAXP04504,27,1153700,Salary+Business,1,2,0,0,-0.135,0.196,0.869,Low,8.0,11393.95,1424.24,1.0,0.125,0.601566869309034,0.343,Low
TAXP04505,41,392400,Salary+Business,1,1,10900,0,0.174,0.205,0.851,Low,21.0,7256.4,345.54,0.0,0.0,0.20934067846202797,0.176,Low
TAXP04506,21,2059300,Salary,1,0,0,1,-0.08,0.63,0.943,Low,13.0,9500.12,730.78,0.0,0.0,0.19419924889585316,0.119,Low
TAXP04507,50,1115000,Salary,1,0,8900,0,0.21,0.3,0.913,Low,39.0,36739.98,942.05,2.0,0.05128205128205128,0.47089857020233733,0.26,Low
TAXP04508,29,314600,Multiple,1,0,0,0,0.314,0.115,0.98,Low,23.0,10390.57,451.76,2.0,0.08695652173913043,0.509946075062382,0.24,Low
TAXP04509,31,335900,Professional,1,0,0,0,0.065,0.243,0.972,Low,26.0,8847.04,340.27,1.0,0.038461538461538464,0.35553870579477675,0.175,Low
TAXP04510,29,1005200,Salary+Business,1,0,0,2,0.294,0.192,0.784,Low,18.0,13259.96,736.66,0.0,0.0,0.2139810532899552,0.215,Low
TAXP04511,29,538100,Multiple,1,1,0,1,0.141,0.113,0.934,Low,37.0,14148.37,382.39,1.0,0.02702702702702703,0.36346906339988305,0.2,Low
TAXP04512,24,575400,Salary,0,0,0,1,0.104,0.533,0.705,Low,29.0,11453.61,394.95,0.0,0.0,0.24360750821372162,0.272,Low
TAXP04513,45,1624500,Salary,1,0,32400,2,0.112,0.41,0.623,Medium,21.0,18164.67,864.98,0.0,0.0,0.22922831416845763,0.311,Low
TAXP04514,60,379100,Professional,1,0,0,0,-0.033,0.051,0.98,Low,37.0,10642.62,287.64,1.0,0.02702702702702703,0.357304825349945,0.172,Low
TAXP04515,34,694200,Salary,1,0,0,0,-0.053,0.232,0.956,Low,49.0,30785.88,628.28,1.0,0.02040816326530612,0.39944598909871165,0.204,Low
TAXP04516,56,1292500,Business,1,0,0,0,-0.163,0.181,0.98,Low,6.0,5603.02,933.84,0.0,0.0,0.17206606965735277,0.088,Low
TAXP04517,45,1163900,Salary+Business,1,0,0,0,-0.017,0.125,0.98,Low,94.0,113897.34,1211.67,5.0,0.05319148936170213,0.5297189812361727,0.249,Low
TAXP04518,32,579400,Professional,1,1,0,0,0.442,0.155,0.904,Low,2.0,825.18,412.59,0.0,0.0,0.13867152509981645,0.115,Low
TAXP04519,23,527900,Salary,1,0,27400,0,-0.139,0.044,0.873,Low,22.0,6054.65,275.21,1.0,0.045454545454545456,0.358336480880681,0.231,Low
TAXP04520,56,185900,Salary+Business,0,1,0,0,-0.088,0.158,0.796,Low,4.0,1870.8,467.7,0.0,0.0,0.14923090619100116,0.179,Low
TAXP04521,22,303800,Salary,1,1,4700,1,-0.029,0.106,0.865,Low,30.0,9128.23,304.27,2.0,0.06666666666666667,0.46188146548996634,0.282,Low
TAXP04522,39,817500,Salary+Investments,1,3,0,0,-0.021,0.194,0.877,Low,32.0,18482.02,577.56,3.0,0.09375,0.5729826136230477,0.325,Low
TAXP04523,22,588600,Salary,1,1,0,0,0.143,0.172,0.903,Low,5.0,1430.98,286.2,0.0,0.0,0.14251665572347433,0.117,Low
TAXP04524,55,686000,Salary+Investments,1,1,0,1,0.002,0.314,0.846,Low,45.0,25567.53,568.17,2.0,0.044444444444444446,0.4608991335603153,0.292,Low
TAXP04525,65,1373700,Business,1,1,0,0,0.068,0.468,0.863,Low,,,,,,,,Low
TAXP04526,35,276500,Business,1,1,0,0,-0.036,0.178,0.95,Low,29.0,9895.51,341.22,1.0,0.034482758620689655,0.35423403736966835,0.187,Low
TAXP04527,35,548400,Business,1,0,0,0,0.024,0.197,0.943,Low,2.0,1339.36,669.68,0.0,0.0,0.14916878228479663,0.098,Low
TAXP04528,46,744600,Salary,1,1,0,1,0.09,0.452,0.777,Low,47.0,31760.6,675.76,1.0,0.02127659574468085,0.39604802068909106,0.301,Low
TAXP04529,43,391500,Business,0,0,0,0,0.078,0.329,0.841,Low,20.0,4007.95,200.4,0.0,0.0,0.1936339762477961,0.175,Low
TAXP04530,38,1821900,Salary+Investments,1,0,0,0,0.417,0.346,0.936,Low,10.0,10536.86,1053.69,0.0,0.0,0.1903717140418805,0.121,Low
TAXP04531,37,1250300,Salary+Business,1,1,0,0,0.095,0.466,0.877,Low,38.0,38757.04,1019.92,3.0,0.07894736842105263,0.5599954233230412,0.32,Low
TAXP04532,29,801000,Salary,1,1,31000,0,0.066,0.321,0.833,Low,26.0,24502.73,942.41,1.0,0.038461538461538464,0.37761881778681416,0.262,Low
TAXP04533,32,2365700,Professional,1,1,0,0,-0.3,0.1,0.973,Low,11.0,11055.98,1005.09,0.0,0.0,0.19326894649696366,0.102,Low
TAXP04534,47,220900,Salary+Investments,1,0,0,1,0.138,0.617,0.899,Low,16.0,6394.07,399.63,2.0,0.125,0.6053821244803183,0.328,Low
TAXP04535,54,646400,Salary+Business,1,1,0,0,-0.216,0.365,0.916,Low,51.0,18887.02,370.33,1.0,0.0196078431372549,0.39319399048847326,0.223,Low
TAXP04536,54,846200,Business,1,0,0,0,0.188,0.298,0.955,Low,14.0,4785.07,341.79,0.0,0.0,0.18165330313949327,0.106,Low
TAXP04537,44,336500,Salary,0,1,0,1,0.123,0.574,0.709,Low,5.0,4197.98,839.6,0.0,0.0,0.16583708207837072,0.235,Low
TAXP04538,54,807100,Multiple,1,0,0,1,0.228,0.289,0.955,Low,16.0,15496.21,968.51,1.0,0.0625,0.41832265297624094,0.213,Low
TAXP04539,47,293000,Salary,1,2,0,1,-0.002,0.179,0.798,Low,12.0,3283.71,273.64,1.0,0.08333333333333333,0.4439971048010256,0.311,Low
TAXP04540,37,1068700,Salary,1,1,10500,1,0.104,0.093,0.822,Low,26.0,30959.63,1190.76,1.0,0.038461538461538464,0.3826930767746056,0.27,Low
TAXP04541,36,1392200,Salary+Business,1,1,17300,0,0.208,0.185,0.831,Low,31.0,27907.23,900.23,1.0,0.03225806451612903,0.37576197175308146,0.262,Low
TAXP04542,44,790800,Salary,1,1,0,0,-0.049,0.164,0.917,Low,24.0,14084.33,586.85,2.0,0.08333333333333333,0.5075807451789183,0.274,Low
TAXP04543,34,171200,Salary+Investments,1,0,0,0,0.198,0.354,0.974,Low,8.0,1718.98,214.87,0.0,0.0,0.148082313701267,0.081,Low
TAXP04544,55,324000,Salary,1,1,0,0,0.19,0.411,0.909,Low,24.0,15267.43,636.14,0.0,0.0,0.2343293682366281,0.155,Low
TAXP04545,29,976100,Salary+Business,0,0,20000,2,0.078,0.076,0.702,Low,21.0,16110.96,767.19,1.0,0.047619047619047616,0.3837690650931946,0.337,Low
TAXP04546,23,660000,Multiple,1,0,0,1,0.353,0.138,0.98,Low,20.0,8210.82,410.54,3.0,0.15,0.7041519144337627,0.328,Low
TAXP04547,43,150000,Multiple,1,1,0,1,0.182,0.115,0.889,Low,14.0,1942.54,138.75,0.0,0.0,0.1621699023868174,0.134,Low
TAXP04548,24,1590500,Multiple,0,1,0,0,-0.168,0.379,0.725,Low,30.0,39731.37,1324.38,1.0,0.03333333333333333,0.38376392747882054,0.324,Low
TAXP04549,29,717200,Salary+Investments,1,2,6700,0,0.258,0.13,0.863,Low,8.0,11279.12,1409.89,0.0,0.0,0.1888470700055054,0.16,Low
TAXP04550,37,360400,Salary,1,1,0,1,-0.005,0.356,0.922,Low,15.0,6088.36,405.89,0.0,0.0,0.18929730248627322,0.128,Low
TAXP04551,21,1330500,Multiple,1,0,0,0,0.228,0.272,0.939,Low,7.0,2512.55,358.94,1.0,0.14285714285714285,0.6266906878687447,0.316,Low
TAXP04552,31,399100,Multiple,0,4,0,1,0.147,0.384,0.613,Medium,19.0,7873.06,414.37,0.0,0.0,0.2054315290748443,0.305,Low
TAXP04553,45,395900,Business,1,1,0,0,-0.323,0.207,0.898,Low,3.0,2564.63,854.88,0.0,0.0,0.1583851378594503,0.127,Low
TAXP04554,37,841300,Salary,1,2,0,0,0.197,0.185,0.853,Low,18.0,16685.04,926.95,0.0,0.0,0.2189642572194182,0.179,Low
TAXP04555,61,2343300,Salary,1,2,5400,2,0.065,0.279,0.765,Low,10.0,21449.69,2144.97,1.0,0.1,0.5357967137844104,0.37,Low
TAXP04556,25,2092200,Business,1,2,11200,0,0.026,0.288,0.804,Low,24.0,27282.81,1136.78,0.0,0.0,0.24692050067743576,0.219,Low
TAXP04557,53,842200,Salary+Business,1,1,0,0,0.032,0.333,0.919,Low,24.0,9712.6,404.69,0.0,0.0,0.22452733813350736,0.146,Low
TAXP04558,47,906800,Salary,1,0,120500,0,0.226,0.137,0.42,High,11.0,3240.03,294.55,2.0,0.18181818181818182,0.7666685622024887,0.664,Medium
TAXP04559,49,1149200,Salary,1,0,94000,0,-0.047,0.118,0.519,Medium,35.0,102336.99,2923.91,4.0,0.11428571428571428,0.687703263634662,0.574,Medium
TAXP04560,51,262900,Business,0,3,0,0,0.278,0.593,0.693,Medium,46.0,13121.23,285.24,4.0,0.08695652173913043,0.5901854014095216,0.434,Medium
TAXP04561,23,1033600,Salary,1,0,4200,0,-0.143,0.467,0.976,Low,10.0,8277.08,827.71,1.0,0.1,0.5151356360987355,0.245,Low
TAXP04562,56,383200,Multiple,1,1,0,0,0.147,0.423,0.932,Low,25.0,5722.9,228.92,0.0,0.0,0.2161175728826738,0.135,Low
TAXP04563,35,817500,Salary,1,1,0,1,0.224,0.095,0.857,Low,15.0,3324.46,221.63,0.0,0.0,0.17620267679822593,0.158,Low
TAXP04564,50,551800,Salary,0,2,0,2,0.22,0.394,0.634,Medium,10.0,2379.07,237.91,0.0,0.0,0.15812702673044252,0.272,Low
TAXP04565,34,932500,Salary,1,1,6200,2,0.129,0.424,0.836,Low,29.0,24214.82,834.99,0.0,0.0,0.2598355159371624,0.207,Low
TAXP04566,38,707700,Salary+Investments,1,2,37100,0,0.067,0.107,0.739,Low,34.0,15217.94,447.59,3.0,0.08823529411764706,0.5571019973080525,0.394,Low
TAXP04567,52,150000,Salary+Investments,0,0,0,0,0.012,0.217,0.857,Low,33.0,7398.4,224.19,4.0,0.12121212121212122,0.6470394974484082,0.37,Low
TAXP04568,63,739400,Salary,1,0,0,1,-0.096,0.515,0.893,Low,11.0,8699.12,790.83,0.0,0.0,0.18806870167670883,0.143,Low
TAXP04569,60,1032100,Salary,1,0,0,0,-0.01,0.453,0.965,Low,17.0,16536.5,972.74,0.0,0.0,0.2160885824699702,0.116,Low
TAXP04570,53,896100,Business,1,1,120400,0,-0.054,0.08,0.294,High,19.0,31444.18,1654.96,0.0,0.0,0.23546211481698798,0.494,Medium
TAXP04571,45,603700,Salary,1,1,0,0,-0.08,0.141,0.921,Low,28.0,20481.73,731.49,2.0,0.07142857142857142,0.4887581784569413,0.263,Low
TAXP04572,44,2120300,Salary+Business,1,2,0,1,0.389,0.543,0.799,Low,24.0,34572.46,1440.52,2.0,0.08333333333333333,0.5270585309343351,0.348,Low
TAXP04573,64,813300,Salary,1,1,0,0,-0.175,0.292,0.937,Low,19.0,12781.9,672.73,2.0,0.10526315789473684,0.5633024473329109,0.288,Low
TAXP04574,30,890800,Business,1,4,0,0,0.28,0.106,0.793,Low,13.0,9912.46,762.5,1.0,0.07692307692307693,0.4489667853636149,0.316,Low
TAXP04575,63,1378900,Salary,1,0,0,1,-0.098,0.436,0.973,Low,13.0,13679.18,1052.24,1.0,0.07692307692307693,0.4559528771127252,0.22,Low
TAXP04576,50,843900,Business,0,2,0,1,-0.064,0.19,0.704,Low,19.0,6491.54,341.66,1.0,0.05263157894736842,0.3749370748882321,0.332,Low
TAXP04577,48,340500,Business,1,1,0,0,-0.066,0.163,0.977,Low,30.0,18339.82,611.33,2.0,0.06666666666666667,0.47699612009178055,0.227,Low
TAXP04578,47,150000,Salary,1,0,15100,0,-0.078,0.199,0.855,Low,17.0,4324.06,254.36,3.0,0.17647058823529413,0.7693768466580414,0.426,Medium
TAXP04579,57,461000,Salary,1,1,0,0,0.248,0.42,0.956,Low,11.0,9274.49,843.14,2.0,0.18181818181818182,0.7894577348833215,0.379,Low
TAXP04580,51,1124200,Salary,0,1,0,0,0.194,0.028,0.806,Low,8.0,3517.77,439.72,0.0,0.0,0.16358063374265006,0.18,Low
TAXP04581,25,504100,Salary,0,3,62000,0,0.063,0.572,0.429,High,29.0,9646.22,332.63,2.0,0.06896551724137931,0.46747473006484974,0.524,Medium
TAXP04582,56,1157300,Multiple,1,0,0,2,0.533,0.426,0.848,Low,63.0,62556.24,992.96,3.0,0.047619047619047616,0.5070110891143436,0.312,Low
TAXP04583,53,723500,Salary,1,0,0,0,0.097,0.292,0.951,Low,51.0,43038.49,843.89,1.0,0.0196078431372549,0.4110458141335254,0.212,Low
TAXP04584,62,1643200,Salary,1,3,3200,0,0.11,0.174,0.787,Low,,,,,,,,Low
TAXP04585,63,525500,Salary,1,0,0,0,-0.01,0.065,0.963,Low,7.0,2497.13,356.73,0.0,0.0,0.15512881105197387,0.09,Low
TAXP04586,63,910200,Salary+Business,1,0,0,0,-0.029,0.07,0.967,Low,18.0,5992.33,332.91,1.0,0.05555555555555555,0.3801027496632771,0.189,Low
TAXP04587,22,935600,Multiple,1,2,0,0,0.015,0.036,0.874,Low,33.0,52231.99,1582.79,3.0,0.09090909090909091,0.5893964723335892,0.335,Low
TAXP04588,49,1916300,Salary+Business,1,3,0,1,0.236,0.608,0.704,Low,2.0,1813.8,906.9,0.0,0.0,0.15574490959461396,0.233,Low
TAXP04589,63,190200,Professional,1,1,0,0,0.191,0.492,0.912,Low,3.0,4604.07,1534.69,0.0,0.0,0.17107974531727604,0.125,Low
TAXP04590,64,467300,Salary+Business,1,0,0,0,0.306,0.264,0.969,Low,13.0,6672.13,513.24,1.0,0.07692307692307693,0.44038475349555606,0.215,Low
TAXP04591,45,1197400,Salary,1,1,0,0,-0.015,0.315,0.898,Low,5.0,2256.67,451.33,0.0,0.0,0.15238068946379751,0.125,Low
TAXP04592,62,1978300,Salary+Investments,1,0,0,1,0.194,0.205,0.88,Low,13.0,20953.14,1611.78,1.0,0.07692307692307693,0.46520516315740545,0.275,Low
TAXP04593,60,772600,Salary+Business,1,2,0,0,0.149,0.119,0.892,Low,12.0,8315.58,692.96,2.0,0.16666666666666666,0.7391255785045672,0.392,Low
TAXP04594,21,526500,Salary,1,1,0,0,0.169,0.356,0.927,Low,33.0,11336.65,343.53,1.0,0.030303030303030304,0.35627331230692094,0.2,Low
TAXP04595,60,1121100,Business,1,0,0,1,-0.038,0.085,0.96,Low,11.0,2803.41,254.86,0.0,0.0,0.16353688432810015,0.096,Low
TAXP04596,49,1214900,Salary,0,1,0,1,-0.066,0.067,0.803,Low,15.0,42375.77,2825.05,2.0,0.13333333333333333,0.6713823818424561,0.41,Medium
TAXP04597,46,501700,Salary,1,4,0,1,0.186,0.279,0.709,Low,12.0,5921.33,493.44,1.0,0.08333333333333333,0.4567645694038663,0.366,Low
TAXP04598,29,824500,Salary+Investments,0,2,25000,0,0.24,0.287,0.576,Medium,15.0,9661.34,644.09,0.0,0.0,0.1993044004330931,0.323,Low
TAXP04599,62,1520700,Salary,1,2,44900,0,0.001,0.073,0.651,Medium,5.0,3578.99,715.8,0.0,0.0,0.16237755837433698,0.265,Low
TAXP04600,34,2535400,Salary+Business,1,0,0,0,0.197,0.202,0.969,Low,5.0,5458.01,1091.6,0.0,0.0,0.1715308107369105,0.094,Low
TAXP04601,39,1109500,Multiple,1,1,0,1,0.292,0.638,0.756,Low,12.0,7625.73,635.48,1.0,0.08333333333333333,0.46224785454317663,0.342,Low
TAXP04602,34,671000,Business,1,1,0,0,0.042,0.152,0.936,Low,19.0,12893.49,678.6,2.0,0.10526315789473684,0.5634909218335014,0.289,Low
TAXP04603,64,625200,Salary,1,2,0,0,-0.13,0.336,0.817,Low,37.0,29725.7,803.4,2.0,0.05405405405405406,0.4687498215486545,0.312,Low
TAXP04604,42,971000,Professional,0,1,35200,2,-0.11,0.673,0.516,Medium,38.0,35252.26,927.69,2.0,0.05263157894736842,0.47109725254756585,0.478,Medium
TAXP04605,26,598100,Salary+Business,0,0,0,1,-0.008,0.226,0.8,Low,22.0,7539.15,342.69,0.0,0.0,0.21308265830875894,0.206,Low
TAXP04606,21,745100,Salary,1,1,0,0,0.029,0.021,0.98,Low,3.0,959.24,319.75,0.0,0.0,0.1370727046267904,0.073,Low
TAXP04607,65,303500,Salary,1,2,0,1,0.094,0.212,0.862,Low,32.0,9977.76,311.8,1.0,0.03125,0.3533787720296917,0.235,Low
TAXP04608,31,1653800,Professional,1,0,12100,0,0.097,0.141,0.946,Low,6.0,6732.28,1122.05,0.0,0.0,0.17604916944584093,0.109,Low
TAXP04609,55,286000,Multiple,1,1,0,0,0.056,0.574,0.89,Low,28.0,6590.72,235.38,0.0,0.0,0.22848461736596565,0.163,Low
TAXP04610,22,476200,Salary,0,1,115400,0,0.209,0.466,0.195,High,,,,,,,,Low
TAXP04611,61,697300,Salary,1,1,10000,0,-0.022,0.661,0.907,Low,22.0,19967.0,907.59,1.0,0.045454545454545456,0.3841928006826486,0.224,Low
TAXP04612,50,2725700,Multiple,1,1,6400,1,0.302,0.418,0.826,Low,21.0,39757.04,1893.19,0.0,0.0,0.24622400311098924,0.207,Low
TAXP04613,31,479500,Salary,1,0,0,0,0.25,0.238,0.98,Low,19.0,3541.53,186.4,4.0,0.21052631578947367,0.8828845997430823,0.408,Medium
TAXP04614,61,402400,Salary,0,1,11800,1,0.239,0.27,0.742,Low,12.0,2201.95,183.5,0.0,0.0,0.16035805324290325,0.214,Low
TAXP04615,34,437200,Business,1,0,83600,0,-0.006,0.21,0.531,Medium,16.0,3216.3,201.02,1.0,0.0625,0.384264581896096,0.431,Medium
TAXP04616,65,2146000,Salary,1,0,6400,0,0.081,0.493,0.89,Low,29.0,76433.93,2635.65,1.0,0.034482758620689655,0.39857109196726676,0.24,Low
TAXP04617,47,150000,Salary,1,2,37800,0,0.216,0.102,0.667,Medium,10.0,1756.53,175.65,0.0,0.0,0.15157163954465652,0.251,Low
TAXP04618,41,315800,Professional,0,2,0,0,0.068,0.355,0.688,Medium,4.0,1258.79,314.7,0.0,0.0,0.14064972310545074,0.235,Low
TAXP04619,23,4644800,Professional,1,0,40800,0,-0.012,0.486,0.779,Low,14.0,73811.98,5272.28,1.0,0.07142857142857142,0.4767201441027042,0.336,Low
TAXP04620,32,994700,Business,1,0,0,2,-0.018,0.47,0.89,Low,36.0,35565.08,987.92,5.0,0.1388888888888889,0.7492677074557368,0.398,Low
TAXP04621,23,293100,Salary,0,0,15300,0,-0.01,0.341,0.768,Low,36.0,22636.9,628.8,7.0,0.19444444444444445,0.9228032442768586,0.543,Medium
TAXP04622,59,630700,Business,0,1,114400,0,-0.086,0.16,0.226,High,31.0,16585.07,535.0,4.0,0.12903225806451613,0.683833291502765,0.733,High
TAXP04623,25,682300,Professional,1,0,14100,0,0.559,0.35,0.854,Low,15.0,3527.86,235.19,1.0,0.06666666666666667,0.39748656294255985,0.259,Low
TAXP04624,26,1195300,Salary+Business,0,1,0,0,-0.212,0.098,0.782,Low,5.0,5442.73,1088.55,0.0,0.0,0.17146998976365024,0.197,Low
TAXP04625,26,2444100,Salary+Business,1,2,15400,0,-0.057,0.356,0.797,Low,10.0,21096.25,2109.62,0.0,0.0,0.20543609579699273,0.204,Low
TAXP04626,64,859800,Professional,1,1,2900,0,0.195,0.165,0.874,Low,40.0,43446.05,1086.15,3.0,0.075,0.5561771117115366,0.32,Low
TAXP04627,64,440700,Salary+Investments,1,1,0,1,-0.009,0.089,0.921,Low,6.0,726.61,121.1,0.0,0.0,0.12786540074157193,0.101,Low
TAXP04628,53,1145600,Salary+Investments,1,3,0,0,0.044,0.113,0.864,Low,3.0,1071.3,357.1,1.0,0.3333333333333333,1.0,0.525,Medium
TAXP04629,24,393200,Salary,1,1,15600,2,0.163,0.1,0.792,Low,12.0,8452.87,704.41,1.0,0.08333333333333333,0.4644806521606067,0.323,Low
TAXP04630,43,308900,Multiple,1,1,9300,1,0.265,0.144,0.944,Low,31.0,10581.38,341.33,0.0,0.0,0.248291072313796,0.143,Low
TAXP04631,63,183100,Salary+Investments,1,2,0,0,0.056,0.472,0.917,Low,13.0,4804.91,369.61,1.0,0.07692307692307693,0.43327220097111746,0.241,Low
TAXP04632,25,210600,Salary,1,0,0,0,0.248,0.29,0.925,Low,20.0,4111.41,205.57,0.0,0.0,0.19418468704332542,0.129,Low
TAXP04633,56,340900,Salary,1,0,0,1,-0.172,0.357,0.865,Low,58.0,15541.84,267.96,1.0,0.017241379310344827,0.378381053727883,0.245,Low
TAXP04634,21,278400,Professional,0,0,0,2,0.003,0.013,0.823,Low,20.0,6592.23,329.61,2.0,0.1,0.534397160937574,0.338,Low
TAXP04635,57,814400,Business,1,1,0,0,0.179,0.121,0.898,Low,5.0,5677.64,1135.53,0.0,0.0,0.17238671741893696,0.134,Low
TAXP04636,45,274100,Salary+Business,1,1,0,1,0.416,0.208,0.943,Low,27.0,11016.16,408.01,2.0,0.07407407407407407,0.48091316397905065,0.248,Low
TAXP04637,60,150000,Business,1,1,71400,0,-0.054,0.303,0.587,Medium,89.0,30723.16,345.2,5.0,0.056179775280898875,0.5123597550325689,0.458,Medium
TAXP04638,39,306500,Salary,1,0,71400,1,-0.083,0.195,0.573,Medium,8.0,1970.23,246.28,0.0,0.0,0.1510317849200256,0.303,Low
TAXP04639,56,462800,Salary,1,1,0,0,0.155,0.188,0.888,Low,7.0,3275.35,467.91,0.0,0.0,0.16100520680861535,0.134,Low
TAXP04640,58,420300,Salary+Investments,0,1,131800,0,0.109,0.187,0.065,High,23.0,5950.04,258.7,0.0,0.0,0.21091935292819375,0.609,Medium
TAXP04641,35,1941100,Salary,1,0,0,2,-0.015,0.094,0.906,Low,15.0,24326.07,1621.74,2.0,0.13333333333333333,0.6593358103056071,0.348,Low
TAXP04642,49,417900,Salary+Business,0,1,0,0,-0.095,0.215,0.809,Low,28.0,12056.26,430.58,3.0,0.10714285714285714,0.5951283371745452,0.373,Low
TAXP04643,41,1225700,Salary,1,0,4600,0,0.018,0.475,0.891,Low,97.0,80727.18,832.24,9.0,0.09278350515463918,0.6522239188093562,0.353,Low
TAXP04644,40,641200,Business,0,1,0,0,0.183,0.537,0.69,Medium,6.0,5999.75,999.96,0.0,0.0,0.1735500814379185,0.249,Low
TAXP04645,56,630500,Business,1,0,0,0,0.047,0.202,0.935,Low,19.0,12700.32,668.44,1.0,0.05263157894736842,0.38947940636648376,0.211,Low
TAXP04646,31,356200,Salary,1,1,13900,0,0.287,0.094,0.897,Low,5.0,1176.52,235.3,1.0,0.2,0.7982812937167382,0.416,Medium
TAXP04647,26,623100,Professional,1,3,0,0,0.078,0.178,0.807,Low,12.0,4948.04,412.34,1.0,0.08333333333333333,0.4528739065456077,0.31,Low
TAXP04648,42,374700,Professional,0,0,0,1,0.196,0.139,0.827,Low,2.0,214.03,107.02,0.0,0.0,0.1095172524411583,0.144,Low
TAXP04649,57,734600,Salary,1,0,0,1,0.145,0.148,0.878,Low,26.0,8687.45,334.13,0.0,0.0,0.22822151441938016,0.17,Low
TAXP04650,28,548300,Salary,1,1,0,0,0.035,0.308,0.898,Low,11.0,3497.11,317.92,1.0,0.09090909090909091,0.46832117204164897,0.267,Low
TAXP04651,36,329300,Salary+Business,1,0,0,0,0.233,0.41,0.98,Low,17.0,3559.4,209.38,1.0,0.058823529411764705,0.37693407108109633,0.181,Low
TAXP04652,51,1327600,Salary+Business,1,2,0,0,-0.095,0.25,0.837,Low,22.0,18168.77,825.85,3.0,0.13636363636363635,0.6821458031998917,0.397,Low
TAXP04653,42,883900,Business,1,0,0,1,0.011,0.195,0.911,Low,20.0,31874.94,1593.75,1.0,0.05,0.4035658231506411,0.231,Low
TAXP04654,48,470800,Salary+Business,1,1,0,1,0.034,0.086,0.879,Low,5.0,1505.19,301.04,0.0,0.0,0.14361081472242898,0.131,Low
TAXP04655,44,721800,Salary,1,1,0,0,0.161,0.357,0.907,Low,7.0,9151.53,1307.36,1.0,0.14285714285714285,0.6547158030802782,0.346,Low
TAXP04656,57,611900,Salary,0,2,9200,0,0.201,0.087,0.737,Low,11.0,3772.6,342.96,0.0,0.0,0.1699627713251329,0.221,Low
TAXP04657,60,348000,Professional,1,1,0,0,-0.03,0.086,0.921,Low,10.0,2746.52,274.65,0.0,0.0,0.161233637684655,0.116,Low
TAXP04658,41,683800,Professional,1,0,14100,0,-0.053,0.122,0.835,Low,37.0,14734.85,398.24,2.0,0.05405405405405406,0.4535379628702615,0.295,Low
TAXP04659,40,415700,Salary+Business,1,0,27200,2,0.113,0.361,0.65,Medium,5.0,2559.55,511.91,1.0,0.2,0.8151097837630111,0.559,Medium
TAXP04660,33,329200,Salary,0,1,0,1,-0.146,0.137,0.767,Low,5.0,1201.22,240.24,1.0,0.2,0.7987305657078516,0.488,Medium
TAXP04661,40,202100,Business,1,2,0,0,0.261,0.23,0.942,Low,27.0,5353.19,198.27,1.0,0.037037037037037035,0.34307616773954375,0.186,Low
TAXP04662,58,502100,Professional,1,0,0,0,0.064,0.166,0.98,Low,22.0,7326.25,333.01,0.0,0.0,0.2124624623241081,0.107,Low
TAXP04663,43,977700,Salary,1,1,5800,0,-0.087,0.252,0.888,Low,12.0,8084.74,673.73,1.0,0.08333333333333333,0.4635151480387715,0.27,Low
TAXP04664,52,394200,Business,1,0,0,0,-0.09,0.15,0.97,Low,13.0,4042.4,310.95,0.0,0.0,0.175684801066546,0.096,Low
TAXP04665,39,3991300,Professional,1,2,0,0,0.15,0.045,0.862,Low,25.0,92155.17,3686.21,0.0,0.0,0.27637393558994716,0.2,Low
TAXP04666,52,1229900,Salary,1,0,0,1,0.146,0.195,0.896,Low,7.0,23569.1,3367.01,1.0,0.14285714285714285,0.6752480948761185,0.361,Low
TAXP04667,53,1662500,Salary,1,0,40100,0,-0.023,0.296,0.736,Low,20.0,30504.16,1525.21,1.0,0.05,0.4026119205716075,0.326,Low
TAXP04668,44,1152300,Salary,1,0,0,1,0.082,0.219,0.945,Low,21.0,32173.14,1532.05,2.0,0.09523809523809523,0.5559163937944156,0.28,Low
TAXP04669,63,2467700,Salary+Investments,1,0,0,0,-0.081,0.535,0.96,Low,24.0,113772.42,4740.52,3.0,0.125,0.6904133553063456,0.333,Low
TAXP04670,60,368800,Salary,1,0,0,1,0.059,0.278,0.957,Low,36.0,8499.9,236.11,2.0,0.05555555555555555,0.4432570416705842,0.223,Low
TAXP04671,28,150000,Salary,1,0,2700,1,0.336,0.183,0.888,Low,9.0,3906.23,434.03,2.0,0.2222222222222222,0.9005530749074594,0.467,Medium
TAXP04672,31,471400,Salary,1,0,0,0,0.441,0.269,0.916,Low,25.0,8142.79,325.71,1.0,0.04,0.3557473342238293,0.206,Low
TAXP04673,63,971500,Salary,1,2,0,1,0.066,0.315,0.784,Low,24.0,10198.87,424.95,1.0,0.041666666666666664,0.3630856126865283,0.282,Low
TAXP04674,39,724900,Salary,1,0,14200,0,0.169,0.096,0.98,Low,6.0,2793.35,465.56,0.0,0.0,0.1569745934009115,0.082,Low
TAXP04675,34,792600,Professional,0,1,0,0,0.163,0.298,0.777,Low,33.0,74332.36,2252.5,3.0,0.09090909090909091,0.5970544563343335,0.391,Low
TAXP04676,56,1682500,Salary,1,1,11100,0,-0.175,0.055,0.916,Low,17.0,25076.49,1475.09,2.0,0.11764705882352941,0.613357430440769,0.322,Low
TAXP04677,48,855800,Salary,1,1,0,1,-0.084,0.633,0.814,Low,12.0,8035.27,669.61,0.0,0.0,0.18838206712142277,0.187,Low
TAXP04678,26,1155400,Salary,1,1,0,0,-0.271,0.05,0.969,Low,18.0,17213.63,956.31,1.0,0.05555555555555555,0.40297413194859116,0.198,Low
TAXP04679,25,330500,Salary,1,2,0,1,0.172,0.086,0.812,Low,16.0,2528.42,158.03,0.0,0.0,0.17281844332936075,0.181,Low
TAXP04680,57,295400,Salary,1,1,0,0,0.411,0.28,0.923,Low,40.0,8758.52,218.96,1.0,0.025,0.3564801250838785,0.203,Low
TAXP04681,55,2077900,Professional,1,1,10800,0,0.271,0.138,0.89,Low,17.0,40734.05,2396.12,2.0,0.11764705882352941,0.6238863081052843,0.341,Low
TAXP04682,36,699000,Professional,1,2,0,1,0.107,0.041,0.818,Low,22.0,7755.31,352.51,0.0,0.0,0.21369473559148577,0.196,Low
TAXP04683,59,415000,Salary+Business,0,3,0,0,0.085,0.437,0.711,Low,9.0,1359.28,151.03,1.0,0.1111111111111111,0.5110573130307807,0.389,Low
TAXP04684,26,415500,Salary,1,1,43000,0,0.044,0.303,0.665,Medium,5.0,496.25,99.25,0.0,0.0,0.11966197529638545,0.238,Low
TAXP04685,60,407300,Salary+Investments,1,1,0,0,0.27,0.406,0.871,Low,9.0,1294.81,143.87,1.0,0.1111111111111111,0.5100092803765692,0.3,Low
TAXP04686,24,390100,Professional,1,2,0,1,0.135,0.053,0.847,Low,10.0,3511.6,351.16,0.0,0.0,0.16655257693210854,0.159,Low
TAXP04687,49,258000,Salary,1,0,0,0,0.11,0.182,0.98,Low,8.0,1722.09,215.26,0.0,0.0,0.14812138305855277,0.078,Low
TAXP04688,58,220700,Business,1,0,8500,1,-0.077,0.143,0.843,Low,27.0,6231.53,230.8,2.0,0.07407407407407407,0.4685821233801643,0.297,Low
TAXP04689,48,564900,Salary+Business,1,1,0,0,0.196,0.556,0.857,Low,25.0,9206.87,368.27,1.0,0.04,0.35840658776824963,0.24,Low
TAXP04690,56,424100,Salary,1,2,49600,0,0.076,0.185,0.57,Medium,25.0,7048.01,281.92,0.0,0.0,0.22062232238384025,0.336,Low
TAXP04691,36,1442500,Salary,1,2,23600,0,0.164,0.102,0.826,Low,29.0,52510.69,1810.71,1.0,0.034482758620689655,0.3904229275526736,0.271,Low
TAXP04692,33,802700,Professional,1,1,0,0,0.26,0.298,0.918,Low,12.0,5783.27,481.94,1.0,0.08333333333333333,0.4562533283891866,0.25,Low
TAXP04693,32,786800,Salary,1,0,0,0,-0.162,0.048,0.98,Low,29.0,16127.93,556.14,1.0,0.034482758620689655,0.3648165166644872,0.175,Low
TAXP04694,26,380700,Multiple,1,0,0,0,0.053,0.208,0.958,Low,14.0,2146.86,153.35,0.0,0.0,0.1643267954697324,0.097,Low
TAXP04695,33,595800,Salary,1,2,0,1,0.03,0.147,0.873,Low,23.0,7481.37,325.28,0.0,0.0,0.2158752893983062,0.167,Low
TAXP04696,32,842900,Salary,1,2,17900,0,0.015,0.084,0.833,Low,9.0,2329.83,258.87,0.0,0.0,0.156031820097395,0.162,Low
TAXP04697,55,1088600,Salary,1,0,0,0,-0.079,0.276,0.966,Low,15.0,8643.84,576.26,1.0,0.06666666666666667,0.4168918322712789,0.206,Low
TAXP04698,30,607500,Salary,1,0,0,0,-0.016,0.037,0.98,Low,22.0,9269.47,421.34,1.0,0.045454545454545456,0.36755748318230586,0.176,Low
TAXP04699,28,1413700,Salary+Investments,1,0,0,0,-0.076,0.2,0.98,Low,56.0,105162.41,1877.9,0.0,0.0,0.36369504320182766,0.175,Low
TAXP04700,53,653700,Salary+Business,1,2,0,0,0.232,0.381,0.859,Low,28.0,14938.86,533.53,0.0,0.0,0.24620243634223948,0.188,Low
TAXP04701,45,1150400,Salary+Investments,1,1,0,0,0.16,0.291,0.822,Low,3.0,880.36,293.45,1.0,0.3333333333333333,1.0,0.548,Medium
TAXP04702,30,456800,Business,1,0,41900,0,0.149,0.205,0.75,Low,25.0,7788.31,311.53,1.0,0.04,0.3547838596848905,0.297,Low
TAXP04703,52,176300,Business,1,0,17900,0,-0.208,0.668,0.842,Low,14.0,4291.44,306.53,0.0,0.0,0.17929632802052115,0.168,Low
TAXP04704,30,788500,Salary,1,0,26900,0,0.412,0.226,0.799,Low,38.0,12865.97,338.58,1.0,0.02631578947368421,0.36240859059406516,0.274,Low
TAXP04705,56,1095800,Salary,1,0,0,1,0.035,0.113,0.916,Low,24.0,29514.63,1229.78,0.0,0.0,0.24862646821372478,0.158,Low
TAXP04706,22,983600,Salary+Investments,1,0,0,0,0.379,0.229,0.959,Low,42.0,59492.1,1416.48,2.0,0.047619047619047616,0.4794244277388303,0.238,Low
TAXP04707,47,880900,Business,1,0,27800,0,0.22,0.363,0.831,Low,46.0,61179.83,1330.0,0.0,0.0,0.33660086366285147,0.244,Low
TAXP04708,47,505700,Business,1,1,0,0,0.063,0.397,0.965,Low,65.0,26140.4,402.16,4.0,0.06153846153846154,0.5333506817496476,0.259,Low
TAXP04709,37,363600,Business,1,0,0,0,0.427,0.265,0.916,Low,32.0,7754.63,242.33,2.0,0.0625,0.45105007046495477,0.249,Low
TAXP04710,52,967000,Salary+Business,1,1,0,0,0.191,0.249,0.933,Low,9.0,7481.8,831.31,0.0,0.0,0.1813082754402365,0.118,Low
TAXP04711,38,883600,Salary,1,1,23700,0,0.063,0.446,0.766,Low,7.0,1543.97,220.57,0.0,0.0,0.14472614640065087,0.194,Low
TAXP04712,50,434000,Salary+Business,1,1,0,1,0.037,0.189,0.845,Low,9.0,4005.49,445.05,1.0,0.1111111111111111,0.5344300628027597,0.326,Low
TAXP04713,31,1444800,Salary+Business,1,0,0,0,0.265,0.189,0.976,Low,11.0,15488.82,1408.07,1.0,0.09090909090909091,0.5005838166244483,0.238,Low
TAXP04714,46,344200,Salary+Investments,1,1,0,0,0.014,0.267,0.977,Low,13.0,3308.99,254.54,0.0,0.0,0.17135303602694596,0.09,Low
TAXP04715,55,427000,Salary,1,2,0,1,0.039,0.21,0.841,Low,7.0,1043.61,149.09,0.0,0.0,0.13626806038576095,0.149,Low
TAXP04716,64,2111600,Salary,1,1,0,0,0.004,0.289,0.93,Low,14.0,9889.7,706.41,1.0,0.07142857142857142,0.43309959477350024,0.233,Low
TAXP04717,37,1214800,Business,1,1,0,0,-0.021,0.209,0.914,Low,7.0,4058.39,579.77,0.0,0.0,0.1656510690810077,0.122,Low
TAXP04718,42,502300,Salary+Investments,1,0,101900,1,-0.011,0.147,0.429,High,18.0,3805.38,211.41,0.0,0.0,0.18694688217366745,0.398,Low
TAXP04719,42,799400,Multiple,1,1,43200,0,0.384,0.423,0.687,Medium,20.0,14747.16,737.36,0.0,0.0,0.22184459722040256,0.272,Low
TAXP04720,59,726600,Business,1,0,3600,0,0.261,0.103,0.969,Low,10.0,3540.2,354.02,0.0,0.0,0.16672821650211986,0.092,Low
TAXP04721,64,150000,Salary,0,1,83400,1,0.138,0.343,0.297,High,58.0,18493.93,318.86,2.0,0.034482758620689655,0.43904104982950964,0.584,Medium
TAXP04722,50,338400,Salary,1,0,81100,1,0.012,0.331,0.466,Medium,26.0,7258.01,279.15,0.0,0.0,0.22433053729436048,0.395,Low
TAXP04723,57,626600,Professional,1,1,23400,0,0.012,0.197,0.73,Low,17.0,4160.83,244.75,0.0,0.0,0.18619165498695786,0.232,Low
TAXP04724,24,502800,Salary,1,0,0,0,0.041,0.148,0.915,Low,48.0,27134.76,565.31,4.0,0.08333333333333333,0.6008877902210737,0.317,Low
TAXP04725,55,776600,Business,1,0,15500,0,0.386,0.46,0.856,Low,10.0,7274.09,727.41,0.0,0.0,0.1823343271221857,0.161,Low
TAXP04726,57,1465900,Salary+Investments,1,1,0,1,0.147,0.422,0.877,Low,30.0,25894.14,863.14,0.0,0.0,0.26447608646107146,0.187,Low
TAXP04727,53,515700,Salary,1,1,0,0,0.22,0.521,0.91,Low,42.0,19726.79,469.69,4.0,0.09523809523809523,0.6126280204446386,0.325,Low
TAXP04728,47,303500,Salary,1,1,0,1,0.132,0.048,0.937,Low,69.0,19387.01,280.97,1.0,0.014492753623188406,0.3703362150498146,0.201,Low
TAXP04729,61,821300,Salary,1,0,0,0,-0.042,0.112,0.98,Low,11.0,5010.09,455.46,2.0,0.18181818181818182,0.7761074054437174,0.36,Low
TAXP04730,50,513800,Salary,1,2,54000,0,0.116,0.045,0.651,Medium,8.0,2423.83,302.98,1.0,0.125,0.5680146024313273,0.448,Medium
TAXP04731,59,580900,Professional,1,0,0,1,-0.072,0.343,0.95,Low,53.0,30487.39,575.23,0.0,0.0,0.3380298155636481,0.18,Low
TAXP04732,29,526800,Salary,1,1,0,0,0.291,0.324,0.94,Low,29.0,9527.95,328.55,1.0,0.034482758620689655,0.3534145500918723,0.192,Low
TAXP04733,50,3265300,Salary,1,0,0,0,-0.02,0.244,0.943,Low,19.0,62607.08,3295.11,0.0,0.0,0.25040973251195986,0.144,Low
TAXP04734,40,150000,Salary,1,1,28400,0,0.008,0.335,0.776,Low,23.0,11336.36,492.89,1.0,0.043478260869565216,0.3683555236876026,0.289,Low
TAXP04735,60,491500,Salary,0,1,47200,0,0.23,0.3,0.594,Medium,62.0,28233.85,455.38,1.0,0.016129032258064516,0.38619224371214633,0.397,Low
TAXP04736,60,648300,Professional,0,1,0,0,-0.012,0.083,0.793,Low,35.0,18337.9,523.94,0.0,0.0,0.2732602671743386,0.237,Low
TAXP04737,58,370400,Professional,1,1,0,0,0.065,0.28,0.88,Low,22.0,7143.1,324.69,1.0,0.045454545454545456,0.3619143794351368,0.229,Low
TAXP04738,30,1242500,Business,1,1,0,0,-0.322,0.338,0.916,Low,6.0,2274.12,379.02,0.0,0.0,0.15251962240677397,0.115,Low
TAXP04739,43,1167400,Business,0,0,37100,0,0.048,0.142,0.699,Medium,17.0,6951.68,408.92,0.0,0.0,0.1973016332445519,0.254,Low
TAXP04740,21,628000,Salary,1,2,0,1,0.195,0.336,0.842,Low,26.0,9120.75,350.8,4.0,0.15384615384615385,0.7369676544771024,0.419,Medium
TAXP04741,65,534900,Business,1,0,37000,0,-0.0,0.335,0.766,Low,17.0,9997.24,588.07,0.0,0.0,0.20517500006323658,0.221,Low
TAXP04742,32,599700,Salary,1,0,0,0,0.189,0.141,0.943,Low,59.0,36714.25,622.28,1.0,0.01694915254237288,0.3956660821508823,0.209,Low
TAXP04743,49,602800,Multiple,1,1,26100,0,0.097,0.225,0.784,Low,22.0,10508.67,477.67,1.0,0.045454545454545456,0.3702760595450545,0.285,Low
TAXP04744,42,614300,Salary,1,0,0,0,0.274,0.204,0.98,Low,14.0,6010.05,429.29,2.0,0.14285714285714285,0.6580184444408559,0.307,Low
TAXP04745,61,567700,Business,1,0,10900,0,-0.018,0.214,0.884,Low,35.0,26349.86,752.85,4.0,0.11428571428571428,0.6582619716339313,0.36,Low
TAXP04746,57,779600,Salary,1,1,26000,1,0.061,0.692,0.698,Medium,66.0,44123.42,668.54,3.0,0.045454545454545456,0.49128859556922466,0.387,Low
TAXP04747,55,1118000,Salary+Business,0,0,38300,3,-0.135,0.337,0.498,Medium,48.0,34274.5,714.05,0.0,0.0,0.33095205397202465,0.425,Medium
TAXP04748,49,268100,Salary,1,0,53700,0,0.085,0.285,0.674,Medium,5.0,1140.32,228.06,0.0,0.0,0.13760558265920325,0.241,Low
TAXP04749,26,305100,Multiple,1,2,0,1,0.033,0.262,0.792,Low,27.0,15384.35,569.79,1.0,0.037037037037037035,0.3659283014246768,0.279,Low
TAXP04750,62,184600,Salary,1,0,0,1,0.254,0.175,0.957,Low,28.0,14535.73,519.13,3.0,0.10714285714285714,0.5991809615573493,0.293,Low
TAXP04751,23,1212900,Salary+Investments,1,1,0,1,0.0,0.278,0.923,Low,40.0,55772.0,1394.3,3.0,0.075,0.5615959882392213,0.295,Low
TAXP04752,41,778400,Professional,1,1,0,1,0.032,0.073,0.896,Low,10.0,3695.44,369.54,0.0,0.0,0.16765756398116227,0.133,Low
TAXP04753,38,935200,Salary,1,3,0,0,-0.008,0.066,0.854,Low,28.0,22346.63,798.09,1.0,0.03571428571428571,0.37279082991613444,0.248,Low
TAXP04754,38,232200,Salary,1,2,0,0,0.104,0.493,0.82,Low,7.0,3524.34,503.48,0.0,0.0,0.1625929376975573,0.172,Low
TAXP04755,64,2349900,Salary,1,1,6600,0,0.418,0.217,0.828,Low,3.0,14449.45,4816.48,0.0,0.0,0.1959055569822299,0.183,Low
TAXP04756,31,419300,Salary+Investments,1,2,0,1,-0.46,0.291,0.818,Low,12.0,2514.83,209.57,2.0,0.16666666666666666,0.7132284615463902,0.421,Medium
TAXP04757,47,733700,Salary+Investments,0,1,0,0,0.092,0.456,0.771,Low,36.0,27800.08,772.22,2.0,0.05555555555555555,0.46892495724508143,0.337,Low
TAXP04758,30,1202500,Salary,1,0,0,0,0.288,0.051,0.962,Low,45.0,45656.95,1014.6,4.0,0.08888888888888889,0.6201399018423142,0.3,Low
TAXP04759,62,319400,Salary,1,2,6400,1,0.018,0.178,0.785,Low,6.0,2455.14,409.19,0.0,0.0,0.15417855171084882,0.188,Low
TAXP04760,54,438600,Salary,1,1,0,1,0.184,0.149,0.934,Low,12.0,3027.0,252.25,0.0,0.0,0.16723619184681376,0.112,Low
TAXP04761,39,739500,Salary,1,1,16500,1,0.288,0.398,0.743,Low,18.0,17847.92,991.55,0.0,0.0,0.22042574914107782,0.241,Low
TAXP04762,24,5086500,Professional,1,4,0,0,0.056,0.286,0.811,Low,24.0,69982.0,2915.92,1.0,0.041666666666666664,0.4048636976774024,0.286,Low
TAXP04763,27,807400,Salary,1,1,0,0,-0.004,0.558,0.877,Low,25.0,14937.63,597.51,2.0,0.08,0.5008924914826969,0.293,Low
TAXP04764,31,2066400,Salary,1,0,0,0,0.25,0.09,0.98,Low,5.0,3272.0,654.4,0.0,0.0,0.1604330426709702,0.083,Low
TAXP04765,39,1548500,Salary+Investments,1,1,4300,0,0.179,0.256,0.893,Low,8.0,10184.51,1273.06,0.0,0.0,0.18663197212487312,0.143,Low
TAXP04766,60,847200,Salary+Business,1,2,23300,0,0.09,0.334,0.758,Low,65.0,74887.58,1152.12,4.0,0.06153846153846154,0.556170451601278,0.383,Low
TAXP04767,26,318900,Salary+Business,1,1,0,1,0.198,0.455,0.771,Low,35.0,15286.02,436.74,0.0,0.0,0.2693157690123275,0.247,Low
TAXP04768,46,1394100,Salary,1,1,0,0,0.254,0.426,0.927,Low,5.0,8720.92,1744.18,1.0,0.2,0.8416997634808623,0.419,Medium
TAXP04769,36,221000,Salary+Investments,1,0,0,0,0.092,0.296,0.98,Low,30.0,5830.84,194.36,1.0,0.03333333333333333,0.3421888898669313,0.165,Low
TAXP04770,23,2058200,Business,1,0,0,0,0.149,0.375,0.902,Low,25.0,62904.18,2516.17,0.0,0.0,0.2680846711888551,0.175,Low
TAXP04771,48,750700,Business,1,1,0,0,0.184,0.306,0.882,Low,16.0,19320.84,1207.55,0.0,0.0,0.21685824023281147,0.162,Low
TAXP04772,52,150000,Salary,1,1,0,0,0.026,0.149,0.929,Low,5.0,616.36,123.27,0.0,0.0,0.12432641657083546,0.095,Low
TAXP04773,64,508700,Salary+Investments,1,0,0,1,0.29,0.18,0.933,Low,30.0,21172.14,705.74,0.0,0.0,0.260109857240362,0.154,Low
TAXP04774,43,1040900,Business,1,2,41300,0,-0.065,0.159,0.715,Low,2.0,347.55,173.78,0.0,0.0,0.11996700540588671,0.211,Low
TAXP04775,35,548000,Salary+Investments,1,0,0,0,0.079,0.084,0.98,Low,6.0,1340.93,223.49,0.0,0.0,0.141088998435564,0.074,Low
TAXP04776,59,1087700,Professional,1,0,0,0,0.223,0.163,0.98,Low,27.0,23082.2,854.9,1.0,0.037037037037037035,0.374725505164043,0.18,Low
TAXP04777,32,352500,Salary+Business,0,2,46100,0,-0.069,0.303,0.54,Medium,11.0,2076.43,188.77,0.0,0.0,0.15704811773998623,0.324,Low
TAXP04778,51,253800,Professional,1,2,0,0,0.239,0.371,0.875,Low,15.0,10752.61,716.84,2.0,0.13333333333333333,0.6416248082806331,0.357,Low
TAXP04779,63,617400,Multiple,1,0,0,0,0.13,0.128,0.98,Low,7.0,2313.45,330.49,0.0,0.0,0.15347457967309008,0.08,Low
TAXP04780,21,664900,Salary,1,0,0,1,0.312,0.466,0.852,Low,5.0,3835.87,767.17,0.0,0.0,0.16388069801059496,0.155,Low
TAXP04781,62,505800,Salary,1,2,0,0,0.198,0.218,0.923,Low,31.0,10637.85,343.16,1.0,0.03225806451612903,0.3548579259510014,0.202,Low
TAXP04782,30,1572800,Salary+Business,1,1,5000,0,0.074,0.144,0.896,Low,19.0,29612.88,1558.57,2.0,0.10526315789473684,0.5815283665692175,0.319,Low
TAXP04783,42,352400,Business,0,0,16300,0,0.137,0.2,0.76,Low,23.0,12227.09,531.61,0.0,0.0,0.22651653219583323,0.234,Low
TAXP04784,32,814400,Business,1,2,0,0,0.143,0.371,0.865,Low,22.0,13495.77,613.44,0.0,0.0,0.22569850730155916,0.176,Low
TAXP04785,27,682600,Salary+Business,1,1,11900,0,0.424,0.124,0.832,Low,11.0,6027.18,547.93,1.0,0.09090909090909091,0.4801128044357898,0.308,Low
TAXP04786,52,211900,Business,1,1,0,0,0.114,0.163,0.917,Low,20.0,6044.77,302.24,0.0,0.0,0.20252048175168497,0.137,Low
TAXP04787,42,251500,Salary+Business,1,0,0,0,0.078,0.151,0.978,Low,15.0,2824.22,188.28,1.0,0.06666666666666667,0.39267881984614506,0.189,Low
TAXP04788,43,655600,Salary,1,0,0,0,0.069,0.231,0.936,Low,5.0,1040.48,208.1,0.0,0.0,0.1356250286093697,0.096,Low
TAXP04789,42,2706600,Salary+Investments,1,0,0,0,0.13,0.158,0.98,Low,7.0,9598.17,1371.17,1.0,0.14285714285714285,0.6557497663528441,0.306,Low
TAXP04790,54,986400,Salary,1,0,0,0,-0.081,0.43,0.877,Low,23.0,15693.04,682.31,0.0,0.0,0.23192671980016955,0.172,Low
TAXP04791,64,187600,Professional,0,3,0,0,0.039,0.158,0.682,Medium,39.0,8667.66,222.25,3.0,0.07692307692307693,0.5242265772267614,0.411,Medium
TAXP04792,44,150000,Salary+Investments,1,0,15500,1,-0.062,0.155,0.792,Low,3.0,585.57,195.19,0.0,0.0,0.12639844967250186,0.171,Low
TAXP04793,28,1101900,Salary,1,1,0,1,-0.041,0.164,0.916,Low,38.0,19514.1,513.53,3.0,0.07894736842105263,0.5451162965366643,0.292,Low
TAXP04794,35,606500,Salary,1,0,0,1,0.229,0.043,0.931,Low,41.0,18834.11,459.37,6.0,0.14634146341463414,0.7768663090653447,0.388,Low
TAXP04795,43,1478400,Salary,1,0,0,1,0.104,0.143,0.92,Low,9.0,15002.69,1666.97,0.0,0.0,0.19640333160829448,0.132,Low
TAXP04796,25,344800,Business,1,0,0,0,-0.019,0.264,0.98,Low,16.0,8483.96,530.25,0.0,0.0,0.19900982464751082,0.101,Low
TAXP04797,31,836400,Salary,0,0,0,0,0.076,0.207,0.85,Low,11.0,10362.16,942.01,1.0,0.09090909090909091,0.4918630452975498,0.304,Low
TAXP04798,30,1195400,Salary,1,0,0,0,0.061,0.239,0.964,Low,49.0,61231.59,1249.62,1.0,0.02040816326530612,0.4143600099116853,0.206,Low
TAXP04799,64,471000,Salary+Investments,1,1,0,0,0.108,0.091,0.98,Low,27.0,11754.39,435.35,0.0,0.0,0.2378738767225253,0.118,Low
TAXP04800,39,478300,Salary,1,1,53800,1,-0.141,0.4,0.552,Medium,,,,,,,,Low
TAXP04801,60,661900,Business,1,1,0,0,-0.075,0.036,0.923,Low,16.0,6677.68,417.36,0.0,0.0,0.19382223238036353,0.13,Low
TAXP04802,45,960700,Business,1,0,4600,0,-0.131,0.33,0.96,Low,30.0,29688.75,989.62,2.0,0.06666666666666667,0.4874423929084982,0.241,Low
TAXP04803,43,643300,Salary,1,0,700,1,-0.044,0.624,0.928,Low,32.0,15621.52,488.17,0.0,0.0,0.2599631809847299,0.157,Low
TAXP04804,63,1310600,Salary,1,2,4800,0,-0.016,0.171,0.86,Low,29.0,31692.93,1092.86,1.0,0.034482758620689655,0.3794665418919004,0.248,Low
TAXP04805,52,466100,Multiple,1,2,32600,0,-0.066,0.374,0.727,Low,26.0,11471.69,441.22,1.0,0.038461538461538464,0.36116560869272496,0.313,Low
TAXP04806,31,249800,Professional,1,1,0,2,0.222,0.139,0.817,Low,41.0,9308.58,227.04,1.0,0.024390243902439025,0.35917242846211217,0.262,Low
TAXP04807,33,2698300,Salary,0,2,0,0,0.394,0.367,0.754,Low,6.0,7249.42,1208.24,0.0,0.0,0.17765484326631828,0.215,Low
TAXP04808,50,420600,Salary+Business,1,1,0,0,0.232,0.332,0.854,Low,17.0,4873.1,286.65,0.0,0.0,0.18961000082659163,0.166,Low
TAXP04809,21,431700,Business,1,3,0,1,0.01,0.263,0.807,Low,24.0,3906.53,162.77,1.0,0.041666666666666664,0.34232954458071196,0.26,Low
TAXP04810,27,619900,Salary,0,1,72600,0,0.134,0.44,0.438,High,8.0,2369.33,296.17,0.0,0.0,0.15502241581190634,0.379,Low
TAXP04811,24,682200,Professional,1,1,0,0,0.089,0.474,0.9,Low,20.0,21332.51,1066.63,2.0,0.1,0.5598521879405995,0.307,Low
TAXP04812,53,492000,Business,1,2,0,0,0.003,0.165,0.946,Low,3.0,2384.39,794.8,0.0,0.0,0.15680468568765143,0.1,Low
TAXP04813,40,641900,Salary,1,2,0,1,0.312,0.253,0.843,Low,9.0,4903.07,544.79,0.0,0.0,0.17214510066538535,0.164,Low
TAXP04814,21,631700,Salary+Investments,1,0,28400,0,0.421,0.038,0.882,Low,6.0,4904.43,817.41,0.0,0.0,0.16917769895735765,0.141,Low
TAXP04815,54,737200,Salary,1,0,0,0,-0.135,0.165,0.968,Low,15.0,7253.94,483.6,1.0,0.06666666666666667,0.41309240403888636,0.203,Low
TAXP04816,50,150000,Salary,1,1,0,2,0.33,0.42,0.759,Low,22.0,8242.9,374.68,0.0,0.0,0.21501514410337608,0.229,Low
TAXP04817,53,2518000,Salary,1,0,4700,0,0.005,0.374,0.953,Low,14.0,18006.43,1286.17,2.0,0.14285714285714285,0.6818122528708043,0.333,Low
TAXP04818,28,584600,Salary+Business,1,0,15700,0,0.058,0.224,0.849,Low,27.0,17737.65,656.95,4.0,0.14814814814814814,0.7356807640012015,0.414,Medium
TAXP04819,60,987300,Salary+Business,0,1,0,1,0.145,0.566,0.748,Low,12.0,4604.4,383.7,1.0,0.08333333333333333,0.45131482057498135,0.342,Low
TAXP04820,29,241000,Salary+Investments,1,1,0,0,0.348,0.196,0.929,Low,29.0,6255.32,215.7,1.0,0.034482758620689655,0.34431150687356016,0.194,Low
TAXP04821,46,463100,Salary,0,3,0,0,0.145,0.323,0.668,Medium,25.0,7299.13,291.97,3.0,0.12,0.6173799103322922,0.46,Medium
TAXP04822,46,400600,Salary+Business,1,2,0,1,0.166,0.256,0.796,Low,13.0,5066.61,389.74,1.0,0.07692307692307693,0.434420784299038,0.308,Low
TAXP04823,30,1872800,Business,1,0,14800,0,0.237,0.276,0.866,Low,15.0,20885.11,1392.34,0.0,0.0,0.21602625850838128,0.171,Low
TAXP04824,37,426300,Salary,1,0,48300,0,0.262,0.28,0.668,Medium,38.0,10782.54,283.75,4.0,0.10526315789473684,0.6191111892102626,0.461,Medium
TAXP04825,23,1121900,Salary,0,1,0,0,0.182,0.176,0.807,Low,18.0,10516.17,584.23,4.0,0.2222222222222222,0.9422878393246915,0.53,Medium
TAXP04826,42,406900,Salary+Business,1,4,0,1,0.263,0.441,0.693,Medium,15.0,5717.8,381.19,2.0,0.13333333333333333,0.6279371938539391,0.451,Medium
TAXP04827,51,469200,Salary,1,0,16400,1,0.004,0.359,0.853,Low,12.0,2837.69,236.47,0.0,0.0,0.16583953897544151,0.155,Low
TAXP04828,34,544700,Professional,1,0,0,0,-0.178,0.48,0.874,Low,40.0,32419.76,810.49,3.0,0.075,0.5498268844051553,0.317,Low
TAXP04829,45,1638200,Business,1,1,0,0,0.392,0.117,0.934,Low,23.0,15467.84,672.51,2.0,0.08695652173913043,0.5185698339504874,0.27,Low
TAXP04830,63,166700,Salary,0,1,67500,0,-0.066,0.446,0.444,High,27.0,12531.89,464.14,0.0,0.0,0.23926161171127833,0.413,Medium
TAXP04831,31,252100,Multiple,1,0,0,0,0.015,0.6,0.932,Low,30.0,9788.69,326.29,1.0,0.03333333333333333,0.35339356429144986,0.196,Low
TAXP04832,34,160000,Salary+Business,1,3,0,0,0.047,0.167,0.817,Low,6.0,1808.99,301.5,0.0,0.0,0.1475654533376494,0.167,Low
TAXP04833,26,297100,Business,1,0,0,0,0.019,0.212,0.955,Low,12.0,6065.68,505.47,2.0,0.16666666666666666,0.7322865352711327,0.354,Low
TAXP04834,45,362400,Professional,1,2,0,1,-0.016,0.446,0.906,Low,18.0,2381.1,132.28,1.0,0.05555555555555555,0.36016026863183104,0.214,Low
TAXP04835,30,203300,Business,1,1,0,0,0.174,0.166,0.864,Low,12.0,9752.66,812.72,1.0,0.08333333333333333,0.46758249112721934,0.285,Low
TAXP04836,59,383100,Salary+Business,0,1,83800,0,0.176,0.31,0.303,High,47.0,14791.0,314.7,3.0,0.06382978723404255,0.5199157902613916,0.617,Medium
TAXP04837,34,152400,Salary,0,1,0,0,0.199,0.032,0.774,Low,23.0,5228.03,227.31,2.0,0.08695652173913043,0.4950783309156528,0.347,Low
TAXP04838,50,312300,Business,0,2,0,0,0.189,0.161,0.754,Low,20.0,4920.35,246.02,1.0,0.05,0.3630676547358673,0.299,Low
TAXP04839,29,1542700,Salary,1,0,0,0,0.033,0.131,0.941,Low,7.0,4301.93,614.56,0.0,0.0,0.16691442920001076,0.108,Low
TAXP04840,35,869200,Business,1,1,0,0,0.033,0.09,0.933,Low,9.0,4712.12,523.57,0.0,0.0,0.1712841260231283,0.114,Low
TAXP04841,28,743900,Business,1,1,0,1,0.279,0.268,0.851,Low,5.0,3008.53,601.71,0.0,0.0,0.15861299814629048,0.153,Low
TAXP04842,45,315800,Salary,1,0,75900,0,0.017,0.134,0.569,Medium,23.0,6456.62,280.72,1.0,0.043478260869565216,0.35616531796815465,0.397,Low
TAXP04843,22,215100,Multiple,0,1,7200,0,0.013,0.271,0.749,Low,44.0,11107.88,252.45,3.0,0.06818181818181818,0.5177436857615803,0.371,Low
TAXP04844,24,286200,Salary,1,3,0,0,0.249,0.376,0.772,Low,14.0,2707.56,193.4,0.0,0.0,0.1693363552690814,0.202,Low
TAXP04845,43,630100,Salary,1,0,0,0,0.097,0.242,0.98,Low,50.0,30827.99,616.56,4.0,0.08,0.5996122610699742,0.281,Low
TAXP04846,45,1214500,Salary,1,1,20800,1,0.019,0.336,0.764,Low,41.0,54116.46,1319.91,2.0,0.04878048780487805,0.477803509489653,0.345,Low
TAXP04847,35,1244700,Professional,0,1,13400,0,0.021,0.294,0.776,Low,15.0,12814.67,854.31,2.0,0.13333333333333333,0.6454296134070635,0.414,Medium
TAXP04848,40,1023500,Salary,1,0,11500,0,0.28,0.355,0.856,Low,19.0,19154.36,1008.12,2.0,0.10526315789473684,0.5720753258016893,0.337,Low
TAXP04849,39,382200,Business,0,0,0,1,0.194,0.203,0.83,Low,5.0,2186.51,437.3,0.0,0.0,0.15169640102576093,0.162,Low
TAXP04850,55,661600,Salary+Business,1,2,0,0,0.138,0.483,0.86,Low,4.0,1802.57,450.64,0.0,0.0,0.14842589934973,0.144,Low
TAXP04851,41,515700,Salary,1,0,0,0,-0.087,0.125,0.949,Low,24.0,13129.66,547.07,0.0,0.0,0.23105929662213248,0.132,Low
TAXP04852,59,562300,Multiple,0,0,0,0,0.139,0.158,0.81,Low,29.0,7913.25,272.87,1.0,0.034482758620689655,0.3493957655552032,0.262,Low
TAXP04853,30,2817800,Salary,1,2,0,1,0.066,0.082,0.814,Low,21.0,53976.81,2570.32,1.0,0.047619047619047616,0.41000349280286147,0.287,Low
TAXP04854,29,182800,Professional,0,2,42600,0,-0.046,0.487,0.489,Medium,13.0,3857.89,296.76,0.0,0.0,0.17467365860569806,0.36,Low
TAXP04855,39,548900,Salary,1,0,0,0,0.004,0.197,0.98,Low,40.0,17140.08,428.5,2.0,0.05,0.45351089027490643,0.215,Low
TAXP04856,24,1555300,Salary+Business,1,1,0,0,0.211,0.33,0.943,Low,29.0,54797.52,1889.57,0.0,0.0,0.27755498204205253,0.156,Low
TAXP04857,51,226200,Salary+Investments,1,2,17500,0,0.299,0.402,0.805,Low,23.0,4158.55,180.81,0.0,0.0,0.20317645320429184,0.199,Low
TAXP04858,38,408900,Salary,1,3,8800,0,-0.069,0.22,0.825,Low,2.0,591.96,295.98,0.0,0.0,0.1314793900119951,0.155,Low
TAXP04859,37,444100,Salary,1,3,0,0,-0.049,0.165,0.835,Low,17.0,4825.58,283.86,1.0,0.058823529411764705,0.3835156012564239,0.263,Low
TAXP04860,45,553500,Salary,1,2,0,0,0.211,0.048,0.854,Low,16.0,22435.37,1402.21,1.0,0.0625,0.4263511045861046,0.272,Low
TAXP04861,24,206000,Salary,1,1,8100,2,0.035,0.381,0.736,Low,11.0,5451.26,495.57,2.0,0.18181818181818182,0.7779361219812636,0.495,Medium
TAXP04862,37,997800,Multiple,1,1,4700,0,0.188,0.258,0.957,Low,21.0,10377.84,494.18,0.0,0.0,0.21709110421121447,0.121,Low
TAXP04863,64,1050200,Business,1,1,0,2,0.032,0.132,0.839,Low,13.0,9788.61,752.97,0.0,0.0,0.19484797049093228,0.176,Low
TAXP04864,49,937300,Professional,1,0,0,0,0.192,0.135,0.98,Low,55.0,47949.89,871.82,2.0,0.03636363636363636,0.46704601174700433,0.221,Low
TAXP04865,46,347300,Multiple,1,0,0,0,-0.12,0.111,0.98,Low,18.0,7782.37,432.35,1.0,0.05555555555555555,0.3857635890238534,0.185,Low
TAXP04866,43,691800,Salary+Investments,0,0,60000,1,0.188,0.219,0.458,Medium,17.0,5975.68,351.51,0.0,0.0,0.19402516435865336,0.385,Low
TAXP04867,42,340100,Salary+Business,1,0,0,0,-0.236,0.388,0.919,Low,40.0,12755.83,318.9,3.0,0.075,0.5296130598209989,0.283,Low
TAXP04868,63,511600,Salary,0,1,0,1,0.248,0.28,0.762,Low,3.0,1266.83,422.28,1.0,0.3333333333333333,1.0,0.581,Medium
TAXP04869,62,3064000,Salary,1,0,18000,0,0.095,0.276,0.885,Low,11.0,13407.53,1218.87,0.0,0.0,0.19745273368185154,0.152,Low
TAXP04870,39,696400,Salary,1,0,0,1,0.171,0.042,0.93,Low,7.0,2385.59,340.8,0.0,0.0,0.15413938251375162,0.108,Low
TAXP04871,62,276400,Salary,1,0,0,0,0.138,0.61,0.916,Low,46.0,27508.17,598.0,2.0,0.043478260869565216,0.46274177220324103,0.254,Low
TAXP04872,24,740100,Salary,1,0,17100,0,-0.173,0.254,0.899,Low,19.0,7535.07,396.58,0.0,0.0,0.20448106122849502,0.148,Low
TAXP04873,35,245600,Salary,1,2,0,0,0.319,0.449,0.873,Low,67.0,21455.5,320.23,3.0,0.04477611940298507,0.4731019808502244,0.283,Low
TAXP04874,34,274200,Salary,1,1,0,0,0.154,0.405,0.942,Low,16.0,5090.78,318.17,0.0,0.0,0.18794634760150233,0.116,Low
TAXP04875,52,307200,Business,0,2,0,0,0.221,0.119,0.709,Low,16.0,6801.36,425.08,2.0,0.125,0.6067197961153633,0.433,Medium
TAXP04876,48,472000,Salary,1,0,0,0,-0.028,0.436,0.912,Low,4.0,824.77,206.19,0.0,0.0,0.13150487544504252,0.108,Low
TAXP04877,42,1276100,Salary,1,1,39100,0,0.139,0.234,0.758,Low,7.0,9708.48,1386.93,0.0,0.0,0.18456915502524934,0.216,Low
TAXP04878,32,985800,Salary,1,0,0,0,-0.11,0.113,0.98,Low,11.0,8782.03,798.37,2.0,0.18181818181818182,0.7882744223243174,0.366,Low
TAXP04879,43,947200,Business,0,1,9200,1,0.124,0.182,0.747,Low,67.0,74268.22,1108.48,1.0,0.014925373134328358,0.4015095905155904,0.32,Low
TAXP04880,33,294600,Salary+Business,1,0,0,1,-0.05,0.317,0.967,Low,19.0,5863.45,308.6,2.0,0.10526315789473684,0.5464183489740003,0.264,Low
TAXP04881,43,440200,Salary+Business,1,1,7100,0,0.901,0.292,0.765,Low,44.0,13222.98,300.52,4.0,0.09090909090909091,0.5965148818306552,0.398,Low
TAXP04882,36,790600,Salary,1,0,54400,0,0.197,0.407,0.692,Medium,10.0,2123.0,212.3,1.0,0.1,0.4856651279007872,0.388,Low
TAXP04883,60,413500,Salary,1,2,5100,1,0.313,0.107,0.774,Low,5.0,1449.95,289.99,1.0,0.2,0.8028016393590419,0.486,Medium
TAXP04884,54,531900,Salary,1,1,18000,0,0.06,0.336,0.835,Low,9.0,4714.1,523.79,1.0,0.1111111111111111,0.5379598977544787,0.333,Low
TAXP04885,28,893100,Salary,0,2,0,0,0.164,0.3,0.755,Low,13.0,7041.99,541.69,2.0,0.15384615384615385,0.6954002335996943,0.448,Medium
TAXP04886,63,505700,Salary,1,1,0,0,0.245,0.177,0.931,Low,21.0,15187.89,723.23,1.0,0.047619047619047616,0.3824895853215193,0.21,Low
TAXP04887,50,764900,Multiple,1,1,0,0,-0.072,0.068,0.929,Low,39.0,28711.87,736.2,0.0,0.0,0.2963203711300737,0.172,Low
TAXP04888,36,2046200,Salary,1,1,0,0,-0.008,0.172,0.942,Low,8.0,15141.67,1892.71,0.0,0.0,0.19523806598171722,0.12,Low
TAXP04889,44,574300,Salary,1,1,0,0,0.256,0.073,0.905,Low,18.0,6502.9,361.27,2.0,0.1111111111111111,0.565206542579769,0.307,Low
TAXP04890,29,1519400,Salary+Business,1,0,0,3,0.065,0.557,0.75,Low,18.0,19933.81,1107.43,0.0,0.0,0.22282359282923508,0.238,Low
TAXP04891,23,972400,Business,1,2,0,0,-0.02,0.222,0.905,Low,6.0,3681.27,613.54,1.0,0.16666666666666666,0.7129569751380468,0.373,Low
TAXP04892,39,226000,Salary,1,0,13100,0,-0.001,0.188,0.906,Low,5.0,1621.8,324.36,0.0,0.0,0.14522594199713268,0.117,Low
TAXP04893,56,294000,Salary,1,0,0,1,-0.096,0.658,0.936,Low,6.0,730.3,121.72,0.0,0.0,0.12797449854996268,0.093,Low
TAXP04894,36,356700,Multiple,1,1,0,0,-0.213,0.142,0.945,Low,20.0,2589.75,129.49,0.0,0.0,0.1842097262012471,0.113,Low
TAXP04895,38,351200,Salary,0,2,0,0,-0.171,0.34,0.742,Low,3.0,738.89,246.3,0.0,0.0,0.1314255150721923,0.201,Low
TAXP04896,65,609100,Professional,0,0,0,0,0.107,0.588,0.822,Low,23.0,13811.85,600.52,0.0,0.0,0.22915828867012814,0.201,Low
TAXP04897,65,1011800,Salary+Business,0,0,59100,0,0.207,0.176,0.549,Medium,34.0,15682.21,461.24,1.0,0.029411764705882353,0.36363548643859844,0.412,Medium
TAXP04898,41,1604700,Salary,0,1,0,0,0.503,0.052,0.78,Low,5.0,1468.72,293.74,0.0,0.0,0.14307998454510198,0.185,Low
TAXP04899,22,811500,Salary+Business,1,0,31300,0,0.093,0.133,0.794,Low,55.0,37577.72,683.23,3.0,0.05454545454545454,0.5217600228540215,0.348,Low
TAXP04900,51,471600,Salary,0,1,0,0,-0.105,0.06,0.895,Low,19.0,5642.01,296.95,0.0,0.0,0.19821671252666448,0.147,Low
TAXP04901,53,150000,Salary,1,2,0,0,0.095,0.355,0.859,Low,26.0,5552.96,213.58,3.0,0.11538461538461539,0.5993089088067357,0.347,Low
TAXP04902,62,683900,Salary,1,0,52500,0,0.212,0.121,0.715,Low,19.0,22768.8,1198.36,1.0,0.05263157894736842,0.40214132064203484,0.338,Low
TAXP04903,63,662200,Multiple,0,1,0,3,0.265,0.314,0.653,Medium,8.0,4061.03,507.63,1.0,0.125,0.5791924767240043,0.451,Medium
TAXP04904,49,741500,Salary,1,0,202700,0,0.249,0.071,0.02,High,12.0,6357.56,529.8,2.0,0.16666666666666666,0.7333051145324123,0.869,High
TAXP04905,25,2961500,Salary,1,2,4100,0,0.192,0.268,0.909,Low,22.0,51949.47,2361.34,0.0,0.0,0.2549414793066321,0.165,Low
TAXP04906,32,1588000,Multiple,0,1,0,0,0.115,0.373,0.791,Low,10.0,36770.46,3677.05,2.0,0.2,0.8774963892476876,0.51,Medium
TAXP04907,53,1143900,Salary,1,0,6500,0,0.218,0.064,0.897,Low,14.0,12686.84,906.2,1.0,0.07142857142857142,0.4385013385137406,0.254,Low
TAXP04908,48,325100,Salary+Investments,1,0,0,1,-0.09,0.032,0.939,Low,5.0,1604.67,320.93,0.0,0.0,0.14499607651148133,0.099,Low
TAXP04909,40,449300,Professional,1,1,0,1,-0.221,0.251,0.898,Low,2.0,1302.54,651.27,0.0,0.0,0.14856438524551907,0.123,Low
TAXP04910,39,607100,Business,1,1,0,0,0.435,0.116,0.923,Low,12.0,2743.55,228.63,1.0,0.08333333333333333,0.44011007347914516,0.24,Low
TAXP04911,52,371900,Salary+Business,1,0,0,1,0.092,0.018,0.881,Low,15.0,7930.61,528.71,1.0,0.06666666666666667,0.4150252103792455,0.252,Low
TAXP04912,40,932000,Salary+Business,1,1,18600,0,0.185,0.197,0.785,Low,3.0,1346.37,448.79,0.0,0.0,0.1444150804499057,0.183,Low
TAXP04913,27,840500,Salary,1,0,0,0,-0.348,0.465,0.951,Low,43.0,29163.0,678.21,1.0,0.023255813953488372,0.38697169529996644,0.201,Low
TAXP04914,65,296900,Multiple,1,1,0,0,0.347,0.29,0.85,Low,10.0,3436.17,343.62,1.0,0.1,0.4960824109521199,0.306,Low
TAXP04915,36,1538700,Multiple,1,0,0,0,0.285,0.363,0.924,Low,38.0,84205.43,2215.93,4.0,0.10526315789473684,0.6636755058108709,0.34,Low
TAXP04916,33,699700,Salary+Investments,1,2,0,1,-0.15,0.137,0.923,Low,8.0,3615.09,451.89,0.0,0.0,0.16417189043936847,0.116,Low
TAXP04917,24,187200,Professional,1,0,0,1,0.049,0.349,0.916,Low,6.0,822.33,137.05,1.0,0.16666666666666666,0.6805319258388987,0.352,Low
TAXP04918,42,626400,Business,0,2,10200,1,0.143,0.285,0.583,Medium,,,,,,,,Low
TAXP04919,65,795900,Business,1,0,0,1,-0.102,0.488,0.901,Low,14.0,14405.99,1029.0,0.0,0.0,0.20554367611573535,0.147,Low
TAXP04920,28,1309500,Salary,1,0,6300,1,0.178,0.149,0.839,Low,8.0,3779.39,472.42,1.0,0.125,0.5776349348937657,0.348,Low
TAXP04921,32,509800,Business,1,2,0,0,0.267,0.608,0.88,Low,6.0,1378.5,229.75,0.0,0.0,0.14168639462026522,0.13,Low
TAXP04922,29,1179800,Professional,1,0,0,0,0.152,0.278,0.98,Low,7.0,5800.63,828.66,0.0,0.0,0.1733958986248863,0.089,Low
TAXP04923,25,743800,Professional,1,0,0,3,-0.151,0.189,0.782,Low,11.0,4586.33,416.94,1.0,0.09090909090909091,0.47419279075483517,0.333,Low
TAXP04924,48,252200,Salary,0,2,6300,0,-0.066,0.275,0.693,Medium,19.0,8759.96,461.05,1.0,0.05263157894736842,0.3814283721865583,0.34,Low
TAXP04925,34,234600,Business,1,1,0,0,0.08,0.218,0.928,Low,20.0,5760.63,288.03,1.0,0.05,0.3664785245107934,0.205,Low
TAXP04926,54,1458600,Professional,1,1,0,1,0.06,0.506,0.819,Low,15.0,10840.31,722.69,0.0,0.0,0.2018009537865678,0.19,Low
TAXP04927,39,1537800,Business,1,0,8100,0,0.063,0.439,0.931,Low,20.0,26601.1,1330.05,1.0,0.05,0.39964103692555103,0.218,Low
TAXP04928,49,820100,Multiple,1,1,0,1,0.058,0.424,0.897,Low,69.0,68913.22,998.74,7.0,0.10144927536231885,0.6847768822166036,0.365,Low
TAXP04929,25,1908100,Salary+Business,1,0,0,0,-0.189,0.474,0.928,Low,20.0,66900.8,3345.04,2.0,0.1,0.5846577759014893,0.303,Low
TAXP04930,35,1390900,Salary,1,1,3000,1,0.229,0.327,0.851,Low,21.0,29996.62,1428.41,0.0,0.0,0.24011065218722683,0.19,Low
TAXP04931,39,1063400,Salary,0,1,0,0,0.2,0.059,0.801,Low,18.0,40975.99,2276.44,1.0,0.05555555555555555,0.42179380710293407,0.299,Low
TAXP04932,23,337300,Professional,1,0,0,2,0.184,0.176,0.864,Low,11.0,4671.83,424.71,0.0,0.0,0.17459292606106425,0.153,Low
TAXP04933,39,2261100,Salary,1,1,8700,0,0.169,0.15,0.895,Low,12.0,24269.07,2022.42,0.0,0.0,0.2123630086957948,0.153,Low
TAXP04934,42,956300,Salary+Investments,1,0,47700,0,0.055,0.589,0.626,Medium,16.0,9932.25,620.77,1.0,0.0625,0.40867631211027555,0.39,Low
TAXP04935,39,492300,Salary,1,0,0,0,0.003,0.23,0.98,Low,3.0,323.99,108.0,1.0,0.3333333333333333,1.0,0.461,Medium
TAXP04936,43,401700,Salary,1,1,10100,0,-0.063,0.121,0.88,Low,18.0,7978.87,443.27,0.0,0.0,0.20297049685510954,0.157,Low
TAXP04937,56,782000,Salary,1,1,0,0,0.347,0.14,0.922,Low,8.0,4407.42,550.93,0.0,0.0,0.16846653161658232,0.119,Low
TAXP04938,55,195200,Salary+Business,1,2,121100,0,0.097,0.333,0.232,High,10.0,2084.47,208.45,0.0,0.0,0.1552692926798332,0.492,Medium
TAXP04939,21,1075700,Multiple,1,0,0,0,-0.166,0.508,0.938,Low,12.0,6967.13,580.59,1.0,0.08333333333333333,0.4602897055612489,0.241,Low
TAXP04940,49,327100,Salary+Investments,1,0,0,1,0.095,0.229,0.884,Low,15.0,6626.09,441.74,0.0,0.0,0.19113081983061117,0.15,Low
TAXP04941,61,848800,Business,1,1,28700,0,-0.233,0.179,0.762,Low,16.0,13928.59,870.54,2.0,0.125,0.622259258693538,0.411,Medium
TAXP04942,60,446500,Salary+Business,0,0,0,1,0.14,0.427,0.802,Low,9.0,1323.91,147.1,0.0,0.0,0.14382193922028894,0.174,Low
TAXP04943,35,537300,Salary,0,1,9900,1,0.123,0.423,0.719,Low,9.0,2914.45,323.83,0.0,0.0,0.1608766666191938,0.227,Low
TAXP04944,56,376900,Business,1,0,28400,1,0.013,0.129,0.817,Low,4.0,1649.37,412.34,0.0,0.0,0.14650166397889952,0.167,Low
TAXP04945,57,578800,Multiple,1,0,17900,1,-0.05,0.251,0.858,Low,21.0,4635.84,220.75,2.0,0.09523809523809523,0.5139321546797638,0.309,Low
TAXP04946,37,2533400,Salary,0,0,0,0,0.19,0.07,0.838,Low,76.0,109453.44,1440.18,3.0,0.039473684210526314,0.4881988844612865,0.309,Low
TAXP04947,60,1762000,Multiple,1,0,0,0,0.087,0.161,0.98,Low,19.0,14823.77,780.2,0.0,0.0,0.21914774613261367,0.11,Low
TAXP04948,49,839000,Salary,1,2,0,1,-0.211,0.11,0.819,Low,30.0,36260.42,1208.68,3.0,0.1,0.6017804619321905,0.37,Low
TAXP04949,54,638300,Salary,1,0,0,0,0.293,0.052,0.98,Low,5.0,5939.11,1187.82,0.0,0.0,0.17336355125842973,0.089,Low
TAXP04950,54,1193700,Business,1,1,0,0,-0.05,0.176,0.944,Low,48.0,51965.55,1082.62,2.0,0.041666666666666664,0.47747892524732305,0.246,Low
TAXP04951,56,1466400,Salary+Investments,1,1,0,0,-0.111,0.391,0.891,Low,33.0,70564.28,2138.31,1.0,0.030303030303030304,0.39592532151607907,0.238,Low
TAXP04952,64,357600,Salary,1,1,0,0,0.317,0.238,0.874,Low,1.0,177.5,177.5,0.0,0.0,0.11650338186303,0.122,Low
TAXP04953,59,614800,Salary+Business,1,4,2500,0,0.27,0.082,0.828,Low,17.0,4875.44,286.79,1.0,0.058823529411764705,0.3837380362735469,0.267,Low
TAXP04954,40,175100,Salary,0,0,0,1,0.033,0.229,0.75,Low,22.0,4038.24,183.56,0.0,0.0,0.19958086261658775,0.227,Low
TAXP04955,46,1459100,Salary+Business,0,1,0,2,-0.1,0.334,0.643,Medium,15.0,20842.6,1389.51,0.0,0.0,0.21598204667596108,0.294,Low
TAXP04956,50,2874900,Business,0,1,0,0,-0.046,0.141,0.781,Low,4.0,4285.89,1071.47,0.0,0.0,0.16720545115047966,0.196,Low
TAXP04957,59,688600,Salary,0,1,0,2,0.03,0.301,0.657,Medium,9.0,9180.29,1020.03,0.0,0.0,0.1857459593656897,0.272,Low
TAXP04958,38,150000,Salary+Business,1,0,47500,0,0.295,0.183,0.732,Low,8.0,2725.31,340.66,1.0,0.125,0.5705523841506697,0.404,Medium
TAXP04959,35,1007600,Salary+Business,1,1,0,0,0.307,0.064,0.956,Low,17.0,8916.0,524.47,2.0,0.11764705882352941,0.5909292632636174,0.29,Low
TAXP04960,54,339000,Business,0,0,0,0,0.127,0.034,0.866,Low,17.0,5770.95,339.47,1.0,0.058823529411764705,0.3873879962281025,0.248,Low
TAXP04961,63,403200,Salary,1,1,0,0,0.204,0.193,0.911,Low,15.0,3757.69,250.51,1.0,0.06666666666666667,0.39885141825022685,0.228,Low
TAXP04962,62,1020600,Salary,1,1,16200,0,0.067,0.083,0.879,Low,7.0,3755.46,536.49,0.0,0.0,0.16396955438816838,0.14,Low
TAXP04963,27,780700,Multiple,1,0,35600,0,-0.04,0.169,0.776,Low,5.0,1443.89,288.78,2.0,0.4,1.0,0.573,Medium
TAXP04964,62,457400,Professional,1,2,0,0,-0.14,0.46,0.803,Low,2.0,432.27,216.14,0.0,0.0,0.12467952742477205,0.164,Low
TAXP04965,56,407200,Salary+Business,1,3,0,0,0.152,0.366,0.783,Low,3.0,802.78,267.59,0.0,0.0,0.13321936183801508,0.179,Low
TAXP04966,28,711600,Professional,0,0,12800,1,0.244,0.177,0.73,Low,3.0,514.68,171.56,0.0,0.0,0.12361161533857193,0.204,Low
TAXP04967,21,484000,Salary+Investments,0,1,0,0,0.018,0.466,0.871,Low,63.0,26329.96,417.94,5.0,0.07936507936507936,0.5930120255325131,0.338,Low
TAXP04968,30,292500,Salary,1,0,0,2,0.29,0.436,0.893,Low,2.0,596.94,298.47,0.0,0.0,0.13166069583862544,0.118,Low
TAXP04969,62,511600,Business,1,0,0,0,0.038,0.145,0.98,Low,20.0,5931.38,296.57,2.0,0.1,0.5321106493985492,0.25,Low
TAXP04970,54,830000,Professional,0,1,0,0,0.113,0.13,0.791,Low,28.0,9472.89,338.32,5.0,0.17857142857142858,0.8256198388809823,0.486,Medium
TAXP04971,46,571800,Salary,1,1,0,1,0.065,0.081,0.941,Low,6.0,2273.24,378.87,1.0,0.16666666666666666,0.7025112401159072,0.349,Low
TAXP04972,49,234900,Salary,1,0,1800,0,0.298,0.145,0.955,Low,24.0,15522.9,646.79,0.0,0.0,0.23468915313120806,0.13,Low
TAXP04973,39,1324900,Professional,1,1,0,0,0.179,0.255,0.892,Low,12.0,26481.86,2206.82,1.0,0.08333333333333333,0.48925687785465377,0.28,Low
TAXP04974,61,150000,Salary+Investments,0,0,0,2,0.091,0.532,0.724,Low,13.0,2049.28,157.64,2.0,0.15384615384615385,0.6686928181723658,0.453,Medium
TAXP04975,28,471300,Professional,0,3,12300,0,0.112,0.585,0.633,Medium,68.0,31502.28,463.27,4.0,0.058823529411764705,0.5274560072934075,0.439,Medium
TAXP04976,35,415900,Salary,0,2,49800,1,-0.09,0.423,0.484,Medium,4.0,2161.8,540.45,0.0,0.0,0.1523640736960517,0.352,Low
TAXP04977,30,723200,Multiple,1,0,0,2,-0.257,0.212,0.836,Low,23.0,16003.53,695.81,1.0,0.043478260869565216,0.3758297990676574,0.259,Low
TAXP04978,59,974000,Salary,1,2,0,0,0.015,0.173,0.911,Low,29.0,20518.21,707.52,1.0,0.034482758620689655,0.3700362129408273,0.215,Low
TAXP04979,45,1463000,Salary,1,0,0,1,0.069,0.075,0.881,Low,15.0,20037.0,1335.8,1.0,0.06666666666666667,0.4351267154934878,0.261,Low
TAXP04980,51,389200,Multiple,1,0,5000,0,0.185,0.511,0.906,Low,53.0,11564.92,218.21,2.0,0.03773584905660377,0.44157082582721563,0.25,Low
TAXP04981,62,991600,Salary+Business,1,1,0,0,0.074,0.192,0.917,Low,7.0,1574.24,224.89,0.0,0.0,0.14514586576271868,0.111,Low
TAXP04982,29,748400,Multiple,1,1,3800,0,0.025,0.244,0.879,Low,10.0,8667.96,866.8,0.0,0.0,0.18613644085991546,0.15,Low
TAXP04983,64,189600,Salary+Business,1,1,12500,0,-0.372,0.454,0.834,Low,40.0,7986.37,199.66,3.0,0.075,0.5194856043370819,0.325,Low
TAXP04984,26,2553900,Professional,1,2,0,1,0.184,0.098,0.819,Low,87.0,159828.71,1837.11,2.0,0.022988505747126436,0.4390805210959401,0.297,Low
TAXP04985,54,230700,Salary,1,1,0,0,0.134,0.369,0.931,Low,38.0,10669.02,280.76,2.0,0.05263157894736842,0.4451979628375444,0.238,Low
TAXP04986,52,879200,Salary,0,2,18800,0,0.23,0.175,0.686,Medium,21.0,8560.06,407.62,1.0,0.047619047619047616,0.3700617671066149,0.339,Low
TAXP04987,58,860700,Multiple,1,0,6400,0,0.104,0.132,0.979,Low,,,,,,,,Low
TAXP04988,28,792700,Salary+Investments,1,3,0,1,0.283,0.04,0.806,Low,10.0,6498.23,649.82,1.0,0.1,0.5098887087104067,0.336,Low
TAXP04989,64,455300,Salary,1,1,0,1,0.012,0.275,0.803,Low,7.0,1611.89,230.27,1.0,0.14285714285714285,0.6170854141684723,0.386,Low
TAXP04990,56,1179200,Salary,1,0,0,0,0.094,0.316,0.98,Low,29.0,44559.33,1536.53,2.0,0.06896551724137931,0.5006527191314644,0.236,Low
TAXP04991,25,211300,Salary,1,1,0,0,0.138,0.188,0.905,Low,16.0,3547.77,221.74,1.0,0.0625,0.38638448032380474,0.226,Low
TAXP04992,46,619900,Salary,1,0,0,1,0.206,0.371,0.909,Low,21.0,12628.89,601.38,3.0,0.14285714285714285,0.692774764592028,0.362,Low
TAXP04993,57,433100,Salary+Investments,1,1,0,1,0.167,0.64,0.869,Low,19.0,6783.86,357.05,1.0,0.05263157894736842,0.3758908001575088,0.241,Low
TAXP04994,42,399100,Salary,1,0,30000,2,0.176,0.243,0.683,Medium,11.0,3463.6,314.87,0.0,0.0,0.1681127528581049,0.25,Low
TAXP04995,38,885100,Business,0,0,0,0,0.143,0.196,0.869,Low,20.0,10996.65,549.83,1.0,0.05,0.380482231329305,0.243,Low
TAXP04996,33,1412000,Multiple,1,3,0,0,0.069,0.521,0.819,Low,40.0,94528.78,2363.22,6.0,0.15,0.8205469883343763,0.469,Medium
TAXP04997,44,507700,Business,1,0,0,0,0.244,0.082,0.939,Low,3.0,1104.86,368.29,0.0,0.0,0.1401327757564021,0.097,Low
TAXP04998,65,1140300,Business,1,0,0,0,-0.168,0.619,0.937,Low,16.0,21191.44,1324.46,1.0,0.0625,0.4251133756530504,0.226,Low
TAXP04999,48,673700,Salary,0,0,0,1,-0.001,0.111,0.811,Low,2.0,604.06,302.03,0.0,0.0,0.13191731077735366,0.163,Low
TAXP05000,53,341800,Salary,1,0,0,0,0.355,0.092,0.971,Low,14.0,2497.86,178.42,0.0,0.0,0.1675952326207767,0.091,Low
