profile_id,age,annual_income,income_sources,tax_return_filed,late_filing_count,outstanding_dues,previous_default_count,income_growth_rate,deduction_claim_ratio,tax_compliance_score,compliance_risk
TAXP00001,44,809500,Salary,1,2,0,0,-0.085,0.101,0.97,Low
TAXP00002,31,307400,Business,1,2,0,0,0.12,0.159,0.827,Low
TAXP00003,35,1115800,Business,1,0,26800,0,0.144,0.075,0.805,Low
TAXP00004,25,1279400,Business,1,0,0,2,0.059,0.225,0.842,Low
TAXP00005,23,159500,Salary,0,1,0,0,0.248,0.127,0.837,Low
TAXP00006,26,254500,Business,1,2,0,2,-0.007,0.06,0.813,Low
TAXP00007,37,712700,Salary,1,0,0,0,0.109,0.128,0.98,Low
TAXP00008,28,517600,Salary+Investments,1,1,65600,0,0.041,0.411,0.512,Medium
TAXP00009,31,642200,Multiple,0,1,260700,0,0.472,0.501,0.02,High
TAXP00010,34,351700,Salary,1,1,27100,0,-0.006,0.49,0.771,Low
TAXP00011,34,1224300,Salary,1,1,0,0,0.219,0.453,0.874,Low
TAXP00012,21,1137900,Salary,1,0,0,0,0.387,0.243,0.98,Low
TAXP00013,26,681600,Business,0,0,7300,0,-0.047,0.204,0.868,Low
TAXP00014,63,1463500,Salary+Investments,1,1,8300,1,0.115,0.494,0.807,Low
TAXP00015,51,910100,Business,1,0,0,0,-0.058,0.355,0.98,Low
TAXP00016,26,350100,Salary,1,0,0,0,-0.222,0.135,0.98,Low
TAXP00017,33,847700,Salary,1,0,36900,1,-0.026,0.595,0.697,Medium
TAXP00018,38,325900,Salary,0,0,19400,0,0.009,0.135,0.775,Low
TAXP00019,61,1223500,Salary+Investments,1,1,0,0,0.018,0.498,0.938,Low
TAXP00020,60,627000,Professional,1,1,0,0,0.052,0.395,0.925,Low
TAXP00021,55,569000,Business,0,1,51500,1,0.101,0.404,0.458,Medium
TAXP00022,25,398100,Salary,1,2,0,0,-0.091,0.155,0.894,Low
TAXP00023,43,1567400,Multiple,1,1,0,0,0.156,0.203,0.919,Low
TAXP00024,42,581600,Salary,1,1,0,0,0.294,0.17,0.925,Low
TAXP00025,49,477500,Salary+Investments,1,0,0,1,0.313,0.298,0.841,Low
TAXP00026,59,504400,Salary+Investments,0,0,27800,1,0.058,0.195,0.617,Medium
TAXP00027,35,953600,Business,1,0,17500,0,0.243,0.099,0.881,Low
TAXP00028,46,845600,Salary+Investments,0,1,0,1,-0.009,0.154,0.796,Low
TAXP00029,32,874900,Salary,0,1,0,1,0.045,0.226,0.778,Low
TAXP00030,30,886400,Professional,1,1,21000,0,0.164,0.15,0.865,Low
TAXP00031,35,3038000,Salary,0,1,0,1,0.046,0.445,0.764,Low
TAXP00032,54,485100,Business,1,0,0,0,-0.102,0.463,0.924,Low
TAXP00033,40,449500,Salary,1,0,0,0,0.233,0.232,0.98,Low
TAXP00034,51,361800,Salary,1,1,0,0,-0.033,0.271,0.93,Low
TAXP00035,52,1012800,Salary,1,2,35600,0,0.017,0.369,0.644,Medium
TAXP00036,37,1465300,Salary,1,0,0,0,0.269,0.509,0.914,Low
TAXP00037,63,598800,Business,1,0,20500,1,0.186,0.293,0.801,Low
TAXP00038,23,355000,Business,1,0,0,0,0.128,0.187,0.978,Low
TAXP00039,61,359000,Salary,1,1,0,0,-0.135,0.172,0.935,Low
TAXP00040,21,1038400,Multiple,1,0,26300,0,-0.086,0.569,0.77,Low
TAXP00041,38,1110000,Multiple,1,0,0,0,0.164,0.163,0.963,Low
TAXP00042,58,961100,Salary,1,1,244100,0,0.201,0.156,0.02,High
TAXP00043,51,402500,Salary,1,2,0,0,0.14,0.488,0.894,Low
TAXP00044,35,768300,Professional,0,1,453200,2,0.024,0.229,0.02,High
TAXP00045,60,707000,Salary+Business,1,2,0,0,0.019,0.347,0.859,Low
TAXP00046,27,760800,Salary,0,1,0,1,0.135,0.344,0.796,Low
TAXP00047,51,1217300,Salary+Business,0,2,0,0,-0.1,0.097,0.776,Low
TAXP00048,44,763500,Salary,1,0,0,0,0.115,0.205,0.961,Low
TAXP00049,30,1059800,Salary,1,1,0,0,-0.122,0.124,0.943,Low
TAXP00050,62,682400,Salary+Business,1,0,0,0,-0.068,0.141,0.918,Low
TAXP00051,55,800400,Professional,1,0,0,0,0.129,0.152,0.924,Low
TAXP00052,21,1024000,Salary+Investments,1,0,0,0,0.193,0.099,0.98,Low
TAXP00053,24,227700,Salary,1,1,0,1,0.155,0.542,0.849,Low
TAXP00054,23,516400,Salary,1,1,0,0,-0.078,0.266,0.888,Low
TAXP00055,39,463300,Salary,1,0,0,0,-0.199,0.43,0.948,Low
TAXP00056,39,410300,Salary,1,0,11100,0,0.099,0.243,0.887,Low
TAXP00057,53,533200,Salary,1,1,0,1,-0.204,0.477,0.866,Low
TAXP00058,51,1907100,Business,1,0,0,0,0.251,0.052,0.98,Low
TAXP00059,21,348500,Business,1,0,0,0,-0.073,0.063,0.965,Low
TAXP00060,42,1305200,Professional,1,0,0,0,0.457,0.257,0.959,Low
TAXP00061,56,193500,Salary,1,0,0,0,-0.054,0.255,0.881,Low
TAXP00062,61,510700,Salary,1,0,141200,1,0.174,0.387,0.139,High
TAXP00063,34,730800,Professional,1,1,0,0,-0.018,0.245,0.965,Low
TAXP00064,22,991300,Salary,1,0,21200,0,0.073,0.262,0.836,Low
TAXP00065,27,1084700,Salary+Investments,0,2,23300,1,0.129,0.252,0.586,Medium
TAXP00066,36,1150800,Salary,1,2,12100,1,0.238,0.257,0.736,Low
TAXP00067,40,505700,Business,1,0,0,1,0.263,0.068,0.953,Low
TAXP00068,36,466000,Salary+Investments,1,3,0,1,0.216,0.38,0.748,Low
TAXP00069,25,1205600,Business,0,1,13200,0,0.266,0.414,0.671,Medium
TAXP00070,36,566400,Professional,1,2,26000,0,0.001,0.159,0.728,Low
TAXP00071,34,259400,Professional,1,0,0,0,0.204,0.293,0.92,Low
TAXP00072,42,287400,Salary,1,2,0,1,0.045,0.137,0.731,Low
TAXP00073,24,335300,Professional,0,1,0,1,0.258,0.229,0.761,Low
TAXP00074,56,929800,Salary+Investments,0,0,0,0,0.118,0.327,0.777,Low
TAXP00075,39,720200,Multiple,1,0,8900,1,0.199,0.377,0.844,Low
TAXP00076,35,1068600,Business,1,1,8400,0,0.147,0.556,0.859,Low
TAXP00077,61,477900,Salary,0,1,0,1,0.222,0.287,0.742,Low
TAXP00078,54,728600,Salary+Business,1,2,0,0,-0.029,0.182,0.855,Low
TAXP00079,27,1019800,Business,1,0,0,0,-0.152,0.239,0.98,Low
TAXP00080,27,520200,Salary,1,0,6400,0,0.258,0.268,0.98,Low
TAXP00081,21,903100,Salary,0,0,42400,0,0.315,0.203,0.593,Medium
TAXP00082,46,403600,Salary,0,2,0,0,0.081,0.245,0.749,Low
TAXP00083,36,500500,Business,1,1,0,1,0.23,0.061,0.902,Low
TAXP00084,37,493800,Salary,1,0,9600,0,-0.161,0.094,0.976,Low
TAXP00085,43,274800,Salary,1,0,0,0,0.001,0.219,0.964,Low
TAXP00086,45,923000,Salary,1,0,67100,0,0.113,0.149,0.587,Medium
TAXP00087,21,463600,Multiple,1,1,0,0,-0.178,0.447,0.929,Low
TAXP00088,25,655900,Salary,1,1,0,2,-0.145,0.273,0.807,Low
TAXP00089,56,918800,Salary,1,1,0,0,0.125,0.344,0.834,Low
TAXP00090,63,896500,Business,1,1,0,0,0.003,0.194,0.901,Low
TAXP00091,58,1049500,Salary,1,0,5700,0,0.045,0.27,0.941,Low
TAXP00092,61,605500,Multiple,1,0,9200,0,0.035,0.381,0.916,Low
TAXP00093,41,479200,Salary+Investments,1,1,0,1,-0.105,0.331,0.88,Low
TAXP00094,58,613700,Salary,1,0,0,0,0.065,0.01,0.98,Low
TAXP00095,60,192900,Business,1,1,14000,1,0.098,0.098,0.83,Low
TAXP00096,61,229300,Salary,1,1,24600,0,0.007,0.418,0.793,Low
TAXP00097,27,250800,Salary,1,0,0,1,0.02,0.462,0.906,Low
TAXP00098,27,317000,Salary,1,2,18000,0,0.067,0.175,0.848,Low
TAXP00099,39,866800,Salary,1,0,0,0,0.231,0.43,0.948,Low
TAXP00100,43,338700,Salary,1,1,50400,0,0.085,0.167,0.576,Medium
TAXP00101,64,495100,Business,1,1,0,0,-0.208,0.169,0.971,Low
TAXP00102,35,1656400,Salary,1,0,0,1,-0.091,0.038,0.886,Low
TAXP00103,58,502900,Salary,0,2,5300,0,0.249,0.543,0.652,Medium
TAXP00104,60,1105400,Business,1,1,22600,3,-0.01,0.156,0.646,Medium
TAXP00105,64,331900,Business,1,2,14800,2,0.086,0.102,0.732,Low
TAXP00106,29,560600,Salary,1,0,0,0,0.408,0.132,0.928,Low
TAXP00107,31,328000,Salary,0,1,17900,0,0.201,0.108,0.651,Medium
TAXP00108,30,509200,Salary,1,3,11500,0,-0.244,0.155,0.73,Low
TAXP00109,54,1190300,Salary,1,2,0,0,0.331,0.415,0.834,Low
TAXP00110,51,187400,Salary+Business,1,0,0,0,0.124,0.251,0.964,Low
TAXP00111,39,888700,Salary+Investments,1,0,3700,0,0.159,0.179,0.973,Low
TAXP00112,25,771300,Salary,1,0,0,0,0.149,0.355,0.949,Low
TAXP00113,44,423800,Salary,1,2,0,0,0.246,0.299,0.84,Low
TAXP00114,53,229500,Salary+Business,1,1,9500,0,0.087,0.371,0.857,Low
TAXP00115,42,684600,Professional,1,0,0,0,-0.137,0.529,0.938,Low
TAXP00116,33,444000,Salary,1,0,17000,0,0.152,0.105,0.891,Low
TAXP00117,47,768500,Salary,1,1,0,0,-0.121,0.082,0.87,Low
TAXP00118,50,660300,Business,1,2,0,0,0.391,0.149,0.859,Low
TAXP00119,47,2059600,Business,1,1,16200,0,0.042,0.156,0.841,Low
TAXP00120,60,547100,Salary,1,0,5000,1,0.092,0.367,0.962,Low
TAXP00121,35,311100,Salary,1,1,0,1,-0.008,0.294,0.836,Low
TAXP00122,48,739600,Salary,1,0,3100,2,0.154,0.292,0.821,Low
TAXP00123,59,761600,Salary,1,0,9200,0,0.173,0.085,0.911,Low
TAXP00124,30,1729500,Business,1,0,29400,0,-0.009,0.066,0.816,Low
TAXP00125,33,1185900,Professional,1,1,0,0,0.172,0.315,0.941,Low
TAXP00126,23,840400,Business,1,2,0,0,0.111,0.247,0.882,Low
TAXP00127,37,1864100,Salary,0,0,11700,1,0.085,0.126,0.687,Medium
TAXP00128,23,276200,Salary,1,1,7600,0,-0.02,0.234,0.935,Low
TAXP00129,54,410100,Salary+Investments,1,0,0,1,0.47,0.126,0.952,Low
TAXP00130,24,333600,Business,1,1,0,0,0.289,0.049,0.979,Low
TAXP00131,52,490900,Salary,1,1,0,0,0.217,0.141,0.929,Low
TAXP00132,47,241200,Salary,1,1,0,0,0.28,0.221,0.855,Low
TAXP00133,65,1026900,Salary+Business,1,1,0,0,0.148,0.236,0.908,Low
TAXP00134,36,553900,Salary+Business,1,0,0,0,0.044,0.316,0.924,Low
TAXP00135,36,225400,Salary+Investments,0,2,0,0,-0.323,0.133,0.82,Low
TAXP00136,31,312900,Professional,1,0,0,0,-0.095,0.294,0.98,Low
TAXP00137,45,814600,Business,1,1,0,0,0.446,0.243,0.923,Low
TAXP00138,30,1188500,Business,0,2,32200,0,0.286,0.37,0.507,Medium
TAXP00139,26,2737000,Salary,1,0,0,0,0.132,0.418,0.942,Low
TAXP00140,63,5297300,Professional,1,2,0,0,-0.152,0.066,0.889,Low
TAXP00141,51,876000,Business,1,1,0,1,0.202,0.303,0.85,Low
TAXP00142,26,318800,Salary,1,0,0,0,0.056,0.353,0.966,Low
TAXP00143,48,150000,Salary+Investments,1,1,0,0,0.212,0.238,0.844,Low
TAXP00144,34,788200,Salary,1,0,45400,0,-0.078,0.33,0.656,Medium
TAXP00145,29,362000,Salary,0,1,0,2,0.022,0.478,0.641,Medium
TAXP00146,42,482000,Salary,1,0,0,0,0.242,0.25,0.922,Low
TAXP00147,56,418300,Salary+Investments,1,1,87000,0,0.408,0.193,0.475,Medium
TAXP00148,21,587300,Salary+Investments,1,1,17800,1,-0.005,0.244,0.767,Low
TAXP00149,36,1400400,Business,1,0,0,0,-0.06,0.331,0.98,Low
TAXP00150,62,727800,Multiple,1,1,0,1,0.264,0.259,0.873,Low
TAXP00151,38,579800,Salary+Investments,1,3,0,1,-0.102,0.242,0.83,Low
TAXP00152,25,308400,Salary+Investments,1,0,0,2,-0.09,0.165,0.857,Low
TAXP00153,40,194600,Salary+Investments,1,1,0,0,0.143,0.23,0.922,Low
TAXP00154,51,458000,Salary,1,2,0,0,0.434,0.076,0.843,Low
TAXP00155,65,625300,Salary+Business,1,0,0,0,-0.036,0.215,0.95,Low
TAXP00156,49,2321300,Business,1,1,0,0,0.041,0.27,0.881,Low
TAXP00157,23,713900,Salary+Business,1,0,9400,2,0.118,0.344,0.833,Low
TAXP00158,57,1318900,Salary,1,2,0,0,0.024,0.371,0.927,Low
TAXP00159,56,453700,Salary+Business,1,0,0,0,-0.183,0.239,0.894,Low
TAXP00160,50,276900,Multiple,1,3,3300,0,0.228,0.02,0.843,Low
TAXP00161,61,324400,Salary,1,3,0,0,0.13,0.158,0.834,Low
TAXP00162,55,385600,Multiple,1,0,0,0,0.159,0.44,0.905,Low
TAXP00163,31,3009300,Salary,1,1,0,0,0.077,0.096,0.946,Low
TAXP00164,39,359800,Salary,1,0,0,0,0.342,0.347,0.98,Low
TAXP00165,43,1188800,Salary,1,1,0,0,0.019,0.293,0.845,Low
TAXP00166,42,339300,Salary+Business,0,2,0,0,-0.072,0.05,0.793,Low
TAXP00167,49,1271200,Business,1,0,0,0,0.366,0.037,0.906,Low
TAXP00168,52,857600,Salary,1,1,0,0,-0.252,0.483,0.873,Low
TAXP00169,25,580700,Professional,0,1,0,1,0.075,0.13,0.727,Low
TAXP00170,46,631200,Salary,1,0,50000,0,0.088,0.14,0.684,Medium
TAXP00171,22,405700,Business,1,1,7400,0,0.082,0.154,0.905,Low
TAXP00172,44,896200,Salary+Investments,1,1,0,0,-0.148,0.259,0.894,Low
TAXP00173,39,468400,Professional,1,0,0,0,-0.09,0.223,0.899,Low
TAXP00174,30,269000,Salary+Business,1,1,34600,0,0.253,0.251,0.684,Medium
TAXP00175,65,259000,Business,0,1,0,1,0.322,0.257,0.694,Medium
TAXP00176,32,736000,Multiple,1,2,0,0,0.033,0.563,0.82,Low
TAXP00177,23,2026200,Salary,1,0,12800,0,-0.049,0.181,0.912,Low
TAXP00178,37,729400,Salary,0,0,0,1,-0.186,0.227,0.822,Low
TAXP00179,55,596800,Salary,1,1,0,2,0.25,0.447,0.734,Low
TAXP00180,21,798500,Business,1,1,0,0,0.26,0.35,0.919,Low
TAXP00181,43,1664500,Professional,0,2,0,0,-0.35,0.24,0.755,Low
TAXP00182,39,761200,Salary+Business,1,1,0,3,-0.288,0.16,0.765,Low
TAXP00183,59,483500,Salary,0,1,0,0,0.122,0.355,0.838,Low
TAXP00184,21,1441600,Salary,1,1,46000,0,0.143,0.439,0.672,Medium
TAXP00185,21,885100,Professional,1,0,0,0,0.024,0.543,0.967,Low
TAXP00186,46,1964000,Multiple,1,0,11300,0,0.095,0.087,0.973,Low
TAXP00187,29,741700,Salary,1,2,0,0,0.06,0.085,0.934,Low
TAXP00188,52,269200,Salary,1,0,0,0,0.104,0.256,0.965,Low
TAXP00189,33,242700,Salary,1,0,0,0,-0.044,0.32,0.926,Low
TAXP00190,46,2133800,Business,1,2,0,0,0.098,0.581,0.842,Low
TAXP00191,22,2248500,Salary,1,2,0,0,-0.008,0.496,0.891,Low
TAXP00192,52,571200,Salary,1,1,0,0,-0.021,0.269,0.944,Low
TAXP00193,44,493300,Professional,1,1,0,0,-0.199,0.236,0.902,Low
TAXP00194,21,1861600,Salary,1,0,0,0,0.072,0.155,0.936,Low
TAXP00195,32,292900,Salary,1,0,0,1,0.228,0.514,0.848,Low
TAXP00196,23,341300,Salary,1,0,0,0,0.048,0.278,0.957,Low
TAXP00197,23,1032900,Salary+Investments,1,0,0,0,0.043,0.19,0.921,Low
TAXP00198,52,489200,Salary,1,2,0,0,0.301,0.249,0.878,Low
TAXP00199,40,647600,Salary,1,0,112400,0,0.264,0.158,0.426,High
TAXP00200,57,577800,Salary,0,1,69300,1,0.378,0.141,0.395,High
TAXP00201,32,828800,Professional,1,0,0,1,0.461,0.335,0.841,Low
TAXP00202,53,1790700,Salary+Investments,1,1,0,0,0.11,0.331,0.885,Low
TAXP00203,48,693800,Salary,1,0,0,1,-0.085,0.204,0.882,Low
TAXP00204,50,1033400,Salary,1,2,0,0,0.017,0.348,0.87,Low
TAXP00205,58,150000,Salary,1,2,0,0,0.192,0.108,0.875,Low
TAXP00206,52,627600,Professional,0,1,0,0,0.33,0.206,0.796,Low
TAXP00207,54,354200,Multiple,1,1,33500,0,-0.068,0.21,0.782,Low
TAXP00208,54,270300,Business,1,0,14300,0,0.141,0.168,0.896,Low
TAXP00209,41,345400,Salary,1,0,0,0,-0.027,0.136,0.98,Low
TAXP00210,53,511000,Salary+Business,1,1,0,0,0.077,0.264,0.935,Low
TAXP00211,58,1256900,Salary+Business,1,1,0,1,0.074,0.297,0.844,Low
TAXP00212,54,250100,Salary,1,2,0,1,0.161,0.296,0.809,Low
TAXP00213,48,664500,Salary,1,2,0,0,0.425,0.415,0.788,Low
TAXP00214,24,458700,Salary,1,0,0,0,0.176,0.13,0.98,Low
TAXP00215,40,513400,Salary+Business,1,1,0,0,0.031,0.415,0.92,Low
TAXP00216,23,1338000,Professional,1,0,0,0,0.005,0.323,0.98,Low
TAXP00217,25,957600,Professional,1,1,0,0,0.069,0.119,0.968,Low
TAXP00218,37,1702600,Salary+Investments,0,1,0,0,-0.039,0.387,0.766,Low
TAXP00219,41,581600,Salary,1,1,31500,0,0.122,0.466,0.704,Low
TAXP00220,44,393800,Salary,1,0,0,0,-0.286,0.179,0.937,Low
TAXP00221,61,553200,Salary,1,0,0,0,0.066,0.375,0.909,Low
TAXP00222,55,774000,Salary+Investments,0,1,0,0,0.079,0.397,0.766,Low
TAXP00223,40,738100,Business,1,0,0,0,-0.086,0.394,0.949,Low
TAXP00224,36,297700,Salary,1,0,0,0,0.039,0.469,0.923,Low
TAXP00225,53,693800,Salary,1,1,0,0,0.279,0.423,0.917,Low
TAXP00226,33,766100,Salary+Business,0,1,0,2,0.291,0.326,0.736,Low
TAXP00227,60,3982100,Salary+Business,1,0,0,0,0.015,0.585,0.95,Low
TAXP00228,56,2510700,Professional,0,0,0,1,0.184,0.562,0.768,Low
TAXP00229,51,351700,Salary,1,0,0,0,-0.14,0.492,0.934,Low
TAXP00230,32,528500,Salary+Investments,1,1,0,0,0.053,0.316,0.942,Low
TAXP00231,48,226600,Salary+Business,1,0,0,0,0.137,0.559,0.952,Low
TAXP00232,57,424800,Professional,1,0,157800,0,0.344,0.087,0.124,High
TAXP00233,24,815800,Professional,1,0,0,1,0.291,0.133,0.957,Low
TAXP00234,28,1548700,Salary+Investments,1,0,30100,0,0.133,0.195,0.816,Low
TAXP00235,44,384500,Multiple,1,0,0,0,-0.046,0.096,0.98,Low
TAXP00236,37,405900,Business,1,0,0,0,0.317,0.195,0.98,Low
TAXP00237,52,150000,Salary,1,2,0,2,0.046,0.333,0.78,Low
TAXP00238,39,578200,Salary,0,0,0,0,0.172,0.019,0.894,Low
TAXP00239,65,302500,Salary+Business,0,3,0,1,0.08,0.226,0.673,Medium
TAXP00240,34,444000,Professional,1,3,0,0,0.419,0.626,0.765,Low
TAXP00241,37,345700,Salary,0,2,0,0,0.002,0.211,0.837,Low
TAXP00242,21,607300,Salary,1,0,0,0,0.247,0.294,0.915,Low
TAXP00243,32,183400,Salary+Investments,1,1,23000,0,0.086,0.589,0.661,Medium
TAXP00244,31,226000,Salary+Investments,1,0,0,1,0.191,0.286,0.938,Low
TAXP00245,55,3011000,Multiple,1,0,0,0,0.359,0.115,0.98,Low
TAXP00246,36,257200,Business,1,0,0,0,-0.221,0.552,0.956,Low
TAXP00247,30,295100,Salary+Business,1,0,98800,0,0.09,0.294,0.488,Medium
TAXP00248,35,2439500,Salary+Investments,1,1,56100,0,-0.043,0.095,0.577,Medium
TAXP00249,46,5263900,Salary,1,1,0,0,0.171,0.256,0.924,Low
TAXP00250,56,279600,Salary,1,3,0,0,0.211,0.076,0.811,Low
TAXP00251,65,498600,Multiple,1,0,0,0,0.025,0.048,0.948,Low
TAXP00252,23,831200,Salary,1,2,0,0,0.016,0.301,0.834,Low
TAXP00253,58,2256600,Business,1,1,16600,2,0.133,0.134,0.702,Low
TAXP00254,38,319400,Professional,1,0,0,0,-0.104,0.528,0.98,Low
TAXP00255,57,544800,Professional,0,1,7900,0,0.153,0.276,0.719,Low
TAXP00256,22,1137600,Salary,1,0,0,0,-0.031,0.185,0.98,Low
TAXP00257,49,888900,Salary+Business,1,1,4600,1,0.217,0.46,0.758,Low
TAXP00258,62,495800,Salary,1,3,0,0,-0.111,0.107,0.869,Low
TAXP00259,22,590300,Salary+Investments,1,0,0,0,0.009,0.21,0.98,Low
TAXP00260,56,241500,Salary,1,0,0,1,-0.02,0.376,0.908,Low
TAXP00261,26,547600,Professional,0,1,0,0,0.052,0.352,0.77,Low
TAXP00262,65,536600,Salary+Business,1,1,102400,1,0.32,0.515,0.364,High
TAXP00263,54,768300,Salary,1,0,0,0,0.235,0.479,0.95,Low
TAXP00264,61,435800,Salary,0,2,39500,1,0.023,0.116,0.556,Medium
TAXP00265,61,912800,Salary+Business,1,1,0,0,0.023,0.163,0.901,Low
TAXP00266,35,1347700,Salary,1,1,0,0,0.242,0.195,0.936,Low
TAXP00267,39,727000,Salary,1,1,0,0,-0.086,0.8,0.826,Low
TAXP00268,52,837300,Business,1,0,0,0,0.104,0.164,0.98,Low
TAXP00269,28,675400,Multiple,0,1,9500,0,0.003,0.079,0.763,Low
TAXP00270,34,650000,Business,1,0,0,0,0.073,0.458,0.98,Low
TAXP00271,25,386600,Salary,1,0,0,0,0.229,0.361,0.951,Low
TAXP00272,60,816400,Multiple,1,0,0,0,-0.007,0.128,0.98,Low
TAXP00273,32,606000,Business,1,1,12600,1,0.256,0.057,0.761,Low
TAXP00274,39,2933800,Business,1,2,14800,0,0.452,0.198,0.743,Low
TAXP00275,41,2017900,Salary,1,1,10600,0,0.197,0.256,0.851,Low
TAXP00276,37,858200,Salary,1,0,0,0,0.087,0.717,0.885,Low
TAXP00277,56,375200,Salary,1,0,0,0,0.285,0.209,0.977,Low
TAXP00278,62,291800,Professional,1,0,0,0,-0.077,0.138,0.957,Low
TAXP00279,46,1532400,Salary,1,0,21200,0,0.343,0.247,0.845,Low
TAXP00280,58,785400,Professional,1,0,0,0,-0.02,0.223,0.956,Low
TAXP00281,25,918400,Salary,1,2,17600,1,0.447,0.408,0.691,Medium
TAXP00282,64,185100,Salary,0,1,55100,0,-0.015,0.335,0.514,Medium
TAXP00283,26,1267400,Salary,1,0,0,1,0.206,0.224,0.976,Low
TAXP00284,23,901600,Business,0,1,5400,0,-0.15,0.16,0.8,Low
TAXP00285,22,292200,Salary+Business,1,2,0,0,0.066,0.369,0.8,Low
TAXP00286,31,462900,Salary,1,1,0,0,-0.073,0.114,0.939,Low
TAXP00287,58,785900,Salary,1,1,0,0,-0.131,0.106,0.957,Low
TAXP00288,34,675000,Salary,1,2,0,1,0.293,0.054,0.829,Low
TAXP00289,56,526700,Salary+Business,1,1,24100,0,-0.096,0.361,0.838,Low
TAXP00290,40,603300,Salary,1,1,0,0,-0.018,0.371,0.929,Low
TAXP00291,25,542200,Salary+Business,1,0,70700,0,-0.036,0.293,0.594,Medium
TAXP00292,42,725500,Salary,1,0,8300,1,0.282,0.317,0.839,Low
TAXP00293,31,1875200,Salary,1,2,0,1,0.263,0.167,0.809,Low
TAXP00294,34,150000,Salary+Business,1,0,0,0,0.303,0.221,0.904,Low
TAXP00295,44,548100,Business,1,1,0,0,-0.026,0.073,0.965,Low
TAXP00296,56,738100,Salary,1,0,0,0,0.316,0.591,0.972,Low
TAXP00297,47,804400,Multiple,1,1,0,0,-0.027,0.223,0.939,Low
TAXP00298,31,497300,Salary,1,1,4700,0,-0.021,0.728,0.872,Low
TAXP00299,53,183500,Salary,0,2,9400,0,-0.012,0.272,0.701,Low
TAXP00300,52,823100,Salary,0,3,0,0,-0.006,0.218,0.725,Low
TAXP00301,31,2254500,Business,1,0,27400,1,0.085,0.178,0.778,Low
TAXP00302,59,215400,Salary+Business,0,1,0,2,-0.034,0.064,0.719,Low
TAXP00303,58,1210700,Salary,1,0,19800,0,0.137,0.024,0.854,Low
TAXP00304,48,513100,Multiple,1,0,13200,0,-0.318,0.242,0.886,Low
TAXP00305,34,621900,Professional,1,1,3500,1,0.137,0.291,0.838,Low
TAXP00306,36,304600,Multiple,1,0,0,1,-0.074,0.335,0.847,Low
TAXP00307,40,510900,Salary+Business,1,1,3100,1,-0.007,0.297,0.912,Low
TAXP00308,29,1657400,Multiple,1,0,0,0,-0.003,0.504,0.94,Low
TAXP00309,34,988800,Professional,1,1,0,0,0.251,0.226,0.917,Low
TAXP00310,27,2262500,Salary,1,1,0,0,0.181,0.238,0.914,Low
TAXP00311,27,1517300,Business,1,1,0,0,0.074,0.276,0.898,Low
TAXP00312,54,891700,Professional,1,0,0,1,-0.014,0.387,0.937,Low
TAXP00313,26,2281500,Business,0,0,0,1,0.225,0.552,0.779,Low
TAXP00314,42,891600,Salary+Business,1,1,10300,0,0.387,0.079,0.841,Low
TAXP00315,40,1179800,Salary,1,0,0,0,0.096,0.095,0.98,Low
TAXP00316,23,525000,Salary+Investments,1,1,9800,0,-0.156,0.074,0.917,Low
TAXP00317,58,681900,Salary,1,1,19300,0,-0.012,0.349,0.788,Low
TAXP00318,65,393400,Multiple,1,0,0,0,0.189,0.151,0.949,Low
TAXP00319,49,1325400,Salary,0,1,2200,0,0.029,0.293,0.783,Low
TAXP00320,51,278300,Salary,1,0,0,0,-0.037,0.133,0.968,Low
TAXP00321,31,1141700,Salary+Business,1,0,0,0,-0.044,0.501,0.925,Low
TAXP00322,58,566600,Salary+Business,1,0,5300,0,0.115,0.401,0.926,Low
TAXP00323,56,1510600,Salary+Business,1,1,19300,0,-0.145,0.306,0.801,Low
TAXP00324,40,1116100,Multiple,1,1,0,0,0.094,0.361,0.951,Low
TAXP00325,52,2411100,Salary,1,0,16300,0,0.114,0.191,0.895,Low
TAXP00326,63,1100100,Salary+Investments,1,0,0,1,0.028,0.456,0.867,Low
TAXP00327,48,209600,Salary,1,1,16300,0,-0.067,0.344,0.752,Low
TAXP00328,29,619400,Business,1,1,0,1,0.263,0.496,0.831,Low
TAXP00329,35,279500,Business,1,0,0,1,-0.113,0.083,0.964,Low
TAXP00330,29,447600,Salary,1,1,52800,1,0.128,0.194,0.614,Medium
TAXP00331,35,1929600,Business,1,1,0,0,0.216,0.157,0.973,Low
TAXP00332,61,1028600,Salary+Business,1,0,0,0,0.126,0.155,0.951,Low
TAXP00333,29,393000,Salary,1,0,55300,0,0.297,0.043,0.689,Medium
TAXP00334,61,313300,Multiple,1,0,6500,0,-0.082,0.409,0.952,Low
TAXP00335,33,665500,Business,1,2,0,0,-0.027,0.105,0.899,Low
TAXP00336,43,270700,Salary,0,1,6400,0,0.026,0.206,0.751,Low
TAXP00337,44,400900,Professional,0,1,0,1,0.627,0.359,0.706,Low
TAXP00338,26,813700,Salary,1,1,0,0,0.181,0.313,0.933,Low
TAXP00339,29,1493400,Salary,0,2,0,0,0.211,0.268,0.709,Low
TAXP00340,34,1007600,Professional,1,1,0,0,0.205,0.138,0.913,Low
TAXP00341,23,150000,Salary,1,1,0,0,0.113,0.205,0.95,Low
TAXP00342,54,809300,Salary,0,0,191300,0,0.268,0.49,0.02,High
TAXP00343,45,684600,Salary+Business,1,1,111300,1,-0.199,0.178,0.371,High
TAXP00344,59,875700,Salary,1,1,0,0,0.144,0.194,0.914,Low
TAXP00345,59,2081100,Salary+Business,1,0,0,0,0.169,0.329,0.857,Low
TAXP00346,36,150000,Salary+Business,0,1,48000,0,0.263,0.188,0.51,Medium
TAXP00347,57,424700,Salary,1,1,17100,0,-0.085,0.165,0.847,Low
TAXP00348,23,994700,Business,1,2,0,0,-0.073,0.144,0.877,Low
TAXP00349,40,208100,Salary,1,0,0,0,-0.063,0.15,0.96,Low
TAXP00350,50,1881200,Professional,0,1,0,0,0.184,0.3,0.769,Low
TAXP00351,41,847400,Salary,1,0,0,1,0.186,0.457,0.895,Low
TAXP00352,54,1195700,Multiple,1,0,0,0,-0.052,0.263,0.98,Low
TAXP00353,59,430900,Salary,1,0,0,0,0.406,0.278,0.958,Low
TAXP00354,40,1167800,Professional,1,1,21800,1,0.146,0.199,0.781,Low
TAXP00355,33,1402900,Salary,1,0,12200,0,0.12,0.346,0.897,Low
TAXP00356,47,768700,Salary,1,2,0,0,0.067,0.43,0.884,Low
TAXP00357,60,769500,Business,0,1,0,0,0.249,0.277,0.767,Low
TAXP00358,65,789700,Business,1,1,0,1,0.162,0.162,0.804,Low
TAXP00359,57,349100,Multiple,1,0,0,0,0.402,0.334,0.906,Low
TAXP00360,32,584500,Salary,1,0,0,0,-0.094,0.162,0.978,Low
TAXP00361,30,582400,Salary,0,1,165500,0,-0.147,0.203,0.02,High
TAXP00362,46,856600,Salary,1,1,0,1,-0.018,0.078,0.859,Low
TAXP00363,39,1335200,Salary,0,0,152700,1,0.189,0.069,0.02,High
TAXP00364,48,303300,Salary+Investments,1,1,0,2,0.032,0.248,0.845,Low
TAXP00365,62,594100,Salary+Investments,0,0,0,1,0.303,0.124,0.802,Low
TAXP00366,45,1888700,Salary+Investments,1,0,8900,0,0.037,0.091,0.92,Low
TAXP00367,36,380500,Salary,1,0,9800,0,0.273,0.3,0.825,Low
TAXP00368,60,359600,Salary,1,0,0,0,-0.033,0.134,0.932,Low
TAXP00369,40,751900,Salary+Business,0,1,2000,2,0.289,0.206,0.662,Medium
TAXP00370,48,1193800,Salary,1,0,0,1,0.319,0.119,0.911,Low
TAXP00371,27,655400,Professional,1,0,2800,0,0.01,0.296,0.927,Low
TAXP00372,43,1692300,Salary,1,1,0,1,0.178,0.312,0.841,Low
TAXP00373,40,1204600,Salary,1,2,0,1,0.143,0.378,0.755,Low
TAXP00374,26,1191600,Salary+Investments,1,2,8300,0,0.183,0.078,0.881,Low
TAXP00375,30,968700,Salary,0,1,26500,0,0.306,0.236,0.651,Medium
TAXP00376,52,3473400,Multiple,1,1,12100,0,0.256,0.499,0.797,Low
TAXP00377,29,560700,Salary,1,0,0,0,0.182,0.201,0.917,Low
TAXP00378,26,153600,Salary,1,1,5500,0,0.206,0.321,0.81,Low
TAXP00379,23,2063200,Salary,0,4,0,0,-0.103,0.164,0.72,Low
TAXP00380,22,467500,Salary,1,2,0,1,0.093,0.246,0.85,Low
TAXP00381,40,702500,Business,1,1,0,0,-0.076,0.081,0.941,Low
TAXP00382,42,1668800,Salary,1,0,0,0,0.097,0.309,0.98,Low
TAXP00383,49,205100,Professional,1,0,0,0,0.279,0.103,0.913,Low
TAXP00384,46,264000,Salary+Investments,1,0,0,0,0.099,0.605,0.927,Low
TAXP00385,45,205200,Salary,1,0,0,0,-0.301,0.077,0.931,Low
TAXP00386,65,366900,Salary,0,1,0,0,-0.067,0.311,0.802,Low
TAXP00387,32,892000,Salary,1,4,0,1,0.193,0.349,0.7,Low
TAXP00388,53,948000,Salary+Business,1,0,0,0,0.014,0.01,0.98,Low
TAXP00389,24,793100,Business,1,1,0,1,0.225,0.549,0.87,Low
TAXP00390,59,235000,Salary,1,0,0,0,-0.093,0.298,0.98,Low
TAXP00391,37,150000,Business,1,0,0,0,0.161,0.332,0.98,Low
TAXP00392,36,675900,Business,0,1,22200,0,0.169,0.225,0.648,Medium
TAXP00393,27,462800,Salary,1,0,18800,1,0.226,0.377,0.8,Low
TAXP00394,43,904800,Salary,1,1,0,1,-0.005,0.249,0.839,Low
TAXP00395,38,1077500,Multiple,1,0,11700,1,0.225,0.143,0.864,Low
TAXP00396,64,718000,Salary,1,0,0,1,0.341,0.286,0.859,Low
TAXP00397,29,1123600,Salary,1,0,10900,0,-0.264,0.222,0.87,Low
TAXP00398,39,766600,Salary,0,1,0,0,0.108,0.1,0.819,Low
TAXP00399,61,952100,Business,1,0,0,1,-0.189,0.078,0.922,Low
TAXP00400,57,391400,Business,1,0,0,0,-0.038,0.145,0.969,Low
TAXP00401,55,571200,Salary,0,3,20700,2,-0.025,0.125,0.478,Medium
TAXP00402,44,748900,Business,0,1,0,0,0.089,0.098,0.817,Low
TAXP00403,60,1173500,Professional,1,0,0,0,0.16,0.242,0.952,Low
TAXP00404,31,489500,Salary,0,1,0,1,0.245,0.276,0.791,Low
TAXP00405,57,946000,Salary+Investments,1,1,46500,1,0.142,0.387,0.645,Medium
TAXP00406,47,536800,Salary,1,0,0,1,0.208,0.39,0.922,Low
TAXP00407,36,597300,Salary,1,1,18500,0,-0.073,0.23,0.81,Low
TAXP00408,30,1181100,Multiple,1,0,0,2,0.269,0.614,0.845,Low
TAXP00409,44,154800,Salary+Business,1,2,3300,0,-0.427,0.139,0.844,Low
TAXP00410,21,255600,Salary,1,0,0,0,0.344,0.301,0.953,Low
TAXP00411,53,223600,Salary+Investments,1,0,0,1,0.316,0.138,0.915,Low
TAXP00412,31,150000,Business,1,0,0,0,0.22,0.202,0.934,Low
TAXP00413,38,398900,Salary,1,0,0,0,0.457,0.344,0.93,Low
TAXP00414,29,1114900,Salary+Investments,1,0,0,0,-0.189,0.412,0.954,Low
TAXP00415,41,529500,Salary+Business,1,3,0,0,0.225,0.342,0.796,Low
TAXP00416,37,749500,Salary,0,3,0,0,0.122,0.195,0.655,Medium
TAXP00417,29,1424000,Professional,0,2,0,1,0.139,0.154,0.709,Low
TAXP00418,60,1690700,Salary,0,0,0,0,-0.086,0.28,0.89,Low
TAXP00419,55,618400,Salary,1,0,0,0,0.163,0.364,0.98,Low
TAXP00420,38,1722500,Multiple,1,0,20800,0,0.156,0.201,0.873,Low
TAXP00421,23,694600,Business,1,0,0,1,-0.01,0.306,0.959,Low
TAXP00422,59,355700,Business,1,0,0,0,0.089,0.139,0.98,Low
TAXP00423,52,423700,Business,1,0,0,1,-0.11,0.406,0.913,Low
TAXP00424,46,223900,Business,1,0,34100,1,0.037,0.192,0.739,Low
TAXP00425,48,342900,Salary,0,1,9600,1,0.254,0.314,0.639,Medium
TAXP00426,21,502300,Multiple,1,0,55600,0,0.257,0.436,0.655,Medium
TAXP00427,42,1159300,Professional,1,0,0,0,0.223,0.292,0.947,Low
TAXP00428,29,2243800,Professional,1,0,0,0,0.254,0.344,0.932,Low
TAXP00429,50,240300,Business,1,1,0,0,0.256,0.374,0.898,Low
TAXP00430,62,862500,Salary,1,0,8600,0,-0.003,0.415,0.937,Low
TAXP00431,44,307300,Salary,1,1,0,0,0.154,0.367,0.831,Low
TAXP00432,48,914800,Salary,1,3,0,0,0.274,0.237,0.854,Low
TAXP00433,51,591500,Salary,1,3,0,0,-0.121,0.43,0.795,Low
TAXP00434,62,173900,Professional,1,1,9900,1,-0.122,0.269,0.845,Low
TAXP00435,22,1268200,Salary+Investments,1,0,0,0,-0.131,0.205,0.968,Low
TAXP00436,34,420500,Salary,1,1,5300,1,-0.186,0.261,0.824,Low
TAXP00437,33,442600,Salary,1,0,0,0,-0.068,0.455,0.957,Low
TAXP00438,53,300900,Professional,1,1,43500,1,0.016,0.374,0.683,Medium
TAXP00439,41,405800,Salary,1,4,0,0,0.342,0.405,0.764,Low
TAXP00440,55,884500,Multiple,1,0,0,1,0.03,0.342,0.875,Low
TAXP00441,42,567200,Salary,1,1,7000,0,-0.143,0.372,0.924,Low
TAXP00442,64,823500,Salary,1,0,0,0,0.127,0.281,0.907,Low
TAXP00443,55,843500,Salary,1,1,0,1,0.07,0.295,0.866,Low
TAXP00444,21,1682200,Multiple,1,0,0,0,-0.025,0.185,0.955,Low
TAXP00445,65,507800,Salary,1,1,0,0,0.006,0.567,0.933,Low
TAXP00446,63,224400,Professional,1,1,0,0,0.271,0.156,0.927,Low
TAXP00447,22,1401600,Salary,1,1,0,0,-0.126,0.202,0.949,Low
TAXP00448,38,512000,Salary,1,1,0,1,-0.167,0.4,0.843,Low
TAXP00449,64,1450200,Salary+Investments,1,0,0,2,0.175,0.333,0.894,Low
TAXP00450,58,856600,Salary,0,1,0,1,0.002,0.19,0.786,Low
TAXP00451,42,591400,Salary,1,1,0,0,0.348,0.25,0.835,Low
TAXP00452,45,835600,Business,0,0,0,0,0.075,0.335,0.819,Low
TAXP00453,22,2648400,Salary+Investments,1,0,0,0,0.084,0.489,0.933,Low
TAXP00454,46,2899800,Salary,1,1,3600,0,0.226,0.352,0.873,Low
TAXP00455,50,683300,Salary,1,0,38300,1,-0.168,0.458,0.645,Medium
TAXP00456,37,729500,Multiple,0,1,0,0,0.154,0.276,0.801,Low
TAXP00457,34,1410700,Professional,1,2,6900,0,0.042,0.128,0.823,Low
TAXP00458,58,353600,Salary+Investments,1,1,0,0,0.264,0.177,0.98,Low
TAXP00459,41,826200,Salary+Business,1,2,0,2,-0.003,0.186,0.792,Low
TAXP00460,32,638000,Professional,1,2,0,0,0.128,0.248,0.885,Low
TAXP00461,37,814800,Salary,0,0,0,1,0.043,0.164,0.829,Low
TAXP00462,43,356700,Salary,0,2,0,1,0.166,0.113,0.689,Medium
TAXP00463,32,207000,Salary+Business,1,0,0,0,0.06,0.233,0.978,Low
TAXP00464,46,150000,Salary+Business,1,0,0,0,0.142,0.388,0.958,Low
TAXP00465,59,290700,Multiple,1,0,0,1,0.381,0.02,0.953,Low
TAXP00466,54,467200,Business,1,0,0,1,0.054,0.717,0.889,Low
TAXP00467,31,526300,Salary,1,1,0,2,0.164,0.247,0.889,Low
TAXP00468,42,2622200,Business,1,0,0,1,0.466,0.168,0.916,Low
TAXP00469,45,1441300,Professional,0,1,17700,2,0.162,0.01,0.681,Medium
TAXP00470,51,325100,Business,1,0,0,0,-0.289,0.376,0.891,Low
TAXP00471,55,834900,Salary+Business,1,1,0,0,-0.007,0.181,0.909,Low
TAXP00472,42,484900,Business,1,1,0,2,-0.093,0.185,0.797,Low
TAXP00473,35,529700,Salary,1,0,35800,1,0.248,0.235,0.773,Low
TAXP00474,50,742800,Business,0,1,0,0,0.085,0.233,0.776,Low
TAXP00475,26,1015100,Professional,1,1,0,2,0.27,0.283,0.832,Low
TAXP00476,51,509100,Salary+Investments,0,1,302800,2,0.198,0.11,0.02,High
TAXP00477,61,1398200,Salary,1,2,0,1,0.197,0.559,0.795,Low
TAXP00478,52,285700,Business,1,0,4700,0,-0.096,0.125,0.98,Low
TAXP00479,40,653000,Business,1,1,0,0,0.181,0.206,0.958,Low
TAXP00480,58,4218800,Business,1,0,27600,0,0.319,0.245,0.791,Low
TAXP00481,44,763300,Salary,1,1,0,0,-0.132,0.162,0.907,Low
TAXP00482,45,1824200,Salary+Investments,1,0,0,0,0.049,0.096,0.98,Low
TAXP00483,59,694300,Salary+Investments,1,1,0,0,0.157,0.162,0.888,Low
TAXP00484,29,987500,Business,1,0,0,0,0.116,0.252,0.98,Low
TAXP00485,56,624000,Business,1,2,0,0,0.33,0.079,0.924,Low
TAXP00486,51,574900,Salary,1,0,3500,0,0.217,0.072,0.98,Low
TAXP00487,44,370800,Business,1,0,60700,0,0.165,0.296,0.695,Medium
TAXP00488,24,886100,Business,1,1,8700,0,0.231,0.463,0.874,Low
TAXP00489,55,352100,Salary+Business,1,3,0,0,0.222,0.073,0.856,Low
TAXP00490,30,1049600,Salary,1,0,9300,1,0.107,0.368,0.841,Low
TAXP00491,61,1420000,Salary+Business,1,0,11000,0,0.043,0.312,0.881,Low
TAXP00492,56,846300,Salary,1,0,0,2,0.258,0.212,0.826,Low
TAXP00493,37,528900,Professional,1,0,0,0,-0.019,0.374,0.934,Low
TAXP00494,40,901300,Professional,1,1,0,0,0.088,0.351,0.98,Low
TAXP00495,22,520500,Salary,1,0,0,0,-0.085,0.148,0.98,Low
TAXP00496,43,1274800,Business,1,2,0,1,0.217,0.176,0.788,Low
TAXP00497,23,173900,Salary+Investments,1,2,0,1,0.297,0.293,0.826,Low
TAXP00498,65,510500,Professional,1,1,0,1,-0.05,0.231,0.882,Low
TAXP00499,49,155000,Salary,0,0,0,0,0.075,0.255,0.828,Low
TAXP00500,31,221500,Business,1,0,7100,0,0.023,0.495,0.867,Low
TAXP00501,57,1735300,Salary,1,0,0,0,0.272,0.341,0.933,Low
TAXP00502,21,1238300,Professional,1,2,13700,0,0.327,0.052,0.841,Low
TAXP00503,45,387200,Professional,1,1,0,1,0.023,0.061,0.939,Low
TAXP00504,26,220300,Salary,1,0,17700,0,-0.395,0.33,0.889,Low
TAXP00505,23,150000,Professional,1,1,32400,0,0.284,0.276,0.699,Medium
TAXP00506,32,439500,Salary+Business,0,1,11900,0,0.107,0.727,0.663,Medium
TAXP00507,34,3713300,Salary+Business,0,1,0,0,0.108,0.161,0.809,Low
TAXP00508,53,889000,Salary,1,0,0,0,0.254,0.156,0.98,Low
TAXP00509,61,434400,Salary,1,1,0,1,0.042,0.397,0.83,Low
TAXP00510,55,908500,Business,1,0,0,1,-0.001,0.449,0.898,Low
TAXP00511,54,211300,Salary,1,1,19300,0,0.043,0.193,0.859,Low
TAXP00512,46,524700,Business,1,0,0,0,0.178,0.207,0.971,Low
TAXP00513,37,698300,Salary,0,0,0,0,0.241,0.237,0.824,Low
TAXP00514,32,610900,Salary,1,1,6600,0,0.361,0.238,0.889,Low
TAXP00515,63,1148700,Professional,1,2,0,0,0.165,0.14,0.919,Low
TAXP00516,44,833100,Salary,1,0,39000,0,0.077,0.098,0.778,Low
TAXP00517,46,1051700,Salary+Business,1,0,0,2,0.242,0.437,0.833,Low
TAXP00518,21,396000,Salary,1,1,0,0,-0.055,0.178,0.98,Low
TAXP00519,41,1240700,Business,1,1,0,0,0.327,0.402,0.896,Low
TAXP00520,51,2100200,Salary,1,1,0,0,0.134,0.107,0.964,Low
TAXP00521,43,323300,Salary+Business,0,0,30300,0,0.063,0.17,0.686,Medium
TAXP00522,48,343000,Salary+Business,1,2,36200,0,-0.055,0.299,0.746,Low
TAXP00523,57,1700600,Salary,0,2,0,1,0.2,0.229,0.746,Low
TAXP00524,21,566300,Professional,1,1,0,2,0.055,0.177,0.914,Low
TAXP00525,61,1786000,Salary,1,1,35000,0,0.085,0.438,0.709,Low
TAXP00526,57,472600,Business,1,0,0,0,-0.167,0.109,0.98,Low
TAXP00527,39,1853100,Salary,1,0,0,0,0.03,0.233,0.98,Low
TAXP00528,55,714500,Business,1,2,0,0,0.009,0.299,0.879,Low
TAXP00529,23,782800,Salary,1,0,21200,0,0.167,0.309,0.855,Low
TAXP00530,34,2005300,Salary+Investments,1,0,0,0,0.057,0.406,0.934,Low
TAXP00531,25,500900,Business,1,0,0,0,-0.324,0.192,0.936,Low
TAXP00532,49,330100,Business,0,1,71500,0,0.034,0.232,0.4,High
TAXP00533,59,470600,Salary,0,2,2800,2,-0.133,0.219,0.586,Medium
TAXP00534,48,900200,Salary,1,2,0,0,-0.067,0.413,0.825,Low
TAXP00535,53,210500,Salary,1,1,0,0,0.261,0.151,0.911,Low
TAXP00536,27,1028600,Salary+Investments,1,0,123200,0,-0.17,0.396,0.307,High
TAXP00537,63,441000,Salary+Business,0,1,0,1,0.147,0.116,0.741,Low
TAXP00538,29,1485300,Salary,0,2,37100,0,0.019,0.111,0.654,Medium
TAXP00539,44,150000,Salary+Business,0,0,0,1,-0.012,0.146,0.82,Low
TAXP00540,51,368900,Salary,1,0,0,1,-0.057,0.335,0.977,Low
TAXP00541,59,193000,Salary,1,1,12700,0,0.151,0.184,0.886,Low
TAXP00542,63,358600,Business,1,0,0,1,0.169,0.119,0.98,Low
TAXP00543,47,776900,Salary,1,2,0,0,-0.176,0.163,0.866,Low
TAXP00544,46,571300,Salary,1,1,0,0,0.284,0.183,0.897,Low
TAXP00545,39,541600,Professional,1,2,10300,0,-0.09,0.294,0.776,Low
TAXP00546,46,579600,Salary,1,0,0,0,0.162,0.271,0.98,Low
TAXP00547,51,752500,Salary+Investments,1,0,14600,0,-0.089,0.381,0.904,Low
TAXP00548,50,314500,Professional,1,1,0,0,0.027,0.355,0.878,Low
TAXP00549,47,1081300,Salary+Investments,1,2,0,0,-0.105,0.182,0.9,Low
TAXP00550,40,1047400,Professional,1,2,15300,0,0.015,0.024,0.85,Low
TAXP00551,29,857700,Salary+Investments,1,0,73500,0,0.068,0.208,0.571,Medium
TAXP00552,23,970400,Salary,1,1,4400,1,-0.084,0.326,0.825,Low
TAXP00553,39,804600,Business,1,0,0,0,0.15,0.225,0.935,Low
TAXP00554,38,2813600,Business,0,1,0,0,0.171,0.147,0.791,Low
TAXP00555,48,610500,Salary+Investments,1,0,0,0,0.533,0.258,0.956,Low
TAXP00556,61,521100,Salary,0,1,0,0,0.249,0.364,0.734,Low
TAXP00557,52,377800,Business,1,1,0,1,0.288,0.368,0.818,Low
TAXP00558,57,309100,Salary+Business,1,0,0,1,-0.183,0.379,0.902,Low
TAXP00559,47,265300,Salary,0,0,0,2,-0.213,0.256,0.711,Low
TAXP00560,62,342800,Salary+Investments,1,0,0,0,0.052,0.181,0.979,Low
TAXP00561,63,617700,Salary,1,0,0,0,0.386,0.347,0.975,Low
TAXP00562,27,826900,Salary,1,1,0,0,0.496,0.263,0.893,Low
TAXP00563,49,674400,Business,1,1,0,0,-0.01,0.46,0.839,Low
TAXP00564,43,374600,Business,1,0,0,0,0.006,0.447,0.918,Low
TAXP00565,64,1242800,Salary,0,1,0,1,0.187,0.218,0.736,Low
TAXP00566,47,1106900,Salary,1,1,5700,0,0.068,0.355,0.916,Low
TAXP00567,21,579400,Salary,1,1,0,1,0.072,0.081,0.932,Low
TAXP00568,30,406200,Salary+Business,1,0,13000,1,0.202,0.122,0.867,Low
TAXP00569,26,964700,Salary+Investments,1,1,0,0,0.534,0.365,0.906,Low
TAXP00570,30,744200,Business,0,1,4100,0,0.309,0.423,0.751,Low
TAXP00571,25,229100,Salary,1,1,16700,1,0.399,0.121,0.776,Low
TAXP00572,56,619000,Business,1,1,84700,1,-0.195,0.01,0.503,Medium
TAXP00573,43,785000,Salary+Investments,1,1,7700,0,0.272,0.691,0.857,Low
TAXP00574,51,340100,Salary+Business,1,0,0,0,-0.052,0.155,0.98,Low
TAXP00575,65,745200,Salary,0,1,0,0,0.368,0.21,0.775,Low
TAXP00576,50,228000,Salary,1,0,0,0,0.317,0.257,0.939,Low
TAXP00577,42,1701100,Salary+Investments,1,2,0,0,0.197,0.286,0.902,Low
TAXP00578,33,1596400,Salary+Investments,1,1,62000,0,-0.019,0.361,0.639,Medium
TAXP00579,54,541900,Salary,1,0,43300,0,0.023,0.468,0.761,Low
TAXP00580,43,844400,Salary+Investments,1,0,0,1,0.036,0.408,0.879,Low
TAXP00581,55,150000,Salary,0,1,0,0,0.222,0.086,0.828,Low
TAXP00582,22,282700,Salary,1,0,0,0,0.165,0.028,0.98,Low
TAXP00583,28,526100,Salary+Business,1,1,0,0,0.327,0.089,0.91,Low
TAXP00584,26,300400,Business,1,0,0,0,0.358,0.257,0.91,Low
TAXP00585,51,1087200,Salary,1,0,0,1,-0.035,0.277,0.963,Low
TAXP00586,44,2738100,Salary+Investments,1,2,7300,2,0.176,0.113,0.705,Low
TAXP00587,35,278600,Salary+Investments,1,0,0,0,0.174,0.208,0.948,Low
TAXP00588,34,355700,Salary,0,1,146800,0,0.085,0.295,0.02,High
TAXP00589,48,770100,Professional,1,0,0,0,0.251,0.129,0.923,Low
TAXP00590,64,2073500,Salary+Business,1,0,0,0,0.179,0.481,0.937,Low
TAXP00591,65,269600,Business,1,0,0,0,0.008,0.354,0.98,Low
TAXP00592,42,777700,Multiple,1,0,0,0,0.077,0.092,0.963,Low
TAXP00593,51,2412200,Professional,1,0,0,0,0.044,0.142,0.98,Low
TAXP00594,24,197900,Salary,1,2,16000,0,-0.016,0.451,0.77,Low
TAXP00595,63,258400,Salary,1,0,0,0,0.086,0.22,0.98,Low
TAXP00596,21,479100,Salary+Investments,1,1,0,0,-0.108,0.458,0.91,Low
TAXP00597,36,446800,Multiple,1,1,0,0,0.176,0.524,0.967,Low
TAXP00598,53,1166800,Salary,1,1,0,0,0.325,0.259,0.911,Low
TAXP00599,64,773500,Salary,0,2,0,0,0.108,0.229,0.753,Low
TAXP00600,28,181100,Salary+Business,0,3,0,0,0.251,0.048,0.739,Low
TAXP00601,50,942100,Salary,1,0,0,1,0.125,0.186,0.927,Low
TAXP00602,29,428900,Salary,0,2,25100,1,-0.064,0.119,0.629,Medium
TAXP00603,23,1627100,Salary+Investments,1,0,0,0,0.421,0.21,0.926,Low
TAXP00604,40,413700,Salary+Business,1,1,0,0,-0.288,0.345,0.901,Low
TAXP00605,46,411000,Salary+Investments,0,0,0,1,0.102,0.168,0.729,Low
TAXP00606,32,959700,Professional,1,0,0,0,-0.023,0.1,0.978,Low
TAXP00607,64,1125800,Salary,1,0,0,0,0.353,0.273,0.938,Low
TAXP00608,48,897500,Salary+Investments,1,1,53000,1,0.135,0.24,0.614,Medium
TAXP00609,40,193100,Salary,1,0,55900,0,0.509,0.206,0.619,Medium
TAXP00610,42,957500,Salary,1,1,0,1,0.106,0.457,0.866,Low
TAXP00611,41,308700,Salary+Investments,1,0,0,1,-0.022,0.16,0.872,Low
TAXP00612,26,770000,Professional,0,0,0,1,-0.174,0.318,0.728,Low
TAXP00613,48,233200,Salary+Investments,0,0,0,0,0.277,0.271,0.854,Low
TAXP00614,56,896300,Salary,1,1,77100,0,-0.034,0.314,0.532,Medium
TAXP00615,39,363700,Multiple,1,0,0,0,0.033,0.554,0.968,Low
TAXP00616,40,258100,Professional,0,0,32100,0,0.296,0.338,0.71,Low
TAXP00617,61,1086700,Professional,1,0,0,0,0.269,0.202,0.953,Low
TAXP00618,48,773500,Salary+Investments,1,0,0,1,0.002,0.227,0.927,Low
TAXP00619,34,417800,Salary,1,0,6000,0,0.027,0.245,0.92,Low
TAXP00620,21,1847900,Salary+Business,1,0,0,1,-0.181,0.131,0.928,Low
TAXP00621,58,473300,Professional,1,0,38300,0,-0.229,0.369,0.721,Low
TAXP00622,49,665200,Salary+Business,0,1,55200,1,0.222,0.33,0.454,Medium
TAXP00623,49,788900,Salary+Investments,1,0,0,0,0.24,0.204,0.972,Low
TAXP00624,33,416100,Professional,0,1,0,1,0.157,0.163,0.755,Low
TAXP00625,29,912500,Salary,1,1,0,2,0.13,0.267,0.792,Low
TAXP00626,43,442700,Salary,1,1,0,1,-0.013,0.169,0.899,Low
TAXP00627,55,483300,Multiple,1,0,0,0,0.335,0.328,0.915,Low
TAXP00628,34,1733800,Multiple,1,0,0,0,-0.185,0.119,0.98,Low
TAXP00629,44,307300,Multiple,1,2,0,0,0.025,0.366,0.88,Low
TAXP00630,65,150000,Salary,1,1,8200,0,0.126,0.17,0.952,Low
TAXP00631,30,2073200,Salary,1,1,3200,0,0.1,0.473,0.895,Low
TAXP00632,31,4074400,Salary+Business,1,1,0,0,0.1,0.19,0.968,Low
TAXP00633,31,485500,Salary+Business,1,1,0,0,0.017,0.267,0.906,Low
TAXP00634,62,161200,Salary,1,2,0,0,0.187,0.101,0.868,Low
TAXP00635,44,519800,Professional,0,2,0,2,-0.094,0.206,0.618,Medium
TAXP00636,62,528900,Salary,1,0,1200,0,0.077,0.262,0.905,Low
TAXP00637,63,566900,Business,1,2,22800,0,0.169,0.311,0.753,Low
TAXP00638,39,291600,Salary,1,0,15900,0,0.047,0.485,0.892,Low
TAXP00639,23,986600,Salary,1,3,0,0,0.101,0.077,0.83,Low
TAXP00640,34,948200,Salary,1,0,11700,1,0.134,0.447,0.85,Low
TAXP00641,45,221600,Salary+Investments,1,2,51500,2,-0.182,0.293,0.522,Medium
TAXP00642,38,1075300,Salary+Business,1,1,0,1,-0.167,0.081,0.886,Low
TAXP00643,21,2849500,Multiple,1,1,0,1,0.121,0.492,0.867,Low
TAXP00644,65,735700,Business,1,2,0,0,0.003,0.291,0.805,Low
TAXP00645,34,509800,Salary,0,0,0,0,0.012,0.219,0.867,Low
TAXP00646,48,586800,Salary,1,1,0,0,0.191,0.477,0.895,Low
TAXP00647,63,1012300,Professional,0,2,0,2,-0.058,0.048,0.65,Medium
TAXP00648,45,187000,Salary,0,0,0,1,-0.286,0.396,0.697,Medium
TAXP00649,52,731700,Salary+Business,1,2,191300,0,0.365,0.082,0.02,High
TAXP00650,22,490700,Salary+Business,1,0,49500,0,0.294,0.257,0.767,Low
TAXP00651,52,2458700,Salary+Investments,1,0,3300,1,0.292,0.286,0.89,Low
TAXP00652,59,573400,Salary,1,1,12200,0,-0.079,0.187,0.927,Low
TAXP00653,62,2160000,Business,1,0,0,0,0.088,0.105,0.98,Low
TAXP00654,24,293600,Salary,1,0,6700,1,-0.103,0.171,0.84,Low
TAXP00655,31,992100,Salary,1,1,0,0,0.09,0.312,0.945,Low
TAXP00656,23,818100,Salary+Business,1,1,61600,0,0.044,0.404,0.629,Medium
TAXP00657,62,347700,Business,1,0,34600,0,-0.072,0.114,0.776,Low
TAXP00658,33,738600,Salary+Business,1,0,0,0,0.181,0.115,0.98,Low
TAXP00659,44,1556200,Salary,1,1,0,1,0.059,0.246,0.833,Low
TAXP00660,42,514800,Multiple,1,1,0,2,0.376,0.128,0.828,Low
TAXP00661,51,192200,Multiple,0,1,0,0,0.114,0.119,0.792,Low
TAXP00662,61,641800,Business,1,0,0,0,-0.308,0.071,0.98,Low
TAXP00663,35,339400,Salary+Investments,0,1,0,0,-0.19,0.369,0.818,Low
TAXP00664,56,508000,Salary,1,1,0,0,0.435,0.471,0.887,Low
TAXP00665,34,612900,Salary+Business,1,2,0,0,0.043,0.198,0.898,Low
TAXP00666,29,190400,Salary+Investments,1,2,12300,1,0.138,0.422,0.655,Medium
TAXP00667,25,203100,Salary+Business,1,0,0,0,0.102,0.164,0.942,Low
TAXP00668,37,919700,Salary+Business,1,0,23300,2,0.327,0.36,0.69,Medium
TAXP00669,46,446100,Business,1,1,0,0,-0.205,0.274,0.92,Low
TAXP00670,56,150000,Salary+Business,1,1,0,1,0.313,0.2,0.913,Low
TAXP00671,59,1143700,Professional,1,1,0,0,0.302,0.129,0.864,Low
TAXP00672,44,790800,Salary,1,1,17900,0,0.101,0.213,0.89,Low
TAXP00673,39,388800,Salary,1,0,0,0,0.166,0.097,0.98,Low
TAXP00674,28,251900,Salary+Business,1,0,0,0,0.041,0.076,0.97,Low
TAXP00675,62,1186500,Professional,1,1,0,1,-0.17,0.209,0.781,Low
TAXP00676,38,835900,Business,1,1,0,0,0.193,0.332,0.848,Low
TAXP00677,55,3613600,Salary+Investments,1,1,0,0,0.139,0.278,0.895,Low
TAXP00678,49,879600,Professional,1,0,0,0,0.143,0.198,0.896,Low
TAXP00679,62,859300,Salary,1,0,0,0,0.177,0.329,0.974,Low
TAXP00680,64,576400,Salary,1,0,13300,1,0.003,0.462,0.819,Low
TAXP00681,52,1170300,Professional,0,2,0,1,0.339,0.271,0.638,Medium
TAXP00682,50,1019500,Salary+Business,1,2,0,0,0.101,0.188,0.931,Low
TAXP00683,27,1600700,Business,0,2,0,0,0.187,0.322,0.73,Low
TAXP00684,21,446600,Business,0,1,28500,1,0.056,0.128,0.605,Medium
TAXP00685,45,475100,Salary+Business,1,3,0,0,0.268,0.478,0.782,Low
TAXP00686,52,460400,Salary+Business,1,1,0,0,0.117,0.116,0.971,Low
TAXP00687,54,1148700,Salary+Investments,1,1,0,0,0.086,0.1,0.923,Low
TAXP00688,32,1911800,Salary,0,1,5200,0,0.293,0.243,0.754,Low
TAXP00689,43,467100,Salary+Business,0,0,0,1,-0.176,0.24,0.815,Low
TAXP00690,59,478700,Business,1,0,8800,0,0.055,0.239,0.9,Low
TAXP00691,25,814900,Salary,0,0,23500,1,0.002,0.278,0.634,Medium
TAXP00692,38,544600,Professional,1,0,0,0,0.16,0.327,0.98,Low
TAXP00693,63,1290100,Salary+Business,1,3,0,0,0.151,0.168,0.817,Low
TAXP00694,29,150000,Business,1,0,0,0,0.098,0.187,0.927,Low
TAXP00695,35,358400,Salary+Business,1,1,0,0,-0.014,0.135,0.89,Low
TAXP00696,42,370000,Salary,1,0,0,0,0.096,0.131,0.98,Low
TAXP00697,51,150000,Salary,1,1,0,0,0.152,0.286,0.878,Low
TAXP00698,32,324800,Salary,1,2,0,0,0.071,0.443,0.867,Low
TAXP00699,56,336300,Salary,1,1,0,0,0.277,0.481,0.86,Low
TAXP00700,31,562400,Professional,0,1,0,0,0.198,0.46,0.801,Low
TAXP00701,37,1448500,Salary+Investments,1,1,0,0,0.103,0.091,0.98,Low
TAXP00702,46,544900,Salary+Business,1,0,0,0,-0.275,0.211,0.944,Low
TAXP00703,21,309400,Salary,1,0,0,0,0.065,0.129,0.952,Low
TAXP00704,55,623900,Salary,1,0,0,0,0.201,0.122,0.951,Low
TAXP00705,51,1383500,Salary,0,2,163800,0,0.055,0.194,0.02,High
TAXP00706,58,321900,Professional,1,1,0,1,0.149,0.144,0.967,Low
TAXP00707,33,337400,Salary,1,1,0,0,0.064,0.36,0.883,Low
TAXP00708,38,971800,Business,0,0,115600,0,0.137,0.229,0.201,High
TAXP00709,61,554200,Salary+Business,1,0,0,0,0.324,0.224,0.98,Low
TAXP00710,24,1036000,Professional,1,0,0,0,0.226,0.675,0.93,Low
TAXP00711,43,643600,Salary,0,0,0,1,-0.107,0.272,0.829,Low
TAXP00712,42,1077300,Salary,1,2,0,0,-0.165,0.4,0.848,Low
TAXP00713,41,308500,Professional,0,1,86500,0,0.171,0.288,0.301,High
TAXP00714,40,644400,Business,1,0,23000,1,0.287,0.256,0.797,Low
TAXP00715,54,558500,Salary,0,2,0,0,-0.166,0.31,0.763,Low
TAXP00716,29,270800,Salary+Investments,1,0,0,0,0.066,0.117,0.971,Low
TAXP00717,61,210900,Business,1,0,13000,1,0.48,0.183,0.91,Low
TAXP00718,61,1065000,Business,0,0,0,1,0.057,0.418,0.755,Low
TAXP00719,29,504900,Salary,1,1,12200,0,0.504,0.592,0.764,Low
TAXP00720,64,311400,Salary,1,1,23500,0,-0.032,0.052,0.825,Low
TAXP00721,32,606500,Salary,1,1,0,1,-0.004,0.237,0.895,Low
TAXP00722,23,1464300,Salary,1,1,0,0,-0.012,0.178,0.945,Low
TAXP00723,38,150000,Business,1,3,0,0,-0.105,0.062,0.857,Low
TAXP00724,56,221300,Business,0,3,0,0,-0.171,0.168,0.715,Low
TAXP00725,59,334500,Salary+Investments,1,0,0,0,0.065,0.034,0.98,Low
TAXP00726,50,1861300,Multiple,1,1,0,0,0.123,0.453,0.886,Low
TAXP00727,57,796700,Salary,1,0,0,0,-0.015,0.125,0.98,Low
TAXP00728,32,1129400,Salary,1,0,3400,0,0.024,0.121,0.968,Low
TAXP00729,60,286000,Salary+Business,1,1,0,0,0.331,0.239,0.93,Low
TAXP00730,49,290300,Multiple,0,1,6700,1,0.255,0.126,0.708,Low
TAXP00731,27,897300,Salary+Investments,0,1,0,1,0.059,0.194,0.714,Low
TAXP00732,26,677900,Salary,1,1,8800,2,0.169,0.221,0.768,Low
TAXP00733,33,964900,Salary,1,1,2300,0,-0.162,0.075,0.98,Low
TAXP00734,24,567800,Salary,1,0,171200,0,0.143,0.314,0.076,High
TAXP00735,33,794100,Salary+Investments,1,1,0,0,0.09,0.141,0.926,Low
TAXP00736,65,728400,Business,1,1,76500,1,0.04,0.315,0.477,Medium
TAXP00737,31,1137900,Business,1,2,0,0,0.105,0.176,0.91,Low
TAXP00738,49,1162100,Business,0,1,98300,0,0.079,0.073,0.316,High
TAXP00739,64,202500,Salary,1,2,0,1,-0.11,0.049,0.816,Low
TAXP00740,32,150000,Professional,1,0,0,0,0.369,0.253,0.963,Low
TAXP00741,52,1337100,Salary,1,2,0,1,0.252,0.498,0.743,Low
TAXP00742,41,1528600,Professional,0,0,0,0,0.038,0.127,0.888,Low
TAXP00743,33,311700,Salary+Business,1,0,0,0,-0.182,0.093,0.98,Low
TAXP00744,63,170400,Professional,1,1,0,1,-0.293,0.368,0.857,Low
TAXP00745,50,698000,Salary,1,2,0,1,0.421,0.475,0.855,Low
TAXP00746,40,1270500,Salary+Investments,1,1,17500,0,0.072,0.286,0.83,Low
TAXP00747,57,2371400,Salary+Business,1,0,0,0,0.222,0.103,0.98,Low
TAXP00748,61,942700,Salary,1,1,0,0,-0.052,0.096,0.917,Low
TAXP00749,56,497400,Salary,1,3,35100,0,0.051,0.523,0.683,Medium
TAXP00750,60,341700,Professional,0,1,0,0,0.059,0.512,0.752,Low
TAXP00751,35,655400,Salary,0,0,30300,0,0.139,0.35,0.675,Medium
TAXP00752,36,524000,Salary,0,2,0,0,0.114,0.026,0.722,Low
TAXP00753,31,313000,Salary,1,1,0,0,-0.048,0.406,0.916,Low
TAXP00754,52,2841500,Salary,0,5,0,0,-0.049,0.358,0.596,Medium
TAXP00755,57,2350300,Business,0,0,6000,1,0.087,0.107,0.761,Low
TAXP00756,50,1472800,Professional,1,0,6500,1,-0.181,0.216,0.955,Low
TAXP00757,47,334900,Salary,1,1,7500,1,-0.032,0.333,0.791,Low
TAXP00758,55,1203000,Salary+Business,1,1,0,0,0.075,0.326,0.921,Low
TAXP00759,29,1030200,Salary,1,1,17600,0,0.164,0.261,0.871,Low
TAXP00760,37,893900,Salary,1,2,0,0,0.341,0.388,0.85,Low
TAXP00761,52,1598400,Salary,1,1,0,1,0.024,0.039,0.857,Low
TAXP00762,23,1027000,Salary+Business,0,2,0,0,0.106,0.542,0.738,Low
TAXP00763,61,1107400,Multiple,1,0,48600,0,-0.199,0.289,0.705,Low
TAXP00764,28,1028200,Business,1,0,30700,0,0.154,0.155,0.887,Low
TAXP00765,56,830800,Salary,1,0,0,0,-0.045,0.295,0.98,Low
TAXP00766,48,180000,Salary,0,1,42000,0,0.051,0.439,0.545,Medium
TAXP00767,59,690300,Salary,0,4,0,0,0.176,0.22,0.624,Medium
TAXP00768,55,435500,Salary+Investments,1,3,0,0,0.183,0.283,0.813,Low
TAXP00769,44,258700,Salary,1,0,0,0,-0.133,0.098,0.962,Low
TAXP00770,55,2181700,Multiple,1,2,40000,0,0.228,0.438,0.657,Medium
TAXP00771,36,2257100,Business,1,1,0,1,0.094,0.394,0.858,Low
TAXP00772,47,1729500,Business,1,1,0,0,0.303,0.474,0.925,Low
TAXP00773,62,781100,Salary+Investments,1,0,20000,2,0.334,0.437,0.75,Low
TAXP00774,24,1718900,Salary,1,0,0,0,0.357,0.198,0.96,Low
TAXP00775,37,655700,Salary+Business,1,0,7700,1,-0.128,0.477,0.91,Low
TAXP00776,21,752200,Salary,1,1,0,1,0.164,0.344,0.775,Low
TAXP00777,45,295800,Salary+Investments,1,1,0,0,-0.152,0.58,0.911,Low
TAXP00778,56,865100,Business,1,2,22000,1,0.308,0.276,0.69,Medium
TAXP00779,22,678900,Salary,1,0,0,1,0.331,0.208,0.953,Low
TAXP00780,45,254400,Salary+Investments,0,4,0,0,0.256,0.463,0.737,Low
TAXP00781,39,626500,Salary,1,1,0,0,0.032,0.39,0.852,Low
TAXP00782,56,613700,Salary,0,3,9100,0,0.187,0.07,0.673,Medium
TAXP00783,30,2371400,Salary+Business,1,0,0,0,0.012,0.351,0.98,Low
TAXP00784,28,1237400,Business,1,0,6800,0,0.102,0.23,0.972,Low
TAXP00785,25,655400,Salary+Investments,1,0,2200,0,0.085,0.346,0.876,Low
TAXP00786,39,777500,Professional,1,2,0,1,-0.22,0.376,0.789,Low
TAXP00787,42,671000,Professional,1,1,0,1,-0.03,0.107,0.98,Low
TAXP00788,62,561600,Salary,1,1,0,1,0.463,0.524,0.841,Low
TAXP00789,41,298200,Salary,1,1,0,0,0.086,0.282,0.926,Low
TAXP00790,28,583000,Multiple,1,2,0,0,0.126,0.283,0.852,Low
TAXP00791,52,379900,Salary,1,1,0,1,0.099,0.131,0.885,Low
TAXP00792,23,264200,Business,0,1,0,1,0.034,0.241,0.818,Low
TAXP00793,36,939200,Salary,1,2,33200,0,0.106,0.506,0.701,Low
TAXP00794,50,861500,Salary,1,1,0,1,0.035,0.252,0.908,Low
TAXP00795,32,179600,Business,1,2,0,2,-0.265,0.592,0.705,Low
TAXP00796,47,595000,Salary+Business,1,2,0,1,0.226,0.229,0.839,Low
TAXP00797,41,1331300,Salary+Business,1,2,0,0,0.358,0.089,0.896,Low
TAXP00798,63,1393600,Salary+Investments,1,0,0,0,-0.086,0.318,0.972,Low
TAXP00799,33,1360500,Salary,0,0,297600,1,0.034,0.287,0.02,High
TAXP00800,61,668500,Business,1,3,0,0,0.34,0.107,0.776,Low
TAXP00801,49,353700,Salary,1,0,0,0,-0.023,0.062,0.953,Low
TAXP00802,54,297900,Salary+Business,1,1,22000,0,0.162,0.091,0.78,Low
TAXP00803,28,833000,Salary,1,0,0,0,0.792,0.268,0.969,Low
TAXP00804,21,854100,Business,0,0,15000,1,0.201,0.223,0.706,Low
TAXP00805,53,1642300,Salary,1,0,0,0,0.111,0.283,0.937,Low
TAXP00806,42,1435100,Salary+Business,0,0,162900,0,0.241,0.101,0.051,High
TAXP00807,34,591000,Salary+Business,1,1,10500,1,0.224,0.328,0.844,Low
TAXP00808,61,265400,Salary+Investments,1,0,6500,0,-0.006,0.059,0.98,Low
TAXP00809,35,516600,Salary,1,2,0,0,-0.178,0.169,0.93,Low
TAXP00810,40,760000,Multiple,0,2,0,0,0.195,0.311,0.707,Low
TAXP00811,53,562000,Salary,0,1,53800,0,0.219,0.382,0.471,Medium
TAXP00812,64,428800,Salary,1,1,0,1,0.052,0.066,0.905,Low
TAXP00813,61,779800,Salary,1,0,0,0,0.363,0.225,0.958,Low
TAXP00814,50,452200,Salary,1,0,0,0,0.331,0.161,0.98,Low
TAXP00815,25,413500,Business,1,0,0,0,0.224,0.146,0.891,Low
TAXP00816,25,813400,Salary,1,0,0,0,0.055,0.13,0.98,Low
TAXP00817,52,486600,Salary,1,1,0,0,-0.235,0.325,0.925,Low
TAXP00818,43,774900,Professional,1,0,0,1,0.072,0.216,0.929,Low
TAXP00819,26,791300,Salary+Investments,1,0,0,0,-0.194,0.248,0.98,Low
TAXP00820,52,286200,Professional,1,0,0,0,-0.277,0.312,0.943,Low
TAXP00821,63,459700,Business,1,1,0,0,0.204,0.373,0.854,Low
TAXP00822,23,1830200,Salary,1,0,47300,0,0.288,0.217,0.723,Low
TAXP00823,58,281500,Salary+Business,1,0,0,0,-0.212,0.276,0.932,Low
TAXP00824,36,150000,Salary,1,1,0,1,0.059,0.308,0.938,Low
TAXP00825,38,170100,Salary,0,1,30600,0,0.097,0.31,0.672,Medium
TAXP00826,53,663800,Salary,1,2,0,1,0.053,0.327,0.817,Low
TAXP00827,32,664600,Professional,1,0,0,1,-0.121,0.212,0.98,Low
TAXP00828,28,597200,Salary,1,1,0,0,0.313,0.253,0.898,Low
TAXP00829,64,1558000,Professional,0,2,0,0,-0.116,0.022,0.788,Low
TAXP00830,36,150000,Salary,1,0,0,1,-0.212,0.13,0.914,Low
TAXP00831,28,864400,Business,1,3,0,0,-0.12,0.119,0.849,Low
TAXP00832,52,2000600,Business,1,1,6600,0,0.177,0.317,0.883,Low
TAXP00833,30,288600,Salary,1,0,0,0,0.057,0.273,0.98,Low
TAXP00834,55,494500,Business,0,2,0,0,-0.023,0.469,0.777,Low
TAXP00835,24,378000,Professional,1,1,0,0,0.184,0.304,0.894,Low
TAXP00836,44,341400,Business,0,0,0,1,0.153,0.282,0.842,Low
TAXP00837,39,513900,Salary,1,0,0,0,-0.269,0.227,0.98,Low
TAXP00838,64,1816700,Professional,0,1,138400,0,0.183,0.215,0.102,High
TAXP00839,44,2440300,Salary,1,1,51700,0,0.289,0.124,0.669,Medium
TAXP00840,62,510300,Salary,1,1,0,1,0.08,0.081,0.865,Low
TAXP00841,32,2562200,Salary,1,0,0,1,0.062,0.251,0.913,Low
TAXP00842,42,666900,Business,1,1,0,0,0.403,0.454,0.907,Low
TAXP00843,57,2297600,Salary,0,1,0,0,-0.014,0.339,0.859,Low
TAXP00844,28,607800,Professional,0,2,0,1,0.073,0.316,0.594,Medium
TAXP00845,62,714300,Salary,1,3,0,0,0.153,0.531,0.796,Low
TAXP00846,55,845700,Salary+Business,1,1,0,0,0.108,0.273,0.888,Low
TAXP00847,51,6410800,Salary,0,2,0,0,0.056,0.195,0.847,Low
TAXP00848,31,1199800,Professional,1,1,0,2,0.114,0.395,0.82,Low
TAXP00849,57,390600,Salary+Business,1,0,0,0,0.351,0.184,0.975,Low
TAXP00850,58,1305900,Salary,0,2,0,0,0.229,0.122,0.777,Low
TAXP00851,34,500900,Salary,0,1,0,0,0.088,0.237,0.777,Low
TAXP00852,47,456800,Business,0,3,0,0,-0.038,0.138,0.733,Low
TAXP00853,23,1250300,Multiple,1,0,0,0,-0.017,0.37,0.977,Low
TAXP00854,38,664700,Multiple,1,1,0,0,0.252,0.074,0.931,Low
TAXP00855,27,794400,Salary,1,0,0,1,-0.155,0.362,0.904,Low
TAXP00856,46,656600,Salary+Business,1,3,5300,1,0.485,0.368,0.759,Low
TAXP00857,45,828200,Salary,0,2,0,2,0.095,0.31,0.615,Medium
TAXP00858,44,882700,Salary,1,2,0,0,-0.121,0.421,0.878,Low
TAXP00859,51,161200,Professional,1,0,0,1,0.129,0.313,0.915,Low
TAXP00860,62,1050400,Business,1,1,0,0,-0.028,0.099,0.889,Low
TAXP00861,29,320500,Business,1,1,0,0,0.033,0.46,0.804,Low
TAXP00862,30,230100,Salary+Investments,1,1,0,1,-0.142,0.214,0.857,Low
TAXP00863,30,623200,Salary,1,1,0,0,0.062,0.492,0.961,Low
TAXP00864,62,690500,Professional,1,0,38500,0,-0.24,0.298,0.767,Low
TAXP00865,25,394500,Salary,1,1,39000,0,0.004,0.535,0.638,Medium
TAXP00866,22,1182400,Salary,1,1,0,0,-0.032,0.306,0.929,Low
TAXP00867,28,247300,Salary,1,0,0,0,0.02,0.201,0.95,Low
TAXP00868,55,484900,Multiple,1,1,8700,1,-0.022,0.116,0.817,Low
TAXP00869,47,426600,Business,1,1,0,1,0.105,0.095,0.912,Low
TAXP00870,62,628600,Salary,1,1,8300,1,0.242,0.513,0.728,Low
TAXP00871,30,794500,Professional,1,0,37200,0,0.158,0.342,0.749,Low
TAXP00872,38,314600,Multiple,1,0,0,0,0.308,0.196,0.963,Low
TAXP00873,45,1094900,Salary+Investments,1,2,0,0,0.02,0.16,0.895,Low
TAXP00874,24,680200,Business,0,4,0,0,0.152,0.59,0.666,Medium
TAXP00875,62,166500,Salary,0,0,109900,0,0.158,0.317,0.299,High
TAXP00876,57,158700,Business,1,0,0,1,0.284,0.385,0.93,Low
TAXP00877,27,644300,Salary+Business,1,2,0,1,-0.017,0.096,0.766,Low
TAXP00878,58,554400,Salary+Investments,1,4,0,0,0.226,0.114,0.752,Low
TAXP00879,41,603400,Salary+Business,0,2,28800,1,-0.037,0.056,0.616,Medium
TAXP00880,36,637000,Business,1,0,27400,1,0.009,0.432,0.7,Low
TAXP00881,63,764600,Salary,1,1,0,0,0.043,0.439,0.859,Low
TAXP00882,44,1286000,Business,1,0,0,1,0.173,0.338,0.928,Low
TAXP00883,31,292100,Salary,1,0,0,0,-0.074,0.187,0.958,Low
TAXP00884,57,279500,Salary,0,0,35400,0,-0.052,0.42,0.676,Medium
TAXP00885,53,295800,Business,1,0,0,1,-0.003,0.126,0.901,Low
TAXP00886,29,800300,Professional,1,2,0,0,0.108,0.189,0.864,Low
TAXP00887,51,1592900,Salary+Investments,0,0,18200,0,-0.05,0.399,0.758,Low
TAXP00888,49,476500,Salary+Business,1,0,0,0,0.142,0.416,0.98,Low
TAXP00889,33,150000,Salary+Investments,1,0,0,3,0.043,0.181,0.832,Low
TAXP00890,40,190600,Salary+Business,1,2,32600,1,0.205,0.09,0.65,Medium
TAXP00891,58,356800,Salary+Business,1,1,0,0,0.11,0.294,0.872,Low
TAXP00892,28,435000,Salary,0,0,31400,0,0.38,0.246,0.648,Medium
TAXP00893,53,484400,Professional,1,1,0,0,0.119,0.19,0.895,Low
TAXP00894,58,668300,Salary,0,1,0,1,-0.095,0.104,0.794,Low
TAXP00895,63,519300,Salary,1,1,0,0,0.066,0.199,0.98,Low
TAXP00896,35,1383700,Salary,1,0,0,1,0.103,0.209,0.98,Low
TAXP00897,32,399500,Salary+Investments,1,0,0,2,-0.045,0.258,0.882,Low
TAXP00898,63,349400,Salary+Business,1,2,20700,1,0.343,0.472,0.709,Low
TAXP00899,41,917600,Multiple,1,0,0,0,0.05,0.312,0.97,Low
TAXP00900,46,215100,Multiple,1,0,0,1,-0.003,0.05,0.919,Low
TAXP00901,44,860500,Salary+Investments,1,0,0,0,0.129,0.347,0.936,Low
TAXP00902,44,699800,Salary,1,1,0,0,-0.045,0.278,0.98,Low
TAXP00903,49,584500,Salary+Investments,1,0,0,0,0.255,0.071,0.887,Low
TAXP00904,40,2039600,Salary+Investments,1,1,0,1,0.222,0.263,0.85,Low
TAXP00905,38,415300,Salary+Investments,1,0,0,0,0.121,0.125,0.97,Low
TAXP00906,39,2865200,Salary,1,0,0,1,0.195,0.305,0.913,Low
TAXP00907,50,552600,Salary,1,1,0,0,0.02,0.371,0.925,Low
TAXP00908,57,259200,Multiple,1,0,0,0,-0.14,0.11,0.942,Low
TAXP00909,45,683600,Salary,0,1,0,1,0.048,0.485,0.766,Low
TAXP00910,51,299500,Salary,1,2,25300,0,0.02,0.239,0.74,Low
TAXP00911,39,378300,Business,1,1,0,0,-0.226,0.224,0.864,Low
TAXP00912,55,865100,Salary,1,2,69200,0,-0.069,0.102,0.529,Medium
TAXP00913,38,969700,Salary,1,0,0,2,-0.097,0.161,0.86,Low
TAXP00914,39,415300,Multiple,0,0,147700,0,-0.069,0.164,0.146,High
TAXP00915,23,1323300,Salary+Investments,1,1,0,0,0.313,0.01,0.905,Low
TAXP00916,32,1495700,Salary+Investments,1,2,0,0,0.182,0.336,0.849,Low
TAXP00917,54,1828200,Salary,1,2,0,0,0.254,0.076,0.887,Low
TAXP00918,24,951600,Salary,1,2,0,0,0.182,0.131,0.857,Low
TAXP00919,31,1734800,Business,1,2,44200,0,0.273,0.453,0.657,Medium
TAXP00920,55,167800,Business,1,1,0,1,0.104,0.386,0.795,Low
TAXP00921,60,517000,Salary,1,1,0,0,0.343,0.031,0.828,Low
TAXP00922,39,348200,Salary+Business,1,2,0,0,-0.097,0.371,0.885,Low
TAXP00923,39,708300,Multiple,0,0,0,0,0.089,0.096,0.824,Low
TAXP00924,43,430800,Business,1,1,21400,0,-0.064,0.329,0.811,Low
TAXP00925,55,576700,Salary,1,0,0,0,0.299,0.143,0.98,Low
TAXP00926,42,2520300,Salary,1,0,0,1,0.167,0.169,0.878,Low
TAXP00927,28,575200,Salary,1,1,0,0,0.29,0.177,0.928,Low
TAXP00928,40,875600,Salary,0,2,0,0,-0.125,0.247,0.733,Low
TAXP00929,32,549900,Business,0,1,119800,0,0.004,0.176,0.13,High
TAXP00930,51,686400,Business,1,0,10100,1,-0.185,0.348,0.833,Low
TAXP00931,27,652800,Business,1,0,0,1,0.158,0.212,0.912,Low
TAXP00932,48,897600,Salary+Investments,1,2,0,0,0.031,0.438,0.895,Low
TAXP00933,26,1504200,Salary,1,1,0,0,0.221,0.392,0.934,Low
TAXP00934,64,2128300,Salary,0,1,0,0,0.105,0.042,0.828,Low
TAXP00935,49,812300,Salary,1,0,0,0,-0.241,0.391,0.96,Low
TAXP00936,27,993700,Salary,0,1,6200,0,-0.166,0.021,0.765,Low
TAXP00937,64,283800,Business,1,0,0,0,0.113,0.308,0.98,Low
TAXP00938,46,610100,Salary+Business,1,0,0,1,0.175,0.511,0.916,Low
TAXP00939,48,1279200,Salary+Investments,1,0,0,0,-0.255,0.8,0.91,Low
TAXP00940,23,1212500,Professional,1,1,0,1,0.087,0.191,0.876,Low
TAXP00941,29,757000,Salary,1,1,0,0,-0.063,0.173,0.93,Low
TAXP00942,57,1230500,Salary,1,1,0,0,-0.078,0.491,0.906,Low
TAXP00943,42,925500,Salary,1,1,0,0,-0.005,0.057,0.975,Low
TAXP00944,48,1542600,Salary,1,1,0,0,0.12,0.254,0.9,Low
TAXP00945,65,800600,Salary+Investments,0,1,0,0,-0.013,0.39,0.752,Low
TAXP00946,40,503100,Business,1,1,0,1,-0.218,0.353,0.844,Low
TAXP00947,38,827800,Salary,1,0,0,0,0.119,0.345,0.979,Low
TAXP00948,57,150000,Salary,1,0,0,0,0.044,0.288,0.98,Low
TAXP00949,23,856300,Salary,1,1,3200,0,-0.05,0.277,0.848,Low
TAXP00950,41,150000,Salary+Investments,1,0,0,0,0.051,0.258,0.977,Low
TAXP00951,59,187900,Salary,1,1,0,0,0.044,0.318,0.873,Low
TAXP00952,31,899900,Salary,1,0,39800,0,0.107,0.336,0.697,Medium
TAXP00953,34,916700,Salary,1,0,0,0,0.06,0.147,0.954,Low
TAXP00954,42,281500,Salary+Business,1,0,19000,0,0.126,0.111,0.85,Low
TAXP00955,24,389300,Business,1,0,0,0,0.092,0.369,0.927,Low
TAXP00956,24,1743700,Professional,1,1,10500,0,0.231,0.274,0.866,Low
TAXP00957,32,458700,Salary,1,0,0,0,0.354,0.338,0.98,Low
TAXP00958,61,3267800,Salary,1,1,0,0,0.098,0.295,0.89,Low
TAXP00959,30,649100,Salary+Investments,0,0,26700,0,0.001,0.227,0.773,Low
TAXP00960,53,872000,Salary,1,0,0,0,-0.13,0.157,0.98,Low
TAXP00961,40,2082100,Salary,1,0,0,0,0.203,0.16,0.98,Low
TAXP00962,55,714300,Business,1,0,0,0,-0.044,0.524,0.925,Low
TAXP00963,35,315900,Salary,1,0,0,2,0.476,0.376,0.826,Low
TAXP00964,60,600600,Salary,1,3,0,0,0.545,0.534,0.796,Low
TAXP00965,37,633500,Salary+Business,0,1,0,1,0.066,0.15,0.779,Low
TAXP00966,56,243300,Business,1,0,0,0,-0.166,0.165,0.905,Low
TAXP00967,58,540700,Salary,1,2,11900,0,0.205,0.22,0.838,Low
TAXP00968,40,380900,Salary,0,1,78000,0,0.436,0.175,0.394,High
TAXP00969,51,1264600,Salary+Business,1,1,45500,0,-0.11,0.239,0.668,Medium
TAXP00970,26,666400,Salary,1,0,0,0,0.404,0.521,0.921,Low
TAXP00971,43,530300,Salary,1,2,0,0,-0.196,0.197,0.854,Low
TAXP00972,37,602200,Professional,1,5,0,0,-0.133,0.219,0.698,Medium
TAXP00973,63,763300,Professional,1,0,0,0,0.149,0.336,0.907,Low
TAXP00974,63,1013400,Multiple,1,1,0,0,0.263,0.316,0.904,Low
TAXP00975,56,316500,Salary,1,0,18100,0,0.089,0.554,0.832,Low
TAXP00976,63,307100,Salary,1,0,0,0,0.172,0.357,0.947,Low
TAXP00977,64,1439900,Business,1,0,0,0,0.277,0.165,0.98,Low
TAXP00978,55,483000,Professional,1,2,0,1,0.295,0.225,0.81,Low
TAXP00979,47,234400,Salary,0,1,0,0,0.0,0.163,0.875,Low
TAXP00980,30,894700,Business,1,1,0,0,-0.038,0.276,0.91,Low
TAXP00981,57,907400,Salary,1,0,0,0,0.269,0.262,0.98,Low
TAXP00982,29,215900,Salary+Investments,1,1,79700,0,0.173,0.148,0.551,Medium
TAXP00983,29,766800,Salary+Investments,1,0,0,0,0.194,0.182,0.94,Low
TAXP00984,60,1103900,Business,1,0,0,1,-0.006,0.098,0.924,Low
TAXP00985,26,851100,Multiple,1,0,4500,0,0.202,0.264,0.939,Low
TAXP00986,27,1024500,Multiple,0,1,41800,1,-0.075,0.493,0.53,Medium
TAXP00987,43,236500,Salary,1,0,13800,0,0.14,0.227,0.928,Low
TAXP00988,47,824900,Salary,1,2,0,0,0.118,0.402,0.879,Low
TAXP00989,23,522700,Professional,1,1,0,0,0.119,0.453,0.877,Low
TAXP00990,38,459100,Salary,1,0,0,0,0.225,0.231,0.972,Low
TAXP00991,31,1216500,Salary,0,1,26900,1,-0.063,0.269,0.687,Medium
TAXP00992,34,1885700,Salary,0,0,15400,0,0.208,0.24,0.807,Low
TAXP00993,29,2365900,Multiple,0,4,0,0,0.103,0.088,0.707,Low
TAXP00994,51,1675100,Salary,1,1,0,0,-0.027,0.175,0.943,Low
TAXP00995,42,600600,Salary+Business,1,1,0,1,-0.111,0.317,0.875,Low
TAXP00996,64,837900,Salary,1,0,0,0,0.402,0.148,0.98,Low
TAXP00997,21,1129000,Salary,1,0,0,0,0.089,0.289,0.944,Low
TAXP00998,55,709300,Salary+Investments,0,1,0,1,0.043,0.257,0.824,Low
TAXP00999,61,714200,Salary,1,2,0,0,-0.083,0.31,0.897,Low
TAXP01000,42,1176200,Salary,1,0,0,0,0.274,0.391,0.917,Low
TAXP01001,52,622800,Salary,1,0,0,0,0.262,0.233,0.942,Low
TAXP01002,40,384500,Professional,0,2,0,0,0.231,0.31,0.751,Low
TAXP01003,47,482300,Salary,1,1,0,0,0.09,0.119,0.903,Low
TAXP01004,61,1026000,Salary,1,0,0,2,0.22,0.104,0.867,Low
TAXP01005,44,651400,Salary,1,0,0,0,-0.032,0.194,0.976,Low
TAXP01006,47,830400,Salary,1,0,0,1,0.135,0.318,0.889,Low
TAXP01007,65,1053000,Salary,0,0,55200,0,0.091,0.267,0.549,Medium
TAXP01008,43,496300,Business,1,1,0,2,0.143,0.176,0.781,Low
TAXP01009,28,1120400,Salary,0,3,0,0,-0.19,0.351,0.703,Low
TAXP01010,51,853800,Salary,1,1,0,0,0.399,0.285,0.909,Low
TAXP01011,52,267200,Professional,1,1,0,2,0.359,0.372,0.788,Low
TAXP01012,31,1836200,Salary+Business,1,1,0,0,-0.084,0.116,0.936,Low
TAXP01013,53,453200,Salary,1,1,11600,0,0.192,0.112,0.806,Low
TAXP01014,23,197400,Salary,1,0,0,0,-0.138,0.113,0.962,Low
TAXP01015,35,306300,Salary,1,1,0,0,0.113,0.111,0.961,Low
TAXP01016,59,311600,Multiple,1,2,2100,1,-0.251,0.198,0.863,Low
TAXP01017,48,674900,Salary,1,3,0,1,0.053,0.098,0.742,Low
TAXP01018,48,533700,Salary,1,1,0,0,0.022,0.411,0.924,Low
TAXP01019,48,510000,Business,1,0,0,0,0.285,0.204,0.951,Low
TAXP01020,28,1015500,Salary,1,0,0,0,0.367,0.489,0.93,Low
TAXP01021,64,830200,Salary,1,0,17300,1,0.371,0.151,0.795,Low
TAXP01022,34,816100,Salary,0,1,4800,1,0.285,0.545,0.706,Low
TAXP01023,56,873100,Professional,1,1,0,1,0.113,0.363,0.856,Low
TAXP01024,65,1012900,Professional,1,1,0,0,0.162,0.097,0.953,Low
TAXP01025,31,150000,Professional,0,2,0,0,0.161,0.351,0.645,Medium
TAXP01026,49,500000,Salary+Business,1,0,0,0,-0.089,0.531,0.968,Low
TAXP01027,22,150000,Salary,1,0,0,0,0.283,0.685,0.895,Low
TAXP01028,49,667100,Salary+Investments,1,1,36600,2,0.21,0.104,0.542,Medium
TAXP01029,40,647800,Salary+Business,1,0,0,0,0.218,0.096,0.939,Low
TAXP01030,24,1379900,Salary+Business,1,0,0,0,-0.265,0.288,0.956,Low
TAXP01031,51,1528500,Salary+Business,1,0,36800,1,0.172,0.341,0.71,Low
TAXP01032,64,752200,Salary,0,0,5400,0,0.261,0.391,0.826,Low
TAXP01033,24,453400,Salary,0,1,0,0,0.098,0.061,0.763,Low
TAXP01034,61,921800,Business,0,1,0,0,0.02,0.093,0.831,Low
TAXP01035,58,444500,Salary,1,1,15300,0,-0.118,0.116,0.858,Low
TAXP01036,45,649300,Business,1,2,0,0,-0.129,0.051,0.925,Low
TAXP01037,61,1322100,Salary,1,1,0,0,0.125,0.055,0.951,Low
TAXP01038,34,435000,Salary,1,0,0,1,0.062,0.177,0.926,Low
TAXP01039,53,1161000,Multiple,1,1,10200,2,0.06,0.268,0.732,Low
TAXP01040,52,1058600,Professional,1,0,0,0,0.345,0.164,0.954,Low
TAXP01041,47,326900,Business,1,3,0,0,-0.101,0.164,0.799,Low
TAXP01042,58,1310500,Salary,1,0,0,1,0.045,0.056,0.98,Low
TAXP01043,60,1074900,Business,1,2,9700,1,0.371,0.447,0.691,Medium
TAXP01044,56,699500,Salary+Investments,1,1,0,0,0.05,0.464,0.951,Low
TAXP01045,47,375400,Professional,1,0,0,0,0.111,0.122,0.954,Low
TAXP01046,64,350100,Professional,1,2,0,0,0.072,0.414,0.97,Low
TAXP01047,46,441400,Business,1,1,0,0,0.213,0.529,0.885,Low
TAXP01048,49,960700,Salary,1,1,900,0,-0.229,0.378,0.864,Low
TAXP01049,29,326700,Professional,1,4,0,1,0.067,0.225,0.766,Low
TAXP01050,35,890700,Multiple,1,1,0,0,0.109,0.639,0.882,Low
TAXP01051,61,265800,Business,0,1,0,1,-0.06,0.355,0.712,Low
TAXP01052,43,561200,Salary,1,0,0,0,0.155,0.445,0.921,Low
TAXP01053,44,703400,Business,1,0,0,0,0.226,0.248,0.98,Low
TAXP01054,57,3780000,Business,1,1,0,0,0.172,0.349,0.873,Low
TAXP01055,35,241100,Multiple,1,0,8700,0,0.385,0.223,0.85,Low
TAXP01056,32,1875900,Salary+Business,1,0,14100,0,0.031,0.195,0.863,Low
TAXP01057,21,724000,Salary,1,4,0,0,0.18,0.028,0.843,Low
TAXP01058,31,873900,Salary,1,0,0,0,0.176,0.135,0.98,Low
TAXP01059,44,707800,Business,1,0,19000,0,0.062,0.113,0.884,Low
TAXP01060,53,895300,Salary,1,0,0,0,0.281,0.149,0.948,Low
TAXP01061,35,581900,Business,1,0,17800,0,0.146,0.361,0.833,Low
TAXP01062,40,1851800,Salary+Business,1,1,0,0,-0.092,0.369,0.939,Low
TAXP01063,30,467900,Professional,1,2,0,1,0.22,0.146,0.831,Low
TAXP01064,57,1468800,Salary,1,5,0,2,0.02,0.463,0.648,Medium
TAXP01065,44,408700,Salary+Business,1,1,0,0,0.048,0.466,0.939,Low
TAXP01066,27,622400,Salary+Business,1,1,19500,0,0.06,0.143,0.821,Low
TAXP01067,48,300400,Salary,1,0,0,0,0.218,0.367,0.953,Low
TAXP01068,36,902000,Professional,1,0,0,2,0.273,0.351,0.833,Low
TAXP01069,59,1839900,Professional,1,0,0,1,0.074,0.161,0.949,Low
TAXP01070,33,614800,Salary+Investments,1,0,0,0,0.065,0.305,0.942,Low
TAXP01071,59,564100,Salary,1,0,11000,1,-0.228,0.438,0.875,Low
TAXP01072,52,291300,Salary,1,0,0,2,-0.014,0.199,0.895,Low
TAXP01073,27,551100,Business,1,2,69800,0,-0.051,0.431,0.539,Medium
TAXP01074,55,206500,Salary,1,0,0,1,0.15,0.49,0.882,Low
TAXP01075,53,336900,Salary,1,1,0,0,0.083,0.565,0.828,Low
TAXP01076,41,765300,Salary+Business,1,0,0,0,-0.045,0.195,0.965,Low
TAXP01077,28,1680200,Salary,1,3,0,0,0.124,0.075,0.849,Low
TAXP01078,42,4912800,Business,1,1,0,0,0.089,0.126,0.942,Low
TAXP01079,48,426100,Multiple,1,1,0,0,-0.306,0.451,0.91,Low
TAXP01080,26,1826900,Business,1,0,0,2,0.277,0.265,0.818,Low
TAXP01081,36,774700,Business,1,2,0,0,0.262,0.492,0.827,Low
TAXP01082,52,582900,Business,1,0,13000,0,0.062,0.437,0.944,Low
TAXP01083,45,887500,Salary,1,0,4600,0,0.156,0.611,0.868,Low
TAXP01084,65,679600,Salary,0,1,0,0,0.048,0.284,0.833,Low
TAXP01085,30,703800,Professional,1,1,14300,1,-0.157,0.506,0.792,Low
TAXP01086,56,484400,Salary,1,0,66000,2,0.446,0.115,0.507,Medium
TAXP01087,40,237500,Salary,0,0,14100,2,0.22,0.104,0.705,Low
TAXP01088,31,213900,Salary,1,1,0,0,0.25,0.392,0.821,Low
TAXP01089,63,1040300,Salary+Investments,1,1,0,1,0.054,0.466,0.862,Low
TAXP01090,49,532600,Salary,1,1,0,0,0.28,0.512,0.863,Low
TAXP01091,45,423200,Salary+Business,1,1,0,0,-0.119,0.237,0.977,Low
TAXP01092,34,654000,Salary,1,1,0,0,0.061,0.42,0.929,Low
TAXP01093,60,1152100,Business,1,4,0,0,0.218,0.215,0.783,Low
TAXP01094,22,740100,Salary,0,1,146100,0,-0.0,0.329,0.02,High
TAXP01095,26,405300,Salary,1,0,28400,0,0.246,0.28,0.848,Low
TAXP01096,29,1571700,Business,1,1,0,1,0.149,0.141,0.838,Low
TAXP01097,50,2026300,Professional,1,2,6200,0,0.134,0.2,0.842,Low
TAXP01098,25,928000,Salary,0,3,30700,0,-0.015,0.123,0.557,Medium
TAXP01099,56,1310300,Business,1,1,0,3,0.165,0.124,0.807,Low
TAXP01100,29,1589500,Business,1,1,32600,0,0.409,0.084,0.786,Low
TAXP01101,51,1466500,Salary,0,0,0,0,0.128,0.349,0.914,Low
TAXP01102,56,1011400,Business,0,0,0,0,0.189,0.496,0.809,Low
TAXP01103,60,1000000,Salary,1,0,7500,0,0.213,0.467,0.88,Low
TAXP01104,34,944900,Business,1,1,0,0,-0.083,0.109,0.95,Low
TAXP01105,24,295000,Salary,0,0,0,0,0.079,0.378,0.893,Low
TAXP01106,55,1076500,Business,1,1,9800,0,0.074,0.406,0.877,Low
TAXP01107,41,244900,Salary,1,0,0,0,-0.24,0.305,0.942,Low
TAXP01108,63,366800,Business,0,1,0,1,0.226,0.345,0.729,Low
TAXP01109,29,1661600,Business,1,3,0,0,-0.049,0.275,0.806,Low
TAXP01110,46,1190300,Salary+Investments,1,1,0,0,0.209,0.224,0.975,Low
TAXP01111,26,1896800,Business,1,1,0,0,-0.021,0.287,0.938,Low
TAXP01112,42,534500,Salary+Business,1,0,0,1,0.427,0.12,0.916,Low
TAXP01113,21,283500,Salary,1,0,19500,0,0.055,0.119,0.862,Low
TAXP01114,54,546700,Salary,1,2,0,1,0.407,0.433,0.81,Low
TAXP01115,48,699500,Salary,1,2,0,0,0.072,0.238,0.86,Low
TAXP01116,25,688000,Business,1,0,0,0,0.091,0.406,0.98,Low
TAXP01117,43,1470300,Professional,1,2,0,0,0.351,0.157,0.862,Low
TAXP01118,40,501100,Salary+Investments,0,2,0,0,-0.047,0.514,0.743,Low
TAXP01119,51,837500,Business,1,1,0,1,0.108,0.483,0.861,Low
TAXP01120,43,319000,Professional,1,3,0,0,0.186,0.345,0.73,Low
TAXP01121,41,898900,Salary,1,0,0,0,0.165,0.225,0.979,Low
TAXP01122,58,651500,Salary,1,0,0,0,0.107,0.023,0.98,Low
TAXP01123,44,378800,Salary+Business,1,1,0,0,0.085,0.064,0.98,Low
TAXP01124,57,548500,Salary,1,0,0,1,0.235,0.418,0.859,Low
TAXP01125,60,569300,Salary,1,1,0,1,0.128,0.371,0.878,Low
TAXP01126,59,535100,Multiple,1,0,0,0,0.255,0.352,0.951,Low
TAXP01127,63,2327000,Multiple,1,0,0,0,0.163,0.428,0.977,Low
TAXP01128,52,605500,Professional,0,1,11100,0,0.204,0.169,0.732,Low
TAXP01129,46,545300,Salary,1,1,0,0,0.281,0.456,0.858,Low
TAXP01130,44,150000,Salary+Investments,1,0,0,0,0.05,0.303,0.921,Low
TAXP01131,30,341400,Salary,1,1,0,2,0.277,0.549,0.786,Low
TAXP01132,58,537800,Business,1,1,0,0,0.075,0.279,0.942,Low
TAXP01133,52,396700,Salary,0,0,0,0,-0.124,0.35,0.861,Low
TAXP01134,60,1757800,Salary+Investments,1,1,0,0,0.047,0.187,0.931,Low
TAXP01135,52,577200,Salary+Investments,1,1,0,0,-0.016,0.117,0.932,Low
TAXP01136,42,1643600,Professional,1,1,0,1,0.16,0.205,0.854,Low
TAXP01137,34,679500,Salary,1,1,0,1,0.054,0.158,0.914,Low
TAXP01138,65,667700,Business,1,0,79500,0,0.12,0.111,0.567,Medium
TAXP01139,54,609700,Salary,1,2,46100,2,0.262,0.373,0.551,Medium
TAXP01140,60,651800,Salary+Investments,1,2,0,0,0.338,0.209,0.87,Low
TAXP01141,47,2240600,Salary,0,1,25500,0,0.147,0.465,0.598,Medium
TAXP01142,43,150000,Salary,1,1,0,0,0.274,0.482,0.897,Low
TAXP01143,22,153800,Salary+Business,0,2,0,1,0.072,0.071,0.756,Low
TAXP01144,24,439600,Business,1,1,0,1,-0.15,0.491,0.833,Low
TAXP01145,52,656800,Salary+Investments,1,2,6100,0,-0.089,0.499,0.789,Low
TAXP01146,31,1068300,Salary,1,1,0,0,0.069,0.234,0.953,Low
TAXP01147,24,913800,Salary+Business,0,2,6800,1,0.227,0.285,0.707,Low
TAXP01148,55,492900,Salary,1,1,0,0,0.069,0.333,0.944,Low
TAXP01149,48,1353800,Salary,1,0,0,1,0.29,0.257,0.922,Low
TAXP01150,26,1364700,Business,1,0,0,1,0.393,0.027,0.871,Low
TAXP01151,43,742100,Salary,1,0,0,1,-0.042,0.257,0.971,Low
TAXP01152,42,1300000,Business,1,0,0,0,0.44,0.088,0.98,Low
TAXP01153,21,791000,Salary,0,1,0,0,-0.162,0.441,0.77,Low
TAXP01154,48,433900,Salary,1,0,0,0,0.396,0.363,0.965,Low
TAXP01155,38,1074300,Salary+Business,1,2,0,0,0.095,0.444,0.891,Low
TAXP01156,60,703900,Salary,1,1,2300,0,0.063,0.311,0.884,Low
TAXP01157,26,650600,Professional,1,1,0,0,0.099,0.393,0.905,Low
TAXP01158,59,1877100,Salary+Business,1,0,0,0,-0.028,0.228,0.94,Low
TAXP01159,21,150000,Salary,1,0,0,1,0.34,0.191,0.885,Low
TAXP01160,55,234200,Salary+Business,1,1,0,0,-0.011,0.157,0.979,Low
TAXP01161,56,276500,Salary,1,1,0,1,0.01,0.145,0.947,Low
TAXP01162,39,500400,Salary,1,0,0,1,-0.121,0.111,0.892,Low
TAXP01163,33,541100,Salary,1,1,0,0,-0.017,0.493,0.907,Low
TAXP01164,27,219600,Salary+Investments,1,0,0,1,-0.012,0.166,0.827,Low
TAXP01165,36,319800,Business,1,2,0,0,-0.023,0.169,0.855,Low
TAXP01166,51,349700,Business,0,0,0,0,0.072,0.238,0.804,Low
TAXP01167,53,3813600,Multiple,1,0,0,0,-0.078,0.098,0.98,Low
TAXP01168,29,2378500,Salary,1,2,0,0,0.355,0.63,0.825,Low
TAXP01169,21,483200,Salary+Investments,1,1,0,1,0.076,0.265,0.844,Low
TAXP01170,46,500300,Salary+Business,1,0,0,0,0.16,0.51,0.942,Low
TAXP01171,47,284200,Multiple,0,2,0,0,0.238,0.457,0.725,Low
TAXP01172,65,164500,Salary+Investments,1,1,0,0,0.424,0.173,0.902,Low
TAXP01173,55,597500,Multiple,1,2,0,0,0.246,0.104,0.907,Low
TAXP01174,45,316900,Salary,1,1,6000,0,0.06,0.229,0.927,Low
TAXP01175,47,611500,Salary+Business,1,1,37500,0,-0.072,0.412,0.721,Low
TAXP01176,50,205400,Salary+Business,1,0,16200,0,0.154,0.05,0.917,Low
TAXP01177,41,375500,Professional,1,0,8300,2,0.27,0.19,0.853,Low
TAXP01178,51,723400,Salary,0,3,36000,0,0.123,0.309,0.52,Medium
TAXP01179,29,846100,Multiple,1,1,0,0,0.11,0.429,0.95,Low
TAXP01180,58,877900,Salary,1,0,0,0,0.134,0.15,0.95,Low
TAXP01181,59,251200,Business,0,0,12700,1,-0.199,0.376,0.694,Medium
TAXP01182,40,1202700,Business,1,1,0,0,0.123,0.204,0.902,Low
TAXP01183,41,365300,Salary,1,0,0,1,0.217,0.356,0.931,Low
TAXP01184,43,1025200,Salary+Business,1,0,14100,0,0.093,0.025,0.953,Low
TAXP01185,57,645000,Salary,1,1,0,0,0.28,0.402,0.85,Low
TAXP01186,28,241300,Professional,1,1,0,0,0.285,0.186,0.924,Low
TAXP01187,36,517700,Salary+Investments,1,0,0,0,0.019,0.351,0.944,Low
TAXP01188,48,845600,Salary,1,0,0,0,0.171,0.418,0.98,Low
TAXP01189,52,1010600,Salary+Business,1,1,0,0,0.107,0.183,0.939,Low
TAXP01190,34,587300,Salary,1,0,0,0,-0.225,0.206,0.924,Low
TAXP01191,26,1958300,Salary+Investments,1,1,0,0,0.07,0.203,0.924,Low
TAXP01192,43,1342600,Multiple,0,1,0,0,-0.065,0.278,0.81,Low
TAXP01193,49,540300,Salary,0,1,0,1,0.121,0.59,0.697,Medium
TAXP01194,55,1115500,Professional,1,1,0,1,0.209,0.244,0.855,Low
TAXP01195,21,2615700,Business,1,2,0,1,0.065,0.379,0.742,Low
TAXP01196,21,2666500,Business,1,0,0,0,-0.044,0.295,0.966,Low
TAXP01197,38,268500,Salary+Business,0,2,0,0,0.137,0.12,0.744,Low
TAXP01198,46,333600,Business,1,1,0,0,0.491,0.08,0.921,Low
TAXP01199,21,1893400,Professional,1,3,17800,0,-0.248,0.494,0.739,Low
TAXP01200,28,303400,Salary,1,1,0,0,0.137,0.659,0.864,Low
TAXP01201,39,250800,Salary,1,0,0,0,0.013,0.097,0.98,Low
TAXP01202,33,458000,Salary+Investments,1,2,0,0,0.032,0.176,0.853,Low
TAXP01203,52,879700,Salary,0,1,0,0,0.083,0.214,0.853,Low
TAXP01204,22,603800,Business,1,0,0,0,0.045,0.168,0.98,Low
TAXP01205,60,406900,Salary,0,1,37900,0,0.196,0.463,0.614,Medium
TAXP01206,28,400000,Salary+Investments,1,1,0,0,0.061,0.252,0.903,Low
TAXP01207,40,389200,Business,1,1,29600,0,-0.246,0.225,0.803,Low
TAXP01208,65,345100,Salary,1,1,0,1,0.305,0.121,0.855,Low
TAXP01209,50,3360200,Salary,1,1,6800,0,0.281,0.019,0.923,Low
TAXP01210,65,805300,Business,1,0,83300,0,0.003,0.569,0.517,Medium
TAXP01211,21,1230800,Multiple,1,1,0,0,0.108,0.163,0.949,Low
TAXP01212,53,457100,Business,0,2,0,0,0.295,0.53,0.635,Medium
TAXP01213,24,568500,Business,1,0,0,1,0.265,0.15,0.977,Low
TAXP01214,48,388900,Salary+Business,1,1,0,0,0.317,0.106,0.907,Low
TAXP01215,35,150000,Salary,1,1,0,0,0.16,0.349,0.909,Low
TAXP01216,55,241000,Business,0,2,0,0,0.223,0.242,0.776,Low
TAXP01217,26,176500,Salary,1,0,8700,1,0.325,0.29,0.843,Low
TAXP01218,61,150000,Salary,1,1,0,1,0.045,0.058,0.928,Low
TAXP01219,42,274900,Salary+Business,1,2,15000,0,0.17,0.348,0.822,Low
TAXP01220,44,1687400,Salary+Investments,1,1,0,0,-0.243,0.261,0.953,Low
TAXP01221,46,629500,Salary+Investments,1,1,0,0,-0.153,0.47,0.894,Low
TAXP01222,22,1646100,Salary+Investments,1,1,18400,0,0.18,0.58,0.811,Low
TAXP01223,34,873800,Business,1,0,0,0,0.204,0.526,0.965,Low
TAXP01224,52,1141900,Salary,1,0,46300,0,0.038,0.433,0.703,Low
TAXP01225,64,339800,Professional,1,0,18400,0,0.003,0.121,0.855,Low
TAXP01226,65,947900,Multiple,0,1,0,0,0.043,0.057,0.875,Low
TAXP01227,45,1098400,Salary+Business,1,0,0,0,0.131,0.289,0.952,Low
TAXP01228,32,429100,Business,1,0,0,0,-0.27,0.235,0.942,Low
TAXP01229,42,972500,Professional,1,0,0,0,0.174,0.351,0.91,Low
TAXP01230,41,977100,Salary+Business,1,0,12000,1,0.105,0.334,0.858,Low
TAXP01231,38,437600,Salary+Investments,1,0,107600,0,0.14,0.431,0.339,High
TAXP01232,37,289600,Salary+Business,1,1,0,0,0.08,0.469,0.881,Low
TAXP01233,60,277100,Business,1,1,0,0,-0.121,0.238,0.98,Low
TAXP01234,38,691800,Salary,0,2,43100,2,-0.076,0.357,0.413,High
TAXP01235,22,822600,Business,1,0,0,0,0.344,0.13,0.967,Low
TAXP01236,53,367400,Salary,1,0,0,0,-0.003,0.154,0.95,Low
TAXP01237,50,662600,Multiple,1,1,13400,1,0.229,0.273,0.752,Low
TAXP01238,38,980200,Business,1,1,6600,0,-0.073,0.456,0.903,Low
TAXP01239,49,1014400,Business,1,0,0,0,0.098,0.172,0.945,Low
TAXP01240,63,1986900,Salary,0,0,0,0,0.029,0.584,0.824,Low
TAXP01241,62,1630100,Professional,1,0,0,1,0.054,0.326,0.939,Low
TAXP01242,56,316100,Business,1,0,0,1,0.046,0.225,0.874,Low
TAXP01243,47,2184500,Salary,1,0,0,0,0.331,0.241,0.973,Low
TAXP01244,22,443500,Salary+Investments,1,1,0,1,0.408,0.127,0.865,Low
TAXP01245,44,1379200,Salary,1,2,17900,1,0.138,0.242,0.734,Low
TAXP01246,57,682600,Business,1,1,0,0,0.034,0.129,0.92,Low
TAXP01247,59,483100,Salary,1,2,0,0,-0.113,0.478,0.806,Low
TAXP01248,55,176900,Business,1,0,0,1,-0.124,0.062,0.88,Low
TAXP01249,65,574500,Salary+Business,1,1,0,0,0.332,0.503,0.851,Low
TAXP01250,44,211500,Salary+Investments,1,1,0,1,-0.135,0.774,0.877,Low
TAXP01251,25,1304300,Salary,1,0,0,1,0.03,0.172,0.88,Low
TAXP01252,43,1937300,Multiple,1,2,3500,1,0.125,0.22,0.788,Low
TAXP01253,35,366200,Salary+Business,1,2,0,0,-0.316,0.143,0.835,Low
TAXP01254,58,807900,Salary,1,1,0,1,-0.1,0.34,0.874,Low
TAXP01255,55,385600,Salary,1,0,8100,0,-0.114,0.17,0.935,Low
TAXP01256,40,413400,Salary,1,1,10500,1,-0.007,0.152,0.8,Low
TAXP01257,38,1135300,Salary+Investments,1,1,0,1,0.141,0.392,0.785,Low
TAXP01258,28,632200,Salary,1,0,0,0,0.264,0.291,0.948,Low
TAXP01259,22,2274500,Business,0,0,0,0,-0.006,0.096,0.914,Low
TAXP01260,35,459300,Salary+Business,1,2,0,0,0.026,0.107,0.874,Low
TAXP01261,31,1334700,Salary+Investments,1,0,25000,1,0.081,0.404,0.782,Low
TAXP01262,32,697200,Professional,1,0,0,0,-0.029,0.126,0.98,Low
TAXP01263,65,1152800,Salary+Business,1,0,0,1,0.167,0.337,0.911,Low
TAXP01264,51,471100,Salary,1,1,0,0,0.172,0.364,0.89,Low
TAXP01265,45,627200,Salary+Investments,1,0,0,1,-0.335,0.572,0.836,Low
TAXP01266,29,598100,Salary,1,0,0,0,0.202,0.202,0.98,Low
TAXP01267,58,356000,Salary,1,1,0,0,0.12,0.667,0.895,Low
TAXP01268,50,1047000,Multiple,1,0,4600,0,0.141,0.405,0.931,Low
TAXP01269,44,1038100,Salary,1,1,6700,0,0.289,0.166,0.823,Low
TAXP01270,41,996600,Salary,0,0,19600,0,-0.186,0.103,0.71,Low
TAXP01271,45,1965700,Professional,0,0,0,0,-0.101,0.267,0.827,Low
TAXP01272,58,1845500,Salary,1,1,0,0,0.089,0.475,0.882,Low
TAXP01273,53,496200,Salary,0,1,13300,0,-0.271,0.231,0.736,Low
TAXP01274,42,850300,Professional,0,1,0,0,0.066,0.564,0.746,Low
TAXP01275,51,414900,Salary+Business,1,0,0,1,0.235,0.049,0.966,Low
TAXP01276,62,661000,Salary+Business,1,0,5200,1,0.163,0.134,0.883,Low
TAXP01277,35,422100,Salary,1,0,7700,0,0.113,0.363,0.98,Low
TAXP01278,61,2086900,Business,1,1,16800,0,0.063,0.215,0.899,Low
TAXP01279,48,844600,Salary+Business,1,1,0,0,0.032,0.268,0.98,Low
TAXP01280,29,555600,Salary,1,0,0,0,0.022,0.262,0.907,Low
TAXP01281,64,1535100,Salary,1,0,0,0,0.137,0.141,0.98,Low
TAXP01282,51,150000,Salary,1,0,0,1,-0.148,0.561,0.932,Low
TAXP01283,38,152400,Business,1,1,0,0,0.334,0.061,0.842,Low
TAXP01284,30,1152800,Salary,0,1,92200,0,-0.018,0.327,0.351,High
TAXP01285,62,678900,Salary+Business,1,1,0,0,0.189,0.169,0.907,Low
TAXP01286,58,778400,Multiple,0,1,0,2,0.113,0.608,0.693,Medium
TAXP01287,23,250100,Salary,1,2,27700,0,-0.085,0.157,0.715,Low
TAXP01288,49,639200,Professional,1,0,117200,1,0.307,0.161,0.311,High
TAXP01289,26,2750400,Salary,1,1,0,1,0.273,0.083,0.905,Low
TAXP01290,34,1176600,Salary,1,0,0,1,-0.151,0.207,0.967,Low
TAXP01291,46,734500,Salary+Business,1,1,0,1,0.088,0.234,0.899,Low
TAXP01292,32,473800,Business,1,0,0,0,0.133,0.342,0.98,Low
TAXP01293,44,489300,Multiple,1,2,0,1,-0.231,0.37,0.867,Low
TAXP01294,40,150000,Business,1,0,0,1,-0.239,0.232,0.887,Low
TAXP01295,47,782500,Salary,1,1,60100,0,-0.033,0.326,0.569,Medium
TAXP01296,57,1194800,Business,1,0,10600,0,-0.11,0.378,0.925,Low
TAXP01297,27,209000,Salary,1,0,0,0,-0.067,0.257,0.98,Low
TAXP01298,56,403700,Salary+Investments,0,1,0,0,-0.11,0.01,0.813,Low
TAXP01299,31,282500,Professional,0,0,0,1,0.08,0.324,0.787,Low
TAXP01300,22,324400,Salary,1,0,57100,0,-0.043,0.191,0.719,Low
TAXP01301,41,675500,Business,1,0,14800,0,0.278,0.175,0.891,Low
TAXP01302,34,150000,Professional,1,2,52800,0,0.129,0.255,0.697,Medium
TAXP01303,29,1011600,Salary+Business,1,1,0,0,0.227,0.244,0.915,Low
TAXP01304,40,1118500,Salary,1,3,0,1,-0.17,0.143,0.791,Low
TAXP01305,60,542500,Salary,0,0,0,0,-0.001,0.151,0.818,Low
TAXP01306,47,150000,Salary,1,1,0,1,0.122,0.363,0.851,Low
TAXP01307,53,317200,Salary,1,1,0,0,0.172,0.358,0.904,Low
TAXP01308,27,1579200,Business,1,2,0,0,-0.004,0.328,0.805,Low
TAXP01309,24,150000,Salary,1,0,0,1,0.02,0.346,0.942,Low
TAXP01310,36,506100,Salary,1,2,0,0,0.037,0.501,0.907,Low
TAXP01311,55,277900,Business,1,3,20200,0,0.052,0.138,0.707,Low
TAXP01312,60,1160100,Salary,0,1,75200,0,0.446,0.301,0.352,High
TAXP01313,25,399800,Salary+Investments,1,1,4900,0,0.15,0.404,0.841,Low
TAXP01314,42,869400,Business,1,0,0,0,0.106,0.288,0.973,Low
TAXP01315,38,976600,Salary,1,0,3300,0,-0.101,0.225,0.979,Low
TAXP01316,54,2438300,Business,1,2,0,1,-0.098,0.23,0.871,Low
TAXP01317,30,561600,Salary,0,0,0,0,0.066,0.106,0.896,Low
TAXP01318,42,852100,Salary+Investments,1,0,0,1,0.281,0.045,0.98,Low
TAXP01319,59,223100,Business,1,1,0,0,0.068,0.051,0.96,Low
TAXP01320,41,1531600,Business,0,0,25100,1,0.075,0.309,0.607,Medium
TAXP01321,56,375900,Salary+Investments,1,0,23200,0,-0.019,0.053,0.893,Low
TAXP01322,48,434100,Salary+Investments,1,1,0,1,-0.179,0.22,0.866,Low
TAXP01323,47,639700,Salary+Business,1,0,0,0,0.17,0.104,0.96,Low
TAXP01324,32,211000,Salary,1,0,0,0,0.059,0.5,0.959,Low
TAXP01325,65,766400,Salary,1,1,0,0,0.171,0.14,0.942,Low
TAXP01326,32,1304500,Professional,1,0,0,0,0.125,0.312,0.916,Low
TAXP01327,62,802600,Business,0,0,19900,0,-0.054,0.191,0.748,Low
TAXP01328,65,207100,Professional,1,0,104000,0,0.136,0.257,0.39,High
TAXP01329,44,594600,Salary+Business,1,2,0,0,-0.107,0.393,0.777,Low
TAXP01330,60,1109000,Salary,1,1,0,1,0.135,0.274,0.898,Low
TAXP01331,53,168100,Salary,1,1,0,0,0.09,0.367,0.917,Low
TAXP01332,54,299800,Business,1,0,0,0,0.346,0.247,0.96,Low
TAXP01333,24,1221800,Salary,1,3,0,0,-0.039,0.472,0.828,Low
TAXP01334,27,789500,Professional,1,2,0,0,-0.112,0.242,0.891,Low
TAXP01335,24,874400,Salary+Business,0,1,0,0,0.034,0.191,0.763,Low
TAXP01336,22,2479500,Business,0,2,0,0,0.197,0.223,0.749,Low
TAXP01337,58,910800,Salary+Business,1,0,0,0,-0.348,0.49,0.843,Low
TAXP01338,28,1043800,Business,0,0,0,0,0.24,0.519,0.828,Low
TAXP01339,21,4576600,Salary+Business,1,1,0,0,0.067,0.361,0.861,Low
TAXP01340,63,557300,Salary,0,1,14400,1,-0.083,0.076,0.635,Medium
TAXP01341,33,366000,Salary+Business,1,0,30900,1,0.041,0.209,0.77,Low
TAXP01342,57,884500,Salary+Business,1,1,0,0,-0.019,0.613,0.875,Low
TAXP01343,64,891600,Salary,0,1,0,1,-0.096,0.494,0.697,Medium
TAXP01344,44,444900,Business,1,1,0,1,-0.21,0.089,0.901,Low
TAXP01345,62,309100,Salary+Investments,0,1,5200,1,0.217,0.253,0.66,Medium
TAXP01346,64,3429100,Salary,1,0,0,0,0.01,0.336,0.98,Low
TAXP01347,27,822500,Salary+Business,1,4,0,0,0.037,0.255,0.804,Low
TAXP01348,27,383600,Multiple,1,2,7900,0,0.235,0.521,0.818,Low
TAXP01349,37,1256900,Salary+Investments,0,3,0,0,0.109,0.15,0.711,Low
TAXP01350,46,600900,Salary,1,0,0,1,-0.15,0.244,0.905,Low
TAXP01351,56,541800,Professional,1,2,0,1,0.208,0.174,0.849,Low
TAXP01352,29,974400,Multiple,1,1,0,0,0.337,0.207,0.916,Low
TAXP01353,29,256400,Business,1,2,0,0,0.18,0.336,0.901,Low
TAXP01354,34,837900,Salary,1,1,0,1,-0.038,0.509,0.809,Low
TAXP01355,33,2576800,Salary,1,1,3300,0,-0.136,0.239,0.88,Low
TAXP01356,63,909300,Salary+Business,1,1,12400,0,-0.044,0.393,0.86,Low
TAXP01357,38,495800,Business,1,1,0,0,0.116,0.104,0.943,Low
TAXP01358,60,451200,Salary,1,1,0,1,0.328,0.057,0.901,Low
TAXP01359,23,483700,Salary,1,0,0,0,-0.021,0.089,0.98,Low
TAXP01360,25,541400,Salary+Business,1,0,0,2,-0.004,0.128,0.925,Low
TAXP01361,57,495200,Business,0,1,3500,1,0.263,0.201,0.762,Low
TAXP01362,32,1257300,Salary+Investments,1,1,0,0,0.031,0.06,0.912,Low
TAXP01363,24,186600,Salary+Business,1,1,0,0,0.374,0.427,0.852,Low
TAXP01364,47,1209100,Multiple,1,1,0,0,0.076,0.264,0.97,Low
TAXP01365,27,494500,Salary+Investments,1,1,19000,0,0.287,0.088,0.805,Low
TAXP01366,23,852700,Salary,1,1,0,0,0.161,0.629,0.923,Low
TAXP01367,39,288700,Professional,1,2,0,0,0.213,0.392,0.828,Low
TAXP01368,45,1691900,Salary,1,1,0,1,0.072,0.145,0.882,Low
TAXP01369,44,1593700,Multiple,0,1,21100,0,0.082,0.453,0.692,Medium
TAXP01370,47,1297100,Salary,1,1,0,0,0.167,0.292,0.899,Low
TAXP01371,22,218400,Professional,1,1,0,3,0.228,0.072,0.735,Low
TAXP01372,34,1180800,Salary+Investments,0,0,28600,0,0.184,0.369,0.75,Low
TAXP01373,36,870000,Salary,0,1,0,0,-0.183,0.455,0.737,Low
TAXP01374,34,204600,Salary+Investments,1,0,0,0,0.141,0.064,0.98,Low
TAXP01375,46,638700,Salary,1,1,0,1,-0.005,0.173,0.836,Low
TAXP01376,31,845100,Business,0,0,23900,0,0.013,0.19,0.707,Low
TAXP01377,49,970000,Business,1,0,0,0,0.173,0.386,0.98,Low
TAXP01378,63,738500,Salary,0,2,9200,1,0.372,0.014,0.686,Medium
TAXP01379,50,801600,Business,1,1,27500,2,0.063,0.48,0.643,Medium
TAXP01380,38,1878000,Salary+Investments,0,1,89900,1,0.416,0.086,0.253,High
TAXP01381,40,1571400,Salary,1,0,0,0,-0.076,0.196,0.959,Low
TAXP01382,47,150000,Business,1,0,0,0,0.297,0.529,0.916,Low
TAXP01383,53,517200,Salary+Investments,1,1,0,0,0.169,0.362,0.929,Low
TAXP01384,34,577300,Salary+Business,1,1,0,0,0.133,0.148,0.929,Low
TAXP01385,22,184100,Salary,1,2,0,1,0.321,0.597,0.78,Low
TAXP01386,52,695600,Multiple,1,0,0,0,-0.002,0.63,0.98,Low
TAXP01387,50,1597300,Salary,1,0,0,0,0.304,0.174,0.953,Low
TAXP01388,25,297300,Business,1,1,0,0,0.067,0.224,0.94,Low
TAXP01389,49,828100,Business,1,1,0,0,-0.003,0.376,0.867,Low
TAXP01390,24,336200,Salary+Business,1,1,0,1,-0.112,0.371,0.819,Low
TAXP01391,49,400700,Salary,1,0,0,1,0.354,0.186,0.904,Low
TAXP01392,54,1883100,Salary,1,0,0,0,0.283,0.124,0.932,Low
TAXP01393,21,439800,Salary+Business,1,1,0,0,0.024,0.089,0.921,Low
TAXP01394,53,906700,Salary,1,2,16400,1,0.187,0.223,0.739,Low
TAXP01395,26,169000,Business,0,1,0,0,0.12,0.119,0.864,Low
TAXP01396,32,2484500,Salary+Business,0,0,0,1,0.044,0.051,0.828,Low
TAXP01397,52,1003100,Professional,0,2,12700,1,0.254,0.448,0.623,Medium
TAXP01398,36,570000,Salary,1,1,0,1,-0.0,0.097,0.897,Low
TAXP01399,64,983700,Salary,0,2,0,0,-0.251,0.181,0.762,Low
TAXP01400,64,235500,Multiple,0,2,11600,1,0.142,0.197,0.61,Medium
TAXP01401,65,1522900,Business,1,0,0,1,0.111,0.329,0.868,Low
TAXP01402,25,514800,Salary,0,1,0,0,0.005,0.164,0.834,Low
TAXP01403,28,561200,Salary,1,0,173000,1,-0.043,0.422,0.059,High
TAXP01404,29,456200,Salary,1,0,7900,0,-0.15,0.27,0.957,Low
TAXP01405,47,427900,Multiple,1,1,0,0,0.042,0.242,0.883,Low
TAXP01406,40,1071800,Salary,1,1,0,0,-0.04,0.391,0.878,Low
TAXP01407,54,781500,Salary,1,0,0,0,0.254,0.357,0.98,Low
TAXP01408,33,1039200,Business,1,1,6500,0,0.183,0.33,0.927,Low
TAXP01409,29,645900,Salary,0,1,0,2,0.022,0.316,0.721,Low
TAXP01410,50,940600,Salary,1,1,0,1,0.184,0.601,0.769,Low
TAXP01411,48,480800,Multiple,0,1,0,0,0.083,0.172,0.797,Low
TAXP01412,52,3236900,Salary+Business,1,1,8200,1,0.057,0.698,0.796,Low
TAXP01413,35,210200,Salary,1,0,0,1,0.091,0.041,0.945,Low
TAXP01414,44,1611400,Business,1,1,5800,0,0.383,0.135,0.953,Low
TAXP01415,62,1740400,Salary,1,1,0,0,0.203,0.147,0.937,Low
TAXP01416,48,351900,Salary,0,3,0,1,0.052,0.17,0.626,Medium
TAXP01417,62,3235900,Business,1,0,0,0,0.243,0.397,0.96,Low
TAXP01418,40,1331100,Business,1,1,0,0,0.237,0.524,0.895,Low
TAXP01419,23,1307900,Salary+Business,1,0,0,0,0.142,0.563,0.924,Low
TAXP01420,55,663200,Salary+Investments,1,0,0,0,0.047,0.472,0.98,Low
TAXP01421,41,555900,Salary,1,0,0,1,0.037,0.36,0.9,Low
TAXP01422,22,559000,Multiple,0,0,0,0,-0.072,0.271,0.878,Low
TAXP01423,27,861100,Business,0,0,26900,1,0.129,0.402,0.661,Medium
TAXP01424,35,1782600,Salary,0,1,0,0,0.002,0.081,0.838,Low
TAXP01425,29,740600,Salary+Investments,1,1,0,0,0.03,0.471,0.918,Low
TAXP01426,51,337200,Salary,0,0,0,0,0.2,0.171,0.847,Low
TAXP01427,48,1176800,Business,1,1,0,1,0.37,0.175,0.866,Low
TAXP01428,35,1261700,Salary+Business,1,0,0,1,0.16,0.254,0.921,Low
TAXP01429,24,1041400,Salary,0,2,20500,0,0.083,0.324,0.639,Medium
TAXP01430,24,1111800,Salary+Investments,1,1,0,0,0.097,0.105,0.969,Low
TAXP01431,63,534800,Salary,1,1,0,0,0.282,0.627,0.949,Low
TAXP01432,36,333000,Salary+Investments,1,2,122100,0,0.162,0.122,0.255,High
TAXP01433,25,347900,Salary,1,1,36800,0,0.131,0.37,0.743,Low
TAXP01434,53,200200,Salary,1,0,11300,0,0.142,0.249,0.892,Low
TAXP01435,60,770900,Salary,1,1,0,0,-0.129,0.258,0.939,Low
TAXP01436,26,612100,Salary+Investments,1,1,0,0,0.162,0.207,0.98,Low
TAXP01437,63,473500,Salary,1,1,0,0,-0.04,0.261,0.929,Low
TAXP01438,53,150000,Salary+Investments,1,1,0,0,0.163,0.088,0.898,Low
TAXP01439,32,264800,Salary,1,1,0,1,-0.018,0.125,0.879,Low
TAXP01440,55,1456800,Business,1,0,11200,0,0.195,0.105,0.97,Low
TAXP01441,39,402800,Salary,1,0,0,1,0.076,0.209,0.946,Low
TAXP01442,49,842700,Salary,1,1,14900,1,-0.083,0.429,0.796,Low
TAXP01443,26,238800,Multiple,1,2,14200,0,0.053,0.316,0.805,Low
TAXP01444,31,1831400,Business,1,0,0,1,0.453,0.37,0.906,Low
TAXP01445,55,586000,Professional,1,1,0,2,-0.264,0.452,0.854,Low
TAXP01446,57,801000,Business,1,2,10800,0,0.127,0.066,0.842,Low
TAXP01447,21,3468700,Business,1,1,0,0,-0.062,0.262,0.873,Low
TAXP01448,30,1936800,Professional,0,2,3200,0,0.32,0.152,0.759,Low
TAXP01449,48,521300,Salary+Investments,0,4,0,0,0.231,0.169,0.706,Low
TAXP01450,61,424100,Professional,1,1,0,0,0.13,0.153,0.88,Low
TAXP01451,51,514200,Business,1,1,0,0,0.247,0.238,0.847,Low
TAXP01452,52,938300,Professional,1,1,0,1,0.139,0.229,0.886,Low
TAXP01453,38,602600,Professional,1,0,46100,0,0.101,0.393,0.708,Low
TAXP01454,23,489000,Business,1,0,0,0,0.004,0.283,0.964,Low
TAXP01455,55,1869300,Professional,1,1,0,0,0.042,0.208,0.899,Low
TAXP01456,56,598700,Business,1,0,0,0,0.026,0.198,0.98,Low
TAXP01457,40,3403900,Salary+Business,0,0,68200,0,0.102,0.294,0.494,Medium
TAXP01458,43,693900,Multiple,1,0,0,0,-0.203,0.174,0.98,Low
TAXP01459,31,2350500,Multiple,0,2,30300,0,0.265,0.376,0.565,Medium
TAXP01460,41,840700,Salary+Investments,1,0,0,0,0.411,0.35,0.887,Low
TAXP01461,31,1300200,Professional,1,0,44100,1,0.031,0.518,0.657,Medium
TAXP01462,39,385800,Salary+Business,1,0,27100,0,0.288,0.132,0.859,Low
TAXP01463,27,351500,Salary,1,0,72700,0,0.079,0.112,0.574,Medium
TAXP01464,48,905000,Business,1,0,0,0,0.004,0.36,0.98,Low
TAXP01465,32,1324400,Salary,1,0,30300,0,0.039,0.065,0.818,Low
TAXP01466,53,669100,Salary,1,0,0,0,0.114,0.155,0.98,Low
TAXP01467,44,257400,Multiple,1,1,49900,0,-0.015,0.424,0.699,Medium
TAXP01468,61,244100,Salary+Investments,1,1,8900,0,0.197,0.281,0.894,Low
TAXP01469,30,232600,Business,1,1,0,0,0.017,0.034,0.98,Low
TAXP01470,33,182100,Salary,0,4,34600,1,-0.072,0.174,0.481,Medium
TAXP01471,31,703300,Professional,1,2,6500,0,0.097,0.238,0.769,Low
TAXP01472,49,1461200,Business,1,0,5900,0,-0.011,0.276,0.98,Low
TAXP01473,25,643800,Salary+Business,1,1,0,1,0.048,0.303,0.925,Low
TAXP01474,51,150000,Multiple,0,1,47300,0,0.091,0.4,0.483,Medium
TAXP01475,57,566600,Salary,1,1,0,0,-0.114,0.184,0.962,Low
TAXP01476,51,578100,Salary,0,1,900,0,0.333,0.234,0.799,Low
TAXP01477,27,2939800,Salary,1,1,0,0,0.23,0.127,0.927,Low
TAXP01478,43,227700,Salary,1,0,0,0,-0.001,0.214,0.98,Low
TAXP01479,45,490600,Salary,1,0,0,0,0.097,0.387,0.919,Low
TAXP01480,38,2219800,Salary,1,0,0,0,0.202,0.311,0.961,Low
TAXP01481,41,898700,Salary,1,1,0,1,0.133,0.117,0.906,Low
TAXP01482,55,975100,Salary,1,0,11900,0,0.401,0.249,0.857,Low
TAXP01483,58,705900,Salary,0,1,6000,0,0.062,0.225,0.823,Low
TAXP01484,34,824300,Salary+Business,1,0,0,1,0.29,0.486,0.883,Low
TAXP01485,35,1137800,Salary,1,1,24800,0,-0.114,0.221,0.832,Low
TAXP01486,30,362900,Salary+Investments,1,2,0,0,-0.089,0.469,0.898,Low
TAXP01487,39,1223100,Salary,1,2,0,0,0.37,0.174,0.797,Low
TAXP01488,45,241900,Salary,1,1,0,0,0.031,0.352,0.912,Low
TAXP01489,53,823400,Salary,1,1,0,0,-0.087,0.326,0.882,Low
TAXP01490,33,739300,Salary+Business,1,0,0,0,0.092,0.062,0.98,Low
TAXP01491,30,417100,Salary,0,1,0,1,0.302,0.27,0.774,Low
TAXP01492,22,639500,Business,1,1,0,0,-0.022,0.243,0.98,Low
TAXP01493,25,415200,Salary,1,0,0,0,0.093,0.291,0.976,Low
TAXP01494,23,300500,Multiple,1,0,58600,0,-0.197,0.29,0.715,Low
TAXP01495,30,503900,Salary,0,1,0,0,0.025,0.102,0.818,Low
TAXP01496,52,293600,Salary,0,0,88500,0,0.26,0.145,0.438,High
TAXP01497,55,820100,Salary+Investments,1,0,30400,0,-0.025,0.412,0.784,Low
TAXP01498,64,284000,Salary,1,1,6300,0,-0.104,0.108,0.832,Low
TAXP01499,45,1085300,Salary,1,2,0,0,-0.024,0.625,0.744,Low
TAXP01500,41,277600,Salary+Business,1,1,0,2,0.002,0.302,0.812,Low
TAXP01501,61,432400,Salary,1,0,21300,0,0.222,0.411,0.836,Low
TAXP01502,27,414600,Salary,1,1,16900,0,0.161,0.302,0.851,Low
TAXP01503,49,1687600,Business,1,2,28700,0,0.192,0.395,0.735,Low
TAXP01504,57,824500,Salary,0,2,0,0,0.105,0.252,0.787,Low
TAXP01505,43,558100,Salary+Investments,0,2,0,1,0.001,0.227,0.662,Medium
TAXP01506,32,930800,Professional,1,0,0,0,-0.024,0.127,0.98,Low
TAXP01507,48,150000,Business,1,1,0,1,0.169,0.489,0.769,Low
TAXP01508,65,630100,Salary,1,0,32200,1,0.354,0.13,0.782,Low
TAXP01509,31,2738500,Professional,0,2,0,1,-0.051,0.148,0.724,Low
TAXP01510,46,715000,Professional,1,0,0,0,-0.063,0.446,0.98,Low
TAXP01511,23,682600,Salary,1,0,0,0,-0.082,0.476,0.929,Low
TAXP01512,31,964500,Salary+Investments,1,0,0,0,0.233,0.109,0.98,Low
TAXP01513,55,1238700,Business,1,0,0,0,0.093,0.122,0.98,Low
TAXP01514,43,154300,Salary+Business,1,1,0,0,0.189,0.301,0.923,Low
TAXP01515,29,193600,Salary,1,1,0,1,0.019,0.085,0.874,Low
TAXP01516,36,756300,Salary,1,2,0,0,0.199,0.429,0.828,Low
TAXP01517,26,388500,Salary+Business,1,2,22800,0,0.054,0.062,0.75,Low
TAXP01518,56,1671800,Salary+Business,1,0,0,0,-0.147,0.446,0.98,Low
TAXP01519,63,518000,Salary,1,0,0,0,0.248,0.338,0.94,Low
TAXP01520,25,161400,Salary,1,1,7300,0,0.094,0.226,0.905,Low
TAXP01521,31,260900,Salary+Business,1,1,0,1,0.05,0.327,0.821,Low
TAXP01522,59,150000,Salary,0,1,0,0,0.145,0.151,0.801,Low
TAXP01523,60,549200,Salary,1,1,0,0,-0.131,0.105,0.924,Low
TAXP01524,55,567600,Professional,1,0,57300,1,0.169,0.359,0.618,Medium
TAXP01525,53,478800,Salary,1,1,0,0,0.005,0.187,0.963,Low
TAXP01526,59,1413400,Salary,1,0,10200,0,0.075,0.262,0.914,Low
TAXP01527,37,1540600,Salary,1,2,0,1,0.282,0.121,0.785,Low
TAXP01528,61,575000,Salary+Investments,0,1,0,0,0.203,0.281,0.82,Low
TAXP01529,60,150000,Salary,1,0,0,0,0.072,0.371,0.912,Low
TAXP01530,31,1013800,Professional,1,1,18700,0,0.084,0.262,0.806,Low
TAXP01531,24,969500,Multiple,1,1,0,0,-0.31,0.094,0.98,Low
TAXP01532,44,812200,Professional,1,2,0,0,-0.032,0.154,0.921,Low
TAXP01533,55,1317700,Business,1,2,12400,0,0.127,0.269,0.728,Low
TAXP01534,59,281000,Business,1,1,0,0,-0.022,0.257,0.931,Low
TAXP01535,27,2760800,Salary,0,0,0,1,-0.112,0.271,0.828,Low
TAXP01536,37,325800,Business,1,0,0,0,0.177,0.197,0.98,Low
TAXP01537,55,1114800,Multiple,1,0,0,0,0.309,0.141,0.972,Low
TAXP01538,23,192900,Salary+Business,1,1,0,0,-0.015,0.28,0.892,Low
TAXP01539,53,332700,Business,1,1,104900,0,0.24,0.332,0.376,High
TAXP01540,34,1936700,Salary,1,0,0,1,0.216,0.078,0.956,Low
TAXP01541,22,538700,Salary+Investments,1,0,0,0,-0.056,0.135,0.98,Low
TAXP01542,31,1190000,Salary,1,0,0,1,-0.016,0.182,0.963,Low
TAXP01543,54,770900,Salary+Investments,0,3,0,0,0.388,0.305,0.711,Low
TAXP01544,60,602700,Salary,1,0,0,1,-0.079,0.436,0.89,Low
TAXP01545,24,1735300,Salary+Business,1,0,0,0,0.003,0.235,0.962,Low
TAXP01546,41,548200,Salary+Business,0,0,0,1,0.415,0.017,0.753,Low
TAXP01547,30,180300,Business,1,1,0,0,0.009,0.125,0.98,Low
TAXP01548,51,364500,Salary,1,0,0,0,0.316,0.69,0.907,Low
TAXP01549,56,966600,Salary+Investments,1,1,0,1,-0.064,0.225,0.871,Low
TAXP01550,64,864100,Salary,1,1,0,0,0.122,0.226,0.958,Low
TAXP01551,36,210300,Salary,1,1,23800,1,0.274,0.207,0.711,Low
TAXP01552,34,385800,Business,1,2,0,0,0.025,0.145,0.831,Low
TAXP01553,34,427600,Business,0,2,0,1,0.116,0.041,0.725,Low
TAXP01554,55,499600,Professional,1,2,9000,1,0.219,0.107,0.803,Low
TAXP01555,41,241400,Salary,1,0,0,0,-0.044,0.431,0.902,Low
TAXP01556,22,413500,Business,1,0,37500,0,0.458,0.48,0.716,Low
TAXP01557,63,384700,Salary+Investments,1,2,0,0,0.266,0.173,0.916,Low
TAXP01558,25,1132800,Salary,1,0,0,0,0.043,0.16,0.98,Low
TAXP01559,62,1163900,Business,1,2,0,1,0.062,0.235,0.842,Low
TAXP01560,28,585200,Professional,1,1,0,1,0.406,0.124,0.896,Low
TAXP01561,45,490100,Salary+Investments,1,1,16000,0,0.043,0.421,0.854,Low
TAXP01562,35,718900,Business,1,1,0,0,0.024,0.606,0.915,Low
TAXP01563,51,361100,Salary+Investments,1,0,27600,0,0.283,0.33,0.779,Low
TAXP01564,39,284600,Salary,0,2,9400,0,-0.124,0.322,0.709,Low
TAXP01565,37,330300,Salary,1,0,0,0,0.087,0.43,0.949,Low
TAXP01566,42,411500,Multiple,1,2,0,0,0.113,0.087,0.857,Low
TAXP01567,64,281300,Salary+Investments,0,0,259900,0,-0.013,0.445,0.02,High
TAXP01568,32,730400,Business,0,1,78500,2,-0.15,0.179,0.343,High
TAXP01569,30,1099200,Business,1,1,0,0,0.111,0.38,0.876,Low
TAXP01570,23,207300,Business,1,0,10700,1,0.21,0.114,0.884,Low
TAXP01571,54,661900,Salary,0,1,0,0,-0.009,0.394,0.731,Low
TAXP01572,51,554800,Salary+Investments,1,1,2100,0,-0.089,0.08,0.894,Low
TAXP01573,48,831200,Salary+Business,1,0,0,2,0.301,0.22,0.841,Low
TAXP01574,22,644000,Business,1,0,0,0,0.185,0.306,0.95,Low
TAXP01575,56,228200,Salary,0,0,0,1,0.042,0.198,0.768,Low
TAXP01576,57,261900,Salary,1,0,0,0,0.247,0.055,0.971,Low
TAXP01577,63,663900,Salary,1,2,0,0,0.139,0.466,0.928,Low
TAXP01578,62,1363300,Salary+Business,1,1,0,0,0.386,0.14,0.92,Low
TAXP01579,32,150000,Business,1,1,79500,0,0.206,0.296,0.481,Medium
TAXP01580,52,833700,Salary,1,0,0,0,-0.122,0.322,0.98,Low
TAXP01581,39,1530700,Professional,1,0,0,1,-0.005,0.325,0.826,Low
TAXP01582,47,582200,Multiple,1,0,0,0,0.002,0.302,0.975,Low
TAXP01583,35,966000,Salary,1,1,0,0,0.15,0.208,0.904,Low
TAXP01584,50,391800,Business,1,0,0,2,0.051,0.14,0.842,Low
TAXP01585,63,596500,Business,1,1,0,0,-0.08,0.475,0.88,Low
TAXP01586,50,202300,Salary,1,1,28300,1,0.194,0.141,0.735,Low
TAXP01587,62,150000,Business,0,2,126600,0,0.26,0.206,0.083,High
TAXP01588,62,1281500,Professional,1,1,4400,0,0.084,0.19,0.913,Low
TAXP01589,26,319800,Salary,1,0,11500,0,0.134,0.195,0.916,Low
TAXP01590,64,468200,Salary,1,2,4500,0,-0.055,0.192,0.901,Low
TAXP01591,57,239500,Salary+Investments,1,0,7800,0,0.016,0.211,0.947,Low
TAXP01592,40,235500,Salary,1,0,0,0,0.023,0.068,0.98,Low
TAXP01593,48,573500,Professional,1,2,8700,0,0.189,0.36,0.815,Low
TAXP01594,48,384400,Professional,0,1,0,0,0.141,0.187,0.82,Low
TAXP01595,56,853300,Salary+Investments,1,3,0,0,0.047,0.232,0.816,Low
TAXP01596,57,900400,Salary+Business,1,0,0,0,0.041,0.093,0.98,Low
TAXP01597,25,818900,Salary+Investments,1,0,0,0,-0.215,0.12,0.98,Low
TAXP01598,21,771800,Professional,1,2,0,0,0.357,0.217,0.896,Low
TAXP01599,32,2024300,Business,1,0,0,0,-0.234,0.039,0.98,Low
TAXP01600,44,301400,Salary,0,0,0,1,0.168,0.427,0.786,Low
TAXP01601,59,624800,Salary,0,1,27400,0,0.106,0.432,0.604,Medium
TAXP01602,50,1469300,Salary,1,0,0,0,0.057,0.291,0.966,Low
TAXP01603,27,1615600,Salary,1,1,0,0,0.099,0.397,0.908,Low
TAXP01604,53,233500,Business,1,1,0,1,-0.006,0.132,0.927,Low
TAXP01605,42,519100,Salary,1,0,0,0,0.204,0.131,0.98,Low
TAXP01606,37,1728200,Salary,1,1,3800,0,-0.11,0.082,0.966,Low
TAXP01607,55,937100,Salary,1,0,0,0,0.152,0.076,0.966,Low
TAXP01608,34,748100,Salary+Business,0,1,0,0,-0.008,0.226,0.781,Low
TAXP01609,48,555700,Business,1,0,28400,0,0.032,0.164,0.888,Low
TAXP01610,29,493100,Salary+Business,1,2,0,1,0.036,0.183,0.835,Low
TAXP01611,38,799900,Business,1,2,0,0,0.074,0.238,0.882,Low
TAXP01612,46,542000,Salary+Investments,0,1,0,0,0.18,0.08,0.772,Low
TAXP01613,49,630400,Salary+Business,1,2,0,0,0.094,0.337,0.902,Low
TAXP01614,62,687800,Salary,1,1,18000,0,0.249,0.169,0.855,Low
TAXP01615,34,398900,Multiple,0,1,0,0,0.267,0.13,0.795,Low
TAXP01616,61,953500,Salary,1,0,0,1,0.149,0.168,0.941,Low
TAXP01617,57,5298800,Business,1,1,23600,0,0.209,0.32,0.802,Low
TAXP01618,37,180800,Salary+Business,1,2,0,0,0.424,0.478,0.849,Low
TAXP01619,27,820800,Salary,1,0,0,0,-0.126,0.26,0.948,Low
TAXP01620,32,376000,Business,1,1,0,0,0.272,0.277,0.87,Low
TAXP01621,50,985100,Salary,1,1,0,1,0.347,0.058,0.88,Low
TAXP01622,56,672200,Salary,1,1,0,0,0.169,0.5,0.903,Low
TAXP01623,48,1125000,Salary,1,0,0,1,0.405,0.335,0.869,Low
TAXP01624,53,1515300,Salary,0,1,0,0,0.384,0.308,0.772,Low
TAXP01625,25,746600,Salary,1,3,0,0,0.046,0.152,0.836,Low
TAXP01626,43,1468600,Professional,1,2,7100,0,0.058,0.117,0.815,Low
TAXP01627,60,150000,Business,1,0,0,0,0.185,0.214,0.98,Low
TAXP01628,38,2042800,Business,1,0,47100,2,0.0,0.122,0.654,Medium
TAXP01629,61,851500,Professional,1,0,0,1,0.534,0.195,0.933,Low
TAXP01630,26,1412400,Salary,1,1,0,1,0.226,0.303,0.878,Low
TAXP01631,65,270100,Salary,1,1,6500,0,0.107,0.039,0.954,Low
TAXP01632,56,357400,Salary+Business,1,0,0,0,-0.126,0.221,0.98,Low
TAXP01633,49,722000,Salary+Investments,1,1,0,0,0.14,0.097,0.922,Low
TAXP01634,48,642100,Business,0,1,324000,1,-0.09,0.245,0.02,High
TAXP01635,63,796900,Salary,1,0,41400,1,0.222,0.099,0.725,Low
TAXP01636,37,1419200,Salary+Business,1,0,0,0,-0.3,0.575,0.928,Low
TAXP01637,28,182400,Salary+Investments,1,1,0,0,0.321,0.014,0.942,Low
TAXP01638,62,1310400,Salary,1,2,0,0,0.032,0.357,0.928,Low
TAXP01639,25,653900,Salary,1,0,275800,0,-0.171,0.291,0.02,High
TAXP01640,50,561300,Salary,1,0,0,0,0.097,0.218,0.939,Low
TAXP01641,32,225400,Business,1,1,0,1,0.103,0.227,0.834,Low
TAXP01642,62,933700,Salary+Investments,1,0,0,0,0.09,0.396,0.975,Low
TAXP01643,64,150000,Professional,1,1,0,0,0.321,0.326,0.895,Low
TAXP01644,42,1036700,Salary,1,1,7500,0,0.161,0.054,0.925,Low
TAXP01645,44,222000,Professional,0,0,0,1,0.227,0.172,0.837,Low
TAXP01646,41,675500,Salary+Investments,1,0,0,0,0.06,0.434,0.98,Low
TAXP01647,40,596600,Business,1,2,0,0,0.168,0.29,0.861,Low
TAXP01648,63,1508800,Salary+Business,1,0,0,0,-0.109,0.145,0.95,Low
TAXP01649,33,571500,Salary,1,1,14600,0,0.141,0.292,0.795,Low
TAXP01650,64,394300,Salary,0,1,0,0,-0.021,0.244,0.809,Low
TAXP01651,50,451300,Business,1,0,0,1,0.311,0.057,0.949,Low
TAXP01652,64,1625300,Business,1,1,0,0,0.112,0.254,0.925,Low
TAXP01653,48,956300,Multiple,1,1,0,0,0.206,0.125,0.894,Low
TAXP01654,57,492400,Business,1,0,0,0,0.142,0.463,0.888,Low
TAXP01655,43,548200,Salary,0,1,28700,1,0.389,0.453,0.525,Medium
TAXP01656,41,210300,Salary,1,2,0,0,-0.15,0.147,0.845,Low
TAXP01657,32,859800,Business,1,0,18100,0,0.082,0.269,0.827,Low
TAXP01658,30,183100,Salary,1,0,0,1,-0.054,0.396,0.905,Low
TAXP01659,22,1116800,Salary+Business,1,0,0,0,-0.228,0.272,0.949,Low
TAXP01660,38,713100,Salary,1,1,0,0,-0.064,0.433,0.869,Low
TAXP01661,65,3624900,Salary,1,0,0,0,0.288,0.519,0.913,Low
TAXP01662,63,294400,Professional,1,1,0,0,0.095,0.326,0.885,Low
TAXP01663,52,603700,Salary,1,1,0,0,0.065,0.142,0.957,Low
TAXP01664,37,2372600,Professional,0,2,0,1,0.224,0.125,0.662,Medium
TAXP01665,44,1532700,Business,1,1,0,0,0.118,0.134,0.95,Low
TAXP01666,55,393700,Business,1,0,0,0,0.198,0.078,0.941,Low
TAXP01667,21,763700,Salary+Business,1,3,19300,0,0.152,0.559,0.699,Medium
TAXP01668,62,650900,Salary+Business,1,0,0,1,0.187,0.259,0.932,Low
TAXP01669,60,796300,Salary+Investments,1,0,0,0,0.028,0.521,0.98,Low
TAXP01670,64,393000,Salary,1,0,0,1,0.268,0.282,0.913,Low
TAXP01671,25,609500,Salary,1,0,0,0,-0.094,0.146,0.98,Low
TAXP01672,63,205700,Salary+Business,1,0,0,0,0.086,0.151,0.98,Low
TAXP01673,48,716400,Business,1,0,0,0,0.276,0.029,0.963,Low
TAXP01674,45,898700,Professional,1,0,0,0,0.075,0.369,0.98,Low
TAXP01675,29,551800,Business,1,1,0,0,0.031,0.388,0.87,Low
TAXP01676,43,203200,Salary+Business,1,1,0,0,0.466,0.434,0.794,Low
TAXP01677,37,1324400,Salary,1,1,0,0,0.327,0.296,0.921,Low
TAXP01678,65,845100,Business,1,2,28800,1,0.123,0.178,0.641,Medium
TAXP01679,36,385400,Salary,1,0,0,0,-0.055,0.318,0.98,Low
TAXP01680,30,531100,Salary,1,0,0,0,-0.226,0.324,0.94,Low
TAXP01681,63,220600,Professional,1,1,0,0,0.213,0.109,0.917,Low
TAXP01682,29,310700,Business,0,2,0,0,0.303,0.208,0.64,Medium
TAXP01683,61,441300,Salary,1,3,0,0,0.163,0.317,0.832,Low
TAXP01684,64,1574100,Salary+Investments,1,0,14600,0,-0.174,0.593,0.839,Low
TAXP01685,34,410200,Salary+Business,1,3,0,0,0.126,0.267,0.832,Low
TAXP01686,52,1030600,Business,1,0,31900,0,0.022,0.227,0.824,Low
TAXP01687,56,441100,Multiple,1,1,0,0,0.126,0.417,0.909,Low
TAXP01688,45,777000,Business,1,1,5500,0,0.411,0.609,0.846,Low
TAXP01689,52,587100,Salary+Business,1,0,0,1,0.226,0.413,0.917,Low
TAXP01690,26,1218700,Salary,1,0,6900,0,0.192,0.3,0.914,Low
TAXP01691,44,442300,Salary,1,1,0,0,0.093,0.484,0.931,Low
TAXP01692,44,209500,Salary,1,2,5000,0,0.166,0.414,0.843,Low
TAXP01693,46,240300,Salary,1,0,65600,0,-0.016,0.131,0.58,Medium
TAXP01694,63,443200,Business,1,0,0,0,0.189,0.169,0.976,Low
TAXP01695,58,264400,Salary,1,1,0,0,0.069,0.286,0.89,Low
TAXP01696,48,873300,Professional,1,0,0,0,-0.032,0.102,0.98,Low
TAXP01697,39,464800,Salary,1,1,8300,0,0.23,0.343,0.835,Low
TAXP01698,39,3592800,Salary,1,0,2000,0,-0.257,0.354,0.945,Low
TAXP01699,21,186000,Multiple,0,1,0,0,0.013,0.3,0.893,Low
TAXP01700,45,752600,Professional,1,0,0,0,0.198,0.339,0.955,Low
TAXP01701,32,288500,Multiple,1,0,0,0,0.296,0.42,0.975,Low
TAXP01702,60,455600,Business,0,4,0,0,0.175,0.232,0.67,Medium
TAXP01703,55,719700,Salary,1,1,0,0,-0.008,0.377,0.891,Low
TAXP01704,62,150000,Business,1,2,20300,0,0.092,0.143,0.719,Low
TAXP01705,65,770800,Business,1,2,0,0,0.147,0.347,0.912,Low
TAXP01706,39,2558200,Salary,1,2,46700,1,0.35,0.295,0.574,Medium
TAXP01707,40,469000,Salary+Investments,1,0,19900,1,0.247,0.458,0.786,Low
TAXP01708,48,783700,Professional,1,1,0,0,0.248,0.237,0.913,Low
TAXP01709,40,1359600,Salary+Business,1,0,0,1,0.11,0.159,0.925,Low
TAXP01710,33,577600,Business,0,1,0,0,-0.071,0.092,0.8,Low
TAXP01711,52,427800,Professional,1,0,0,1,-0.125,0.272,0.931,Low
TAXP01712,41,150000,Salary,1,0,5200,2,0.052,0.397,0.837,Low
TAXP01713,63,1031200,Multiple,1,1,0,0,0.212,0.439,0.883,Low
TAXP01714,30,599100,Salary,1,2,0,0,0.02,0.097,0.92,Low
TAXP01715,40,313500,Salary,0,3,7000,0,0.192,0.308,0.682,Medium
TAXP01716,44,712000,Salary,1,0,0,0,-0.027,0.546,0.946,Low
TAXP01717,61,427000,Professional,1,3,0,1,-0.002,0.248,0.806,Low
TAXP01718,47,444300,Multiple,0,1,44100,0,0.325,0.325,0.588,Medium
TAXP01719,24,1005800,Salary+Investments,1,3,0,1,0.223,0.317,0.803,Low
TAXP01720,36,248000,Salary+Business,1,1,0,1,0.051,0.269,0.875,Low
TAXP01721,60,1381700,Multiple,1,1,0,0,-0.033,0.034,0.9,Low
TAXP01722,33,237600,Salary+Business,1,1,0,0,0.252,0.509,0.874,Low
TAXP01723,36,403400,Salary,1,1,0,0,0.24,0.209,0.951,Low
TAXP01724,27,2595400,Professional,1,0,0,1,0.202,0.147,0.869,Low
TAXP01725,53,1463600,Salary,1,1,0,0,0.072,0.225,0.944,Low
TAXP01726,27,697300,Salary,1,1,0,1,-0.075,0.163,0.827,Low
TAXP01727,37,330200,Salary,1,0,0,0,0.098,0.333,0.963,Low
TAXP01728,53,444000,Salary,1,1,0,0,0.325,0.269,0.898,Low
TAXP01729,61,685200,Multiple,0,1,59500,2,-0.045,0.427,0.394,High
TAXP01730,30,667800,Multiple,0,0,5400,0,0.108,0.433,0.813,Low
TAXP01731,35,608800,Salary,1,0,14100,2,0.362,0.223,0.735,Low
TAXP01732,26,635700,Salary+Business,1,0,0,0,0.051,0.174,0.98,Low
TAXP01733,40,557000,Salary,0,1,0,0,0.08,0.235,0.772,Low
TAXP01734,65,230200,Salary,1,0,8600,0,-0.116,0.241,0.923,Low
TAXP01735,34,448100,Salary,1,1,10200,0,0.2,0.053,0.887,Low
TAXP01736,32,1255800,Salary,1,1,0,0,-0.018,0.049,0.926,Low
TAXP01737,38,242700,Salary,1,0,0,0,-0.149,0.235,0.972,Low
TAXP01738,61,567100,Salary,1,0,0,1,-0.053,0.129,0.962,Low
TAXP01739,45,360200,Salary,1,1,0,1,0.133,0.13,0.909,Low
TAXP01740,48,704300,Salary,1,2,0,1,-0.153,0.547,0.773,Low
TAXP01741,56,491300,Salary+Investments,1,1,0,0,-0.122,0.089,0.98,Low
TAXP01742,53,1883100,Salary,1,1,0,0,0.189,0.223,0.907,Low
TAXP01743,47,936100,Salary,0,0,0,0,0.088,0.089,0.916,Low
TAXP01744,46,252800,Business,0,2,0,0,-0.046,0.483,0.729,Low
TAXP01745,44,1053900,Salary,1,0,0,1,0.049,0.401,0.86,Low
TAXP01746,29,372100,Business,1,1,0,1,0.378,0.226,0.889,Low
TAXP01747,39,429000,Salary,1,0,0,0,0.305,0.399,0.923,Low
TAXP01748,59,814800,Professional,0,1,0,0,0.083,0.118,0.777,Low
TAXP01749,22,456200,Business,1,1,94700,0,0.231,0.112,0.46,Medium
TAXP01750,58,1236200,Professional,1,1,0,0,0.119,0.393,0.93,Low
TAXP01751,46,372200,Business,1,3,6600,0,-0.184,0.144,0.787,Low
TAXP01752,36,416300,Business,1,0,0,0,-0.213,0.01,0.943,Low
TAXP01753,26,405200,Salary,1,1,0,0,-0.045,0.105,0.86,Low
TAXP01754,55,432600,Salary,1,1,0,0,-0.152,0.093,0.961,Low
TAXP01755,21,1434200,Business,1,2,0,0,0.143,0.489,0.826,Low
TAXP01756,45,1022200,Salary,1,0,33600,0,0.012,0.415,0.801,Low
TAXP01757,28,2226400,Salary,1,4,0,0,0.168,0.243,0.818,Low
TAXP01758,61,3326500,Professional,1,0,11800,1,0.171,0.174,0.87,Low
TAXP01759,29,309500,Salary,0,0,15300,1,0.21,0.135,0.733,Low
TAXP01760,57,683800,Salary,1,1,10900,1,-0.049,0.163,0.825,Low
TAXP01761,46,278700,Professional,1,0,0,0,0.183,0.171,0.957,Low
TAXP01762,22,371300,Salary,1,1,0,0,-0.053,0.133,0.929,Low
TAXP01763,53,412900,Salary+Business,1,1,17300,1,0.214,0.74,0.685,Medium
TAXP01764,60,303600,Multiple,1,0,19700,1,0.296,0.219,0.743,Low
TAXP01765,30,304800,Multiple,1,0,15900,0,0.216,0.2,0.884,Low
TAXP01766,64,585900,Business,1,2,0,1,0.072,0.236,0.846,Low
TAXP01767,56,270700,Salary,1,1,4000,0,0.191,0.138,0.914,Low
TAXP01768,54,1191900,Professional,0,0,31800,1,-0.145,0.354,0.63,Medium
TAXP01769,36,335700,Professional,1,1,5200,0,-0.181,0.182,0.918,Low
TAXP01770,26,4914100,Professional,1,2,0,0,0.175,0.16,0.933,Low
TAXP01771,40,469600,Salary,1,1,0,1,0.309,0.281,0.904,Low
TAXP01772,57,684600,Salary,1,2,0,0,-0.097,0.062,0.871,Low
TAXP01773,47,255800,Salary,1,1,0,0,0.102,0.366,0.884,Low
TAXP01774,50,2220200,Salary,1,3,0,1,0.17,0.497,0.739,Low
TAXP01775,56,1455400,Salary,1,1,0,0,0.002,0.357,0.926,Low
TAXP01776,36,804900,Multiple,1,0,27900,1,0.046,0.179,0.803,Low
TAXP01777,22,246500,Salary,1,1,0,0,0.198,0.263,0.963,Low
TAXP01778,60,756500,Professional,1,0,0,0,0.117,0.18,0.98,Low
TAXP01779,48,289900,Multiple,1,0,0,0,0.118,0.109,0.98,Low
TAXP01780,46,1862900,Salary,0,2,43000,0,-0.057,0.624,0.548,Medium
TAXP01781,46,1164000,Business,1,0,0,0,0.095,0.578,0.929,Low
TAXP01782,59,696200,Professional,0,1,0,0,0.036,0.396,0.817,Low
TAXP01783,55,150000,Salary,1,3,0,0,0.045,0.331,0.823,Low
TAXP01784,51,320200,Business,1,2,0,0,0.013,0.452,0.912,Low
TAXP01785,56,1066500,Salary+Business,0,1,0,0,0.096,0.097,0.797,Low
TAXP01786,33,1556600,Salary+Business,1,2,11100,0,-0.039,0.236,0.808,Low
TAXP01787,53,1444600,Salary+Business,1,1,0,0,0.102,0.194,0.946,Low
TAXP01788,64,206600,Multiple,1,0,0,0,0.042,0.458,0.904,Low
TAXP01789,31,807600,Salary,1,1,22700,0,-0.049,0.222,0.814,Low
TAXP01790,46,1350400,Salary+Business,1,1,0,1,-0.212,0.148,0.871,Low
TAXP01791,51,197000,Professional,0,2,0,2,0.252,0.181,0.708,Low
TAXP01792,44,646300,Professional,0,3,0,1,0.219,0.544,0.65,Medium
TAXP01793,64,791700,Salary+Business,1,0,0,0,-0.029,0.14,0.98,Low
TAXP01794,39,523400,Salary+Business,1,0,0,0,0.209,0.11,0.949,Low
TAXP01795,30,171300,Salary+Investments,1,0,15600,0,-0.064,0.066,0.875,Low
TAXP01796,27,514100,Salary,1,2,14900,0,0.051,0.426,0.804,Low
TAXP01797,59,513500,Professional,0,1,1700,1,0.015,0.066,0.761,Low
TAXP01798,51,584300,Salary,1,1,0,2,0.056,0.289,0.791,Low
TAXP01799,47,433200,Business,0,0,0,0,0.203,0.385,0.841,Low
TAXP01800,40,472500,Salary+Business,1,1,2900,0,0.036,0.196,0.968,Low
TAXP01801,39,631700,Salary+Business,0,2,0,0,0.046,0.161,0.743,Low
TAXP01802,63,893900,Business,1,0,0,0,0.219,0.122,0.96,Low
TAXP01803,51,522100,Business,1,0,0,0,0.11,0.255,0.958,Low
TAXP01804,64,484000,Salary,0,0,0,0,0.005,0.272,0.819,Low
TAXP01805,57,694700,Salary,1,1,0,1,0.139,0.301,0.828,Low
TAXP01806,55,163000,Salary,1,0,0,0,0.259,0.226,0.94,Low
TAXP01807,45,916400,Salary+Investments,1,3,0,0,0.269,0.013,0.884,Low
TAXP01808,31,649700,Salary,1,1,0,0,-0.112,0.285,0.971,Low
TAXP01809,50,668800,Multiple,1,0,0,1,-0.104,0.491,0.882,Low
TAXP01810,53,1298200,Salary,1,0,0,0,0.26,0.048,0.977,Low
TAXP01811,44,159300,Salary+Business,1,2,0,0,0.054,0.329,0.866,Low
TAXP01812,21,156900,Business,1,2,0,1,-0.252,0.127,0.77,Low
TAXP01813,64,791600,Professional,1,1,0,0,-0.017,0.364,0.884,Low
TAXP01814,58,646700,Professional,1,0,0,0,0.03,0.091,0.98,Low
TAXP01815,36,734700,Salary+Business,1,1,0,0,0.05,0.082,0.968,Low
TAXP01816,43,466000,Salary+Investments,1,1,0,1,0.222,0.464,0.821,Low
TAXP01817,26,1048700,Business,0,1,0,0,-0.049,0.571,0.757,Low
TAXP01818,63,1272200,Salary,1,3,0,1,0.25,0.227,0.78,Low
TAXP01819,31,921000,Salary,1,0,8600,0,0.146,0.455,0.98,Low
TAXP01820,37,538700,Salary+Business,1,1,0,0,-0.106,0.273,0.953,Low
TAXP01821,40,150000,Business,1,0,0,2,0.049,0.463,0.821,Low
TAXP01822,32,1131000,Business,1,1,0,1,0.179,0.319,0.906,Low
TAXP01823,49,1566500,Business,1,0,54100,0,0.106,0.206,0.674,Medium
TAXP01824,65,1033900,Salary,0,2,0,0,0.161,0.061,0.755,Low
TAXP01825,59,345000,Salary+Business,1,0,80900,1,0.006,0.195,0.547,Medium
TAXP01826,44,1055900,Salary+Business,1,0,0,0,0.189,0.145,0.943,Low
TAXP01827,26,1207800,Salary+Business,1,1,0,0,0.036,0.555,0.898,Low
TAXP01828,59,1996800,Salary+Business,1,1,0,0,0.507,0.396,0.888,Low
TAXP01829,32,345900,Salary+Investments,1,0,0,0,-0.111,0.343,0.98,Low
TAXP01830,61,552200,Business,1,0,0,0,0.532,0.352,0.887,Low
TAXP01831,38,1113200,Multiple,1,0,0,0,-0.052,0.598,0.979,Low
TAXP01832,44,677400,Salary,1,0,0,1,0.303,0.121,0.962,Low
TAXP01833,40,290800,Professional,1,1,0,0,0.232,0.184,0.916,Low
TAXP01834,41,876100,Salary+Business,1,0,33200,0,-0.046,0.186,0.842,Low
TAXP01835,28,986000,Business,1,1,32300,0,0.196,0.076,0.695,Medium
TAXP01836,45,692500,Salary,1,0,0,1,0.021,0.152,0.968,Low
TAXP01837,39,761300,Business,1,2,11700,0,0.144,0.194,0.791,Low
TAXP01838,59,539500,Salary,1,0,11900,0,0.124,0.192,0.854,Low
TAXP01839,42,1884300,Salary+Investments,1,0,10000,2,0.044,0.011,0.82,Low
TAXP01840,64,339800,Salary,1,1,9800,1,0.031,0.335,0.844,Low
TAXP01841,34,425900,Salary,1,2,0,2,0.155,0.197,0.766,Low
TAXP01842,35,655200,Business,1,1,16200,0,-0.045,0.289,0.791,Low
TAXP01843,22,1223900,Salary,1,0,0,0,-0.039,0.287,0.98,Low
TAXP01844,54,221200,Salary,1,0,27800,2,0.253,0.023,0.701,Low
TAXP01845,24,253000,Business,1,1,0,0,0.169,0.392,0.887,Low
TAXP01846,33,150000,Business,1,2,0,0,-0.109,0.288,0.805,Low
TAXP01847,61,665500,Salary,0,1,0,0,-0.061,0.184,0.796,Low
TAXP01848,48,290600,Business,1,1,0,0,-0.242,0.268,0.907,Low
TAXP01849,46,492800,Business,1,0,0,0,0.246,0.217,0.94,Low
TAXP01850,57,1046500,Salary+Business,0,1,39200,1,0.21,0.325,0.579,Medium
TAXP01851,55,409600,Salary,1,0,0,0,-0.074,0.114,0.98,Low
TAXP01852,60,767800,Salary,1,1,0,0,0.204,0.341,0.905,Low
TAXP01853,50,524000,Multiple,1,0,0,1,0.418,0.327,0.911,Low
TAXP01854,41,1054600,Business,1,0,0,0,-0.146,0.436,0.969,Low
TAXP01855,26,915100,Salary,1,1,0,0,0.002,0.336,0.848,Low
TAXP01856,37,395000,Salary+Investments,1,0,0,1,-0.15,0.083,0.87,Low
TAXP01857,52,575700,Salary,1,1,5800,0,0.252,0.596,0.938,Low
TAXP01858,32,1378100,Salary+Business,1,1,0,1,0.085,0.029,0.894,Low
TAXP01859,51,862800,Salary+Business,1,1,0,0,0.036,0.153,0.978,Low
TAXP01860,27,237700,Multiple,1,2,80600,2,0.136,0.645,0.278,High
TAXP01861,23,1042100,Multiple,1,1,0,1,0.011,0.389,0.856,Low
TAXP01862,37,297700,Salary,1,1,0,1,0.036,0.287,0.821,Low
TAXP01863,31,1797200,Salary+Business,1,0,0,0,0.144,0.095,0.98,Low
TAXP01864,60,1358800,Salary,1,0,5900,2,0.002,0.454,0.857,Low
TAXP01865,38,800900,Professional,1,0,0,1,0.025,0.212,0.935,Low
TAXP01866,39,727900,Business,1,2,11800,0,0.075,0.427,0.819,Low
TAXP01867,39,559200,Salary,1,1,13700,0,0.115,0.389,0.84,Low
TAXP01868,35,1059500,Salary,1,0,0,0,0.196,0.322,0.915,Low
TAXP01869,62,497700,Salary,1,0,0,1,0.193,0.625,0.86,Low
TAXP01870,54,770100,Salary,1,1,0,0,-0.14,0.34,0.921,Low
TAXP01871,28,1217800,Salary,1,1,0,0,0.325,0.274,0.905,Low
TAXP01872,30,433800,Salary+Investments,1,0,3000,0,0.109,0.265,0.98,Low
TAXP01873,24,417100,Business,1,3,0,0,0.047,0.493,0.876,Low
TAXP01874,32,275100,Salary+Business,1,3,0,0,-0.045,0.352,0.78,Low
TAXP01875,50,302000,Salary+Investments,1,4,0,0,0.418,0.279,0.787,Low
TAXP01876,63,174300,Salary+Business,1,2,0,1,0.478,0.31,0.747,Low
TAXP01877,42,1099300,Salary,1,0,6100,0,0.399,0.197,0.936,Low
TAXP01878,24,2390800,Salary+Investments,1,0,0,0,0.119,0.35,0.953,Low
TAXP01879,23,1813900,Salary+Business,1,1,0,1,0.155,0.257,0.839,Low
TAXP01880,39,201600,Salary+Business,1,0,0,0,0.339,0.272,0.919,Low
TAXP01881,32,1095400,Salary+Investments,1,1,0,1,0.061,0.328,0.885,Low
TAXP01882,46,1809700,Business,1,2,0,0,0.187,0.707,0.822,Low
TAXP01883,26,467800,Business,1,0,0,0,0.136,0.268,0.966,Low
TAXP01884,31,699300,Salary+Investments,0,2,0,1,0.407,0.121,0.687,Medium
TAXP01885,46,153100,Business,0,0,1800,2,0.33,0.075,0.737,Low
TAXP01886,33,787600,Salary+Business,0,3,13700,0,0.078,0.312,0.659,Medium
TAXP01887,37,302200,Salary,0,2,0,1,0.344,0.46,0.665,Medium
TAXP01888,30,750500,Salary,0,4,0,0,0.099,0.235,0.715,Low
TAXP01889,23,211200,Business,0,1,0,0,0.013,0.283,0.804,Low
TAXP01890,36,960900,Salary,1,1,0,0,0.054,0.217,0.924,Low
TAXP01891,35,1359200,Multiple,1,0,0,2,0.124,0.209,0.906,Low
TAXP01892,61,369800,Salary,1,1,0,1,-0.026,0.372,0.874,Low
TAXP01893,61,286700,Salary+Business,0,1,0,1,0.017,0.435,0.757,Low
TAXP01894,40,150000,Salary,1,0,0,0,-0.131,0.338,0.976,Low
TAXP01895,33,536500,Multiple,1,0,0,0,-0.032,0.369,0.935,Low
TAXP01896,39,427600,Salary,1,0,0,1,0.138,0.366,0.889,Low
TAXP01897,48,212800,Salary,1,1,0,2,0.267,0.281,0.776,Low
TAXP01898,38,900700,Salary,1,1,17100,0,0.246,0.478,0.73,Low
TAXP01899,55,470100,Business,1,0,0,0,0.169,0.222,0.929,Low
TAXP01900,64,299600,Multiple,0,0,0,0,-0.145,0.325,0.893,Low
TAXP01901,39,436000,Multiple,1,0,0,0,-0.038,0.259,0.98,Low
TAXP01902,26,1405700,Salary,1,0,0,0,0.068,0.223,0.927,Low
TAXP01903,26,1003300,Business,1,0,0,0,0.254,0.123,0.98,Low
TAXP01904,60,591900,Salary,1,2,0,1,0.011,0.259,0.846,Low
TAXP01905,39,1015100,Business,1,1,148900,0,-0.095,0.394,0.128,High
TAXP01906,35,281800,Business,1,0,0,0,0.332,0.295,0.961,Low
TAXP01907,48,665300,Salary,1,0,0,0,-0.018,0.281,0.911,Low
TAXP01908,64,722700,Professional,1,1,0,0,-0.08,0.227,0.931,Low
TAXP01909,40,463400,Salary+Investments,1,0,0,0,0.136,0.291,0.878,Low
TAXP01910,35,889400,Salary,1,1,0,1,0.092,0.262,0.891,Low
TAXP01911,59,370600,Salary,1,0,98300,0,0.02,0.05,0.509,Medium
TAXP01912,24,938300,Salary,1,1,0,1,0.1,0.41,0.886,Low
TAXP01913,58,967100,Salary,0,0,7300,0,-0.048,0.061,0.861,Low
TAXP01914,44,150000,Salary,1,0,0,0,0.018,0.158,0.958,Low
TAXP01915,21,1531500,Professional,0,0,0,0,0.094,0.162,0.905,Low
TAXP01916,31,150000,Salary,1,2,7400,0,-0.226,0.182,0.872,Low
TAXP01917,51,417100,Salary+Business,1,0,0,0,0.253,0.141,0.953,Low
TAXP01918,54,1360000,Salary+Investments,1,0,0,0,-0.12,0.093,0.98,Low
TAXP01919,29,517200,Multiple,1,1,0,1,-0.05,0.286,0.923,Low
TAXP01920,50,226200,Professional,1,0,0,1,0.26,0.585,0.878,Low
TAXP01921,65,295700,Salary,1,4,0,0,0.191,0.231,0.764,Low
TAXP01922,51,1361500,Salary,1,2,60000,1,0.114,0.369,0.515,Medium
TAXP01923,52,163000,Salary,1,0,0,0,-0.173,0.089,0.965,Low
TAXP01924,29,1465300,Multiple,1,0,0,0,0.003,0.411,0.98,Low
TAXP01925,49,624700,Multiple,1,3,0,0,0.065,0.086,0.795,Low
TAXP01926,52,275500,Salary,0,1,0,0,0.077,0.309,0.766,Low
TAXP01927,25,427100,Salary,1,0,0,0,0.283,0.393,0.972,Low
TAXP01928,35,312500,Business,1,2,0,0,0.419,0.147,0.873,Low
TAXP01929,60,1212800,Salary,1,0,0,0,0.198,0.183,0.98,Low
TAXP01930,65,1101400,Multiple,1,0,16100,0,0.014,0.175,0.866,Low
TAXP01931,28,188500,Salary,1,1,0,0,0.294,0.306,0.95,Low
TAXP01932,53,486100,Salary,1,1,0,0,0.006,0.208,0.951,Low
TAXP01933,43,349100,Business,1,0,195500,0,-0.32,0.115,0.02,High
TAXP01934,47,1649600,Salary,0,0,0,0,-0.1,0.033,0.919,Low
TAXP01935,43,245900,Salary,1,2,28100,0,-0.28,0.098,0.764,Low
TAXP01936,60,2063200,Salary+Investments,1,0,0,3,0.039,0.205,0.814,Low
TAXP01937,41,634600,Salary,1,2,0,0,0.071,0.312,0.889,Low
TAXP01938,47,281600,Business,1,0,5800,0,-0.155,0.192,0.911,Low
TAXP01939,51,399100,Salary,1,2,0,2,-0.037,0.273,0.751,Low
TAXP01940,45,365000,Salary,1,0,0,0,-0.128,0.038,0.98,Low
TAXP01941,60,259600,Salary,1,0,0,0,0.08,0.328,0.978,Low
TAXP01942,31,695900,Salary,1,0,18900,0,-0.037,0.041,0.912,Low
TAXP01943,63,268500,Salary,1,0,0,0,0.262,0.202,0.978,Low
TAXP01944,51,150000,Salary,1,0,0,0,0.127,0.189,0.922,Low
TAXP01945,64,494500,Salary+Business,1,0,0,0,0.357,0.331,0.939,Low
TAXP01946,37,177500,Salary+Business,1,0,8300,1,0.027,0.414,0.922,Low
TAXP01947,42,378200,Multiple,1,1,0,1,0.443,0.296,0.87,Low
TAXP01948,22,337800,Business,0,1,0,0,0.1,0.213,0.822,Low
TAXP01949,62,347100,Salary+Business,1,3,3500,0,0.015,0.682,0.758,Low
TAXP01950,57,2745400,Professional,1,0,0,0,0.485,0.386,0.869,Low
TAXP01951,34,676900,Salary,1,1,0,1,-0.193,0.1,0.854,Low
TAXP01952,23,775600,Salary,0,0,0,0,0.012,0.078,0.875,Low
TAXP01953,52,180900,Business,1,0,0,0,-0.166,0.244,0.98,Low
TAXP01954,51,405900,Salary+Business,1,2,0,0,-0.194,0.409,0.804,Low
TAXP01955,44,759000,Business,0,2,0,0,-0.231,0.133,0.77,Low
TAXP01956,28,310900,Salary,0,0,0,0,0.199,0.248,0.893,Low
TAXP01957,62,1249800,Multiple,1,0,24300,0,-0.113,0.432,0.812,Low
TAXP01958,40,273400,Salary,1,3,0,0,0.059,0.432,0.857,Low
TAXP01959,53,528900,Multiple,1,0,0,0,0.243,0.308,0.932,Low
TAXP01960,59,426200,Salary+Business,1,3,0,0,0.174,0.224,0.841,Low
TAXP01961,45,731600,Salary+Investments,1,0,27200,1,0.166,0.784,0.732,Low
TAXP01962,25,409900,Salary+Business,1,0,0,0,0.294,0.327,0.98,Low
TAXP01963,60,534800,Salary,1,0,0,0,0.358,0.124,0.928,Low
TAXP01964,51,548400,Professional,1,3,0,0,-0.1,0.206,0.875,Low
TAXP01965,61,383100,Salary+Business,1,0,10900,0,0.177,0.181,0.94,Low
TAXP01966,48,921700,Salary+Business,1,0,23700,0,0.056,0.501,0.817,Low
TAXP01967,61,771700,Salary,1,2,0,1,0.077,0.212,0.836,Low
TAXP01968,60,609800,Salary,1,1,0,0,-0.142,0.166,0.848,Low
TAXP01969,30,476800,Salary,1,0,0,1,0.015,0.312,0.978,Low
TAXP01970,28,1153400,Business,1,0,0,0,0.032,0.205,0.98,Low
TAXP01971,28,548500,Business,1,0,0,0,0.329,0.459,0.907,Low
TAXP01972,56,521200,Salary+Investments,1,0,0,0,-0.085,0.432,0.967,Low
TAXP01973,31,700900,Salary+Business,1,1,0,0,-0.282,0.173,0.919,Low
TAXP01974,41,2205100,Professional,1,1,0,1,0.099,0.115,0.795,Low
TAXP01975,56,247600,Salary,1,2,38600,0,-0.101,0.231,0.676,Medium
TAXP01976,40,1131500,Business,1,1,0,1,0.078,0.154,0.834,Low
TAXP01977,23,166300,Salary,1,1,18100,0,0.206,0.157,0.809,Low
TAXP01978,37,760100,Salary,1,0,0,1,0.084,0.291,0.89,Low
TAXP01979,25,2020400,Salary,0,0,0,1,0.031,0.227,0.812,Low
TAXP01980,38,924100,Salary,1,2,39500,0,0.075,0.126,0.743,Low
TAXP01981,54,735000,Salary,1,0,0,1,0.236,0.26,0.872,Low
TAXP01982,44,434200,Business,1,1,0,1,-0.085,0.067,0.872,Low
TAXP01983,51,664700,Salary,1,0,0,0,0.217,0.401,0.928,Low
TAXP01984,25,542100,Salary,1,1,14900,3,-0.061,0.134,0.715,Low
TAXP01985,54,369100,Salary,1,1,0,0,0.196,0.299,0.934,Low
TAXP01986,40,527600,Professional,1,0,0,0,-0.147,0.183,0.927,Low
TAXP01987,33,749800,Business,1,2,0,0,0.187,0.318,0.852,Low
TAXP01988,50,374100,Salary,0,1,0,2,0.084,0.273,0.765,Low
TAXP01989,27,363700,Salary,1,1,0,0,0.115,0.49,0.899,Low
TAXP01990,43,244100,Multiple,1,0,5500,1,0.253,0.473,0.87,Low
TAXP01991,39,861200,Business,1,1,0,0,-0.031,0.04,0.98,Low
TAXP01992,28,962600,Professional,0,1,0,0,0.096,0.133,0.84,Low
TAXP01993,63,768000,Business,1,0,0,0,0.149,0.129,0.887,Low
TAXP01994,37,1302300,Salary+Business,1,3,13100,1,0.052,0.259,0.796,Low
TAXP01995,22,692500,Salary+Investments,1,0,0,0,0.215,0.255,0.98,Low
TAXP01996,40,862000,Salary,1,0,0,1,0.153,0.142,0.98,Low
TAXP01997,64,808900,Professional,1,0,0,2,0.007,0.25,0.93,Low
TAXP01998,51,608500,Salary,1,1,0,1,0.302,0.425,0.907,Low
TAXP01999,49,443500,Professional,1,0,0,0,0.19,0.222,0.98,Low
TAXP02000,61,3200800,Salary,1,1,0,0,-0.035,0.207,0.87,Low
TAXP02001,24,469500,Salary,1,1,0,0,-0.036,0.205,0.899,Low
TAXP02002,45,402400,Multiple,1,0,0,0,0.065,0.253,0.98,Low
TAXP02003,35,888400,Salary+Investments,1,0,0,1,0.172,0.244,0.857,Low
TAXP02004,51,779200,Salary,1,0,0,0,-0.254,0.327,0.969,Low
TAXP02005,59,236400,Multiple,1,1,0,2,-0.028,0.293,0.856,Low
TAXP02006,24,1458700,Salary,1,2,0,1,0.008,0.137,0.858,Low
TAXP02007,28,607400,Business,0,2,0,0,-0.13,0.033,0.831,Low
TAXP02008,63,292100,Salary+Investments,1,1,29600,2,-0.063,0.369,0.726,Low
TAXP02009,43,1529800,Salary,0,1,0,0,0.122,0.106,0.792,Low
TAXP02010,35,1019900,Business,0,4,0,0,0.022,0.161,0.664,Medium
TAXP02011,27,261500,Professional,1,1,0,0,0.034,0.326,0.964,Low
TAXP02012,36,2336800,Salary,1,0,9500,0,-0.121,0.182,0.909,Low
TAXP02013,21,1044500,Business,1,0,0,0,0.066,0.149,0.963,Low
TAXP02014,31,645200,Salary,1,2,0,0,-0.141,0.117,0.908,Low
TAXP02015,29,2042500,Professional,1,2,46100,0,0.333,0.576,0.624,Medium
TAXP02016,24,729000,Salary,1,1,0,0,0.379,0.294,0.874,Low
TAXP02017,64,637000,Salary,1,1,0,0,0.024,0.432,0.893,Low
TAXP02018,56,404100,Salary+Business,1,1,0,0,-0.08,0.531,0.835,Low
TAXP02019,63,988200,Salary,1,1,0,0,0.237,0.124,0.911,Low
TAXP02020,31,916100,Business,1,0,0,0,0.195,0.08,0.98,Low
TAXP02021,33,656900,Salary+Business,0,0,0,0,0.4,0.3,0.88,Low
TAXP02022,33,368000,Salary+Business,1,1,0,1,0.443,0.235,0.861,Low
TAXP02023,46,713700,Salary,1,0,0,1,-0.224,0.186,0.89,Low
TAXP02024,29,618100,Salary+Investments,0,0,0,0,0.285,0.139,0.838,Low
TAXP02025,31,248900,Salary+Business,0,1,0,0,0.064,0.296,0.821,Low
TAXP02026,64,225300,Salary,0,0,0,0,0.188,0.078,0.92,Low
TAXP02027,36,976400,Salary+Business,1,0,0,0,0.224,0.288,0.906,Low
TAXP02028,56,150000,Salary+Business,1,1,0,0,0.218,0.178,0.873,Low
TAXP02029,31,753600,Professional,1,0,0,0,0.26,0.351,0.98,Low
TAXP02030,62,460700,Business,0,2,0,1,0.01,0.344,0.678,Medium
TAXP02031,52,1667200,Salary+Business,1,2,28200,0,-0.052,0.18,0.731,Low
TAXP02032,59,455600,Multiple,1,4,0,0,0.29,0.294,0.743,Low
TAXP02033,44,1045000,Business,1,2,0,0,-0.039,0.296,0.822,Low
TAXP02034,61,488400,Salary+Business,0,0,5900,1,0.398,0.326,0.693,Medium
TAXP02035,37,705500,Salary+Business,1,0,0,0,-0.022,0.429,0.938,Low
TAXP02036,42,1104900,Salary+Investments,1,2,11900,0,0.039,0.289,0.823,Low
TAXP02037,23,465900,Multiple,1,1,0,0,0.07,0.202,0.939,Low
TAXP02038,28,1332100,Salary,1,1,0,1,-0.147,0.495,0.853,Low
TAXP02039,55,317800,Salary,1,1,0,0,-0.146,0.334,0.816,Low
TAXP02040,35,803600,Business,1,0,0,0,0.246,0.271,0.957,Low
TAXP02041,25,1263000,Business,1,0,32200,0,-0.175,0.272,0.769,Low
TAXP02042,34,1045400,Business,1,2,0,0,0.503,0.354,0.826,Low
TAXP02043,36,2583300,Salary+Business,1,1,0,0,0.085,0.318,0.951,Low
TAXP02044,53,375100,Multiple,0,0,6200,0,-0.065,0.277,0.8,Low
TAXP02045,25,240800,Salary,1,1,0,0,0.167,0.206,0.946,Low
TAXP02046,22,317700,Salary+Business,1,0,0,1,-0.294,0.483,0.917,Low
TAXP02047,53,1045800,Salary,1,1,0,1,0.047,0.266,0.853,Low
TAXP02048,27,930300,Business,1,0,0,0,0.067,0.219,0.98,Low
TAXP02049,39,699700,Salary,1,0,15400,1,-0.103,0.337,0.8,Low
TAXP02050,51,289600,Business,1,1,0,0,-0.001,0.066,0.927,Low
TAXP02051,44,1129000,Business,1,0,0,0,0.344,0.252,0.91,Low
TAXP02052,26,269100,Salary+Business,1,2,0,0,0.129,0.33,0.849,Low
TAXP02053,53,1497300,Professional,1,0,0,0,0.164,0.087,0.98,Low
TAXP02054,23,5086400,Salary,1,1,0,0,-0.026,0.4,0.873,Low
TAXP02055,31,846300,Salary,1,2,0,0,-0.112,0.285,0.831,Low
TAXP02056,25,989100,Salary,1,1,0,0,0.061,0.105,0.908,Low
TAXP02057,44,455800,Multiple,1,2,0,0,-0.293,0.114,0.852,Low
TAXP02058,52,176600,Multiple,1,0,0,0,-0.075,0.115,0.98,Low
TAXP02059,50,421200,Salary,1,1,0,1,-0.1,0.43,0.824,Low
TAXP02060,27,295900,Salary,1,0,0,0,-0.226,0.124,0.98,Low
TAXP02061,36,229300,Business,1,0,0,0,0.204,0.337,0.976,Low
TAXP02062,27,2246400,Professional,1,0,5100,1,0.079,0.314,0.917,Low
TAXP02063,36,791100,Salary,1,1,0,2,0.001,0.129,0.895,Low
TAXP02064,31,854400,Salary,0,0,0,1,0.207,0.424,0.769,Low
TAXP02065,54,520300,Salary,1,0,3100,0,-0.163,0.225,0.953,Low
TAXP02066,54,573900,Salary,0,2,0,2,-0.115,0.553,0.578,Medium
TAXP02067,57,1301700,Salary,1,2,0,1,0.279,0.26,0.772,Low
TAXP02068,30,635000,Salary,1,0,5800,2,0.465,0.314,0.805,Low
TAXP02069,21,952500,Professional,1,0,0,0,0.209,0.237,0.936,Low
TAXP02070,22,564400,Business,1,0,0,0,0.175,0.457,0.947,Low
TAXP02071,58,508100,Salary,1,1,0,1,0.007,0.05,0.902,Low
TAXP02072,61,236000,Business,1,1,0,1,0.011,0.243,0.874,Low
TAXP02073,30,156500,Business,1,1,0,0,0.136,0.417,0.909,Low
TAXP02074,60,538400,Salary+Business,1,0,0,0,0.32,0.135,0.96,Low
TAXP02075,44,677000,Multiple,1,0,0,0,0.168,0.375,0.929,Low
TAXP02076,29,257500,Salary,1,1,0,0,0.253,0.457,0.935,Low
TAXP02077,35,634100,Salary+Investments,1,2,0,0,-0.047,0.45,0.873,Low
TAXP02078,32,675600,Salary+Business,1,1,0,1,0.199,0.027,0.862,Low
TAXP02079,55,150000,Professional,0,0,0,0,-0.007,0.145,0.884,Low
TAXP02080,29,336300,Salary,1,0,0,0,0.122,0.091,0.98,Low
TAXP02081,29,871500,Salary,1,1,0,0,0.199,0.109,0.895,Low
TAXP02082,53,858900,Salary,0,2,0,0,0.015,0.194,0.792,Low
TAXP02083,34,283200,Multiple,1,2,0,1,-0.063,0.109,0.827,Low
TAXP02084,32,728500,Professional,0,0,11500,0,0.158,0.351,0.771,Low
TAXP02085,57,1357100,Salary,1,0,0,0,0.078,0.415,0.923,Low
TAXP02086,62,1137400,Business,1,0,0,0,0.122,0.362,0.959,Low
TAXP02087,45,606900,Salary,1,1,9700,0,0.205,0.213,0.897,Low
TAXP02088,58,464100,Salary,1,0,0,0,0.309,0.256,0.979,Low
TAXP02089,58,413200,Professional,0,3,25400,0,0.206,0.429,0.496,Medium
TAXP02090,47,910300,Business,1,1,0,1,0.185,0.272,0.884,Low
TAXP02091,58,748000,Salary+Business,1,1,3100,0,0.02,0.221,0.935,Low
TAXP02092,21,1022600,Professional,1,0,0,0,0.045,0.128,0.98,Low
TAXP02093,22,714700,Professional,1,2,0,1,0.173,0.285,0.827,Low
TAXP02094,60,1172000,Salary+Business,1,1,0,0,0.042,0.248,0.94,Low
TAXP02095,27,695800,Salary,1,0,0,0,0.172,0.151,0.955,Low
TAXP02096,53,1143600,Professional,1,0,9300,0,-0.03,0.181,0.929,Low
TAXP02097,39,1216800,Salary+Business,1,0,24000,0,0.409,0.597,0.813,Low
TAXP02098,56,364200,Salary,0,0,0,0,0.131,0.24,0.823,Low
TAXP02099,50,176800,Salary,0,0,0,0,0.12,0.32,0.831,Low
TAXP02100,24,1974900,Salary,1,1,11000,0,0.023,0.11,0.838,Low
TAXP02101,36,781900,Salary,1,2,11200,1,0.406,0.133,0.75,Low
TAXP02102,52,189200,Business,1,1,4100,0,-0.101,0.346,0.896,Low
TAXP02103,62,388800,Salary,1,1,0,0,-0.012,0.171,0.943,Low
TAXP02104,57,1133100,Professional,1,0,14700,0,0.237,0.245,0.88,Low
TAXP02105,61,531400,Salary,1,0,0,0,0.138,0.01,0.978,Low
TAXP02106,64,449600,Salary,0,1,0,1,0.008,0.405,0.742,Low
TAXP02107,61,1782200,Salary,1,1,0,0,0.012,0.146,0.953,Low
TAXP02108,47,305800,Salary,1,1,0,0,0.053,0.354,0.893,Low
TAXP02109,36,365900,Multiple,1,0,144100,0,0.116,0.067,0.227,High
TAXP02110,43,756900,Salary,1,0,0,0,0.349,0.197,0.959,Low
TAXP02111,56,861000,Salary,1,0,0,1,0.197,0.149,0.9,Low
TAXP02112,40,929200,Salary,1,2,0,1,0.264,0.165,0.827,Low
TAXP02113,58,1252700,Salary,0,1,0,2,0.031,0.236,0.707,Low
TAXP02114,52,749900,Professional,0,4,0,0,0.183,0.133,0.647,Medium
TAXP02115,30,924600,Salary+Business,1,0,0,1,-0.149,0.076,0.905,Low
TAXP02116,62,539300,Salary,0,1,0,0,0.129,0.481,0.755,Low
TAXP02117,59,680000,Professional,1,0,0,0,0.119,0.161,0.98,Low
TAXP02118,47,702300,Business,1,0,0,0,0.391,0.378,0.926,Low
TAXP02119,29,758900,Salary+Investments,1,3,0,2,0.349,0.219,0.716,Low
TAXP02120,31,1133700,Business,1,0,0,0,0.059,0.286,0.954,Low
TAXP02121,58,969400,Salary,1,0,9600,1,-0.031,0.127,0.822,Low
TAXP02122,21,671000,Salary+Business,1,1,39100,0,-0.026,0.667,0.691,Medium
TAXP02123,42,363000,Salary+Investments,1,2,0,2,0.053,0.168,0.786,Low
TAXP02124,48,682500,Business,0,1,0,0,0.308,0.239,0.811,Low
TAXP02125,31,637000,Multiple,1,1,0,0,0.166,0.298,0.92,Low
TAXP02126,59,747000,Salary+Investments,1,2,0,0,0.183,0.272,0.892,Low
TAXP02127,44,3183300,Salary,1,0,0,0,0.23,0.355,0.98,Low
TAXP02128,23,445800,Salary+Business,0,4,8400,0,-0.059,0.027,0.712,Low
TAXP02129,35,881000,Professional,1,0,5100,1,-0.013,0.344,0.913,Low
TAXP02130,38,1402900,Business,1,1,0,0,0.183,0.357,0.929,Low
TAXP02131,31,697500,Business,1,1,53500,0,-0.025,0.236,0.654,Medium
TAXP02132,63,3499000,Salary+Investments,1,0,29000,0,-0.144,0.285,0.832,Low
TAXP02133,37,495100,Professional,1,0,0,0,-0.073,0.189,0.941,Low
TAXP02134,43,820800,Business,1,3,8900,0,0.269,0.114,0.779,Low
TAXP02135,45,365700,Salary,1,1,8500,0,0.04,0.352,0.846,Low
TAXP02136,30,504700,Business,0,0,133000,0,0.136,0.423,0.109,High
TAXP02137,46,777600,Salary+Investments,1,1,19300,0,-0.065,0.19,0.782,Low
TAXP02138,36,1195500,Salary+Business,1,1,0,1,0.161,0.309,0.829,Low
TAXP02139,21,817900,Salary,1,0,0,0,0.057,0.192,0.98,Low
TAXP02140,39,1609300,Salary+Investments,1,1,5500,0,0.171,0.272,0.857,Low
TAXP02141,47,607000,Salary+Investments,1,0,0,0,0.024,0.429,0.944,Low
TAXP02142,26,511700,Business,1,0,0,0,0.181,0.14,0.928,Low
TAXP02143,56,4554400,Salary,1,0,0,1,0.016,0.197,0.928,Low
TAXP02144,50,863400,Business,1,1,0,0,0.087,0.451,0.863,Low
TAXP02145,34,387200,Salary,0,1,0,0,0.057,0.188,0.808,Low
TAXP02146,47,394300,Salary,1,1,2800,1,0.104,0.159,0.862,Low
TAXP02147,34,329700,Professional,1,2,0,0,0.145,0.154,0.859,Low
TAXP02148,50,1275800,Salary+Investments,1,1,0,0,0.021,0.526,0.91,Low
TAXP02149,27,500000,Salary,0,1,0,1,0.081,0.267,0.732,Low
TAXP02150,48,712400,Salary+Investments,0,0,0,2,0.13,0.194,0.806,Low
TAXP02151,23,620900,Salary+Investments,1,0,20100,0,0.181,0.073,0.861,Low
TAXP02152,21,1100600,Salary,1,0,8500,1,0.088,0.238,0.922,Low
TAXP02153,32,353300,Salary,1,0,21800,0,-0.042,0.403,0.825,Low
TAXP02154,28,299600,Salary+Business,1,1,0,0,0.114,0.11,0.98,Low
TAXP02155,43,763900,Salary+Business,1,2,19200,0,0.207,0.382,0.82,Low
TAXP02156,28,1001900,Salary,1,0,0,0,-0.113,0.321,0.959,Low
TAXP02157,32,825800,Professional,1,0,0,1,-0.111,0.063,0.935,Low
TAXP02158,25,362900,Professional,1,1,0,0,-0.006,0.146,0.947,Low
TAXP02159,60,1058700,Salary+Business,1,0,0,0,0.069,0.484,0.922,Low
TAXP02160,54,380500,Salary+Business,1,2,0,0,-0.252,0.225,0.836,Low
TAXP02161,30,446500,Salary,0,2,0,0,0.192,0.084,0.678,Medium
TAXP02162,26,329400,Salary,0,0,0,0,0.071,0.097,0.865,Low
TAXP02163,59,1658700,Salary,0,1,17700,2,-0.276,0.417,0.548,Medium
TAXP02164,51,1025600,Multiple,1,1,0,0,-0.078,0.629,0.915,Low
TAXP02165,60,1004800,Salary+Investments,1,3,0,0,0.052,0.146,0.861,Low
TAXP02166,29,1595500,Salary+Business,1,0,24000,0,-0.184,0.058,0.888,Low
TAXP02167,37,4925000,Salary,1,0,0,3,0.255,0.3,0.809,Low
TAXP02168,26,189900,Business,1,1,0,0,0.13,0.121,0.926,Low
TAXP02169,40,382000,Salary,1,0,0,0,0.209,0.318,0.919,Low
TAXP02170,28,417100,Salary,1,1,0,0,-0.065,0.25,0.912,Low
TAXP02171,21,352300,Salary,1,0,0,0,0.166,0.075,0.936,Low
TAXP02172,43,299200,Salary+Investments,0,2,27600,3,-0.006,0.197,0.427,High
TAXP02173,65,523900,Salary,1,0,0,1,0.069,0.197,0.925,Low
TAXP02174,50,270700,Professional,0,2,0,0,0.156,0.222,0.759,Low
TAXP02175,55,827300,Multiple,1,2,0,0,0.089,0.191,0.936,Low
TAXP02176,57,674700,Professional,1,0,0,0,0.229,0.286,0.977,Low
TAXP02177,64,919000,Salary,1,1,0,0,0.122,0.322,0.942,Low
TAXP02178,26,936900,Salary+Investments,1,0,50600,0,0.026,0.41,0.723,Low
TAXP02179,32,1003400,Professional,1,0,0,1,0.235,0.335,0.917,Low
TAXP02180,48,496800,Business,1,1,0,0,0.269,0.375,0.881,Low
TAXP02181,57,2993500,Professional,1,2,0,0,0.114,0.178,0.872,Low
TAXP02182,55,769500,Salary+Investments,1,2,0,0,0.314,0.077,0.846,Low
TAXP02183,53,170000,Business,0,3,0,1,0.062,0.587,0.614,Medium
TAXP02184,35,315800,Business,1,2,0,0,0.08,0.217,0.901,Low
TAXP02185,37,185600,Business,1,0,0,1,0.101,0.104,0.907,Low
TAXP02186,24,658200,Salary,0,1,0,1,0.079,0.126,0.814,Low
TAXP02187,35,595400,Salary+Business,0,0,0,2,0.05,0.107,0.732,Low
TAXP02188,28,463900,Salary,1,0,14400,0,-0.014,0.246,0.927,Low
TAXP02189,63,2765100,Salary,1,2,0,0,-0.059,0.2,0.964,Low
TAXP02190,25,965100,Salary,1,0,0,0,0.118,0.383,0.936,Low
TAXP02191,37,1096400,Salary,1,0,0,0,0.292,0.444,0.949,Low
TAXP02192,60,332500,Salary,1,0,0,0,0.23,0.325,0.913,Low
TAXP02193,64,316600,Professional,1,1,0,0,0.162,0.447,0.865,Low
TAXP02194,37,667500,Salary,1,1,0,0,0.3,0.343,0.936,Low
TAXP02195,41,736200,Salary,0,0,11000,1,0.103,0.233,0.69,Medium
TAXP02196,44,170800,Salary+Investments,1,1,0,0,-0.058,0.134,0.98,Low
TAXP02197,57,570900,Multiple,1,0,0,0,0.044,0.253,0.956,Low
TAXP02198,55,656600,Business,1,0,0,0,0.09,0.308,0.914,Low
TAXP02199,44,556700,Salary,0,1,52700,0,0.018,0.356,0.56,Medium
TAXP02200,37,361900,Salary,1,3,0,0,0.198,0.092,0.765,Low
TAXP02201,37,440800,Salary,0,2,15200,1,0.25,0.177,0.62,Medium
TAXP02202,50,572300,Salary,0,2,0,0,-0.177,0.207,0.742,Low
TAXP02203,58,693900,Multiple,1,1,0,0,0.077,0.294,0.878,Low
TAXP02204,24,1004700,Salary+Business,1,1,9300,1,-0.364,0.172,0.802,Low
TAXP02205,55,1415400,Salary,1,0,0,0,0.085,0.48,0.98,Low
TAXP02206,42,525900,Multiple,1,0,0,0,0.084,0.259,0.98,Low
TAXP02207,27,468000,Business,1,0,0,0,0.384,0.376,0.974,Low
TAXP02208,25,890800,Salary,1,0,96000,0,0.336,0.495,0.466,Medium
TAXP02209,36,1009100,Business,1,0,290500,0,0.249,0.573,0.02,High
TAXP02210,32,475500,Salary,1,1,0,0,-0.054,0.455,0.927,Low
TAXP02211,25,1148300,Salary+Investments,1,2,25200,0,-0.063,0.16,0.857,Low
TAXP02212,34,1315900,Salary,1,0,0,1,-0.075,0.366,0.951,Low
TAXP02213,58,1647500,Professional,1,0,0,0,0.344,0.013,0.959,Low
TAXP02214,53,2338700,Salary,1,0,6700,0,-0.046,0.205,0.906,Low
TAXP02215,30,348300,Salary+Investments,0,1,0,0,0.038,0.148,0.842,Low
TAXP02216,51,656500,Professional,1,1,0,1,-0.044,0.279,0.849,Low
TAXP02217,41,655300,Business,1,1,5600,1,-0.101,0.058,0.953,Low
TAXP02218,54,605700,Salary,0,2,0,0,0.153,0.13,0.755,Low
TAXP02219,32,407300,Salary+Investments,1,2,8000,1,0.125,0.184,0.748,Low
TAXP02220,23,223000,Business,1,0,0,1,-0.256,0.124,0.904,Low
TAXP02221,35,694900,Salary,1,1,0,0,-0.108,0.254,0.922,Low
TAXP02222,65,373800,Salary+Investments,1,0,20700,0,0.141,0.201,0.954,Low
TAXP02223,46,691500,Salary,1,1,0,0,0.088,0.261,0.856,Low
TAXP02224,23,367000,Salary,1,0,0,0,0.036,0.182,0.912,Low
TAXP02225,64,294500,Business,1,1,35600,0,0.197,0.326,0.701,Low
TAXP02226,58,769400,Salary,1,1,0,0,-0.131,0.106,0.888,Low
TAXP02227,45,724600,Business,1,0,0,2,0.005,0.343,0.865,Low
TAXP02228,54,986400,Salary,1,2,0,0,0.183,0.175,0.851,Low
TAXP02229,29,3136300,Salary,0,3,0,0,-0.004,0.481,0.662,Medium
TAXP02230,47,793600,Salary,1,0,0,0,0.15,0.118,0.98,Low
TAXP02231,62,921700,Salary,1,2,0,0,-0.083,0.181,0.913,Low
TAXP02232,40,299200,Multiple,0,0,29000,1,-0.032,0.24,0.624,Medium
TAXP02233,22,257300,Business,1,1,0,0,-0.185,0.62,0.814,Low
TAXP02234,55,2031700,Business,0,0,12200,0,-0.229,0.304,0.729,Low
TAXP02235,53,334300,Salary,1,1,14000,0,0.024,0.532,0.814,Low
TAXP02236,54,306500,Salary+Business,1,1,0,1,0.172,0.379,0.846,Low
TAXP02237,50,632000,Salary,1,2,37200,0,0.082,0.278,0.671,Medium
TAXP02238,27,609100,Salary,0,1,0,0,0.286,0.158,0.88,Low
TAXP02239,26,339400,Professional,1,0,0,1,0.037,0.217,0.93,Low
TAXP02240,56,521900,Business,1,2,11000,0,-0.239,0.303,0.813,Low
TAXP02241,59,1575200,Salary+Business,1,1,52200,0,0.155,0.255,0.691,Medium
TAXP02242,24,363800,Salary+Investments,1,0,0,0,-0.073,0.256,0.933,Low
TAXP02243,47,238300,Salary+Investments,1,0,0,0,0.12,0.401,0.943,Low
TAXP02244,43,1281300,Salary,1,2,0,0,-0.266,0.25,0.957,Low
TAXP02245,36,926500,Salary,1,0,8400,0,0.056,0.139,0.931,Low
TAXP02246,50,415800,Salary,1,0,0,0,0.212,0.17,0.926,Low
TAXP02247,62,208100,Salary+Business,1,1,0,0,0.193,0.304,0.932,Low
TAXP02248,57,380300,Salary+Investments,1,0,0,1,0.06,0.06,0.976,Low
TAXP02249,27,624900,Multiple,0,0,0,0,0.092,0.383,0.881,Low
TAXP02250,41,1504600,Salary,0,1,0,0,0.02,0.058,0.823,Low
TAXP02251,63,308200,Salary+Investments,1,1,0,0,0.052,0.373,0.938,Low
TAXP02252,31,611600,Business,1,1,0,1,0.2,0.12,0.931,Low
TAXP02253,59,1056900,Salary+Investments,1,1,0,2,-0.02,0.472,0.748,Low
TAXP02254,43,150000,Business,1,0,0,0,-0.004,0.354,0.957,Low
TAXP02255,44,1368300,Salary,1,1,0,0,-0.153,0.144,0.948,Low
TAXP02256,32,277400,Salary,1,1,0,0,0.203,0.471,0.835,Low
TAXP02257,62,825500,Multiple,1,0,3200,0,0.049,0.429,0.928,Low
TAXP02258,44,776300,Business,1,1,0,0,-0.102,0.702,0.882,Low
TAXP02259,46,1419200,Salary,1,0,0,1,0.232,0.172,0.911,Low
TAXP02260,41,966500,Salary,0,1,0,0,0.084,0.211,0.826,Low
TAXP02261,25,150000,Salary,1,1,0,0,-0.027,0.298,0.927,Low
TAXP02262,56,369400,Multiple,1,2,19200,0,0.234,0.061,0.767,Low
TAXP02263,35,718000,Salary,1,1,26100,0,0.037,0.341,0.724,Low
TAXP02264,31,564900,Salary,0,1,0,0,-0.16,0.216,0.821,Low
TAXP02265,56,916800,Salary+Business,1,4,0,0,0.245,0.514,0.725,Low
TAXP02266,29,1147500,Business,1,2,0,0,-0.043,0.295,0.926,Low
TAXP02267,51,1007300,Salary,1,1,0,0,0.575,0.097,0.891,Low
TAXP02268,42,557100,Salary,0,1,0,1,0.02,0.381,0.681,Medium
TAXP02269,56,172000,Salary,1,2,23100,1,-0.231,0.05,0.718,Low
TAXP02270,23,468300,Salary,0,0,0,0,0.372,0.245,0.853,Low
TAXP02271,55,877200,Salary,1,1,27200,0,0.082,0.128,0.814,Low
TAXP02272,31,296400,Salary,1,1,0,0,0.132,0.289,0.9,Low
TAXP02273,60,1024000,Salary+Business,1,1,0,0,0.152,0.154,0.927,Low
TAXP02274,36,1250100,Salary+Investments,1,1,0,1,-0.126,0.575,0.852,Low
TAXP02275,21,712200,Salary+Investments,0,3,0,0,-0.255,0.068,0.695,Medium
TAXP02276,42,150000,Salary,1,0,23400,0,0.404,0.256,0.86,Low
TAXP02277,23,259000,Salary,1,2,0,0,-0.159,0.254,0.841,Low
TAXP02278,33,2527600,Multiple,1,1,0,0,0.353,0.325,0.911,Low
TAXP02279,53,438500,Salary+Business,1,0,1900,0,0.176,0.216,0.935,Low
TAXP02280,46,155800,Business,0,3,0,0,0.119,0.351,0.668,Medium
TAXP02281,52,1581900,Salary,1,1,0,1,0.016,0.206,0.95,Low
TAXP02282,60,656300,Salary,1,1,0,0,0.461,0.333,0.895,Low
TAXP02283,42,1440200,Business,1,1,0,0,-0.02,0.619,0.944,Low
TAXP02284,45,793400,Business,1,2,58300,0,-0.015,0.434,0.622,Medium
TAXP02285,23,904300,Salary,1,0,0,1,0.199,0.2,0.926,Low
TAXP02286,33,844200,Multiple,1,1,26600,0,-0.016,0.112,0.793,Low
TAXP02287,53,1074000,Business,1,0,0,0,-0.07,0.8,0.97,Low
TAXP02288,23,3350000,Business,1,0,0,0,0.082,0.375,0.948,Low
TAXP02289,37,1307800,Salary,1,1,0,1,0.202,0.159,0.906,Low
TAXP02290,27,208300,Salary+Business,1,1,54800,0,0.392,0.414,0.603,Medium
TAXP02291,59,896600,Salary+Business,1,0,0,0,0.425,0.656,0.82,Low
TAXP02292,46,1478600,Salary,1,1,0,2,-0.195,0.339,0.819,Low
TAXP02293,50,1545200,Business,1,1,0,0,0.258,0.209,0.957,Low
TAXP02294,51,478100,Professional,1,0,14500,0,-0.066,0.194,0.902,Low
TAXP02295,31,1503800,Salary+Investments,1,0,0,0,-0.058,0.551,0.948,Low
TAXP02296,23,1267700,Salary,1,1,0,0,0.005,0.11,0.954,Low
TAXP02297,38,4143000,Salary+Investments,1,0,0,0,-0.005,0.165,0.98,Low
TAXP02298,29,378800,Business,1,0,22600,1,-0.08,0.42,0.793,Low
TAXP02299,35,451100,Salary,0,1,0,1,-0.28,0.552,0.755,Low
TAXP02300,35,521400,Salary,1,2,0,0,0.323,0.299,0.829,Low
TAXP02301,56,456700,Salary,1,1,0,0,0.235,0.021,0.891,Low
TAXP02302,35,342500,Salary,1,3,0,0,0.089,0.316,0.836,Low
TAXP02303,27,150000,Business,1,3,0,0,-0.063,0.122,0.832,Low
TAXP02304,64,475300,Salary+Business,1,2,0,1,0.289,0.382,0.873,Low
TAXP02305,23,848000,Salary,1,3,0,0,0.082,0.169,0.839,Low
TAXP02306,30,455700,Multiple,1,1,14600,0,-0.0,0.519,0.759,Low
TAXP02307,36,2618700,Salary,1,0,0,0,-0.171,0.229,0.939,Low
TAXP02308,23,656300,Business,1,2,0,0,0.178,0.035,0.887,Low
TAXP02309,61,1646700,Multiple,1,1,0,0,0.038,0.326,0.92,Low
TAXP02310,36,784600,Salary+Investments,1,2,0,0,0.134,0.165,0.893,Low
TAXP02311,56,1178500,Professional,1,1,0,0,0.119,0.053,0.926,Low
TAXP02312,27,794700,Salary+Business,1,0,11600,0,0.194,0.216,0.871,Low
TAXP02313,44,1741500,Salary,1,1,0,2,0.127,0.206,0.843,Low
TAXP02314,26,676700,Salary,1,0,0,1,0.043,0.069,0.914,Low
TAXP02315,31,929100,Business,1,0,0,1,0.181,0.134,0.954,Low
TAXP02316,39,846200,Salary,1,2,46500,0,0.244,0.233,0.644,Medium
TAXP02317,59,528200,Salary,1,0,0,0,0.339,0.25,0.98,Low
TAXP02318,34,870100,Salary,1,0,0,2,-0.087,0.502,0.839,Low
TAXP02319,54,3247800,Salary+Investments,1,0,0,0,0.27,0.199,0.961,Low
TAXP02320,25,535000,Salary+Investments,1,0,11800,0,-0.162,0.194,0.896,Low
TAXP02321,32,879200,Salary+Business,1,1,17400,1,0.254,0.193,0.768,Low
TAXP02322,48,1607700,Salary+Business,0,0,0,0,-0.003,0.27,0.828,Low
TAXP02323,42,1477300,Salary,1,2,28600,0,0.227,0.293,0.643,Medium
TAXP02324,43,655500,Salary,1,0,27900,0,0.331,0.067,0.804,Low
TAXP02325,51,150000,Professional,1,1,0,0,0.129,0.476,0.967,Low
TAXP02326,24,942900,Professional,0,3,0,2,0.092,0.493,0.594,Medium
TAXP02327,52,150000,Salary,0,0,0,1,0.084,0.104,0.816,Low
TAXP02328,59,1873100,Business,1,1,0,0,0.025,0.124,0.98,Low
TAXP02329,55,734400,Business,1,0,92400,0,0.28,0.243,0.453,Medium
TAXP02330,33,1335100,Salary,1,1,0,0,0.083,0.078,0.878,Low
TAXP02331,36,339500,Salary,1,2,0,1,-0.248,0.41,0.831,Low
TAXP02332,64,212500,Salary,1,1,0,0,0.241,0.153,0.879,Low
TAXP02333,56,784200,Professional,1,1,0,0,0.233,0.177,0.884,Low
TAXP02334,62,634500,Multiple,1,1,0,0,0.107,0.117,0.926,Low
TAXP02335,62,456300,Business,1,0,0,0,-0.026,0.356,0.934,Low
TAXP02336,40,690900,Salary+Business,1,1,0,0,-0.086,0.179,0.957,Low
TAXP02337,26,4767300,Salary+Business,1,0,10600,1,-0.026,0.034,0.85,Low
TAXP02338,31,1185400,Salary,1,1,0,0,0.132,0.037,0.897,Low
TAXP02339,34,1383800,Professional,1,1,0,0,-0.195,0.438,0.881,Low
TAXP02340,58,1193500,Business,1,2,14200,0,0.168,0.279,0.785,Low
TAXP02341,33,1885900,Business,1,1,0,0,0.112,0.154,0.959,Low
TAXP02342,37,566900,Salary,1,0,0,0,0.306,0.248,0.924,Low
TAXP02343,59,150000,Salary+Investments,1,0,0,1,0.212,0.395,0.897,Low
TAXP02344,28,567500,Multiple,1,0,23900,2,-0.016,0.223,0.758,Low
TAXP02345,50,1166100,Salary,1,0,0,1,-0.171,0.411,0.866,Low
TAXP02346,45,323300,Salary,0,4,0,0,-0.031,0.351,0.666,Medium
TAXP02347,65,572500,Salary,1,0,0,0,0.321,0.32,0.973,Low
TAXP02348,43,395000,Salary+Business,1,0,5100,0,0.147,0.242,0.903,Low
TAXP02349,44,1916800,Business,0,2,15100,0,0.196,0.161,0.734,Low
TAXP02350,59,1115000,Salary,1,0,0,1,-0.001,0.174,0.907,Low
TAXP02351,65,1039100,Salary+Business,1,0,0,0,0.178,0.313,0.98,Low
TAXP02352,53,1016900,Salary,1,1,0,1,-0.143,0.644,0.894,Low
TAXP02353,52,632800,Business,0,1,0,1,0.25,0.405,0.705,Low
TAXP02354,60,749400,Salary,1,0,0,0,-0.085,0.274,0.956,Low
TAXP02355,65,276900,Business,1,0,10700,0,-0.216,0.399,0.914,Low
TAXP02356,54,150000,Business,1,2,0,0,0.462,0.35,0.884,Low
TAXP02357,34,724200,Salary,1,0,9200,0,0.122,0.105,0.923,Low
TAXP02358,49,820800,Business,1,0,0,3,0.117,0.146,0.845,Low
TAXP02359,31,1552500,Salary+Investments,1,0,4700,0,-0.199,0.041,0.932,Low
TAXP02360,43,2014900,Business,1,0,0,0,0.2,0.425,0.966,Low
TAXP02361,41,2013000,Salary+Investments,1,0,0,1,0.242,0.204,0.93,Low
TAXP02362,65,316800,Business,1,2,21800,1,0.068,0.232,0.678,Medium
TAXP02363,45,504400,Salary+Business,1,3,0,0,0.242,0.183,0.863,Low
TAXP02364,64,918600,Salary,1,0,5600,0,0.287,0.218,0.98,Low
TAXP02365,57,4023600,Salary+Business,1,0,28000,1,0.184,0.29,0.798,Low
TAXP02366,59,1886800,Salary,1,1,9900,0,-0.247,0.263,0.853,Low
TAXP02367,28,1455300,Salary,1,0,7800,0,-0.084,0.219,0.866,Low
TAXP02368,55,491600,Salary,1,1,0,0,0.37,0.281,0.898,Low
TAXP02369,32,344100,Salary,1,2,0,1,0.113,0.13,0.867,Low
TAXP02370,46,1147100,Multiple,1,1,0,0,0.114,0.052,0.97,Low
TAXP02371,42,294300,Multiple,0,2,0,1,-0.033,0.222,0.698,Medium
TAXP02372,32,547500,Salary+Business,1,4,0,1,-0.002,0.192,0.805,Low
TAXP02373,65,598400,Salary,1,0,0,0,0.291,0.157,0.98,Low
TAXP02374,60,2046500,Salary+Investments,1,0,0,0,0.34,0.145,0.958,Low
TAXP02375,46,503500,Salary+Business,0,4,0,0,0.228,0.135,0.635,Medium
TAXP02376,21,150000,Salary,1,0,0,0,0.188,0.255,0.931,Low
TAXP02377,29,934700,Business,1,0,20500,0,0.2,0.352,0.835,Low
TAXP02378,31,392900,Professional,0,1,11300,0,0.089,0.449,0.683,Medium
TAXP02379,64,670300,Salary,1,0,0,0,-0.093,0.391,0.962,Low
TAXP02380,39,610700,Business,0,2,0,1,-0.127,0.228,0.719,Low
TAXP02381,23,533700,Salary+Business,1,2,34100,0,0.31,0.156,0.698,Medium
TAXP02382,47,1148300,Salary,1,0,0,0,0.095,0.111,0.973,Low
TAXP02383,63,215600,Business,1,0,0,0,0.176,0.257,0.828,Low
TAXP02384,46,448000,Business,1,0,17900,0,0.134,0.276,0.879,Low
TAXP02385,40,1063700,Salary+Business,1,1,0,0,0.142,0.367,0.902,Low
TAXP02386,28,417700,Multiple,0,2,0,2,0.155,0.215,0.595,Medium
TAXP02387,60,204100,Salary+Investments,1,1,0,1,0.212,0.41,0.83,Low
TAXP02388,25,1051900,Professional,1,0,0,0,-0.023,0.131,0.98,Low
TAXP02389,63,1459100,Business,0,4,0,0,0.289,0.366,0.579,Medium
TAXP02390,31,629300,Professional,0,0,0,2,-0.018,0.194,0.748,Low
TAXP02391,27,158400,Business,1,0,33000,0,0.138,0.339,0.887,Low
TAXP02392,36,1080600,Salary,1,1,22000,1,-0.089,0.093,0.789,Low
TAXP02393,21,196700,Professional,1,0,0,0,0.073,0.487,0.972,Low
TAXP02394,21,811800,Salary+Business,1,1,0,0,-0.006,0.542,0.915,Low
TAXP02395,29,343100,Business,1,1,0,0,0.104,0.338,0.915,Low
TAXP02396,52,282000,Salary+Investments,1,0,0,0,0.218,0.365,0.925,Low
TAXP02397,57,472900,Professional,0,2,0,1,0.112,0.079,0.678,Medium
TAXP02398,32,569600,Salary,1,0,0,0,0.414,0.391,0.89,Low
TAXP02399,50,408800,Salary,1,2,0,0,0.227,0.086,0.828,Low
TAXP02400,36,993100,Salary,1,1,0,0,0.063,0.144,0.942,Low
TAXP02401,40,471400,Salary,1,0,0,1,0.086,0.317,0.98,Low
TAXP02402,36,1316500,Business,1,0,0,1,0.16,0.373,0.98,Low
TAXP02403,61,795900,Salary,1,2,4700,1,0.213,0.434,0.749,Low
TAXP02404,44,393400,Salary,1,1,0,0,-0.097,0.193,0.93,Low
TAXP02405,43,348500,Salary,1,1,6300,0,0.202,0.097,0.847,Low
TAXP02406,59,198500,Salary+Business,1,0,0,1,-0.093,0.202,0.908,Low
TAXP02407,50,801400,Salary+Business,1,0,0,0,0.186,0.286,0.98,Low
TAXP02408,27,503500,Salary,0,3,30500,0,0.276,0.114,0.576,Medium
TAXP02409,29,150000,Salary,1,1,0,1,0.148,0.424,0.837,Low
TAXP02410,36,442000,Salary,1,1,0,0,-0.272,0.135,0.962,Low
TAXP02411,25,339800,Salary,1,1,34800,1,-0.185,0.32,0.628,Medium
TAXP02412,52,2021200,Salary,1,0,0,0,0.19,0.517,0.952,Low
TAXP02413,43,190800,Salary,0,1,22600,1,-0.293,0.342,0.626,Medium
TAXP02414,22,230300,Salary,1,0,0,0,0.198,0.394,0.98,Low
TAXP02415,39,1445400,Multiple,0,1,3300,0,0.258,0.124,0.717,Low
TAXP02416,58,1726500,Business,1,2,0,0,0.282,0.25,0.872,Low
TAXP02417,61,380200,Salary+Investments,1,0,0,1,0.061,0.213,0.915,Low
TAXP02418,64,412300,Salary,0,1,3600,0,0.17,0.585,0.773,Low
TAXP02419,62,1013000,Salary,1,0,0,0,0.133,0.323,0.974,Low
TAXP02420,48,150000,Multiple,1,2,0,0,-0.136,0.217,0.866,Low
TAXP02421,62,170200,Salary,1,0,9000,0,0.219,0.078,0.917,Low
TAXP02422,64,531000,Professional,1,1,2300,0,0.322,0.422,0.86,Low
TAXP02423,49,1984000,Multiple,0,1,0,1,0.21,0.2,0.715,Low
TAXP02424,39,475000,Business,1,0,0,0,0.02,0.322,0.942,Low
TAXP02425,64,699000,Salary,0,2,34500,1,0.218,0.547,0.472,Medium
TAXP02426,39,1470400,Business,1,1,0,0,0.308,0.222,0.936,Low
TAXP02427,28,2962900,Salary,0,0,0,2,0.287,0.296,0.741,Low
TAXP02428,25,429100,Salary,1,1,0,0,0.264,0.388,0.942,Low
TAXP02429,46,642200,Salary,1,1,0,0,-0.155,0.073,0.954,Low
TAXP02430,22,2413500,Salary+Investments,1,1,33600,0,0.164,0.082,0.747,Low
TAXP02431,26,217200,Professional,1,2,0,0,0.203,0.138,0.867,Low
TAXP02432,32,1362200,Salary,1,0,11000,0,0.266,0.282,0.876,Low
TAXP02433,44,312200,Salary,0,1,0,1,0.182,0.183,0.703,Low
TAXP02434,42,699800,Professional,0,2,0,1,0.348,0.067,0.755,Low
TAXP02435,44,545800,Salary+Investments,1,0,0,0,-0.192,0.354,0.98,Low
TAXP02436,43,326100,Salary,1,0,11300,0,0.189,0.274,0.912,Low
TAXP02437,65,320300,Salary,0,0,0,0,0.177,0.37,0.781,Low
TAXP02438,30,793100,Salary+Investments,1,0,0,0,0.244,0.331,0.902,Low
TAXP02439,42,1331100,Salary+Investments,1,0,0,0,0.347,0.106,0.962,Low
TAXP02440,48,592000,Salary+Investments,1,1,0,1,-0.042,0.156,0.895,Low
TAXP02441,33,683700,Salary,1,0,0,0,0.341,0.261,0.944,Low
TAXP02442,29,980700,Salary,1,0,0,0,0.23,0.289,0.918,Low
TAXP02443,23,322900,Business,0,0,0,1,0.07,0.274,0.826,Low
TAXP02444,35,1107200,Salary,1,1,0,0,-0.045,0.094,0.961,Low
TAXP02445,32,1172500,Salary+Investments,0,2,0,1,0.131,0.292,0.696,Medium
TAXP02446,29,4236900,Salary,1,1,0,0,0.146,0.122,0.893,Low
TAXP02447,33,495800,Professional,1,0,48200,0,0.155,0.331,0.68,Medium
TAXP02448,52,467400,Salary+Investments,1,2,2700,0,-0.0,0.239,0.938,Low
TAXP02449,58,1130700,Multiple,1,1,0,0,0.197,0.11,0.901,Low
TAXP02450,44,1172300,Professional,0,1,0,0,0.035,0.118,0.82,Low
TAXP02451,23,442200,Multiple,1,0,0,1,0.295,0.357,0.874,Low
TAXP02452,54,486200,Salary,0,2,0,0,0.374,0.407,0.731,Low
TAXP02453,27,959700,Salary,1,2,0,0,-0.03,0.231,0.864,Low
TAXP02454,23,358200,Salary,1,1,0,0,0.11,0.283,0.917,Low
TAXP02455,46,483700,Multiple,1,1,0,0,0.256,0.154,0.942,Low
TAXP02456,40,693300,Salary+Investments,1,3,0,0,0.144,0.301,0.848,Low
TAXP02457,35,1331500,Salary,1,1,0,1,-0.116,0.676,0.835,Low
TAXP02458,64,420600,Salary,0,0,0,1,0.238,0.319,0.829,Low
TAXP02459,25,172500,Salary,0,0,0,0,0.003,0.431,0.852,Low
TAXP02460,23,163500,Salary,1,1,0,1,0.132,0.096,0.897,Low
TAXP02461,47,262500,Salary+Investments,1,1,0,1,-0.059,0.256,0.838,Low
TAXP02462,39,252500,Salary,1,1,3300,0,0.227,0.113,0.888,Low
TAXP02463,57,581500,Salary+Business,1,1,0,0,0.033,0.072,0.874,Low
TAXP02464,22,276200,Business,1,0,0,0,0.244,0.155,0.98,Low
TAXP02465,39,391900,Salary,1,2,30800,0,0.066,0.459,0.707,Low
TAXP02466,27,372300,Salary,1,0,0,2,0.023,0.202,0.835,Low
TAXP02467,22,473300,Multiple,0,2,0,0,0.166,0.168,0.75,Low
TAXP02468,41,1684400,Professional,1,1,0,0,-0.072,0.218,0.935,Low
TAXP02469,54,1046900,Business,1,1,0,1,0.388,0.252,0.887,Low
TAXP02470,28,657600,Salary,1,0,0,0,0.13,0.188,0.949,Low
TAXP02471,58,466400,Salary+Investments,1,1,0,0,0.009,0.249,0.921,Low
TAXP02472,44,475800,Salary+Investments,1,1,14900,1,0.036,0.484,0.788,Low
TAXP02473,42,823000,Salary+Business,1,0,0,0,0.103,0.362,0.922,Low
TAXP02474,62,989900,Professional,0,2,0,2,0.259,0.304,0.562,Medium
TAXP02475,35,338100,Salary+Investments,1,1,0,0,-0.043,0.717,0.91,Low
TAXP02476,30,667300,Salary,1,1,8900,0,0.041,0.236,0.861,Low
TAXP02477,56,150500,Salary+Business,1,1,0,0,0.092,0.323,0.911,Low
TAXP02478,25,757000,Salary,0,3,0,0,0.347,0.417,0.655,Medium
TAXP02479,60,1125200,Business,1,0,0,0,0.26,0.48,0.89,Low
TAXP02480,58,531300,Multiple,1,0,0,0,0.354,0.39,0.89,Low
TAXP02481,64,2404000,Multiple,1,1,0,0,0.105,0.283,0.936,Low
TAXP02482,41,344600,Business,1,1,21900,0,0.329,0.326,0.846,Low
TAXP02483,48,760200,Business,0,2,0,1,0.303,0.294,0.692,Medium
TAXP02484,60,633400,Salary+Investments,1,3,0,2,0.211,0.101,0.74,Low
TAXP02485,26,604700,Multiple,1,1,46800,0,0.224,0.221,0.773,Low
TAXP02486,34,598600,Salary+Business,1,0,6300,1,0.005,0.49,0.833,Low
TAXP02487,42,702100,Salary,1,2,0,1,0.393,0.46,0.806,Low
TAXP02488,49,1196900,Salary,0,0,0,0,0.061,0.291,0.849,Low
TAXP02489,51,1752800,Salary+Investments,1,1,7000,0,0.19,0.467,0.879,Low
TAXP02490,62,648900,Salary+Business,1,2,0,0,0.208,0.234,0.878,Low
TAXP02491,43,1169100,Salary+Business,1,0,0,1,-0.119,0.158,0.882,Low
TAXP02492,28,392200,Professional,0,0,0,1,0.092,0.217,0.8,Low
TAXP02493,29,1128300,Salary,0,0,0,0,0.133,0.433,0.754,Low
TAXP02494,57,375500,Salary,1,2,0,0,0.082,0.234,0.856,Low
TAXP02495,41,1425500,Salary+Business,1,0,38000,0,0.094,0.372,0.737,Low
TAXP02496,49,3192700,Salary,1,1,0,0,0.339,0.22,0.918,Low
TAXP02497,46,595300,Professional,0,1,0,1,-0.032,0.056,0.778,Low
TAXP02498,57,150000,Salary+Business,1,1,0,0,-0.103,0.064,0.905,Low
TAXP02499,30,438100,Salary+Investments,1,0,0,0,0.006,0.027,0.955,Low
TAXP02500,28,1578000,Salary,1,1,0,0,0.219,0.362,0.895,Low
TAXP02501,54,968000,Salary+Business,1,0,4400,0,0.235,0.134,0.93,Low
TAXP02502,40,777600,Salary,1,1,0,1,0.197,0.131,0.883,Low
TAXP02503,57,1343700,Salary,1,0,36000,0,0.246,0.59,0.733,Low
TAXP02504,26,921300,Salary,1,0,0,1,0.141,0.235,0.915,Low
TAXP02505,33,1562000,Salary,0,0,0,0,0.017,0.161,0.861,Low
TAXP02506,64,1260100,Multiple,0,2,0,1,-0.051,0.144,0.684,Medium
TAXP02507,58,1944200,Salary+Investments,1,0,14300,0,-0.102,0.417,0.88,Low
TAXP02508,23,841600,Salary,1,2,0,1,0.064,0.159,0.859,Low
TAXP02509,57,1247300,Salary+Investments,1,1,0,0,0.226,0.295,0.92,Low
TAXP02510,23,521000,Business,1,0,0,0,0.138,0.279,0.974,Low
TAXP02511,26,421500,Salary+Business,1,2,0,0,0.104,0.406,0.844,Low
TAXP02512,61,2221300,Salary+Investments,1,3,0,0,-0.069,0.246,0.851,Low
TAXP02513,26,759500,Business,0,2,30100,2,0.513,0.236,0.438,High
TAXP02514,34,1160400,Salary,1,1,0,1,-0.032,0.197,0.891,Low
TAXP02515,27,710600,Salary,1,1,0,0,0.119,0.102,0.881,Low
TAXP02516,47,426100,Business,1,0,0,0,0.26,0.294,0.954,Low
TAXP02517,23,655200,Multiple,1,1,0,0,0.107,0.178,0.911,Low
TAXP02518,33,1827800,Business,1,0,0,0,-0.029,0.607,0.903,Low
TAXP02519,35,969500,Salary,1,0,0,0,0.229,0.311,0.912,Low
TAXP02520,50,189600,Salary,1,1,0,1,-0.114,0.537,0.821,Low
TAXP02521,43,556700,Salary+Investments,1,0,0,1,0.379,0.24,0.812,Low
TAXP02522,29,2345400,Salary,1,2,13100,0,0.145,0.263,0.804,Low
TAXP02523,41,557300,Salary+Business,1,0,0,0,0.059,0.192,0.98,Low
TAXP02524,41,177800,Professional,1,3,27800,0,-0.127,0.596,0.65,Medium
TAXP02525,36,2540100,Salary,1,0,0,0,-0.084,0.275,0.94,Low
TAXP02526,45,1062400,Salary,1,1,0,0,0.092,0.13,0.919,Low
TAXP02527,35,618000,Salary,1,0,0,0,0.403,0.321,0.979,Low
TAXP02528,36,497500,Salary,1,0,0,0,0.137,0.281,0.976,Low
TAXP02529,56,1417000,Salary+Business,1,0,0,0,0.156,0.112,0.98,Low
TAXP02530,32,440000,Salary+Business,1,1,0,0,0.162,0.44,0.923,Low
TAXP02531,35,1485800,Salary,1,2,0,0,0.478,0.187,0.863,Low
TAXP02532,27,960400,Business,1,0,5200,1,0.029,0.354,0.87,Low
TAXP02533,52,775200,Salary,1,0,50000,0,0.35,0.282,0.718,Low
TAXP02534,52,721800,Salary,1,0,0,0,0.036,0.152,0.98,Low
TAXP02535,51,573100,Salary+Business,0,2,42900,1,-0.013,0.328,0.457,Medium
TAXP02536,28,1380000,Salary+Business,1,1,1500,0,0.087,0.496,0.921,Low
TAXP02537,41,348600,Salary+Business,1,1,0,0,0.086,0.487,0.931,Low
TAXP02538,34,202200,Salary,1,1,0,0,0.19,0.357,0.829,Low
TAXP02539,55,1011700,Business,0,0,0,0,-0.272,0.149,0.867,Low
TAXP02540,36,1024000,Business,1,1,32700,1,0.124,0.376,0.753,Low
TAXP02541,39,918500,Multiple,1,0,7300,0,0.004,0.522,0.953,Low
TAXP02542,41,871800,Professional,1,0,0,0,-0.016,0.187,0.98,Low
TAXP02543,55,516000,Multiple,1,1,0,0,-0.107,0.192,0.87,Low
TAXP02544,52,1145900,Salary,1,1,0,0,0.042,0.427,0.911,Low
TAXP02545,57,629000,Business,1,0,0,0,0.017,0.236,0.98,Low
TAXP02546,40,457700,Salary+Business,0,2,0,0,0.032,0.217,0.743,Low
TAXP02547,57,519300,Salary,1,1,0,0,-0.162,0.345,0.849,Low
TAXP02548,60,2784500,Professional,1,1,0,0,0.116,0.322,0.92,Low
TAXP02549,44,186400,Business,0,2,0,0,-0.027,0.132,0.715,Low
TAXP02550,51,931500,Multiple,1,0,0,0,-0.162,0.27,0.975,Low
TAXP02551,61,194000,Salary,0,0,0,1,0.012,0.213,0.849,Low
TAXP02552,58,601300,Multiple,1,0,5100,0,-0.024,0.188,0.89,Low
TAXP02553,33,475700,Salary,1,2,0,0,0.107,0.232,0.902,Low
TAXP02554,53,150000,Business,1,1,0,1,0.01,0.324,0.89,Low
TAXP02555,41,860100,Business,1,1,0,0,-0.132,0.176,0.891,Low
TAXP02556,27,494400,Salary,0,0,17300,0,-0.042,0.157,0.771,Low
TAXP02557,37,150000,Multiple,0,1,15400,2,-0.176,0.058,0.641,Medium
TAXP02558,65,1189700,Salary+Investments,1,0,0,1,0.282,0.498,0.892,Low
TAXP02559,64,1826500,Multiple,1,1,0,1,0.308,0.52,0.856,Low
TAXP02560,56,1900500,Multiple,1,0,4800,2,0.327,0.315,0.818,Low
TAXP02561,65,841700,Professional,1,1,0,0,0.006,0.689,0.867,Low
TAXP02562,46,671900,Business,1,0,0,0,0.308,0.296,0.96,Low
TAXP02563,55,1691300,Salary+Investments,1,0,15600,0,0.165,0.04,0.886,Low
TAXP02564,28,2182600,Salary,0,0,0,0,-0.032,0.319,0.832,Low
TAXP02565,34,1470200,Salary+Investments,1,0,9400,1,-0.001,0.244,0.864,Low
TAXP02566,28,330000,Business,1,0,0,0,0.072,0.167,0.98,Low
TAXP02567,63,751400,Professional,1,1,12700,0,0.116,0.426,0.851,Low
TAXP02568,48,892000,Salary,1,2,6000,1,0.158,0.143,0.789,Low
TAXP02569,62,176600,Salary,1,4,0,0,0.1,0.297,0.82,Low
TAXP02570,39,911300,Salary,1,0,0,0,0.044,0.1,0.886,Low
TAXP02571,39,3339300,Business,1,2,0,0,0.316,0.221,0.954,Low
TAXP02572,51,1030400,Salary,1,1,7200,0,0.082,0.453,0.886,Low
TAXP02573,46,1877800,Salary,1,0,0,0,0.073,0.407,0.937,Low
TAXP02574,37,741500,Salary,1,1,0,0,0.065,0.235,0.9,Low
TAXP02575,35,616600,Business,1,2,40000,0,0.082,0.101,0.715,Low
TAXP02576,44,855300,Salary,1,0,0,1,-0.118,0.615,0.904,Low
TAXP02577,24,361300,Salary+Investments,1,2,0,0,-0.06,0.157,0.886,Low
TAXP02578,29,324700,Salary,1,0,0,2,0.491,0.233,0.895,Low
TAXP02579,22,1617600,Business,1,0,19500,0,-0.164,0.212,0.91,Low
TAXP02580,27,1746000,Salary,1,0,0,0,0.143,0.179,0.943,Low
TAXP02581,29,318400,Business,1,0,11100,0,0.155,0.233,0.882,Low
TAXP02582,24,1305000,Business,1,0,0,0,0.262,0.217,0.962,Low
TAXP02583,23,610600,Professional,1,1,27400,0,0.159,0.449,0.731,Low
TAXP02584,57,830200,Business,1,3,0,0,0.403,0.289,0.804,Low
TAXP02585,29,905400,Business,1,0,0,0,0.138,0.275,0.98,Low
TAXP02586,45,1330000,Salary,0,1,18300,1,0.316,0.315,0.679,Medium
TAXP02587,25,689900,Business,1,0,6000,1,0.266,0.337,0.848,Low
TAXP02588,63,1794200,Salary,1,1,0,2,0.347,0.436,0.813,Low
TAXP02589,31,812200,Professional,1,0,0,0,0.104,0.068,0.959,Low
TAXP02590,54,1018800,Business,0,1,0,0,0.164,0.112,0.823,Low
TAXP02591,49,356700,Salary+Business,1,0,0,1,0.041,0.021,0.9,Low
TAXP02592,55,3075500,Business,1,0,0,1,0.126,0.074,0.969,Low
TAXP02593,49,911600,Salary,1,0,24400,0,0.134,0.352,0.871,Low
TAXP02594,43,1086100,Salary,0,1,0,0,-0.232,0.142,0.798,Low
TAXP02595,55,204200,Salary,1,0,0,1,0.077,0.138,0.944,Low
TAXP02596,57,359500,Business,0,2,0,0,0.242,0.201,0.747,Low
TAXP02597,38,1584900,Salary+Investments,1,1,0,0,-0.116,0.347,0.914,Low
TAXP02598,63,799100,Salary+Business,1,2,0,0,-0.058,0.224,0.899,Low
TAXP02599,65,163900,Business,1,0,7600,0,0.285,0.242,0.929,Low
TAXP02600,53,1372700,Salary,1,0,0,0,0.315,0.271,0.98,Low
TAXP02601,62,439400,Salary+Investments,1,1,0,1,0.001,0.468,0.804,Low
TAXP02602,25,1795600,Salary,1,1,4600,0,0.128,0.342,0.91,Low
TAXP02603,45,610200,Salary,1,1,0,0,0.088,0.109,0.922,Low
TAXP02604,50,753200,Salary+Investments,1,1,0,1,0.288,0.366,0.922,Low
TAXP02605,62,1519000,Salary,1,1,0,0,0.015,0.328,0.951,Low
TAXP02606,26,340600,Salary,1,0,0,0,0.039,0.427,0.946,Low
TAXP02607,57,318000,Salary,0,3,0,0,0.315,0.227,0.635,Medium
TAXP02608,24,564200,Professional,0,1,0,0,-0.061,0.159,0.798,Low
TAXP02609,37,1179100,Salary,1,2,0,0,0.02,0.343,0.852,Low
TAXP02610,52,249300,Professional,1,0,0,0,0.121,0.231,0.98,Low
TAXP02611,34,195600,Business,1,0,0,0,0.344,0.236,0.956,Low
TAXP02612,58,1176200,Salary,1,2,0,0,-0.091,0.295,0.879,Low
TAXP02613,62,421100,Salary,1,2,0,1,-0.014,0.511,0.794,Low
TAXP02614,28,490100,Salary+Investments,1,1,0,1,0.195,0.37,0.812,Low
TAXP02615,32,170700,Salary,1,2,0,0,0.22,0.471,0.859,Low
TAXP02616,24,398700,Salary+Business,1,2,0,0,0.134,0.242,0.874,Low
TAXP02617,52,646500,Business,1,2,0,0,0.081,0.34,0.882,Low
TAXP02618,60,1270100,Salary,1,0,19900,0,0.121,0.15,0.885,Low
TAXP02619,48,373000,Business,0,0,0,0,-0.141,0.313,0.801,Low
TAXP02620,26,2143700,Business,1,1,0,1,0.116,0.098,0.871,Low
TAXP02621,28,397100,Business,1,0,0,0,0.337,0.287,0.94,Low
TAXP02622,22,397500,Salary+Business,1,4,0,0,-0.111,0.044,0.807,Low
TAXP02623,43,1966200,Salary+Investments,1,0,63000,0,-0.025,0.058,0.698,Medium
TAXP02624,53,756900,Salary+Business,1,1,12300,0,0.036,0.236,0.84,Low
TAXP02625,27,436800,Business,1,0,4400,3,0.047,0.158,0.78,Low
TAXP02626,59,581300,Business,1,1,0,0,0.395,0.295,0.87,Low
TAXP02627,32,1721900,Professional,1,1,0,0,-0.049,0.337,0.917,Low
TAXP02628,44,1868000,Salary,1,1,0,0,-0.081,0.134,0.963,Low
TAXP02629,51,361000,Salary+Business,1,0,0,0,0.223,0.26,0.938,Low
TAXP02630,45,630400,Salary+Investments,0,2,0,0,-0.003,0.232,0.726,Low
TAXP02631,42,693600,Salary,1,0,0,0,0.226,0.42,0.915,Low
TAXP02632,36,319500,Salary+Investments,0,1,0,1,0.068,0.463,0.76,Low
TAXP02633,40,624500,Salary+Investments,0,0,29100,1,0.173,0.201,0.636,Medium
TAXP02634,31,652500,Business,1,0,5900,1,-0.151,0.476,0.931,Low
TAXP02635,34,1477200,Salary+Investments,1,0,0,0,0.173,0.26,0.917,Low
TAXP02636,54,1550500,Salary,1,0,0,0,0.135,0.168,0.969,Low
TAXP02637,60,512800,Salary,1,0,4700,0,0.059,0.116,0.954,Low
TAXP02638,59,557200,Salary,1,1,0,0,-0.097,0.245,0.869,Low
TAXP02639,35,1048700,Business,1,0,86500,1,0.135,0.264,0.49,Medium
TAXP02640,35,426500,Salary,1,0,0,1,0.216,0.614,0.872,Low
TAXP02641,23,993100,Multiple,1,1,28800,1,0.015,0.475,0.736,Low
TAXP02642,33,610100,Salary,1,0,0,0,0.018,0.389,0.98,Low
TAXP02643,47,323400,Salary,1,1,0,1,0.227,0.673,0.813,Low
TAXP02644,33,326400,Professional,1,1,23800,0,0.374,0.15,0.785,Low
TAXP02645,54,1842500,Salary,0,0,67400,0,0.25,0.281,0.563,Medium
TAXP02646,23,580800,Salary+Business,0,0,107100,0,0.137,0.141,0.279,High
TAXP02647,39,2117600,Salary,0,1,0,0,0.061,0.168,0.814,Low
TAXP02648,33,449100,Multiple,1,0,0,0,0.096,0.213,0.947,Low
TAXP02649,43,801600,Professional,1,0,0,0,-0.112,0.073,0.978,Low
TAXP02650,22,3639900,Salary,1,1,0,0,0.075,0.576,0.855,Low
TAXP02651,39,303600,Salary,1,0,0,2,0.279,0.057,0.837,Low
TAXP02652,56,165800,Salary,1,2,0,0,0.106,0.294,0.864,Low
TAXP02653,59,1641400,Multiple,1,1,28500,0,-0.0,0.451,0.729,Low
TAXP02654,32,358400,Professional,1,1,2700,0,-0.015,0.356,0.872,Low
TAXP02655,40,640400,Business,1,1,0,0,0.095,0.195,0.97,Low
TAXP02656,52,426300,Salary,0,1,0,1,-0.098,0.164,0.792,Low
TAXP02657,41,788400,Salary+Investments,0,0,0,0,-0.045,0.065,0.906,Low
TAXP02658,45,327900,Salary,1,0,0,0,0.345,0.157,0.94,Low
TAXP02659,36,571000,Salary+Business,1,1,0,1,-0.066,0.149,0.909,Low
TAXP02660,58,898600,Salary+Business,0,1,79900,0,-0.028,0.387,0.452,Medium
TAXP02661,49,314500,Salary,1,1,0,0,0.147,0.155,0.964,Low
TAXP02662,64,392600,Business,1,1,0,0,0.029,0.209,0.944,Low
TAXP02663,56,506200,Salary,1,2,0,0,0.114,0.246,0.859,Low
TAXP02664,37,232300,Salary,1,1,0,0,0.238,0.27,0.867,Low
TAXP02665,35,479500,Multiple,1,0,0,0,-0.148,0.327,0.925,Low
TAXP02666,24,708000,Professional,1,0,0,0,0.221,0.254,0.955,Low
TAXP02667,49,487500,Salary+Investments,0,2,0,1,0.007,0.2,0.745,Low
TAXP02668,54,534600,Business,1,1,0,1,0.054,0.535,0.917,Low
TAXP02669,36,640800,Salary,1,1,0,1,0.408,0.122,0.884,Low
TAXP02670,21,405400,Salary+Business,1,2,0,0,-0.124,0.026,0.907,Low
TAXP02671,58,1069100,Business,0,0,15800,0,0.195,0.56,0.727,Low
TAXP02672,31,1827800,Salary,1,1,12300,0,0.28,0.367,0.805,Low
TAXP02673,47,465300,Salary,0,2,12800,1,-0.009,0.143,0.632,Medium
TAXP02674,23,921800,Professional,1,0,18600,0,-0.007,0.048,0.896,Low
TAXP02675,23,547000,Salary+Business,1,1,13400,1,0.041,0.349,0.811,Low
TAXP02676,61,845700,Salary,1,0,37500,0,-0.01,0.223,0.837,Low
TAXP02677,51,2006900,Salary+Investments,1,1,0,1,0.111,0.237,0.901,Low
TAXP02678,21,937500,Salary,1,1,0,1,0.243,0.118,0.911,Low
TAXP02679,25,181300,Salary,1,0,10100,0,0.042,0.211,0.833,Low
TAXP02680,43,901300,Salary,1,1,45200,0,0.249,0.305,0.605,Medium
TAXP02681,51,1579100,Salary+Business,1,1,47200,1,0.324,0.488,0.636,Medium
TAXP02682,40,554100,Salary,1,1,0,0,0.169,0.62,0.867,Low
TAXP02683,60,1331200,Business,1,1,19400,0,0.184,0.221,0.867,Low
TAXP02684,50,395500,Salary,1,1,0,0,0.005,0.256,0.92,Low
TAXP02685,48,223000,Professional,1,0,0,0,-0.32,0.247,0.973,Low
TAXP02686,34,719500,Salary+Business,1,1,0,0,0.194,0.208,0.926,Low
TAXP02687,51,183500,Salary,1,1,0,1,0.227,0.133,0.84,Low
TAXP02688,60,546900,Multiple,1,0,0,0,0.139,0.09,0.97,Low
TAXP02689,23,1641700,Salary,0,1,0,0,0.246,0.245,0.764,Low
TAXP02690,54,164300,Salary,0,2,0,0,0.012,0.195,0.749,Low
TAXP02691,60,258700,Business,1,0,0,0,0.183,0.202,0.98,Low
TAXP02692,40,309200,Salary+Business,1,2,34300,0,0.336,0.315,0.724,Low
TAXP02693,55,621000,Salary,1,0,0,0,0.207,0.283,0.97,Low
TAXP02694,37,499500,Business,1,0,0,0,0.315,0.148,0.977,Low
TAXP02695,29,1780000,Salary,1,2,0,0,0.316,0.409,0.865,Low
TAXP02696,57,1292200,Business,1,1,39600,0,-0.095,0.312,0.737,Low
TAXP02697,35,928500,Professional,1,1,0,0,0.215,0.234,0.915,Low
TAXP02698,55,721900,Multiple,1,0,0,0,-0.001,0.288,0.925,Low
TAXP02699,35,862700,Business,1,0,0,0,-0.077,0.367,0.98,Low
TAXP02700,38,349400,Professional,1,1,0,2,0.054,0.351,0.858,Low
TAXP02701,51,1204900,Business,1,0,0,0,0.381,0.332,0.935,Low
TAXP02702,36,291900,Salary,0,1,5100,0,0.013,0.191,0.852,Low
TAXP02703,57,1186100,Salary,1,0,64100,0,-0.181,0.508,0.658,Medium
TAXP02704,22,1526900,Multiple,1,0,0,0,-0.131,0.197,0.898,Low
TAXP02705,21,756600,Salary,0,0,9700,1,0.177,0.206,0.729,Low
TAXP02706,24,572500,Salary+Business,1,0,0,0,-0.021,0.431,0.862,Low
TAXP02707,32,867100,Salary,1,0,0,0,-0.227,0.152,0.98,Low
TAXP02708,23,150000,Salary+Business,1,0,0,0,-0.125,0.335,0.886,Low
TAXP02709,38,808000,Salary,1,0,0,0,0.127,0.754,0.963,Low
TAXP02710,22,599100,Multiple,1,2,0,1,0.225,0.128,0.799,Low
TAXP02711,55,626700,Professional,1,1,22000,0,0.029,0.177,0.897,Low
TAXP02712,27,1081000,Salary,1,2,0,0,0.204,0.397,0.845,Low
TAXP02713,64,615900,Professional,0,1,66000,1,0.246,0.411,0.374,High
TAXP02714,59,286000,Professional,1,0,0,0,-0.025,0.356,0.979,Low
TAXP02715,52,587100,Salary,0,1,0,2,0.081,0.167,0.761,Low
TAXP02716,56,682400,Salary,1,1,0,1,0.004,0.087,0.904,Low
TAXP02717,55,706100,Salary+Business,1,0,0,0,0.186,0.14,0.966,Low
TAXP02718,59,730400,Salary+Business,0,2,0,0,0.002,0.533,0.774,Low
TAXP02719,45,1373800,Salary,0,1,0,0,-0.094,0.072,0.828,Low
TAXP02720,49,297400,Salary+Investments,1,0,28000,1,0.108,0.313,0.77,Low
TAXP02721,42,737700,Salary,1,1,0,0,0.278,0.237,0.897,Low
TAXP02722,49,1645400,Salary,1,0,0,0,0.182,0.191,0.98,Low
TAXP02723,38,186400,Business,1,1,0,0,0.261,0.19,0.939,Low
TAXP02724,26,739800,Salary,1,0,0,2,0.247,0.141,0.865,Low
TAXP02725,62,426500,Salary,1,0,0,0,0.107,0.423,0.965,Low
TAXP02726,52,497700,Business,0,2,0,0,0.004,0.313,0.794,Low
TAXP02727,52,338800,Salary,1,1,67500,1,-0.039,0.151,0.505,Medium
TAXP02728,33,575300,Salary,1,1,15300,0,-0.154,0.43,0.788,Low
TAXP02729,55,2447100,Salary+Business,1,0,0,0,0.29,0.034,0.953,Low
TAXP02730,44,261500,Business,1,2,2800,1,0.047,0.207,0.832,Low
TAXP02731,24,280000,Salary+Investments,1,0,5800,1,-0.173,0.413,0.876,Low
TAXP02732,63,254600,Business,1,1,0,0,0.297,0.437,0.848,Low
TAXP02733,65,2254600,Business,0,1,81000,0,0.115,0.098,0.371,High
TAXP02734,60,466000,Salary,0,0,0,1,0.255,0.224,0.748,Low
TAXP02735,42,638100,Salary+Business,1,0,0,1,0.058,0.237,0.92,Low
TAXP02736,31,486400,Salary,1,0,0,1,-0.027,0.132,0.914,Low
TAXP02737,21,329300,Salary,1,0,8900,0,0.171,0.354,0.885,Low
TAXP02738,54,548800,Salary+Investments,1,1,4000,0,0.185,0.273,0.844,Low
TAXP02739,61,3815800,Salary+Business,1,0,6600,1,0.055,0.235,0.969,Low
TAXP02740,25,1770900,Professional,0,1,0,0,0.31,0.073,0.803,Low
TAXP02741,51,351700,Salary,1,0,5900,0,0.251,0.337,0.887,Low
TAXP02742,22,1036100,Salary,1,1,0,1,0.19,0.202,0.831,Low
TAXP02743,55,357200,Business,1,1,21300,0,-0.078,0.309,0.824,Low
TAXP02744,22,180900,Salary+Business,1,2,20600,0,-0.1,0.187,0.762,Low
TAXP02745,64,1354300,Business,1,1,0,0,0.292,0.503,0.86,Low
TAXP02746,28,1498500,Salary,1,0,0,0,-0.25,0.137,0.927,Low
TAXP02747,39,1380400,Salary,0,0,9200,1,0.085,0.117,0.753,Low
TAXP02748,52,463400,Business,1,3,18200,0,0.123,0.094,0.74,Low
TAXP02749,59,576500,Professional,1,0,5900,0,0.022,0.13,0.965,Low
TAXP02750,37,1115200,Salary,0,3,0,0,0.094,0.608,0.634,Medium
TAXP02751,65,861700,Salary,1,1,0,2,0.167,0.263,0.773,Low
TAXP02752,21,489600,Salary,0,3,0,1,0.006,0.184,0.635,Medium
TAXP02753,42,202600,Salary,0,0,0,2,0.241,0.147,0.725,Low
TAXP02754,65,705500,Business,1,4,21400,1,0.193,0.204,0.612,Medium
TAXP02755,33,1413500,Salary,1,1,0,0,0.071,0.18,0.952,Low
TAXP02756,45,274400,Professional,1,0,0,1,-0.032,0.376,0.936,Low
TAXP02757,41,1029600,Salary+Business,0,1,0,0,0.085,0.302,0.762,Low
TAXP02758,38,825200,Multiple,1,0,5200,0,0.438,0.107,0.897,Low
TAXP02759,55,1115500,Multiple,0,1,0,0,-0.021,0.251,0.798,Low
TAXP02760,44,1217800,Salary,1,1,0,1,0.345,0.365,0.838,Low
TAXP02761,53,394200,Salary,1,1,0,2,-0.181,0.405,0.795,Low
TAXP02762,44,202900,Salary,1,1,0,1,-0.038,0.284,0.831,Low
TAXP02763,65,442700,Salary+Business,1,0,0,1,0.013,0.041,0.919,Low
TAXP02764,42,1232900,Salary,1,0,61800,0,0.252,0.291,0.652,Medium
TAXP02765,56,440000,Salary,1,0,0,0,0.109,0.432,0.932,Low
TAXP02766,48,394400,Salary,1,0,0,0,0.31,0.418,0.98,Low
TAXP02767,57,175100,Salary,1,0,0,1,0.047,0.102,0.959,Low
TAXP02768,60,2295900,Salary+Business,0,0,0,1,0.091,0.129,0.873,Low
TAXP02769,31,1177900,Professional,0,1,0,0,0.047,0.681,0.792,Low
TAXP02770,34,1131500,Business,1,0,0,0,0.424,0.326,0.969,Low
TAXP02771,34,1304700,Salary+Investments,1,0,0,1,-0.079,0.263,0.98,Low
TAXP02772,42,984600,Salary,1,1,0,0,0.019,0.176,0.894,Low
TAXP02773,43,545100,Salary,1,1,14400,2,-0.056,0.082,0.785,Low
TAXP02774,21,577700,Salary,1,1,32800,0,0.192,0.183,0.766,Low
TAXP02775,61,477800,Professional,1,0,0,0,-0.083,0.302,0.98,Low
TAXP02776,59,4332900,Business,1,1,0,0,0.392,0.296,0.88,Low
TAXP02777,48,969900,Salary,1,2,48400,0,0.113,0.218,0.58,Medium
TAXP02778,34,465500,Multiple,0,2,0,0,0.166,0.26,0.732,Low
TAXP02779,58,908800,Salary,1,0,70500,2,0.174,0.217,0.492,Medium
TAXP02780,33,313900,Salary,0,2,24800,1,0.097,0.175,0.655,Medium
TAXP02781,34,1920300,Professional,1,0,0,0,0.119,0.261,0.97,Low
TAXP02782,65,403800,Multiple,1,0,0,1,0.114,0.034,0.917,Low
TAXP02783,62,932400,Professional,1,1,6400,0,0.183,0.181,0.849,Low
TAXP02784,47,1400300,Multiple,0,0,0,1,-0.032,0.172,0.79,Low
TAXP02785,28,857500,Salary,1,0,0,0,-0.059,0.208,0.903,Low
TAXP02786,26,695800,Professional,1,2,0,0,0.231,0.442,0.874,Low
TAXP02787,64,655100,Salary+Investments,1,1,0,0,0.1,0.284,0.944,Low
TAXP02788,32,624100,Business,1,2,8400,0,-0.221,0.455,0.791,Low
TAXP02789,51,429100,Salary,1,2,0,0,0.024,0.404,0.82,Low
TAXP02790,36,470300,Multiple,1,0,0,0,0.345,0.078,0.921,Low
TAXP02791,43,1886100,Salary,1,1,0,1,0.074,0.231,0.947,Low
TAXP02792,65,601100,Salary,1,1,0,0,0.015,0.192,0.929,Low
TAXP02793,47,369100,Salary+Investments,1,3,0,1,-0.139,0.523,0.716,Low
TAXP02794,40,448200,Salary+Investments,0,2,72600,0,0.009,0.179,0.361,High
TAXP02795,39,1435500,Multiple,1,1,0,0,-0.086,0.32,0.896,Low
TAXP02796,31,1057200,Salary+Investments,1,1,0,0,0.169,0.386,0.908,Low
TAXP02797,46,973000,Salary,0,0,42400,3,0.108,0.225,0.588,Medium
TAXP02798,46,540000,Multiple,1,1,0,1,0.042,0.462,0.783,Low
TAXP02799,25,982200,Business,1,1,0,0,-0.022,0.26,0.905,Low
TAXP02800,39,409000,Professional,1,0,0,1,0.344,0.142,0.946,Low
TAXP02801,50,539200,Salary,0,1,0,2,-0.013,0.224,0.721,Low
TAXP02802,23,1306700,Salary+Business,0,2,0,2,-0.012,0.299,0.647,Medium
TAXP02803,64,1219800,Business,1,0,0,0,0.061,0.204,0.959,Low
TAXP02804,59,320500,Salary+Investments,1,0,8900,0,0.084,0.296,0.968,Low
TAXP02805,49,351100,Salary,0,1,0,0,0.177,0.327,0.825,Low
TAXP02806,21,702900,Salary,1,2,0,0,0.249,0.2,0.854,Low
TAXP02807,44,2252500,Business,1,1,0,3,0.237,0.143,0.795,Low
TAXP02808,61,163700,Salary,1,1,17000,0,0.489,0.502,0.848,Low
TAXP02809,22,794200,Professional,0,1,0,0,-0.171,0.18,0.833,Low
TAXP02810,56,241300,Salary,1,1,64300,0,0.137,0.25,0.589,Medium
TAXP02811,58,411700,Business,1,2,0,0,0.017,0.166,0.946,Low
TAXP02812,24,500000,Salary,1,1,0,2,0.422,0.341,0.737,Low
TAXP02813,31,480200,Salary,1,1,0,0,0.128,0.155,0.889,Low
TAXP02814,53,442600,Professional,1,1,0,0,-0.225,0.458,0.862,Low
TAXP02815,62,653400,Salary,1,0,0,0,0.169,0.185,0.968,Low
TAXP02816,55,442100,Salary,1,1,0,0,0.143,0.145,0.973,Low
TAXP02817,44,226800,Salary,1,1,0,1,0.221,0.461,0.873,Low
TAXP02818,48,1139700,Salary,1,0,13000,0,-0.016,0.198,0.866,Low
TAXP02819,44,1117700,Professional,1,1,15600,1,0.152,0.496,0.792,Low
TAXP02820,46,1192800,Salary,1,1,0,0,0.057,0.355,0.916,Low
TAXP02821,55,214400,Salary,1,0,0,1,-0.007,0.435,0.916,Low
TAXP02822,23,806100,Professional,1,0,4900,1,0.155,0.343,0.887,Low
TAXP02823,30,1057500,Business,1,0,0,0,0.124,0.495,0.947,Low
TAXP02824,23,309400,Business,0,1,0,0,0.268,0.407,0.785,Low
TAXP02825,56,654300,Salary,1,2,0,0,0.104,0.645,0.852,Low
TAXP02826,53,597800,Multiple,0,1,0,0,0.197,0.094,0.823,Low
TAXP02827,23,2448700,Salary,1,1,0,0,-0.093,0.512,0.904,Low
TAXP02828,25,2598300,Salary,1,1,0,0,0.323,0.281,0.939,Low
TAXP02829,32,196100,Salary+Investments,1,0,0,0,-0.024,0.135,0.98,Low
TAXP02830,31,3915100,Professional,1,0,0,0,0.244,0.252,0.973,Low
TAXP02831,44,336300,Professional,1,0,119000,0,0.142,0.142,0.394,High
TAXP02832,43,1316900,Salary+Investments,1,1,0,1,0.122,0.394,0.859,Low
TAXP02833,37,1307300,Salary,1,2,0,0,0.222,0.248,0.906,Low
TAXP02834,28,317400,Salary+Investments,1,0,0,0,-0.242,0.285,0.98,Low
TAXP02835,50,927200,Professional,1,0,0,1,0.008,0.141,0.884,Low
TAXP02836,56,601600,Salary,0,1,2900,0,0.219,0.154,0.812,Low
TAXP02837,49,968800,Salary,1,1,0,0,0.408,0.169,0.98,Low
TAXP02838,57,767400,Salary,1,0,0,0,0.096,0.092,0.959,Low
TAXP02839,62,1538200,Multiple,1,0,14900,0,-0.29,0.113,0.912,Low
TAXP02840,58,686300,Salary,0,1,0,0,0.049,0.19,0.814,Low
TAXP02841,50,576000,Salary,1,1,0,0,0.09,0.173,0.927,Low
TAXP02842,23,1431000,Professional,1,0,0,0,0.278,0.179,0.933,Low
TAXP02843,36,987200,Salary+Business,1,1,0,0,0.108,0.594,0.88,Low
TAXP02844,40,1100900,Salary,1,1,0,0,-0.104,0.573,0.942,Low
TAXP02845,53,402800,Salary+Business,0,1,0,1,0.254,0.311,0.782,Low
TAXP02846,59,306200,Business,1,1,0,0,0.191,0.229,0.972,Low
TAXP02847,49,431900,Salary+Investments,1,1,0,0,-0.012,0.197,0.954,Low
TAXP02848,37,415700,Salary,0,3,0,0,0.215,0.4,0.677,Medium
TAXP02849,56,1144900,Salary,1,0,0,0,0.013,0.059,0.98,Low
TAXP02850,52,1312500,Professional,1,2,0,1,0.052,0.196,0.861,Low
TAXP02851,56,581300,Salary,1,0,0,0,0.015,0.523,0.975,Low
TAXP02852,47,1821200,Business,1,0,0,1,0.05,0.255,0.945,Low
TAXP02853,50,1741100,Salary,1,0,0,0,0.245,0.252,0.939,Low
TAXP02854,36,774500,Salary+Business,1,1,0,1,-0.186,0.087,0.897,Low
TAXP02855,38,359700,Salary+Investments,1,0,0,0,0.277,0.15,0.933,Low
TAXP02856,33,2020800,Salary+Investments,1,2,21400,1,0.128,0.297,0.73,Low
TAXP02857,32,622100,Multiple,1,0,0,1,0.038,0.259,0.924,Low
TAXP02858,50,711800,Salary+Investments,1,0,10900,0,0.103,0.281,0.919,Low
TAXP02859,38,509000,Business,1,1,0,0,-0.045,0.479,0.895,Low
TAXP02860,27,342500,Salary,1,1,0,1,-0.161,0.388,0.839,Low
TAXP02861,22,225800,Salary+Investments,1,1,0,0,-0.041,0.404,0.912,Low
TAXP02862,59,1025200,Multiple,1,2,0,0,-0.203,0.154,0.787,Low
TAXP02863,40,369800,Multiple,1,1,1800,0,-0.116,0.287,0.857,Low
TAXP02864,46,5883100,Salary+Business,1,1,0,0,-0.16,0.395,0.925,Low
TAXP02865,61,297400,Salary,1,0,0,1,0.296,0.317,0.855,Low
TAXP02866,26,262900,Multiple,1,1,7100,0,-0.105,0.45,0.824,Low
TAXP02867,63,938500,Multiple,1,1,0,0,0.093,0.384,0.956,Low
TAXP02868,52,1954900,Professional,1,1,0,0,0.279,0.239,0.98,Low
TAXP02869,49,680900,Salary+Investments,1,0,0,0,0.236,0.322,0.947,Low
TAXP02870,40,981400,Business,1,1,8100,0,0.053,0.34,0.88,Low
TAXP02871,52,172400,Multiple,0,1,0,1,0.054,0.251,0.843,Low
TAXP02872,30,399100,Salary,1,0,26100,0,0.129,0.18,0.836,Low
TAXP02873,34,300100,Salary+Investments,1,1,0,0,0.438,0.094,0.917,Low
TAXP02874,64,166100,Salary,1,2,22600,0,0.166,0.295,0.773,Low
TAXP02875,33,707100,Salary,1,3,32100,1,0.207,0.088,0.569,Medium
TAXP02876,53,150000,Salary,1,2,7500,0,0.463,0.715,0.777,Low
TAXP02877,62,250900,Business,0,0,0,1,0.144,0.181,0.818,Low
TAXP02878,47,441500,Salary,1,0,0,0,0.284,0.501,0.934,Low
TAXP02879,34,357300,Multiple,1,3,33500,0,0.176,0.3,0.695,Medium
TAXP02880,59,864700,Business,1,0,0,1,0.174,0.128,0.96,Low
TAXP02881,58,810000,Salary+Investments,1,1,25600,0,-0.054,0.37,0.881,Low
TAXP02882,45,1237100,Salary,1,0,24700,1,-0.081,0.205,0.785,Low
TAXP02883,26,1117300,Salary,1,0,0,0,0.018,0.116,0.956,Low
TAXP02884,40,1477900,Salary+Business,1,1,0,0,0.241,0.167,0.913,Low
TAXP02885,40,649100,Salary+Business,1,1,0,0,0.234,0.206,0.912,Low
TAXP02886,29,808700,Business,1,0,0,0,0.313,0.142,0.971,Low
TAXP02887,39,939400,Salary+Business,1,1,0,0,0.098,0.276,0.868,Low
TAXP02888,27,719800,Salary+Investments,1,0,0,0,0.186,0.235,0.972,Low
TAXP02889,52,488300,Business,1,1,15400,0,0.187,0.021,0.831,Low
TAXP02890,40,511600,Multiple,0,2,0,1,0.083,0.046,0.701,Low
TAXP02891,53,360800,Salary+Business,1,0,0,0,0.049,0.245,0.98,Low
TAXP02892,41,880500,Professional,1,0,0,0,-0.138,0.034,0.967,Low
TAXP02893,53,607500,Salary,1,1,0,0,0.076,0.565,0.933,Low
TAXP02894,53,403200,Salary,0,0,0,2,0.083,0.245,0.772,Low
TAXP02895,28,403500,Salary,1,2,15500,2,0.282,0.119,0.706,Low
TAXP02896,40,271900,Salary+Business,1,1,4100,0,0.297,0.267,0.845,Low
TAXP02897,54,1315200,Salary+Business,0,1,0,0,0.123,0.038,0.849,Low
TAXP02898,47,687900,Salary,1,1,22500,0,0.43,0.107,0.791,Low
TAXP02899,30,349200,Professional,0,1,0,1,0.13,0.395,0.792,Low
TAXP02900,58,1163400,Salary,1,1,0,0,0.265,0.058,0.94,Low
TAXP02901,29,434200,Salary,1,3,0,0,0.084,0.129,0.86,Low
TAXP02902,65,236100,Multiple,1,0,58500,0,-0.082,0.445,0.606,Medium
TAXP02903,52,1355900,Salary,1,2,0,0,0.032,0.51,0.881,Low
TAXP02904,35,441500,Salary,1,1,49600,0,0.336,0.218,0.712,Low
TAXP02905,29,484200,Business,1,1,0,0,0.058,0.211,0.945,Low
TAXP02906,61,669600,Salary,1,0,65800,0,0.025,0.287,0.653,Medium
TAXP02907,44,1479800,Salary+Business,1,2,0,0,0.099,0.26,0.868,Low
TAXP02908,57,659400,Multiple,1,1,9200,0,0.038,0.341,0.825,Low
TAXP02909,58,274100,Business,1,0,0,0,0.291,0.328,0.963,Low
TAXP02910,24,961600,Business,1,2,0,1,0.402,0.45,0.776,Low
TAXP02911,51,458400,Salary,1,0,8100,0,0.101,0.357,0.921,Low
TAXP02912,36,2530800,Business,0,0,0,2,0.186,0.186,0.734,Low
TAXP02913,61,649500,Salary,1,0,7500,0,0.256,0.135,0.968,Low
TAXP02914,30,150000,Salary,0,1,0,1,0.117,0.221,0.756,Low
TAXP02915,22,840700,Salary+Investments,1,1,32200,1,-0.04,0.404,0.662,Medium
TAXP02916,50,2636200,Business,1,1,0,2,0.034,0.148,0.864,Low
TAXP02917,45,2021600,Business,1,1,0,1,0.166,0.228,0.878,Low
TAXP02918,45,2429100,Salary,1,0,0,0,0.163,0.128,0.98,Low
TAXP02919,32,311900,Salary+Investments,1,0,0,0,-0.187,0.224,0.98,Low
TAXP02920,43,1253500,Salary,1,0,0,0,0.03,0.126,0.962,Low
TAXP02921,64,386500,Salary,1,2,134600,0,-0.018,0.133,0.219,High
TAXP02922,55,763900,Salary+Investments,1,1,97600,0,0.241,0.288,0.409,High
TAXP02923,65,259900,Business,1,3,0,0,-0.012,0.1,0.829,Low
TAXP02924,35,408700,Multiple,1,0,54400,0,0.026,0.482,0.646,Medium
TAXP02925,60,399400,Salary,0,1,0,1,0.021,0.101,0.815,Low
TAXP02926,38,1241300,Salary+Business,1,3,0,0,0.227,0.482,0.785,Low
TAXP02927,63,1156900,Multiple,0,2,0,1,0.255,0.287,0.659,Medium
TAXP02928,59,793400,Business,1,1,80400,0,0.179,0.298,0.522,Medium
TAXP02929,28,245800,Professional,1,2,37000,1,0.277,0.046,0.618,Medium
TAXP02930,64,519400,Salary,1,0,0,0,0.298,0.368,0.932,Low
TAXP02931,48,379800,Salary+Business,1,0,0,1,-0.19,0.28,0.895,Low
TAXP02932,55,1215800,Salary+Investments,1,2,0,0,0.195,0.261,0.84,Low
TAXP02933,47,1518200,Salary+Business,1,3,0,0,0.041,0.323,0.857,Low
TAXP02934,30,1390700,Multiple,1,2,0,0,-0.101,0.23,0.912,Low
TAXP02935,65,377400,Business,1,3,30900,0,0.049,0.228,0.635,Medium
TAXP02936,26,150000,Business,0,1,33200,1,0.217,0.161,0.595,Medium
TAXP02937,57,182100,Salary,1,0,0,0,0.333,0.114,0.98,Low
TAXP02938,30,1809000,Salary+Business,1,0,75200,0,-0.115,0.08,0.603,Medium
TAXP02939,56,486900,Salary+Investments,1,2,0,0,0.199,0.287,0.87,Low
TAXP02940,40,378600,Professional,1,0,0,0,0.415,0.172,0.95,Low
TAXP02941,31,2121100,Salary,1,1,64200,2,0.393,0.589,0.454,Medium
TAXP02942,31,1616300,Business,1,0,0,0,-0.453,0.422,0.87,Low
TAXP02943,35,661500,Salary+Business,1,0,0,1,0.449,0.094,0.945,Low
TAXP02944,61,526200,Multiple,0,1,0,0,0.254,0.204,0.866,Low
TAXP02945,55,591000,Salary,1,1,0,0,-0.269,0.182,0.971,Low
TAXP02946,51,765500,Salary,1,0,0,0,-0.023,0.368,0.98,Low
TAXP02947,49,2057000,Salary,0,2,0,1,0.301,0.492,0.653,Medium
TAXP02948,39,881100,Salary,0,3,0,0,0.158,0.26,0.712,Low
TAXP02949,61,1096300,Multiple,1,0,0,0,0.008,0.631,0.925,Low
TAXP02950,33,1508500,Business,1,0,0,1,0.111,0.387,0.929,Low
TAXP02951,63,280000,Business,0,2,0,1,0.187,0.179,0.694,Medium
TAXP02952,38,1119300,Salary,1,0,12600,1,0.007,0.271,0.913,Low
TAXP02953,36,525800,Business,1,0,0,1,0.08,0.147,0.926,Low
TAXP02954,42,150000,Multiple,0,2,0,1,0.244,0.162,0.686,Medium
TAXP02955,54,150000,Business,0,1,56500,0,-0.012,0.342,0.54,Medium
TAXP02956,53,312300,Salary,1,2,10500,0,-0.117,0.253,0.762,Low
TAXP02957,55,952800,Salary,1,3,0,1,-0.002,0.448,0.831,Low
TAXP02958,25,705500,Multiple,1,0,0,0,-0.042,0.467,0.927,Low
TAXP02959,28,742300,Multiple,0,1,0,1,0.003,0.189,0.736,Low
TAXP02960,59,2648200,Salary,0,0,0,0,-0.176,0.156,0.885,Low
TAXP02961,65,260700,Professional,1,1,0,0,0.138,0.141,0.921,Low
TAXP02962,26,637300,Salary,0,1,0,1,0.239,0.348,0.765,Low
TAXP02963,61,809300,Business,1,0,0,0,-0.03,0.089,0.98,Low
TAXP02964,32,382500,Salary,1,1,0,2,-0.004,0.093,0.852,Low
TAXP02965,65,663400,Salary+Business,1,2,0,0,0.07,0.183,0.885,Low
TAXP02966,65,205400,Multiple,0,2,0,0,-0.046,0.231,0.782,Low
TAXP02967,49,1793800,Salary,1,1,35800,0,0.257,0.217,0.752,Low
TAXP02968,29,397900,Business,0,0,0,0,-0.042,0.063,0.899,Low
TAXP02969,56,2806200,Salary,0,1,0,1,0.016,0.166,0.744,Low
TAXP02970,25,635000,Salary,0,2,59600,0,-0.022,0.323,0.388,High
TAXP02971,36,1362600,Salary,1,1,0,0,0.261,0.304,0.828,Low
TAXP02972,49,625500,Salary,1,0,0,1,0.063,0.255,0.889,Low
TAXP02973,24,635800,Multiple,1,0,0,0,0.419,0.101,0.966,Low
TAXP02974,38,426900,Salary,1,0,0,0,0.157,0.244,0.932,Low
TAXP02975,56,708200,Salary+Investments,1,0,0,1,0.285,0.291,0.892,Low
TAXP02976,25,817200,Salary,1,3,0,0,0.048,0.086,0.861,Low
TAXP02977,37,369600,Business,1,1,14900,1,-0.051,0.45,0.71,Low
TAXP02978,21,594000,Business,1,2,0,0,0.095,0.038,0.864,Low
TAXP02979,50,418900,Multiple,1,2,0,0,-0.009,0.478,0.885,Low
TAXP02980,24,3404100,Salary,1,2,0,0,-0.22,0.124,0.848,Low
TAXP02981,33,609300,Salary,1,0,3100,0,0.262,0.189,0.93,Low
TAXP02982,44,1977400,Salary+Business,1,1,0,0,0.105,0.093,0.971,Low
TAXP02983,30,564600,Salary+Business,1,0,0,0,-0.012,0.149,0.98,Low
TAXP02984,31,783400,Professional,1,1,0,1,0.16,0.107,0.885,Low
TAXP02985,58,251000,Salary,1,4,0,0,0.108,0.489,0.849,Low
TAXP02986,55,471100,Salary,1,1,17100,0,0.326,0.101,0.885,Low
TAXP02987,24,756400,Salary+Investments,1,0,0,0,0.169,0.078,0.944,Low
TAXP02988,59,2036300,Professional,1,1,59300,1,0.075,0.165,0.602,Medium
TAXP02989,42,762700,Professional,1,0,0,0,0.211,0.18,0.949,Low
TAXP02990,27,1760300,Salary,1,2,0,1,0.094,0.098,0.797,Low
TAXP02991,61,1031000,Salary,1,0,0,0,0.129,0.264,0.98,Low
TAXP02992,36,2097900,Multiple,1,0,9100,0,0.296,0.227,0.856,Low
TAXP02993,35,622900,Salary+Business,1,0,0,1,-0.087,0.049,0.946,Low
TAXP02994,27,3633400,Salary,0,0,0,0,-0.038,0.572,0.807,Low
TAXP02995,60,458300,Multiple,0,1,4800,0,0.033,0.516,0.687,Medium
TAXP02996,33,374300,Business,1,0,0,1,0.056,0.409,0.872,Low
TAXP02997,47,272000,Salary,1,0,0,0,0.285,0.126,0.977,Low
TAXP02998,31,3481800,Salary,1,1,0,2,-0.126,0.082,0.856,Low
TAXP02999,61,1172600,Salary+Business,1,0,25600,0,0.095,0.35,0.843,Low
TAXP03000,56,511000,Salary,1,0,0,1,0.012,0.258,0.943,Low
TAXP03001,43,1597600,Business,1,1,0,0,0.372,0.274,0.859,Low
TAXP03002,36,1066500,Salary+Business,0,0,13400,0,0.241,0.375,0.74,Low
TAXP03003,50,2677400,Salary,0,2,0,0,0.138,0.177,0.753,Low
TAXP03004,43,213300,Multiple,1,2,0,0,0.255,0.487,0.85,Low
TAXP03005,63,537000,Salary,0,0,0,2,-0.111,0.221,0.726,Low
TAXP03006,51,465900,Salary,1,0,0,0,0.424,0.476,0.98,Low
TAXP03007,22,156900,Professional,1,0,0,1,-0.035,0.228,0.86,Low
TAXP03008,58,1394700,Professional,1,0,0,0,0.301,0.308,0.96,Low
TAXP03009,29,535000,Business,1,0,0,0,0.188,0.484,0.974,Low
TAXP03010,34,1107100,Professional,1,2,15900,0,0.142,0.437,0.732,Low
TAXP03011,40,3554600,Salary+Investments,1,1,0,0,0.294,0.203,0.876,Low
TAXP03012,30,504000,Salary+Business,1,1,0,1,0.259,0.517,0.839,Low
TAXP03013,63,480000,Salary+Investments,1,0,0,0,0.117,0.108,0.936,Low
TAXP03014,65,708000,Salary,0,0,9600,1,0.033,0.211,0.722,Low
TAXP03015,28,1323200,Salary,1,2,4100,0,0.12,0.155,0.85,Low
TAXP03016,35,432200,Business,1,0,9900,1,0.084,0.278,0.924,Low
TAXP03017,37,412700,Salary,1,0,41500,0,0.157,0.457,0.726,Low
TAXP03018,51,1391500,Salary+Business,1,0,63500,0,0.263,0.546,0.602,Medium
TAXP03019,47,853700,Salary,0,1,8300,0,0.175,0.366,0.752,Low
TAXP03020,51,150000,Salary,1,0,0,0,0.13,0.345,0.971,Low
TAXP03021,22,269000,Salary,1,2,0,1,-0.005,0.111,0.819,Low
TAXP03022,44,1915700,Salary,0,1,0,0,0.152,0.5,0.818,Low
TAXP03023,30,868100,Salary,0,1,0,1,-0.171,0.12,0.719,Low
TAXP03024,31,375500,Professional,0,1,0,1,-0.028,0.248,0.759,Low
TAXP03025,55,574900,Business,0,4,0,0,0.197,0.038,0.707,Low
TAXP03026,27,656200,Salary,1,0,0,0,0.242,0.473,0.948,Low
TAXP03027,22,1104000,Salary,1,0,0,0,0.097,0.029,0.98,Low
TAXP03028,42,244500,Salary+Investments,1,0,0,1,0.132,0.283,0.863,Low
TAXP03029,54,354800,Salary,1,1,0,1,0.159,0.375,0.831,Low
TAXP03030,43,791200,Business,1,3,18200,0,0.209,0.296,0.683,Medium
TAXP03031,28,604900,Business,0,3,0,1,0.068,0.591,0.629,Medium
TAXP03032,55,981100,Business,1,0,0,0,-0.057,0.365,0.967,Low
TAXP03033,38,268200,Salary+Investments,1,0,0,0,0.162,0.062,0.919,Low
TAXP03034,52,840600,Professional,1,3,0,0,0.413,0.581,0.782,Low
TAXP03035,30,1426400,Multiple,1,4,35100,0,-0.048,0.324,0.616,Medium
TAXP03036,62,922900,Salary+Investments,1,0,0,0,0.08,0.06,0.98,Low
TAXP03037,33,718500,Salary,1,0,6600,0,0.038,0.336,0.92,Low
TAXP03038,64,606600,Salary,1,0,0,2,0.486,0.419,0.867,Low
TAXP03039,37,356300,Salary,1,2,9200,2,-0.054,0.088,0.741,Low
TAXP03040,53,617200,Salary,1,0,0,0,0.074,0.697,0.92,Low
TAXP03041,43,1610000,Business,1,1,0,0,0.042,0.156,0.915,Low
TAXP03042,24,596600,Salary,1,1,0,0,-0.101,0.268,0.98,Low
TAXP03043,25,342500,Salary,1,0,0,0,-0.109,0.214,0.98,Low
TAXP03044,39,456000,Salary,0,1,62500,0,0.191,0.171,0.498,Medium
TAXP03045,29,751100,Professional,1,2,21700,1,0.213,0.089,0.728,Low
TAXP03046,48,496700,Professional,1,0,0,0,0.01,0.022,0.98,Low
TAXP03047,27,921900,Multiple,1,0,95000,0,0.325,0.155,0.523,Medium
TAXP03048,47,947100,Salary,1,0,0,0,-0.26,0.393,0.93,Low
TAXP03049,30,1232800,Salary,1,0,1900,0,-0.101,0.465,0.949,Low
TAXP03050,29,1811500,Multiple,1,0,0,2,-0.032,0.066,0.863,Low
TAXP03051,37,1331400,Professional,1,0,0,1,0.099,0.039,0.98,Low
TAXP03052,47,331700,Business,1,1,0,0,0.028,0.036,0.952,Low
TAXP03053,38,339100,Business,1,1,0,0,0.068,0.184,0.872,Low
TAXP03054,36,615500,Salary,1,0,19500,1,0.178,0.313,0.818,Low
TAXP03055,36,469700,Salary+Investments,1,0,0,0,0.333,0.122,0.98,Low
TAXP03056,36,286400,Professional,0,0,0,1,0.228,0.378,0.747,Low
TAXP03057,39,472900,Business,1,0,30400,0,0.109,0.299,0.764,Low
TAXP03058,58,461900,Business,1,2,0,1,0.087,0.154,0.858,Low
TAXP03059,47,400700,Salary,1,0,0,1,0.276,0.475,0.906,Low
TAXP03060,39,517800,Salary,1,0,0,0,0.401,0.424,0.903,Low
TAXP03061,54,1518500,Salary+Business,1,1,0,0,0.202,0.163,0.914,Low
TAXP03062,44,750300,Business,1,0,2900,0,0.022,0.42,0.93,Low
TAXP03063,63,3853300,Salary,1,3,0,0,0.141,0.232,0.82,Low
TAXP03064,46,734900,Salary,1,0,0,0,0.193,0.234,0.967,Low
TAXP03065,30,527500,Multiple,1,0,0,0,0.011,0.344,0.93,Low
TAXP03066,46,651900,Salary,1,2,0,0,0.239,0.276,0.816,Low
TAXP03067,55,781800,Salary,0,1,0,0,0.142,0.156,0.845,Low
TAXP03068,30,889200,Professional,1,1,0,0,0.286,0.333,0.872,Low
TAXP03069,30,2899200,Salary+Business,1,0,35300,0,-0.056,0.209,0.795,Low
TAXP03070,47,353700,Professional,1,0,0,0,-0.179,0.296,0.98,Low
TAXP03071,60,1206500,Salary+Investments,0,1,230100,0,0.037,0.331,0.02,High
TAXP03072,36,754900,Salary,0,0,0,1,0.104,0.066,0.832,Low
TAXP03073,43,209700,Multiple,1,2,6500,1,-0.188,0.395,0.735,Low
TAXP03074,50,1132200,Salary+Investments,1,2,0,0,0.003,0.267,0.916,Low
TAXP03075,50,1619200,Business,1,0,7000,0,0.305,0.186,0.98,Low
TAXP03076,27,350700,Professional,1,0,0,0,0.185,0.022,0.98,Low
TAXP03077,38,645800,Salary,1,0,0,2,0.122,0.035,0.906,Low
TAXP03078,65,187700,Business,1,0,0,0,-0.069,0.54,0.904,Low
TAXP03079,60,262600,Salary,1,1,30200,1,0.3,0.112,0.709,Low
TAXP03080,55,1382400,Salary,1,0,64500,0,0.033,0.296,0.611,Medium
TAXP03081,22,464600,Multiple,1,2,29300,0,0.115,0.365,0.726,Low
TAXP03082,39,292500,Salary,1,1,0,0,0.165,0.569,0.929,Low
TAXP03083,23,766800,Business,1,0,0,0,0.127,0.548,0.892,Low
TAXP03084,34,446200,Salary,1,0,0,0,0.339,0.483,0.952,Low
TAXP03085,59,463100,Salary,1,1,0,0,0.192,0.154,0.904,Low
TAXP03086,38,1106900,Salary,1,1,0,0,0.154,0.089,0.948,Low
TAXP03087,28,281600,Salary,0,1,15500,0,0.086,0.152,0.71,Low
TAXP03088,53,338700,Professional,1,0,0,0,0.169,0.064,0.973,Low
TAXP03089,55,726300,Multiple,0,2,0,0,0.066,0.041,0.774,Low
TAXP03090,50,1306300,Business,1,1,0,0,0.13,0.468,0.884,Low
TAXP03091,57,1585200,Multiple,1,0,0,0,0.045,0.108,0.98,Low
TAXP03092,52,402700,Professional,1,1,0,0,0.02,0.099,0.98,Low
TAXP03093,49,1276500,Professional,1,0,0,0,-0.047,0.467,0.94,Low
TAXP03094,61,369600,Salary,1,0,0,0,0.057,0.22,0.935,Low
TAXP03095,35,2420800,Salary,1,1,0,0,0.046,0.409,0.911,Low
TAXP03096,41,287300,Salary+Investments,0,1,0,0,0.393,0.382,0.783,Low
TAXP03097,46,1691700,Business,1,0,15700,0,0.259,0.31,0.863,Low
TAXP03098,51,405200,Salary,1,0,0,0,0.079,0.17,0.944,Low
TAXP03099,42,2769700,Salary+Business,1,0,42500,0,0.032,0.24,0.765,Low
TAXP03100,40,995000,Salary,1,0,13700,0,0.198,0.37,0.933,Low
TAXP03101,28,312800,Salary+Business,1,1,0,0,0.411,0.298,0.893,Low
TAXP03102,49,446300,Salary,1,0,0,1,0.227,0.096,0.914,Low
TAXP03103,26,1140700,Multiple,1,0,11200,0,-0.175,0.338,0.892,Low
TAXP03104,42,1387000,Salary,1,0,0,0,0.238,0.273,0.976,Low
TAXP03105,39,617700,Salary,1,1,0,1,0.266,0.772,0.798,Low
TAXP03106,55,671200,Professional,1,1,20100,0,0.452,0.176,0.813,Low
TAXP03107,42,1122100,Salary,1,1,2700,1,0.06,0.141,0.887,Low
TAXP03108,21,714700,Multiple,1,0,12600,1,0.122,0.122,0.875,Low
TAXP03109,43,256100,Professional,1,1,42700,2,0.172,0.388,0.578,Medium
TAXP03110,30,362000,Salary,1,0,0,1,-0.022,0.434,0.895,Low
TAXP03111,38,769900,Salary,1,1,0,0,-0.037,0.505,0.919,Low
TAXP03112,34,1559500,Multiple,1,2,23500,0,0.164,0.175,0.751,Low
TAXP03113,28,2080700,Professional,1,0,0,0,-0.147,0.478,0.93,Low
TAXP03114,63,1139400,Salary+Investments,1,1,0,0,-0.111,0.167,0.91,Low
TAXP03115,32,799400,Salary,1,1,0,0,0.231,0.291,0.894,Low
TAXP03116,43,1114500,Multiple,1,0,13700,0,0.18,0.112,0.862,Low
TAXP03117,58,402200,Business,1,1,0,0,0.3,0.329,0.878,Low
TAXP03118,37,582100,Professional,1,2,19500,0,0.174,0.274,0.698,Medium
TAXP03119,63,359100,Salary,1,0,0,0,0.102,0.77,0.881,Low
TAXP03120,39,264500,Salary,1,0,0,0,0.306,0.259,0.921,Low
TAXP03121,63,826400,Multiple,0,0,0,0,0.032,0.113,0.91,Low
TAXP03122,41,742900,Multiple,1,0,19300,0,0.047,0.319,0.839,Low
TAXP03123,21,1066400,Salary,1,1,0,2,0.09,0.279,0.79,Low
TAXP03124,60,963100,Multiple,1,0,196800,0,0.172,0.379,0.02,High
TAXP03125,59,774100,Salary,1,1,0,0,0.089,0.427,0.977,Low
TAXP03126,64,970400,Salary,0,1,0,0,-0.138,0.15,0.892,Low
TAXP03127,26,630300,Salary,1,0,0,0,0.057,0.041,0.98,Low
TAXP03128,58,875000,Salary,1,2,25600,1,0.095,0.247,0.713,Low
TAXP03129,36,385300,Salary,0,0,0,0,0.118,0.494,0.876,Low
TAXP03130,58,848200,Salary,1,0,10500,0,0.028,0.208,0.91,Low
TAXP03131,64,1051800,Salary,1,1,0,1,0.181,0.149,0.917,Low
TAXP03132,29,401300,Salary+Business,1,1,0,0,-0.158,0.147,0.98,Low
TAXP03133,37,674700,Salary+Investments,0,0,0,1,0.167,0.473,0.701,Low
TAXP03134,33,414900,Professional,1,0,0,1,0.387,0.272,0.882,Low
TAXP03135,34,444900,Salary,1,1,0,0,0.003,0.32,0.936,Low
TAXP03136,47,289200,Salary+Business,0,1,0,1,0.109,0.305,0.796,Low
TAXP03137,39,1617000,Salary,1,1,0,0,0.06,0.178,0.963,Low
TAXP03138,50,1400100,Salary+Business,1,2,0,0,0.063,0.12,0.913,Low
TAXP03139,51,957100,Business,1,0,0,0,-0.065,0.196,0.98,Low
TAXP03140,30,2689100,Salary,1,1,0,0,0.419,0.149,0.925,Low
TAXP03141,22,567200,Salary,1,1,0,0,0.162,0.214,0.964,Low
TAXP03142,54,5766600,Salary+Investments,1,0,0,0,-0.007,0.359,0.98,Low
TAXP03143,29,551800,Multiple,1,2,0,0,-0.026,0.312,0.934,Low
TAXP03144,29,781100,Professional,1,0,0,0,0.11,0.256,0.98,Low
TAXP03145,48,488100,Multiple,1,0,0,0,-0.247,0.166,0.98,Low
TAXP03146,32,849800,Multiple,0,1,0,0,0.268,0.152,0.823,Low
TAXP03147,29,1186300,Salary,1,1,0,0,0.018,0.21,0.942,Low
TAXP03148,34,598800,Salary+Business,0,0,0,1,0.162,0.405,0.764,Low
TAXP03149,44,2336000,Salary,1,0,46600,0,0.17,0.352,0.7,Medium
TAXP03150,59,772100,Business,1,0,8300,0,0.254,0.433,0.877,Low
TAXP03151,65,789800,Salary,1,0,0,0,0.179,0.159,0.98,Low
TAXP03152,53,337800,Multiple,1,0,0,0,0.219,0.552,0.909,Low
TAXP03153,61,878600,Salary+Business,1,1,0,1,0.263,0.275,0.935,Low
TAXP03154,44,590200,Salary,1,0,0,0,0.047,0.485,0.928,Low
TAXP03155,39,419500,Salary,1,1,2700,0,0.444,0.208,0.893,Low
TAXP03156,57,371600,Business,1,0,0,0,0.156,0.325,0.924,Low
TAXP03157,34,4449900,Salary+Business,0,2,0,0,0.096,0.529,0.822,Low
TAXP03158,57,537700,Multiple,1,0,9200,0,-0.035,0.284,0.89,Low
TAXP03159,65,227700,Salary,1,1,24300,0,0.067,0.511,0.83,Low
TAXP03160,38,393200,Business,1,1,0,0,0.164,0.408,0.864,Low
TAXP03161,49,626300,Business,1,0,0,0,0.115,0.133,0.98,Low
TAXP03162,56,963500,Salary,1,1,8200,1,0.392,0.037,0.819,Low
TAXP03163,56,969200,Business,1,1,53200,1,0.038,0.375,0.592,Medium
TAXP03164,30,1058000,Salary,1,1,0,1,0.209,0.229,0.832,Low
TAXP03165,64,408600,Salary,1,0,63200,1,-0.08,0.257,0.588,Medium
TAXP03166,43,830600,Salary,1,0,0,0,0.449,0.209,0.897,Low
TAXP03167,22,345900,Salary+Investments,1,1,0,0,-0.091,0.112,0.962,Low
TAXP03168,26,416100,Salary,1,0,0,1,0.432,0.455,0.915,Low
TAXP03169,53,335700,Salary,0,1,0,2,0.078,0.117,0.74,Low
TAXP03170,40,276300,Salary+Business,1,2,0,1,-0.258,0.169,0.802,Low
TAXP03171,25,1398600,Multiple,1,0,0,0,0.316,0.226,0.935,Low
TAXP03172,44,1067200,Business,1,0,0,0,0.113,0.397,0.98,Low
TAXP03173,47,1313100,Salary,1,1,20000,1,0.027,0.336,0.795,Low
TAXP03174,24,668700,Professional,1,1,0,0,0.203,0.208,0.91,Low
TAXP03175,36,1137100,Salary,1,1,0,0,0.206,0.403,0.857,Low
TAXP03176,41,182900,Professional,0,0,54400,1,0.166,0.093,0.555,Medium
TAXP03177,56,1210000,Salary,1,1,0,0,0.282,0.445,0.942,Low
TAXP03178,50,738400,Salary,1,0,9400,0,0.14,0.171,0.891,Low
TAXP03179,24,1021000,Salary,1,0,0,0,0.204,0.265,0.98,Low
TAXP03180,48,854600,Salary+Business,1,0,0,0,0.017,0.12,0.968,Low
TAXP03181,61,319400,Salary,1,1,0,1,0.222,0.077,0.958,Low
TAXP03182,23,221000,Salary,1,1,0,0,0.017,0.059,0.951,Low
TAXP03183,65,389300,Business,1,2,0,1,-0.08,0.267,0.837,Low
TAXP03184,25,976200,Salary+Business,1,1,0,1,0.067,0.136,0.913,Low
TAXP03185,49,1068300,Salary,1,0,0,0,0.056,0.268,0.919,Low
TAXP03186,36,242800,Professional,0,1,0,1,0.248,0.152,0.756,Low
TAXP03187,53,320700,Professional,1,2,0,0,-0.133,0.3,0.875,Low
TAXP03188,58,386200,Salary,1,1,0,0,0.275,0.313,0.915,Low
TAXP03189,59,502600,Multiple,1,1,0,0,0.0,0.456,0.935,Low
TAXP03190,60,243800,Salary+Investments,1,1,3000,1,-0.294,0.504,0.756,Low
TAXP03191,57,233500,Salary,1,3,0,0,-0.093,0.348,0.833,Low
TAXP03192,34,359700,Salary,0,1,86300,0,0.051,0.332,0.287,High
TAXP03193,41,691600,Salary,1,1,17100,0,0.171,0.111,0.873,Low
TAXP03194,53,277800,Salary,1,2,0,0,0.079,0.195,0.882,Low
TAXP03195,28,598000,Business,1,1,0,1,-0.094,0.273,0.887,Low
TAXP03196,46,1392900,Salary+Investments,1,0,0,0,-0.025,0.33,0.98,Low
TAXP03197,44,254600,Salary+Investments,1,1,60400,3,-0.091,0.092,0.484,Medium
TAXP03198,65,560200,Salary,1,0,0,1,0.141,0.294,0.854,Low
TAXP03199,23,1359400,Business,1,2,0,1,0.086,0.103,0.796,Low
TAXP03200,25,481000,Salary,1,1,6600,0,0.198,0.356,0.871,Low
TAXP03201,22,430100,Business,0,0,0,0,-0.183,0.226,0.894,Low
TAXP03202,45,1502200,Salary,1,0,0,0,0.015,0.225,0.965,Low
TAXP03203,45,521400,Multiple,1,0,0,1,0.425,0.435,0.899,Low
TAXP03204,47,1439700,Salary+Investments,0,4,19500,0,0.203,0.308,0.583,Medium
TAXP03205,31,885200,Salary,0,1,0,1,0.053,0.137,0.744,Low
TAXP03206,34,507800,Professional,1,1,0,0,-0.058,0.173,0.977,Low
TAXP03207,39,918100,Business,1,0,0,1,0.277,0.363,0.893,Low
TAXP03208,23,818700,Salary+Business,1,0,0,0,0.345,0.136,0.95,Low
TAXP03209,54,1355600,Business,1,0,20900,0,-0.084,0.309,0.833,Low
TAXP03210,23,438000,Salary,1,1,0,1,-0.069,0.214,0.923,Low
TAXP03211,51,669600,Professional,1,1,0,0,0.145,0.353,0.851,Low
TAXP03212,41,621800,Salary,1,0,12200,0,0.16,0.547,0.863,Low
TAXP03213,65,1079200,Business,1,1,0,1,0.177,0.511,0.843,Low
TAXP03214,52,310700,Salary,1,0,0,0,0.395,0.247,0.98,Low
TAXP03215,42,1351800,Professional,1,2,11800,1,-0.055,0.368,0.785,Low
TAXP03216,52,909300,Salary+Investments,1,1,10800,0,0.106,0.246,0.88,Low
TAXP03217,26,251800,Salary,0,2,0,0,0.215,0.265,0.749,Low
TAXP03218,29,1551400,Salary,1,0,0,0,0.214,0.24,0.952,Low
TAXP03219,43,3247100,Salary+Business,1,1,0,0,-0.004,0.521,0.914,Low
TAXP03220,59,1337100,Salary,1,1,0,0,0.003,0.201,0.883,Low
TAXP03221,57,1816000,Business,1,1,0,0,0.027,0.24,0.942,Low
TAXP03222,37,691200,Professional,1,1,0,2,0.373,0.233,0.802,Low
TAXP03223,33,196500,Salary,1,1,0,2,-0.057,0.109,0.8,Low
TAXP03224,64,172300,Salary+Investments,1,0,0,0,0.048,0.196,0.98,Low
TAXP03225,46,781000,Business,1,1,2200,0,0.224,0.45,0.932,Low
TAXP03226,26,424400,Professional,1,1,900,1,-0.074,0.231,0.887,Low
TAXP03227,31,336500,Salary,1,1,22600,1,0.141,0.244,0.723,Low
TAXP03228,58,621300,Salary,1,2,0,0,-0.204,0.171,0.876,Low
TAXP03229,61,1012500,Salary,1,0,0,1,0.131,0.434,0.876,Low
TAXP03230,61,228400,Salary+Investments,0,2,0,1,0.108,0.223,0.755,Low
TAXP03231,21,470500,Salary+Investments,1,1,0,0,0.126,0.032,0.98,Low
TAXP03232,58,1927700,Salary+Business,1,1,25700,1,-0.039,0.226,0.727,Low
TAXP03233,26,299700,Salary,1,0,0,0,0.136,0.296,0.951,Low
TAXP03234,57,1215900,Business,1,2,0,0,0.094,0.256,0.908,Low
TAXP03235,60,458500,Salary+Business,1,1,0,0,0.308,0.46,0.93,Low
TAXP03236,37,962900,Professional,1,0,0,0,0.202,0.025,0.98,Low
TAXP03237,29,1432300,Salary,1,3,32300,0,-0.132,0.284,0.66,Medium
TAXP03238,53,1108400,Salary+Investments,1,0,0,0,-0.033,0.469,0.98,Low
TAXP03239,24,1250800,Salary,1,0,0,0,0.001,0.168,0.98,Low
TAXP03240,47,283700,Salary,1,0,0,1,0.129,0.2,0.974,Low
TAXP03241,35,1449300,Salary+Investments,1,1,0,0,0.073,0.237,0.949,Low
TAXP03242,40,351800,Business,1,1,0,0,0.072,0.121,0.98,Low
TAXP03243,58,783600,Salary,1,0,0,1,0.551,0.111,0.911,Low
TAXP03244,65,782800,Business,0,0,18000,0,0.018,0.29,0.78,Low
TAXP03245,39,921700,Multiple,0,1,83200,3,0.323,0.262,0.162,High
TAXP03246,34,828500,Salary,1,2,0,0,0.076,0.285,0.864,Low
TAXP03247,58,354000,Salary+Business,1,1,11400,0,-0.249,0.424,0.884,Low
TAXP03248,39,245900,Salary,1,0,0,0,0.131,0.133,0.948,Low
TAXP03249,29,1218100,Salary,1,0,0,0,0.279,0.117,0.979,Low
TAXP03250,61,743100,Business,1,2,0,0,0.201,0.223,0.847,Low
TAXP03251,65,1487000,Business,0,2,6700,0,0.141,0.207,0.769,Low
TAXP03252,34,629400,Salary,0,1,490700,0,0.104,0.208,0.02,High
TAXP03253,28,236300,Salary,1,1,0,1,0.021,0.087,0.823,Low
TAXP03254,27,1303200,Professional,1,1,0,1,0.243,0.346,0.835,Low
TAXP03255,47,497900,Business,1,2,18000,0,0.031,0.25,0.809,Low
TAXP03256,34,831500,Salary+Business,1,0,0,1,-0.002,0.213,0.889,Low
TAXP03257,49,407800,Salary+Investments,0,3,0,3,0.166,0.509,0.554,Medium
TAXP03258,55,2123600,Salary,1,0,0,0,0.052,0.237,0.957,Low
TAXP03259,21,345800,Business,1,0,0,0,0.305,0.281,0.876,Low
TAXP03260,59,509800,Business,1,1,0,1,0.175,0.36,0.878,Low
TAXP03261,22,702300,Business,1,1,0,0,-0.024,0.275,0.907,Low
TAXP03262,26,296100,Salary,1,0,76400,1,-0.083,0.286,0.453,Medium
TAXP03263,53,824600,Salary,1,1,0,0,0.008,0.066,0.913,Low
TAXP03264,48,2074700,Salary,0,1,0,1,0.474,0.267,0.704,Low
TAXP03265,65,456600,Salary,1,1,0,0,0.062,0.48,0.971,Low
TAXP03266,46,863900,Multiple,1,2,0,0,0.221,0.334,0.895,Low
TAXP03267,39,150000,Business,1,1,0,0,-0.109,0.086,0.909,Low
TAXP03268,51,632000,Business,1,1,0,0,-0.073,0.399,0.921,Low
TAXP03269,55,518800,Business,1,0,0,1,0.07,0.238,0.94,Low
TAXP03270,51,360600,Professional,1,1,31300,0,0.372,0.297,0.699,Medium
TAXP03271,37,1416000,Business,1,0,0,2,-0.107,0.159,0.855,Low
TAXP03272,64,513900,Business,1,1,0,1,-0.001,0.59,0.874,Low
TAXP03273,34,572000,Salary+Business,1,1,14900,0,0.244,0.138,0.822,Low
TAXP03274,36,495400,Salary,1,0,0,1,0.355,0.325,0.931,Low
TAXP03275,33,163500,Business,1,0,0,0,0.17,0.34,0.98,Low
TAXP03276,34,287700,Business,1,0,46500,1,0.208,0.182,0.669,Medium
TAXP03277,30,1298500,Salary+Business,1,0,0,0,-0.044,0.074,0.98,Low
TAXP03278,47,150000,Multiple,1,0,0,1,-0.112,0.2,0.968,Low
TAXP03279,53,374400,Salary+Business,1,0,0,0,-0.083,0.666,0.965,Low
TAXP03280,40,487400,Business,1,0,4900,0,-0.04,0.348,0.933,Low
TAXP03281,62,2281000,Salary,1,0,0,0,0.136,0.076,0.958,Low
TAXP03282,42,1130400,Business,1,0,5500,0,-0.095,0.376,0.94,Low
TAXP03283,42,435200,Salary+Investments,1,0,0,1,0.14,0.35,0.95,Low
TAXP03284,24,1662700,Multiple,1,0,0,1,0.05,0.114,0.976,Low
TAXP03285,61,381400,Salary+Investments,0,0,47200,0,0.01,0.134,0.678,Medium
TAXP03286,27,1344200,Salary,0,0,8900,1,0.242,0.426,0.703,Low
TAXP03287,28,244300,Salary+Business,1,0,0,0,-0.053,0.301,0.98,Low
TAXP03288,63,1407700,Salary+Investments,1,0,0,1,0.33,0.151,0.909,Low
TAXP03289,44,485200,Professional,1,1,27700,0,0.233,0.055,0.856,Low
TAXP03290,24,310000,Professional,0,0,0,0,-0.058,0.331,0.8,Low
TAXP03291,40,555900,Business,1,1,0,0,0.292,0.355,0.902,Low
TAXP03292,47,793700,Professional,1,0,0,0,-0.077,0.24,0.98,Low
TAXP03293,21,455200,Salary,1,4,39900,0,0.307,0.344,0.577,Medium
TAXP03294,54,968600,Salary,1,1,0,1,0.153,0.411,0.848,Low
TAXP03295,51,427200,Salary+Investments,1,2,0,0,-0.153,0.342,0.896,Low
TAXP03296,21,1016000,Multiple,1,0,0,0,-0.107,0.239,0.959,Low
TAXP03297,48,893700,Salary+Investments,0,1,0,2,0.035,0.323,0.656,Medium
TAXP03298,31,622100,Salary,1,1,0,0,0.239,0.097,0.899,Low
TAXP03299,54,473000,Salary,1,1,0,0,0.073,0.4,0.912,Low
TAXP03300,37,724900,Salary,0,1,0,2,0.069,0.204,0.661,Medium
TAXP03301,30,966000,Salary+Investments,1,0,0,0,0.106,0.336,0.955,Low
TAXP03302,43,2868300,Professional,1,0,0,1,-0.219,0.159,0.927,Low
TAXP03303,40,1278400,Multiple,1,0,47000,0,0.232,0.422,0.707,Low
TAXP03304,36,1312500,Salary,1,0,0,0,0.314,0.526,0.927,Low
TAXP03305,60,6007100,Business,1,1,0,0,0.226,0.093,0.917,Low
TAXP03306,50,942400,Salary+Business,0,2,0,0,0.032,0.149,0.803,Low
TAXP03307,42,921400,Salary,0,3,0,1,-0.042,0.523,0.597,Medium
TAXP03308,31,1079100,Multiple,1,2,24900,1,-0.073,0.24,0.656,Medium
TAXP03309,46,314400,Business,1,0,0,0,-0.081,0.227,0.888,Low
TAXP03310,22,472200,Salary,1,1,6800,0,0.462,0.083,0.944,Low
TAXP03311,60,451500,Salary,1,1,0,0,0.087,0.143,0.934,Low
TAXP03312,21,1036100,Salary+Investments,1,0,41200,0,0.245,0.118,0.791,Low
TAXP03313,52,573400,Professional,1,1,0,0,0.236,0.249,0.893,Low
TAXP03314,36,718000,Salary+Business,1,0,0,2,0.123,0.414,0.81,Low
TAXP03315,53,1422200,Salary+Business,1,2,0,0,-0.049,0.394,0.865,Low
TAXP03316,37,1210100,Business,1,0,0,1,0.183,0.208,0.93,Low
TAXP03317,22,578600,Salary+Business,1,2,0,0,-0.073,0.164,0.904,Low
TAXP03318,63,401200,Multiple,0,0,0,1,0.196,0.488,0.778,Low
TAXP03319,55,1472000,Salary,1,0,4200,0,-0.066,0.344,0.928,Low
TAXP03320,23,1134800,Salary+Business,1,1,13800,0,0.03,0.375,0.831,Low
TAXP03321,22,204500,Salary,0,0,0,1,0.03,0.252,0.752,Low
TAXP03322,44,518800,Salary,1,1,0,0,0.324,0.416,0.899,Low
TAXP03323,64,732300,Salary,1,0,0,0,-0.289,0.318,0.92,Low
TAXP03324,47,1138800,Salary+Investments,1,1,22000,0,0.473,0.074,0.836,Low
TAXP03325,21,1251700,Salary,1,2,0,0,-0.029,0.242,0.926,Low
TAXP03326,52,797400,Business,0,2,0,2,0.08,0.397,0.608,Medium
TAXP03327,40,990600,Professional,1,2,0,1,0.166,0.06,0.827,Low
TAXP03328,49,680700,Salary,1,1,0,0,0.152,0.476,0.915,Low
TAXP03329,36,400100,Salary+Business,1,3,0,0,0.235,0.245,0.854,Low
TAXP03330,21,538500,Multiple,1,0,0,0,0.198,0.229,0.98,Low
TAXP03331,21,658900,Salary,1,2,89000,0,0.426,0.376,0.377,High
TAXP03332,49,634000,Salary,1,0,2800,0,0.217,0.433,0.924,Low
TAXP03333,49,167200,Multiple,1,1,0,0,0.081,0.086,0.98,Low
TAXP03334,35,488200,Salary,1,0,0,1,0.012,0.33,0.961,Low
TAXP03335,24,676800,Salary,1,0,12700,2,0.007,0.41,0.788,Low
TAXP03336,55,530800,Multiple,1,0,0,2,0.307,0.122,0.849,Low
TAXP03337,27,544200,Salary+Investments,1,1,0,1,0.381,0.224,0.886,Low
TAXP03338,29,923600,Professional,1,1,0,1,0.261,0.287,0.909,Low
TAXP03339,41,298900,Business,1,0,0,0,-0.406,0.401,0.934,Low
TAXP03340,53,201300,Salary+Investments,1,1,0,1,-0.26,0.079,0.957,Low
TAXP03341,65,505900,Professional,0,0,0,0,0.099,0.066,0.881,Low
TAXP03342,49,1126800,Professional,1,1,0,0,0.073,0.515,0.877,Low
TAXP03343,64,2190800,Salary+Investments,1,1,0,0,0.103,0.182,0.938,Low
TAXP03344,50,1141500,Professional,1,0,0,0,0.3,0.323,0.98,Low
TAXP03345,59,225800,Business,1,0,0,1,0.292,0.224,0.857,Low
TAXP03346,28,549900,Salary,1,1,13200,1,0.128,0.277,0.8,Low
TAXP03347,23,781900,Business,1,2,109400,0,-0.144,0.16,0.31,High
TAXP03348,51,738700,Business,1,1,12600,0,-0.097,0.21,0.831,Low
TAXP03349,64,958400,Salary,1,1,28600,0,0.111,0.06,0.799,Low
TAXP03350,54,335900,Business,1,1,0,1,0.167,0.342,0.869,Low
TAXP03351,36,681100,Salary+Business,1,0,0,0,-0.095,0.128,0.939,Low
TAXP03352,43,879700,Salary,1,0,0,0,0.206,0.39,0.977,Low
TAXP03353,26,1177900,Salary,0,0,0,1,-0.18,0.263,0.761,Low
TAXP03354,36,363900,Salary,1,4,7200,0,-0.326,0.272,0.769,Low
TAXP03355,51,507000,Salary,1,2,0,0,-0.04,0.256,0.904,Low
TAXP03356,28,150000,Salary+Business,1,1,5700,0,0.32,0.197,0.875,Low
TAXP03357,42,415500,Business,1,1,0,0,0.344,0.347,0.848,Low
TAXP03358,34,445600,Salary,1,3,0,0,-0.155,0.397,0.806,Low
TAXP03359,43,312000,Salary+Business,1,0,46100,0,-0.143,0.24,0.779,Low
TAXP03360,55,732300,Salary,1,1,0,0,0.222,0.268,0.888,Low
TAXP03361,60,624300,Salary,0,0,63900,0,0.029,0.159,0.56,Medium
TAXP03362,39,150000,Salary+Investments,0,1,10600,0,0.319,0.222,0.715,Low
TAXP03363,58,759100,Business,0,0,20500,0,0.219,0.195,0.731,Low
TAXP03364,52,333100,Salary+Business,1,1,27200,0,0.247,0.332,0.818,Low
TAXP03365,62,922100,Salary+Investments,1,1,0,1,-0.032,0.441,0.845,Low
TAXP03366,54,258300,Multiple,1,0,0,0,0.171,0.256,0.98,Low
TAXP03367,45,664200,Salary,1,0,25500,0,0.423,0.156,0.78,Low
TAXP03368,51,530100,Salary+Business,1,0,0,0,0.123,0.348,0.98,Low
TAXP03369,35,808500,Salary+Business,1,0,0,1,0.093,0.216,0.928,Low
TAXP03370,51,711100,Salary,1,2,0,1,0.03,0.545,0.833,Low
TAXP03371,52,540900,Multiple,1,0,0,0,-0.156,0.204,0.921,Low
TAXP03372,48,215000,Salary,0,1,0,1,-0.076,0.338,0.799,Low
TAXP03373,25,224400,Salary+Investments,1,0,10000,0,-0.043,0.292,0.835,Low
TAXP03374,44,426900,Professional,1,0,0,0,-0.163,0.393,0.964,Low
TAXP03375,52,646100,Business,1,0,0,0,-0.147,0.624,0.949,Low
TAXP03376,29,419500,Salary,1,1,0,1,-0.292,0.152,0.844,Low
TAXP03377,56,1019600,Salary+Investments,1,1,0,2,-0.025,0.668,0.786,Low
TAXP03378,58,531600,Business,1,0,0,1,0.208,0.175,0.95,Low
TAXP03379,45,324500,Salary,1,1,0,1,0.049,0.214,0.906,Low
TAXP03380,64,532100,Salary,1,3,0,0,0.05,0.156,0.859,Low
TAXP03381,59,764800,Salary+Business,1,0,0,0,0.223,0.059,0.98,Low
TAXP03382,41,821300,Salary,1,0,0,0,0.37,0.242,0.925,Low
TAXP03383,60,2513400,Business,1,1,0,1,0.464,0.27,0.846,Low
TAXP03384,62,401600,Professional,0,0,65600,0,0.123,0.281,0.49,Medium
TAXP03385,25,616500,Salary,1,0,8800,1,0.055,0.149,0.901,Low
TAXP03386,65,883400,Business,1,0,4200,0,0.034,0.257,0.928,Low
TAXP03387,21,639100,Salary,0,0,14700,1,0.195,0.194,0.747,Low
TAXP03388,42,453300,Multiple,1,0,0,0,0.075,0.232,0.98,Low
TAXP03389,63,213000,Salary+Investments,1,2,15400,0,0.076,0.124,0.828,Low
TAXP03390,53,450000,Salary,1,0,0,0,0.086,0.165,0.928,Low
TAXP03391,33,300000,Business,1,0,25100,0,-0.051,0.247,0.863,Low
TAXP03392,49,187500,Business,0,0,0,0,-0.273,0.275,0.855,Low
TAXP03393,30,366500,Multiple,1,1,0,0,-0.007,0.416,0.904,Low
TAXP03394,31,305800,Salary,1,2,0,0,0.333,0.52,0.839,Low
TAXP03395,62,989600,Business,0,3,0,1,0.326,0.544,0.654,Medium
TAXP03396,23,1002000,Multiple,1,1,0,0,0.25,0.245,0.955,Low
TAXP03397,64,339100,Salary,1,0,0,0,0.021,0.179,0.955,Low
TAXP03398,41,538900,Business,1,1,7300,1,-0.026,0.146,0.891,Low
TAXP03399,23,170600,Salary,1,0,0,1,0.36,0.152,0.882,Low
TAXP03400,56,455300,Professional,1,0,0,0,-0.073,0.18,0.98,Low
TAXP03401,23,866300,Salary,1,0,0,0,0.106,0.338,0.98,Low
TAXP03402,35,1177200,Multiple,1,0,0,0,0.37,0.072,0.948,Low
TAXP03403,31,389000,Salary,1,0,0,0,0.12,0.589,0.906,Low
TAXP03404,56,1386200,Salary,1,1,0,0,0.053,0.5,0.88,Low
TAXP03405,38,218300,Salary+Investments,1,0,0,0,0.286,0.302,0.969,Low
TAXP03406,50,264700,Salary+Investments,0,2,0,1,0.112,0.083,0.734,Low
TAXP03407,24,1083500,Professional,0,2,0,2,0.131,0.214,0.673,Medium
TAXP03408,52,2165000,Salary+Business,1,2,0,0,0.342,0.551,0.856,Low
TAXP03409,52,927300,Salary,1,0,6300,0,-0.307,0.415,0.898,Low
TAXP03410,33,631400,Professional,0,2,44800,0,0.157,0.566,0.497,Medium
TAXP03411,60,150000,Salary,1,2,0,0,-0.023,0.137,0.908,Low
TAXP03412,42,151500,Salary,1,0,0,0,0.067,0.189,0.98,Low
TAXP03413,51,713500,Multiple,1,1,30900,0,0.118,0.074,0.774,Low
TAXP03414,29,502300,Salary+Business,1,0,0,0,-0.008,0.178,0.937,Low
TAXP03415,62,293200,Salary,1,1,0,1,0.137,0.409,0.85,Low
TAXP03416,32,681400,Salary,1,3,0,0,0.162,0.511,0.847,Low
TAXP03417,49,706200,Multiple,1,0,0,0,0.133,0.156,0.977,Low
TAXP03418,25,1283000,Salary,0,1,34100,2,0.118,0.184,0.515,Medium
TAXP03419,23,717200,Salary,1,1,42600,1,0.081,0.158,0.638,Medium
TAXP03420,26,1574100,Salary,1,1,0,0,0.084,0.282,0.902,Low
TAXP03421,63,653800,Salary,1,0,0,0,0.113,0.218,0.967,Low
TAXP03422,30,598200,Salary,1,0,13400,1,-0.051,0.047,0.778,Low
TAXP03423,60,1398700,Multiple,1,0,0,0,0.303,0.404,0.98,Low
TAXP03424,47,321300,Salary,1,0,0,0,0.085,0.149,0.928,Low
TAXP03425,24,4931400,Business,1,0,0,2,0.035,0.45,0.833,Low
TAXP03426,40,851600,Salary+Business,0,3,11900,0,0.163,0.398,0.549,Medium
TAXP03427,42,855100,Business,1,0,0,0,0.082,0.107,0.98,Low
TAXP03428,33,948700,Salary+Business,0,1,0,1,0.299,0.478,0.664,Medium
TAXP03429,48,2511200,Professional,0,2,19100,0,0.243,0.433,0.573,Medium
TAXP03430,59,1150100,Professional,1,2,0,0,0.115,0.55,0.85,Low
TAXP03431,60,204700,Professional,1,2,0,0,0.25,0.179,0.903,Low
TAXP03432,44,1785500,Salary+Business,0,3,10300,0,0.138,0.056,0.599,Medium
TAXP03433,61,508500,Salary+Business,1,0,1300,0,-0.085,0.41,0.976,Low
TAXP03434,62,702100,Salary+Business,1,1,0,1,0.242,0.393,0.813,Low
TAXP03435,24,258800,Salary,1,0,0,0,-0.204,0.409,0.895,Low
TAXP03436,49,949400,Professional,1,0,22000,0,-0.463,0.536,0.811,Low
TAXP03437,55,406700,Salary+Business,1,0,0,0,0.212,0.099,0.98,Low
TAXP03438,21,698600,Salary,1,1,0,0,0.171,0.136,0.868,Low
TAXP03439,48,529800,Salary+Investments,1,0,0,0,0.16,0.068,0.98,Low
TAXP03440,62,2599300,Salary,1,1,0,0,0.322,0.079,0.946,Low
TAXP03441,33,2708600,Salary,1,0,0,0,0.096,0.128,0.98,Low
TAXP03442,59,672100,Salary+Investments,1,1,0,1,0.039,0.23,0.839,Low
TAXP03443,63,680600,Salary,1,0,0,0,0.227,0.167,0.98,Low
TAXP03444,49,496800,Salary,1,1,0,0,-0.014,0.234,0.902,Low
TAXP03445,49,1441300,Salary,1,1,0,1,0.062,0.126,0.892,Low
TAXP03446,45,512900,Salary+Investments,1,1,0,0,0.14,0.428,0.855,Low
TAXP03447,39,479900,Business,1,0,0,0,0.153,0.454,0.897,Low
TAXP03448,41,1315000,Professional,1,2,0,0,0.047,0.182,0.92,Low
TAXP03449,44,441200,Salary+Business,1,2,10200,0,0.022,0.16,0.853,Low
TAXP03450,42,632600,Professional,1,1,23200,0,-0.079,0.361,0.772,Low
TAXP03451,58,208200,Multiple,1,3,0,0,-0.026,0.096,0.8,Low
TAXP03452,55,1079200,Salary+Business,1,1,0,0,0.391,0.246,0.901,Low
TAXP03453,36,2629100,Salary,1,0,33200,0,0.058,0.107,0.807,Low
TAXP03454,44,1092500,Multiple,0,1,0,0,0.13,0.123,0.801,Low
TAXP03455,30,1862100,Business,1,1,19400,1,-0.139,0.168,0.809,Low
TAXP03456,28,353500,Salary,1,0,0,1,0.51,0.16,0.919,Low
TAXP03457,37,770600,Salary,1,0,0,0,-0.038,0.452,0.959,Low
TAXP03458,23,329600,Professional,1,1,0,0,-0.088,0.173,0.896,Low
TAXP03459,59,551700,Salary,0,0,0,1,0.09,0.287,0.733,Low
TAXP03460,26,1133400,Business,1,3,21000,0,-0.043,0.306,0.75,Low
TAXP03461,35,699400,Salary,1,0,13200,0,0.158,0.315,0.866,Low
TAXP03462,32,235100,Business,1,1,0,0,-0.142,0.106,0.927,Low
TAXP03463,30,252200,Salary,1,0,0,0,0.282,0.198,0.98,Low
TAXP03464,37,240500,Salary+Investments,0,1,47700,0,0.25,0.261,0.58,Medium
TAXP03465,53,925900,Salary,1,1,5300,0,0.081,0.306,0.882,Low
TAXP03466,61,2872600,Salary,1,0,0,0,-0.165,0.161,0.98,Low
TAXP03467,29,1733600,Business,1,0,0,0,-0.03,0.458,0.939,Low
TAXP03468,31,166000,Business,1,2,0,1,0.11,0.396,0.845,Low
TAXP03469,42,1808300,Professional,1,0,0,0,-0.094,0.087,0.98,Low
TAXP03470,35,1275600,Business,1,2,23100,0,-0.068,0.233,0.722,Low
TAXP03471,56,213700,Salary,1,2,15800,0,0.268,0.387,0.763,Low
TAXP03472,31,522500,Salary+Investments,0,0,7300,2,0.125,0.298,0.699,Medium
TAXP03473,39,1430500,Business,1,1,0,0,0.12,0.206,0.943,Low
TAXP03474,45,966100,Salary,1,1,32000,0,0.184,0.23,0.728,Low
TAXP03475,38,253300,Salary+Business,1,0,26600,0,0.074,0.146,0.85,Low
TAXP03476,48,1009000,Professional,1,0,0,0,0.09,0.245,0.943,Low
TAXP03477,56,150000,Professional,0,1,60900,1,0.173,0.341,0.44,High
TAXP03478,44,553700,Business,1,2,0,0,0.229,0.245,0.906,Low
TAXP03479,41,1474800,Salary,1,1,0,1,0.18,0.149,0.903,Low
TAXP03480,63,658700,Business,1,1,0,0,0.334,0.487,0.87,Low
TAXP03481,65,453800,Salary,1,1,0,0,0.104,0.091,0.973,Low
TAXP03482,65,1233100,Salary,1,2,0,0,-0.116,0.474,0.789,Low
TAXP03483,21,1311300,Multiple,1,0,0,0,0.274,0.152,0.98,Low
TAXP03484,58,1669400,Professional,1,1,0,0,0.061,0.263,0.929,Low
TAXP03485,61,1219900,Salary,0,0,0,0,-0.023,0.195,0.817,Low
TAXP03486,57,1416000,Salary,1,0,0,1,0.214,0.111,0.916,Low
TAXP03487,54,1101800,Salary+Business,1,1,0,0,0.159,0.082,0.948,Low
TAXP03488,37,786900,Salary,1,2,1500,0,-0.105,0.131,0.839,Low
TAXP03489,53,693300,Salary,1,1,0,0,0.207,0.103,0.963,Low
TAXP03490,47,547900,Salary,1,0,31100,0,0.4,0.277,0.798,Low
TAXP03491,58,271500,Salary+Business,1,0,7200,0,0.152,0.057,0.98,Low
TAXP03492,36,326700,Professional,1,0,0,0,0.059,0.103,0.955,Low
TAXP03493,54,530600,Salary,1,0,41000,0,-0.167,0.194,0.739,Low
TAXP03494,56,773400,Salary,1,0,0,0,0.428,0.437,0.911,Low
TAXP03495,58,1834200,Professional,1,1,27200,0,0.017,0.551,0.752,Low
TAXP03496,28,630700,Business,1,0,0,1,-0.125,0.299,0.91,Low
TAXP03497,59,1338700,Professional,0,1,4300,1,0.118,0.268,0.723,Low
TAXP03498,30,1413900,Salary,1,1,0,0,0.261,0.106,0.916,Low
TAXP03499,63,550200,Salary+Business,0,1,0,0,0.298,0.363,0.775,Low
TAXP03500,22,997400,Multiple,1,0,118000,0,-0.008,0.256,0.397,High
TAXP03501,31,545500,Professional,0,1,31400,0,0.084,0.024,0.743,Low
TAXP03502,48,1684000,Salary,1,0,11900,0,0.1,0.096,0.85,Low
TAXP03503,45,1027400,Professional,1,0,13400,0,0.256,0.617,0.876,Low
TAXP03504,51,275800,Salary,1,1,136200,0,0.195,0.416,0.203,High
TAXP03505,39,730200,Salary,1,1,0,0,0.143,0.015,0.904,Low
TAXP03506,21,2129400,Salary,0,2,32300,0,0.246,0.395,0.554,Medium
TAXP03507,48,570500,Salary+Investments,1,1,0,0,-0.118,0.273,0.969,Low
TAXP03508,43,897200,Salary,1,1,0,0,0.167,0.32,0.952,Low
TAXP03509,43,963000,Salary+Investments,0,1,0,0,0.135,0.252,0.769,Low
TAXP03510,37,308200,Business,1,2,0,0,0.092,0.214,0.859,Low
TAXP03511,61,938900,Business,1,1,0,0,0.06,0.222,0.946,Low
TAXP03512,56,238300,Salary,1,2,11700,0,0.121,0.146,0.826,Low
TAXP03513,29,414300,Professional,0,1,0,0,0.009,0.43,0.789,Low
TAXP03514,22,1410200,Salary,1,1,19900,1,0.536,0.126,0.747,Low
TAXP03515,29,840400,Business,1,1,0,0,0.317,0.379,0.882,Low
TAXP03516,23,522000,Salary,0,1,8000,0,0.275,0.082,0.781,Low
TAXP03517,52,896400,Salary,1,0,0,1,0.015,0.228,0.902,Low
TAXP03518,48,622500,Business,1,0,0,0,-0.053,0.087,0.967,Low
TAXP03519,41,655900,Salary,1,0,25100,1,0.066,0.329,0.753,Low
TAXP03520,47,1043000,Salary,1,1,0,1,0.118,0.368,0.832,Low
TAXP03521,57,385000,Multiple,0,1,0,0,-0.132,0.049,0.794,Low
TAXP03522,58,669200,Salary,1,1,0,0,0.177,0.527,0.906,Low
TAXP03523,40,519100,Salary,1,0,0,0,0.273,0.361,0.952,Low
TAXP03524,47,207500,Salary,1,0,0,1,-0.258,0.321,0.932,Low
TAXP03525,46,335000,Salary,1,0,0,0,-0.044,0.177,0.973,Low
TAXP03526,63,2010400,Professional,0,2,0,0,0.296,0.211,0.776,Low
TAXP03527,55,857500,Salary,0,3,0,2,0.16,0.197,0.594,Medium
TAXP03528,35,250600,Business,1,0,0,0,-0.039,0.25,0.931,Low
TAXP03529,60,214400,Professional,1,0,0,0,0.218,0.406,0.946,Low
TAXP03530,38,599600,Salary,1,2,39400,0,0.005,0.19,0.703,Low
TAXP03531,55,2000200,Multiple,1,0,6500,2,0.062,0.282,0.817,Low
TAXP03532,64,568200,Multiple,1,1,0,0,-0.082,0.411,0.871,Low
TAXP03533,57,1665700,Salary,1,0,21600,3,0.103,0.242,0.734,Low
TAXP03534,25,837500,Salary,1,2,136600,0,0.263,0.417,0.14,High
TAXP03535,30,912600,Salary,1,0,5400,1,0.024,0.021,0.908,Low
TAXP03536,56,248500,Salary,1,1,0,0,0.203,0.262,0.925,Low
TAXP03537,26,1276600,Business,1,0,0,0,0.092,0.083,0.968,Low
TAXP03538,21,510700,Business,1,1,0,0,0.273,0.034,0.98,Low
TAXP03539,32,1210000,Business,1,0,0,3,0.026,0.238,0.813,Low
TAXP03540,42,361700,Salary,0,1,0,1,0.349,0.37,0.663,Medium
TAXP03541,26,738400,Salary,1,0,0,0,0.209,0.183,0.95,Low
TAXP03542,27,837500,Multiple,1,0,0,0,0.139,0.527,0.938,Low
TAXP03543,36,581800,Multiple,1,0,7200,2,0.145,0.121,0.885,Low
TAXP03544,47,869800,Salary,1,0,0,1,0.026,0.32,0.928,Low
TAXP03545,45,536600,Professional,0,1,4700,1,0.015,0.093,0.738,Low
TAXP03546,56,407300,Business,1,1,10700,1,0.142,0.164,0.82,Low
TAXP03547,65,2065100,Professional,1,1,0,0,-0.092,0.178,0.973,Low
TAXP03548,22,1383300,Business,1,2,0,0,0.004,0.27,0.871,Low
TAXP03549,51,375800,Salary+Investments,0,2,101200,0,-0.05,0.097,0.282,High
TAXP03550,28,978700,Salary,1,1,0,1,0.191,0.161,0.896,Low
TAXP03551,37,380800,Salary,1,0,0,0,0.194,0.42,0.915,Low
TAXP03552,36,277000,Multiple,1,0,0,1,0.303,0.358,0.904,Low
TAXP03553,52,1368300,Salary,1,1,0,0,0.046,0.138,0.959,Low
TAXP03554,32,190600,Salary,0,0,0,1,-0.029,0.373,0.825,Low
TAXP03555,61,1266900,Salary+Business,1,1,28000,0,-0.135,0.273,0.798,Low
TAXP03556,38,541900,Salary+Business,1,1,0,1,0.143,0.397,0.874,Low
TAXP03557,57,558200,Professional,1,1,31200,0,0.323,0.212,0.722,Low
TAXP03558,63,873100,Salary+Business,1,1,0,0,0.088,0.389,0.91,Low
TAXP03559,43,987800,Professional,0,0,5300,1,0.104,0.143,0.74,Low
TAXP03560,25,358500,Salary,1,0,17100,1,0.099,0.348,0.862,Low
TAXP03561,52,1089800,Professional,1,2,0,0,0.141,0.148,0.838,Low
TAXP03562,40,705300,Salary+Business,1,1,23700,0,0.26,0.108,0.81,Low
TAXP03563,36,263100,Salary+Investments,1,1,15800,0,0.407,0.103,0.845,Low
TAXP03564,41,575200,Salary,1,1,0,1,0.18,0.244,0.876,Low
TAXP03565,34,1757200,Salary,1,0,2200,0,0.19,0.028,0.895,Low
TAXP03566,33,2173600,Salary+Business,1,0,0,1,0.062,0.131,0.95,Low
TAXP03567,65,1089500,Salary,1,0,0,1,0.083,0.264,0.846,Low
TAXP03568,33,275900,Salary,1,1,0,0,0.081,0.402,0.878,Low
TAXP03569,41,925400,Salary+Investments,1,0,0,0,0.041,0.741,0.962,Low
TAXP03570,53,1199400,Business,1,0,0,0,0.12,0.176,0.98,Low
TAXP03571,30,1096100,Salary,1,1,0,1,0.2,0.367,0.848,Low
TAXP03572,48,1143800,Salary,1,1,49900,1,0.11,0.391,0.596,Medium
TAXP03573,61,844300,Salary,1,0,0,0,0.055,0.175,0.98,Low
TAXP03574,57,617000,Salary+Business,1,0,34000,0,0.12,0.161,0.82,Low
TAXP03575,22,419500,Business,1,1,0,2,-0.054,0.056,0.79,Low
TAXP03576,39,165700,Salary,1,0,0,0,0.229,0.191,0.962,Low
TAXP03577,21,830100,Salary,1,0,40100,1,0.034,0.162,0.708,Low
TAXP03578,48,743200,Salary,1,1,0,0,-0.085,0.276,0.917,Low
TAXP03579,35,971100,Salary,0,1,0,1,0.174,0.464,0.725,Low
TAXP03580,61,248100,Salary,1,0,41000,1,0.182,0.066,0.645,Medium
TAXP03581,28,1034200,Business,1,0,0,0,-0.038,0.229,0.955,Low
TAXP03582,59,2853300,Salary,1,1,0,0,0.2,0.255,0.824,Low
TAXP03583,36,687800,Salary,1,0,0,0,0.201,0.356,0.925,Low
TAXP03584,62,621800,Business,1,1,0,1,0.416,0.263,0.875,Low
TAXP03585,29,812000,Business,1,0,0,1,0.062,0.478,0.855,Low
TAXP03586,33,2808100,Salary,1,0,0,1,0.091,0.502,0.897,Low
TAXP03587,36,311000,Salary,1,1,0,0,0.003,0.262,0.874,Low
TAXP03588,65,752400,Salary,1,2,0,0,0.179,0.363,0.883,Low
TAXP03589,54,365500,Salary,1,0,0,0,0.099,0.145,0.98,Low
TAXP03590,57,438400,Salary+Business,1,3,0,0,0.258,0.124,0.828,Low
TAXP03591,45,627200,Salary,0,3,111400,2,0.031,0.054,0.02,High
TAXP03592,56,1714800,Salary+Business,1,3,42500,0,0.175,0.25,0.627,Medium
TAXP03593,49,2377200,Salary+Business,1,1,0,0,0.062,0.243,0.905,Low
TAXP03594,51,897500,Salary,1,0,3400,1,-0.195,0.427,0.902,Low
TAXP03595,58,495600,Salary,1,0,1800,0,0.2,0.321,0.914,Low
TAXP03596,65,3911800,Salary,1,1,0,0,-0.18,0.357,0.92,Low
TAXP03597,46,477800,Salary,0,3,0,1,0.074,0.306,0.646,Medium
TAXP03598,40,430800,Business,1,1,0,0,0.077,0.06,0.954,Low
TAXP03599,50,181100,Salary,0,1,0,0,0.099,0.13,0.841,Low
TAXP03600,54,1776100,Salary+Business,1,1,0,1,0.108,0.149,0.949,Low
TAXP03601,65,1305200,Business,1,0,0,2,0.106,0.449,0.894,Low
TAXP03602,52,3706300,Salary+Business,0,1,21000,0,0.158,0.376,0.688,Medium
TAXP03603,63,239000,Salary+Business,1,1,0,1,0.083,0.184,0.864,Low
TAXP03604,53,1857300,Business,1,1,0,0,0.519,0.336,0.824,Low
TAXP03605,63,683700,Multiple,1,2,41300,0,0.045,0.436,0.665,Medium
TAXP03606,54,1161400,Multiple,1,0,0,1,-0.096,0.149,0.952,Low
TAXP03607,60,198500,Salary,1,1,0,0,-0.126,0.41,0.951,Low
TAXP03608,29,1870600,Salary,0,1,0,0,0.205,0.435,0.748,Low
TAXP03609,65,1145100,Salary,1,1,0,0,-0.155,0.385,0.886,Low
TAXP03610,36,632000,Salary,1,1,0,0,-0.094,0.38,0.894,Low
TAXP03611,56,1034300,Business,1,0,0,0,-0.117,0.112,0.97,Low
TAXP03612,38,374600,Salary,0,1,14200,2,0.173,0.255,0.637,Medium
TAXP03613,41,428300,Business,0,3,0,0,0.313,0.491,0.625,Medium
TAXP03614,54,465600,Salary+Business,1,2,4300,1,-0.051,0.153,0.843,Low
TAXP03615,45,171200,Salary,1,0,9100,0,0.168,0.164,0.943,Low
TAXP03616,53,1208900,Business,1,2,0,0,-0.322,0.501,0.873,Low
TAXP03617,24,1532900,Salary,1,0,0,0,-0.019,0.342,0.969,Low
TAXP03618,58,392300,Salary+Business,1,2,0,0,0.196,0.467,0.875,Low
TAXP03619,39,835200,Professional,1,1,0,0,0.05,0.385,0.934,Low
TAXP03620,56,536900,Salary,0,0,0,0,0.259,0.424,0.864,Low
TAXP03621,33,823300,Professional,1,1,0,0,-0.257,0.374,0.934,Low
TAXP03622,47,413700,Salary,1,1,0,0,-0.018,0.23,0.98,Low
TAXP03623,47,344100,Salary+Business,1,1,0,0,0.172,0.469,0.884,Low
TAXP03624,27,1386400,Business,0,2,0,0,0.17,0.539,0.753,Low
TAXP03625,42,620800,Salary,0,2,0,0,0.183,0.486,0.671,Medium
TAXP03626,49,2787500,Professional,1,4,15100,0,0.133,0.191,0.675,Medium
TAXP03627,58,672000,Salary+Investments,0,0,0,0,-0.083,0.239,0.849,Low
TAXP03628,60,333700,Salary+Business,1,0,7200,0,-0.025,0.29,0.912,Low
TAXP03629,38,1572400,Business,1,0,0,0,0.471,0.03,0.939,Low
TAXP03630,49,1023700,Salary+Business,1,1,0,0,-0.102,0.294,0.935,Low
TAXP03631,28,1097000,Salary,0,1,2800,0,-0.126,0.33,0.785,Low
TAXP03632,61,1531800,Salary+Business,1,0,46300,0,0.209,0.265,0.684,Medium
TAXP03633,60,406200,Salary+Investments,1,1,18300,0,-0.069,0.246,0.79,Low
TAXP03634,65,593100,Salary,1,2,6200,0,0.387,0.227,0.856,Low
TAXP03635,42,574500,Salary,1,2,0,0,0.538,0.227,0.771,Low
TAXP03636,37,256600,Salary,1,1,18800,0,0.061,0.321,0.868,Low
TAXP03637,55,537600,Salary,1,0,4700,0,0.15,0.069,0.98,Low
TAXP03638,53,1701300,Salary,0,1,86700,1,-0.192,0.044,0.26,High
TAXP03639,30,771100,Salary,1,3,69800,0,0.265,0.18,0.44,High
TAXP03640,45,246600,Business,1,0,7300,0,-0.258,0.596,0.881,Low
TAXP03641,49,212000,Salary,0,0,0,0,-0.114,0.238,0.821,Low
TAXP03642,41,2155100,Salary,1,1,0,1,0.119,0.495,0.87,Low
TAXP03643,37,609100,Professional,1,0,0,0,0.188,0.265,0.98,Low
TAXP03644,31,407800,Salary,1,0,0,0,-0.137,0.364,0.971,Low
TAXP03645,39,533600,Business,1,0,0,2,0.013,0.24,0.9,Low
TAXP03646,32,224400,Salary+Business,1,1,34700,0,-0.166,0.305,0.768,Low
TAXP03647,34,1810900,Multiple,1,0,0,0,0.049,0.319,0.98,Low
TAXP03648,29,489800,Business,1,0,0,1,-0.028,0.1,0.959,Low
TAXP03649,37,1739800,Salary,1,0,0,0,-0.002,0.232,0.98,Low
TAXP03650,49,674600,Salary,1,2,0,1,0.204,0.158,0.815,Low
TAXP03651,37,1819400,Multiple,1,1,0,1,0.145,0.228,0.852,Low
TAXP03652,27,782000,Professional,1,1,0,1,0.19,0.078,0.874,Low
TAXP03653,57,1201500,Salary+Business,1,0,0,0,0.079,0.236,0.98,Low
TAXP03654,40,1090900,Professional,1,2,0,0,0.215,0.129,0.917,Low
TAXP03655,47,1018100,Salary,1,1,0,1,0.094,0.115,0.921,Low
TAXP03656,44,835000,Business,1,0,0,2,0.021,0.13,0.844,Low
TAXP03657,43,549700,Salary+Business,1,0,0,1,0.191,0.269,0.941,Low
TAXP03658,40,2581400,Salary+Investments,0,1,0,2,0.032,0.267,0.771,Low
TAXP03659,55,338300,Salary,1,0,21300,0,0.047,0.2,0.843,Low
TAXP03660,59,652000,Business,1,0,6000,0,0.271,0.141,0.935,Low
TAXP03661,61,657000,Salary,1,0,0,1,0.256,0.344,0.812,Low
TAXP03662,40,868500,Multiple,0,0,0,0,0.052,0.169,0.908,Low
TAXP03663,36,477100,Salary,1,1,0,0,0.24,0.01,0.946,Low
TAXP03664,24,815300,Salary+Business,1,1,0,0,-0.105,0.305,0.953,Low
TAXP03665,40,575600,Salary,1,1,0,1,0.053,0.114,0.925,Low
TAXP03666,65,208100,Professional,0,0,0,0,-0.02,0.143,0.893,Low
TAXP03667,32,654500,Professional,0,2,0,1,0.1,0.153,0.754,Low
TAXP03668,59,294300,Salary,0,0,0,0,0.218,0.578,0.803,Low
TAXP03669,55,186500,Salary+Business,1,0,0,0,0.189,0.404,0.946,Low
TAXP03670,50,717300,Salary+Investments,1,0,0,2,0.167,0.028,0.888,Low
TAXP03671,46,923600,Salary+Investments,1,2,1200,0,0.122,0.481,0.801,Low
TAXP03672,55,949700,Salary,1,0,0,0,0.075,0.32,0.944,Low
TAXP03673,25,977800,Salary+Business,1,0,0,0,0.292,0.333,0.92,Low
TAXP03674,26,161700,Business,1,0,0,0,-0.147,0.204,0.965,Low
TAXP03675,29,244000,Business,1,1,0,0,-0.007,0.524,0.89,Low
TAXP03676,55,2691600,Business,1,6,0,0,0.166,0.396,0.638,Medium
TAXP03677,40,305800,Professional,1,0,0,1,0.344,0.657,0.904,Low
TAXP03678,30,1009100,Salary,1,0,0,0,0.045,0.077,0.98,Low
TAXP03679,23,396400,Salary,1,1,0,1,0.058,0.315,0.866,Low
TAXP03680,43,688400,Salary,1,0,0,1,-0.106,0.307,0.911,Low
TAXP03681,38,412000,Salary,1,2,18700,1,0.013,0.754,0.734,Low
TAXP03682,29,973900,Salary,1,0,0,1,0.213,0.224,0.888,Low
TAXP03683,22,717300,Salary,1,0,0,0,0.353,0.42,0.886,Low
TAXP03684,54,470700,Salary+Business,0,1,88700,0,0.053,0.382,0.286,High
TAXP03685,56,305200,Business,1,1,0,1,-0.028,0.261,0.9,Low
TAXP03686,32,788200,Salary,1,0,8300,0,0.111,0.101,0.911,Low
TAXP03687,43,271500,Salary+Business,1,0,0,0,-0.158,0.353,0.969,Low
TAXP03688,32,884300,Salary+Investments,1,1,18500,0,0.298,0.167,0.821,Low
TAXP03689,39,4307200,Salary+Investments,0,1,0,0,-0.097,0.45,0.744,Low
TAXP03690,25,1718300,Salary+Investments,1,1,0,0,0.15,0.341,0.863,Low
TAXP03691,63,1090300,Multiple,1,0,38200,0,0.148,0.346,0.775,Low
TAXP03692,53,611100,Business,1,3,0,0,0.2,0.234,0.843,Low
TAXP03693,61,160900,Multiple,0,0,0,0,0.141,0.091,0.81,Low
TAXP03694,34,250900,Multiple,1,1,35600,1,0.1,0.047,0.712,Low
TAXP03695,60,1636900,Salary,1,4,23100,0,0.169,0.069,0.782,Low
TAXP03696,44,368100,Salary+Investments,1,1,0,0,0.234,0.623,0.862,Low
TAXP03697,29,392900,Salary+Business,1,2,0,1,0.387,0.499,0.812,Low
TAXP03698,35,576900,Salary+Business,1,1,0,0,-0.076,0.276,0.931,Low
TAXP03699,57,302600,Salary+Investments,0,2,14900,0,-0.194,0.247,0.653,Medium
TAXP03700,55,268700,Salary,1,0,0,0,-0.148,0.321,0.98,Low
TAXP03701,53,626800,Salary,1,1,0,1,-0.19,0.109,0.854,Low
TAXP03702,31,342100,Professional,1,1,0,1,-0.092,0.304,0.92,Low
TAXP03703,50,381200,Salary+Business,0,0,0,0,-0.112,0.328,0.866,Low
TAXP03704,63,370400,Salary+Investments,1,0,0,0,0.033,0.454,0.941,Low
TAXP03705,23,946800,Salary+Investments,1,2,0,0,0.237,0.55,0.88,Low
TAXP03706,35,550000,Salary+Business,1,2,0,1,0.2,0.613,0.826,Low
TAXP03707,24,571600,Multiple,1,0,0,0,0.0,0.314,0.957,Low
TAXP03708,25,999000,Salary,0,1,0,0,0.014,0.267,0.787,Low
TAXP03709,65,586800,Multiple,1,3,0,1,0.422,0.189,0.772,Low
TAXP03710,31,532000,Salary,1,3,0,0,0.195,0.458,0.781,Low
TAXP03711,29,912100,Business,1,1,13200,0,0.128,0.205,0.716,Low
TAXP03712,24,1051600,Salary,0,3,0,0,0.119,0.16,0.769,Low
TAXP03713,65,584700,Business,0,1,0,0,0.054,0.437,0.865,Low
TAXP03714,42,688800,Salary,1,1,0,0,0.421,0.532,0.836,Low
TAXP03715,56,370200,Salary,1,2,7900,0,0.07,0.247,0.878,Low
TAXP03716,32,349800,Professional,1,0,0,0,0.124,0.25,0.955,Low
TAXP03717,49,1130900,Salary+Business,1,0,14200,0,-0.164,0.592,0.836,Low
TAXP03718,60,895500,Salary,1,0,0,0,-0.002,0.211,0.98,Low
TAXP03719,51,902200,Professional,1,0,0,0,0.012,0.232,0.966,Low
TAXP03720,44,795700,Salary,1,1,0,0,0.178,0.356,0.847,Low
TAXP03721,30,672000,Salary,0,0,0,1,-0.024,0.192,0.831,Low
TAXP03722,31,1073200,Salary,1,1,16000,0,0.108,0.249,0.795,Low
TAXP03723,47,1274400,Business,1,0,0,3,0.003,0.182,0.877,Low
TAXP03724,41,1252700,Salary+Business,1,1,1800,0,-0.076,0.253,0.902,Low
TAXP03725,23,604500,Business,1,3,3100,0,-0.083,0.446,0.777,Low
TAXP03726,29,1764500,Salary+Business,1,2,55700,1,0.072,0.19,0.549,Medium
TAXP03727,40,766200,Business,1,0,0,0,0.116,0.144,0.945,Low
TAXP03728,29,1024800,Salary+Business,1,2,18000,0,0.069,0.137,0.794,Low
TAXP03729,45,796400,Multiple,1,0,0,0,-0.033,0.036,0.98,Low
TAXP03730,34,776500,Salary,1,0,0,0,0.078,0.535,0.967,Low
TAXP03731,34,382700,Salary,1,1,0,0,0.048,0.392,0.946,Low
TAXP03732,25,1077000,Salary,0,1,9700,0,-0.067,0.077,0.807,Low
TAXP03733,43,5042100,Business,0,0,4200,2,0.113,0.095,0.763,Low
TAXP03734,29,496300,Business,1,0,0,0,0.39,0.585,0.963,Low
TAXP03735,49,684100,Salary,0,5,129300,1,0.076,0.36,0.02,High
TAXP03736,63,471400,Salary+Investments,1,0,0,0,-0.134,0.253,0.977,Low
TAXP03737,62,457400,Multiple,1,2,0,0,0.335,0.369,0.85,Low
TAXP03738,51,1976300,Salary,0,1,0,0,0.301,0.22,0.833,Low
TAXP03739,57,400400,Salary,1,2,0,0,0.329,0.186,0.797,Low
TAXP03740,62,462000,Salary,1,2,0,0,0.093,0.307,0.879,Low
TAXP03741,51,207300,Salary,1,1,69100,0,-0.025,0.347,0.581,Medium
TAXP03742,32,376700,Salary+Investments,1,0,26100,0,-0.043,0.215,0.859,Low
TAXP03743,43,190000,Business,1,0,0,1,0.283,0.165,0.924,Low
TAXP03744,59,1024400,Salary,1,0,0,0,0.357,0.425,0.947,Low
TAXP03745,51,4879300,Business,1,0,0,1,-0.047,0.365,0.958,Low
TAXP03746,37,499200,Salary,1,1,1100,0,-0.303,0.275,0.872,Low
TAXP03747,28,195800,Salary,1,1,0,0,0.097,0.08,0.979,Low
TAXP03748,27,1242600,Salary,1,0,0,0,-0.045,0.447,0.924,Low
TAXP03749,37,385100,Professional,0,3,0,1,-0.013,0.048,0.731,Low
TAXP03750,57,1656600,Business,0,1,0,1,0.062,0.348,0.739,Low
TAXP03751,45,530500,Salary+Investments,1,2,29700,1,0.166,0.492,0.68,Medium
TAXP03752,23,412400,Salary,1,2,0,0,-0.025,0.099,0.921,Low
TAXP03753,62,571800,Salary+Business,1,0,0,0,0.122,0.365,0.939,Low
TAXP03754,39,1121700,Salary,1,1,0,0,0.08,0.261,0.881,Low
TAXP03755,38,551800,Salary,1,0,0,0,-0.269,0.296,0.891,Low
TAXP03756,57,454600,Salary+Investments,1,0,0,2,0.187,0.193,0.856,Low
TAXP03757,37,563300,Professional,0,1,0,2,0.028,0.193,0.713,Low
TAXP03758,48,260100,Salary,1,2,0,0,-0.102,0.286,0.906,Low
TAXP03759,62,865100,Business,0,0,0,0,-0.016,0.164,0.925,Low
TAXP03760,44,179600,Salary+Business,1,1,0,1,0.132,0.176,0.856,Low
TAXP03761,48,472100,Multiple,1,0,0,0,0.107,0.278,0.975,Low
TAXP03762,36,1123000,Professional,1,0,0,0,0.203,0.09,0.978,Low
TAXP03763,61,808500,Salary,1,2,0,0,0.17,0.371,0.873,Low
TAXP03764,24,994300,Business,1,0,3200,0,-0.087,0.622,0.941,Low
TAXP03765,33,620300,Salary,0,1,0,0,-0.373,0.141,0.773,Low
TAXP03766,65,1509000,Salary,1,0,34800,0,0.119,0.374,0.716,Low
TAXP03767,42,1264900,Business,1,2,0,0,0.201,0.465,0.89,Low
TAXP03768,28,896200,Salary+Business,1,2,0,0,0.068,0.133,0.955,Low
TAXP03769,39,1267500,Salary,1,0,0,0,0.206,0.136,0.98,Low
TAXP03770,32,1115700,Salary+Business,1,1,0,0,-0.06,0.242,0.951,Low
TAXP03771,44,473700,Salary+Business,1,1,0,0,0.045,0.259,0.883,Low
TAXP03772,31,247000,Salary+Business,1,0,3000,0,-0.047,0.182,0.946,Low
TAXP03773,38,879700,Salary,1,2,0,1,0.212,0.264,0.751,Low
TAXP03774,61,963100,Salary,1,1,0,0,-0.046,0.302,0.883,Low
TAXP03775,24,1425300,Salary,1,2,0,0,0.43,0.213,0.856,Low
TAXP03776,55,331200,Salary,1,3,0,0,0.02,0.204,0.833,Low
TAXP03777,24,338400,Salary,1,1,0,0,0.228,0.368,0.889,Low
TAXP03778,41,905100,Salary,1,0,0,1,0.022,0.334,0.947,Low
TAXP03779,51,617500,Salary,1,1,0,0,0.314,0.272,0.892,Low
TAXP03780,63,167200,Salary,1,0,0,0,0.308,0.116,0.922,Low
TAXP03781,32,851500,Salary+Investments,1,0,32000,0,0.048,0.431,0.811,Low
TAXP03782,23,171300,Salary+Business,1,1,0,0,0.144,0.225,0.931,Low
TAXP03783,54,329100,Salary,1,0,0,1,0.304,0.231,0.886,Low
TAXP03784,61,1720200,Multiple,1,0,0,0,0.149,0.241,0.915,Low
TAXP03785,46,2418500,Salary,1,0,0,0,-0.047,0.328,0.98,Low
TAXP03786,23,270900,Salary,1,1,0,0,0.111,0.037,0.934,Low
TAXP03787,43,512800,Salary+Business,1,0,0,0,-0.02,0.199,0.98,Low
TAXP03788,38,670300,Business,1,1,0,0,0.124,0.286,0.927,Low
TAXP03789,41,2343600,Salary,1,1,0,0,-0.026,0.354,0.98,Low
TAXP03790,23,455800,Salary,1,1,0,0,0.16,0.293,0.94,Low
TAXP03791,35,461100,Business,1,1,0,0,-0.186,0.054,0.98,Low
TAXP03792,65,1982400,Professional,1,1,0,1,-0.08,0.198,0.883,Low
TAXP03793,23,496300,Salary,1,2,0,0,-0.027,0.407,0.88,Low
TAXP03794,62,1093300,Business,1,3,0,0,0.074,0.192,0.878,Low
TAXP03795,44,224400,Salary,1,0,27800,0,-0.142,0.074,0.85,Low
TAXP03796,47,574600,Business,0,1,0,0,-0.041,0.07,0.759,Low
TAXP03797,63,196800,Salary,0,2,0,0,0.224,0.221,0.774,Low
TAXP03798,30,304000,Salary+Investments,1,0,17300,0,0.244,0.15,0.895,Low
TAXP03799,65,1189400,Salary+Business,0,2,0,0,-0.305,0.346,0.742,Low
TAXP03800,33,627100,Salary,1,1,0,0,0.006,0.082,0.97,Low
TAXP03801,36,516600,Salary+Business,1,1,15000,0,0.304,0.603,0.853,Low
TAXP03802,41,379100,Salary,1,1,0,0,0.162,0.171,0.863,Low
TAXP03803,48,554500,Salary,1,0,16400,1,0.165,0.589,0.861,Low
TAXP03804,35,807400,Business,1,0,26800,2,0.19,0.344,0.776,Low
TAXP03805,56,1319100,Business,1,0,0,0,-0.053,0.198,0.951,Low
TAXP03806,21,150000,Salary+Business,1,2,0,1,0.134,0.28,0.892,Low
TAXP03807,50,357100,Multiple,1,0,0,0,0.175,0.174,0.945,Low
TAXP03808,50,728900,Salary,0,1,0,0,0.117,0.227,0.773,Low
TAXP03809,45,605300,Salary,1,1,0,0,0.037,0.363,0.943,Low
TAXP03810,48,869100,Professional,1,2,21300,1,0.092,0.246,0.715,Low
TAXP03811,54,788100,Salary,1,5,0,0,-0.082,0.281,0.735,Low
TAXP03812,61,521900,Salary,1,1,22500,0,0.198,0.399,0.814,Low
TAXP03813,30,444800,Multiple,1,2,0,0,-0.13,0.303,0.89,Low
TAXP03814,42,544700,Salary+Business,1,0,0,2,-0.031,0.102,0.893,Low
TAXP03815,46,1486300,Multiple,1,0,26400,0,0.209,0.568,0.811,Low
TAXP03816,36,383700,Salary,1,0,0,0,0.146,0.305,0.941,Low
TAXP03817,64,621300,Salary,1,0,0,0,0.023,0.091,0.98,Low
TAXP03818,44,741700,Business,1,0,0,0,-0.174,0.096,0.964,Low
TAXP03819,47,1999000,Multiple,1,0,0,1,0.093,0.082,0.95,Low
TAXP03820,29,523600,Salary,1,1,0,0,-0.001,0.444,0.886,Low
TAXP03821,39,1296400,Salary,1,0,0,0,0.177,0.026,0.956,Low
TAXP03822,49,1578100,Salary,1,0,11800,0,0.017,0.336,0.974,Low
TAXP03823,40,620800,Salary+Business,1,0,0,1,-0.18,0.394,0.887,Low
TAXP03824,55,558500,Salary+Business,1,0,8600,1,-0.121,0.149,0.908,Low
TAXP03825,27,512900,Professional,1,1,1500,1,0.032,0.519,0.857,Low
TAXP03826,27,540700,Salary,1,0,0,0,0.117,0.215,0.96,Low
TAXP03827,36,1202300,Salary+Business,1,2,17700,0,-0.086,0.233,0.783,Low
TAXP03828,35,767600,Business,1,0,10000,0,-0.021,0.422,0.913,Low
TAXP03829,57,770000,Salary,1,1,0,0,0.227,0.122,0.904,Low
TAXP03830,60,289100,Salary,1,0,0,0,0.278,0.395,0.938,Low
TAXP03831,42,323900,Business,0,3,41200,0,0.144,0.11,0.534,Medium
TAXP03832,43,3042000,Salary,1,3,17000,1,0.054,0.451,0.635,Medium
TAXP03833,34,571900,Multiple,1,0,22700,1,0.001,0.438,0.752,Low
TAXP03834,44,372100,Business,1,0,0,1,0.186,0.105,0.928,Low
TAXP03835,52,1821400,Salary,1,1,5100,1,0.049,0.144,0.879,Low
TAXP03836,53,796200,Professional,1,0,0,0,0.247,0.237,0.98,Low
TAXP03837,64,985600,Professional,1,0,42200,0,0.256,0.457,0.663,Medium
TAXP03838,47,588500,Salary,1,0,0,0,0.166,0.495,0.947,Low
TAXP03839,36,516700,Professional,1,1,22600,0,0.02,0.063,0.824,Low
TAXP03840,24,575300,Salary,1,0,25200,0,0.033,0.308,0.822,Low
TAXP03841,51,240200,Salary,1,2,0,1,-0.163,0.373,0.906,Low
TAXP03842,57,610100,Salary+Business,1,1,146600,0,0.092,0.122,0.211,High
TAXP03843,45,804400,Business,1,0,0,0,0.087,0.347,0.883,Low
TAXP03844,62,2463400,Salary,1,0,0,0,-0.12,0.383,0.98,Low
TAXP03845,35,691500,Salary,1,2,0,0,0.478,0.135,0.917,Low
TAXP03846,23,150000,Business,1,3,0,0,0.189,0.476,0.817,Low
TAXP03847,49,607500,Salary,1,0,0,0,-0.034,0.352,0.98,Low
TAXP03848,26,4672300,Salary+Investments,1,2,0,0,0.429,0.331,0.874,Low
TAXP03849,24,1212900,Business,0,1,0,0,0.021,0.223,0.85,Low
TAXP03850,52,362500,Salary+Investments,1,1,0,0,0.233,0.208,0.925,Low
TAXP03851,40,994800,Salary,0,0,0,0,0.114,0.245,0.836,Low
TAXP03852,48,381000,Salary+Investments,1,0,39600,0,0.026,0.329,0.747,Low
TAXP03853,54,245200,Salary,1,0,0,0,0.046,0.509,0.975,Low
TAXP03854,38,505800,Salary,1,0,0,0,0.33,0.062,0.94,Low
TAXP03855,48,694300,Salary,1,2,0,1,0.24,0.283,0.809,Low
TAXP03856,45,168900,Salary,1,0,90900,0,0.08,0.109,0.478,Medium
TAXP03857,47,284200,Salary+Investments,1,0,0,0,-0.228,0.378,0.938,Low
TAXP03858,52,654900,Salary+Business,0,0,13300,1,0.149,0.235,0.738,Low
TAXP03859,38,484500,Professional,1,0,69600,1,-0.099,0.106,0.582,Medium
TAXP03860,43,863700,Business,0,2,38200,2,0.186,0.437,0.422,High
TAXP03861,47,271100,Business,0,2,0,0,-0.014,0.277,0.714,Low
TAXP03862,27,1087000,Professional,1,0,0,1,0.002,0.68,0.877,Low
TAXP03863,30,277200,Salary+Investments,1,0,0,1,-0.002,0.278,0.915,Low
TAXP03864,25,2121200,Business,1,0,0,0,0.263,0.244,0.94,Low
TAXP03865,29,189000,Salary+Business,1,1,0,0,-0.183,0.148,0.98,Low
TAXP03866,40,296000,Salary,1,1,0,0,0.218,0.082,0.98,Low
TAXP03867,63,877900,Multiple,1,0,0,0,0.155,0.031,0.98,Low
TAXP03868,62,2154300,Salary,1,1,0,0,0.088,0.061,0.975,Low
TAXP03869,55,815500,Salary,0,1,0,0,0.028,0.353,0.806,Low
TAXP03870,46,974800,Salary+Investments,1,0,0,2,0.178,0.439,0.846,Low
TAXP03871,30,658300,Salary,1,0,0,1,0.03,0.097,0.854,Low
TAXP03872,37,310400,Salary,1,1,0,0,0.028,0.1,0.948,Low
TAXP03873,55,456700,Salary,0,1,0,2,0.11,0.31,0.77,Low
TAXP03874,61,271600,Business,1,1,0,0,0.375,0.28,0.896,Low
TAXP03875,64,258900,Multiple,0,1,37400,0,-0.142,0.299,0.566,Medium
TAXP03876,38,868000,Salary+Investments,1,0,15300,1,0.18,0.248,0.817,Low
TAXP03877,42,289500,Business,1,2,0,0,0.077,0.253,0.86,Low
TAXP03878,43,818200,Multiple,1,0,0,1,0.065,0.391,0.933,Low
TAXP03879,23,254600,Professional,1,0,0,0,-0.144,0.417,0.964,Low
TAXP03880,26,804600,Salary+Investments,1,1,68500,0,-0.181,0.643,0.554,Medium
TAXP03881,23,457200,Salary,1,0,0,0,0.154,0.171,0.98,Low
TAXP03882,54,1789600,Business,1,0,0,0,-0.103,0.07,0.98,Low
TAXP03883,31,820600,Salary,0,2,0,0,0.263,0.035,0.735,Low
TAXP03884,52,1582500,Salary,1,1,64200,0,-0.063,0.175,0.5,Medium
TAXP03885,37,377200,Salary+Business,1,0,0,0,0.188,0.084,0.975,Low
TAXP03886,56,676800,Salary,1,1,32700,0,0.008,0.21,0.744,Low
TAXP03887,26,320700,Business,1,0,0,0,0.0,0.141,0.98,Low
TAXP03888,35,482600,Professional,1,1,38500,1,-0.046,0.584,0.659,Medium
TAXP03889,30,538200,Salary,1,1,8100,0,0.17,0.708,0.777,Low
TAXP03890,40,385400,Business,1,0,0,0,0.214,0.219,0.962,Low
TAXP03891,46,270900,Professional,1,0,0,0,0.05,0.277,0.973,Low
TAXP03892,28,234900,Salary+Investments,1,1,0,0,0.195,0.071,0.833,Low
TAXP03893,51,150000,Salary,0,1,20000,0,0.102,0.231,0.659,Medium
TAXP03894,64,303800,Multiple,1,1,0,0,-0.113,0.58,0.862,Low
TAXP03895,22,1021200,Salary+Investments,1,0,0,1,0.161,0.361,0.906,Low
TAXP03896,24,205600,Professional,0,1,18400,1,0.052,0.339,0.642,Medium
TAXP03897,63,242700,Salary,1,0,0,0,-0.318,0.294,0.877,Low
TAXP03898,50,2360000,Salary+Business,1,0,21200,0,0.037,0.262,0.784,Low
TAXP03899,62,411000,Salary+Business,1,3,0,1,-0.171,0.8,0.739,Low
TAXP03900,52,819000,Salary,1,1,0,0,-0.097,0.454,0.959,Low
TAXP03901,53,1032200,Multiple,1,0,11000,0,0.06,0.569,0.881,Low
TAXP03902,28,1047300,Salary+Investments,1,0,0,0,0.088,0.269,0.941,Low
TAXP03903,44,217200,Business,1,0,0,1,-0.034,0.35,0.85,Low
TAXP03904,37,550400,Salary+Business,1,1,0,0,0.184,0.147,0.931,Low
TAXP03905,58,202700,Business,1,0,0,0,0.082,0.354,0.972,Low
TAXP03906,22,3783200,Salary+Business,1,0,0,1,0.032,0.192,0.89,Low
TAXP03907,21,206200,Salary+Investments,0,2,0,1,0.107,0.486,0.714,Low
TAXP03908,46,305700,Salary,0,0,0,2,0.293,0.43,0.728,Low
TAXP03909,64,307300,Salary,0,2,0,1,-0.244,0.216,0.7,Low
TAXP03910,65,221300,Salary,1,2,0,0,0.308,0.175,0.873,Low
TAXP03911,47,1721300,Salary+Investments,1,0,13300,0,0.001,0.263,0.86,Low
TAXP03912,40,3718700,Salary,1,0,6400,0,-0.025,0.372,0.91,Low
TAXP03913,33,461500,Salary+Investments,1,1,0,0,0.036,0.036,0.966,Low
TAXP03914,65,251200,Business,1,0,29800,0,-0.042,0.105,0.841,Low
TAXP03915,29,150000,Salary,1,0,0,1,-0.066,0.298,0.818,Low
TAXP03916,26,545200,Salary+Investments,1,1,0,0,0.235,0.205,0.969,Low
TAXP03917,43,517600,Business,1,0,0,0,0.126,0.548,0.98,Low
TAXP03918,38,406700,Salary,0,0,96500,0,-0.207,0.381,0.375,High
TAXP03919,43,762300,Salary,1,1,0,1,0.208,0.264,0.854,Low
TAXP03920,61,863900,Salary,0,1,0,0,0.185,0.262,0.756,Low
TAXP03921,33,820200,Salary,1,1,21700,0,-0.138,0.241,0.813,Low
TAXP03922,60,517700,Salary,1,1,26900,1,0.129,0.042,0.772,Low
TAXP03923,30,294100,Professional,1,0,5800,1,0.199,0.109,0.923,Low
TAXP03924,35,1049800,Salary,1,1,8400,1,-0.157,0.137,0.897,Low
TAXP03925,21,655900,Salary,1,1,0,1,0.146,0.38,0.801,Low
TAXP03926,51,1232200,Salary,1,2,0,0,-0.008,0.135,0.9,Low
TAXP03927,59,1148100,Salary,1,1,67800,0,0.187,0.16,0.568,Medium
TAXP03928,60,233500,Multiple,1,0,0,0,-0.049,0.164,0.951,Low
TAXP03929,28,231400,Salary,1,1,0,0,0.267,0.071,0.882,Low
TAXP03930,55,377300,Salary,1,0,19600,0,0.061,0.199,0.883,Low
TAXP03931,27,303800,Business,1,0,0,1,0.002,0.454,0.936,Low
TAXP03932,49,1119600,Salary+Investments,1,1,0,0,-0.016,0.094,0.944,Low
TAXP03933,52,837100,Salary+Business,1,0,0,0,0.24,0.208,0.969,Low
TAXP03934,27,1434200,Salary+Investments,1,0,38600,1,-0.016,0.164,0.753,Low
TAXP03935,25,864800,Multiple,1,0,8800,0,0.27,0.36,0.947,Low
TAXP03936,24,755400,Professional,1,0,0,0,0.134,0.345,0.944,Low
TAXP03937,52,1541900,Multiple,1,0,0,1,-0.122,0.345,0.862,Low
TAXP03938,48,911600,Salary,1,0,28800,0,0.104,0.409,0.743,Low
TAXP03939,26,682700,Salary+Investments,1,2,0,1,0.107,0.38,0.839,Low
TAXP03940,43,1887300,Salary+Investments,1,0,0,2,-0.127,0.3,0.801,Low
TAXP03941,56,706200,Salary+Investments,1,0,0,0,0.101,0.293,0.98,Low
TAXP03942,31,522100,Business,0,0,0,0,0.187,0.252,0.838,Low
TAXP03943,48,355600,Salary+Business,1,0,0,0,0.281,0.556,0.891,Low
TAXP03944,34,1078300,Salary,1,2,5400,0,0.273,0.428,0.8,Low
TAXP03945,32,1583900,Professional,1,0,0,0,0.482,0.104,0.911,Low
TAXP03946,38,626800,Salary,1,2,13300,0,0.1,0.19,0.849,Low
TAXP03947,36,1666800,Business,1,1,0,0,0.189,0.038,0.945,Low
TAXP03948,43,157400,Professional,0,1,0,0,0.003,0.26,0.814,Low
TAXP03949,30,624600,Salary,1,1,17800,0,0.401,0.355,0.762,Low
TAXP03950,38,631500,Salary,1,1,0,0,-0.043,0.121,0.947,Low
TAXP03951,49,385100,Salary,1,1,0,0,0.394,0.231,0.898,Low
TAXP03952,38,3616800,Professional,1,0,0,0,0.374,0.432,0.943,Low
TAXP03953,50,619700,Professional,1,1,17700,0,-0.026,0.587,0.789,Low
TAXP03954,26,484600,Salary+Business,1,1,11600,1,0.266,0.262,0.828,Low
TAXP03955,27,662300,Salary,0,1,0,2,0.173,0.065,0.756,Low
TAXP03956,59,153700,Salary+Business,1,2,38600,0,0.034,0.074,0.715,Low
TAXP03957,41,376100,Professional,0,1,0,1,0.078,0.237,0.787,Low
TAXP03958,48,1319400,Salary,1,0,0,0,0.142,0.218,0.977,Low
TAXP03959,54,413300,Salary,1,0,0,3,0.158,0.308,0.782,Low
TAXP03960,27,357900,Business,0,3,5000,0,0.339,0.261,0.715,Low
TAXP03961,64,1668800,Salary,1,0,0,0,0.191,0.318,0.971,Low
TAXP03962,40,1706100,Salary,0,1,0,0,-0.023,0.309,0.725,Low
TAXP03963,61,943100,Salary,0,2,2200,0,0.219,0.294,0.796,Low
TAXP03964,39,468400,Salary,0,0,0,0,-0.18,0.269,0.881,Low
TAXP03965,39,547100,Salary,1,3,0,1,0.038,0.321,0.765,Low
TAXP03966,48,364300,Salary,1,0,0,0,0.054,0.194,0.98,Low
TAXP03967,29,317600,Salary+Business,1,3,0,0,0.205,0.758,0.776,Low
TAXP03968,48,306400,Business,1,1,0,2,0.383,0.194,0.752,Low
TAXP03969,65,416500,Business,1,0,0,0,0.135,0.362,0.978,Low
TAXP03970,50,308600,Professional,1,4,48900,0,0.042,0.341,0.556,Medium
TAXP03971,24,210800,Business,1,2,11900,0,-0.012,0.439,0.858,Low
TAXP03972,52,761200,Salary,0,2,27900,2,0.234,0.52,0.508,Medium
TAXP03973,22,769600,Salary,1,0,0,0,0.069,0.444,0.96,Low
TAXP03974,25,2211800,Salary,1,1,0,0,0.019,0.275,0.85,Low
TAXP03975,33,401700,Business,1,0,0,0,0.252,0.29,0.962,Low
TAXP03976,34,804500,Business,0,3,0,0,0.287,0.257,0.702,Low
TAXP03977,21,814100,Salary,0,0,0,0,-0.053,0.467,0.832,Low
TAXP03978,21,541400,Business,0,1,0,1,-0.139,0.279,0.778,Low
TAXP03979,56,1110900,Multiple,0,2,0,0,0.084,0.409,0.823,Low
TAXP03980,41,1135900,Salary,1,1,54700,0,-0.082,0.394,0.576,Medium
TAXP03981,29,822800,Business,1,2,0,1,-0.104,0.321,0.797,Low
TAXP03982,40,540700,Business,1,2,10900,1,-0.067,0.163,0.741,Low
TAXP03983,52,502500,Salary+Business,1,0,0,0,0.267,0.414,0.934,Low
TAXP03984,54,242800,Salary+Business,1,2,28800,1,0.204,0.071,0.648,Medium
TAXP03985,33,363800,Salary+Business,1,0,0,0,0.493,0.037,0.98,Low
TAXP03986,28,415400,Salary,0,1,0,0,-0.003,0.602,0.771,Low
TAXP03987,64,289400,Business,1,0,0,0,0.313,0.097,0.953,Low
TAXP03988,49,892200,Salary+Business,1,0,0,0,0.179,0.072,0.936,Low
TAXP03989,65,1538500,Salary,1,1,15600,0,0.011,0.066,0.851,Low
TAXP03990,34,338000,Multiple,1,0,0,0,0.077,0.167,0.964,Low
TAXP03991,26,797200,Salary,1,0,30300,0,0.01,0.228,0.812,Low
TAXP03992,38,308700,Business,1,1,0,0,0.141,0.396,0.957,Low
TAXP03993,35,521900,Business,1,0,15100,0,0.258,0.31,0.896,Low
TAXP03994,53,395400,Business,1,1,0,0,0.041,0.307,0.938,Low
TAXP03995,53,1002600,Salary+Investments,1,1,0,0,0.236,0.328,0.877,Low
TAXP03996,24,398700,Salary,1,2,6300,0,0.303,0.167,0.821,Low
TAXP03997,47,1346600,Business,1,1,0,0,0.339,0.128,0.867,Low
TAXP03998,36,544600,Professional,1,0,0,0,-0.088,0.354,0.942,Low
TAXP03999,48,407200,Salary+Investments,1,0,0,0,0.092,0.259,0.976,Low
TAXP04000,38,263600,Professional,1,0,0,0,0.214,0.144,0.928,Low
TAXP04001,45,780000,Multiple,1,1,5500,0,-0.074,0.293,0.935,Low
TAXP04002,53,1238300,Salary+Investments,1,2,0,0,-0.11,0.055,0.905,Low
TAXP04003,34,791400,Salary,1,0,9400,1,0.096,0.171,0.912,Low
TAXP04004,29,3258200,Salary+Investments,1,1,45200,0,0.034,0.301,0.727,Low
TAXP04005,52,1819700,Multiple,1,0,99000,0,0.072,0.333,0.489,Medium
TAXP04006,63,520900,Salary,1,0,0,0,0.025,0.072,0.98,Low
TAXP04007,40,517000,Professional,1,0,0,1,0.446,0.275,0.889,Low
TAXP04008,65,911600,Salary,1,1,17600,0,0.026,0.696,0.804,Low
TAXP04009,29,355500,Professional,1,1,107700,0,0.194,0.276,0.349,High
TAXP04010,57,1505200,Salary,1,1,0,0,0.183,0.427,0.892,Low
TAXP04011,65,843300,Salary+Business,0,1,20700,0,-0.17,0.332,0.765,Low
TAXP04012,34,781800,Salary,1,2,0,0,0.335,0.077,0.873,Low
TAXP04013,27,1065900,Business,1,0,3800,0,0.2,0.607,0.934,Low
TAXP04014,50,2247100,Salary,1,1,0,0,0.125,0.186,0.98,Low
TAXP04015,60,735100,Professional,1,1,42300,0,0.269,0.511,0.66,Medium
TAXP04016,24,599200,Business,1,3,2500,1,0.092,0.023,0.787,Low
TAXP04017,49,1926100,Professional,1,0,0,0,0.241,0.156,0.965,Low
TAXP04018,60,1304500,Salary,0,2,0,0,-0.2,0.415,0.709,Low
TAXP04019,22,515900,Salary,1,0,38000,0,0.231,0.022,0.812,Low
TAXP04020,44,652400,Business,1,0,8500,1,0.129,0.27,0.906,Low
TAXP04021,24,748200,Multiple,1,0,0,0,0.132,0.237,0.97,Low
TAXP04022,28,843400,Salary,1,2,15000,1,-0.035,0.102,0.783,Low
TAXP04023,42,244700,Professional,1,0,0,1,0.065,0.32,0.82,Low
TAXP04024,35,214100,Salary,1,0,0,0,0.06,0.16,0.98,Low
TAXP04025,24,343100,Salary+Business,1,1,23600,1,-0.082,0.22,0.756,Low
TAXP04026,57,324500,Salary,1,0,0,1,0.157,0.291,0.943,Low
TAXP04027,30,408900,Business,1,0,25000,1,0.352,0.057,0.832,Low
TAXP04028,60,1026600,Salary,0,2,22400,2,-0.127,0.323,0.591,Medium
TAXP04029,28,575600,Salary,0,2,0,2,0.178,0.073,0.682,Medium
TAXP04030,44,748700,Salary,1,1,0,0,0.033,0.784,0.883,Low
TAXP04031,53,269200,Salary,0,0,118000,1,0.014,0.026,0.182,High
TAXP04032,42,466200,Business,1,0,0,0,0.112,0.11,0.98,Low
TAXP04033,39,992100,Multiple,1,2,0,0,0.114,0.075,0.909,Low
TAXP04034,54,997600,Business,1,2,0,1,0.13,0.456,0.798,Low
TAXP04035,21,385800,Salary+Investments,1,1,0,1,-0.081,0.176,0.888,Low
TAXP04036,58,730200,Business,1,0,0,1,0.274,0.128,0.89,Low
TAXP04037,52,3165700,Salary,1,1,0,0,0.113,0.071,0.892,Low
TAXP04038,55,641800,Salary,0,4,9200,0,0.195,0.29,0.61,Medium
TAXP04039,39,394600,Salary,1,0,0,0,0.294,0.581,0.962,Low
TAXP04040,38,573600,Salary,1,1,0,1,-0.207,0.268,0.873,Low
TAXP04041,46,694600,Salary+Investments,1,1,0,0,0.201,0.476,0.89,Low
TAXP04042,49,583000,Professional,1,0,17300,0,0.074,0.072,0.95,Low
TAXP04043,62,635500,Business,1,1,0,0,0.263,0.217,0.93,Low
TAXP04044,59,229900,Business,1,1,0,1,-0.028,0.497,0.908,Low
TAXP04045,23,325000,Salary,1,0,0,0,0.25,0.482,0.926,Low
TAXP04046,27,583700,Professional,1,2,0,0,-0.069,0.339,0.911,Low
TAXP04047,63,577100,Salary,0,0,0,1,0.164,0.378,0.797,Low
TAXP04048,38,432400,Salary,1,1,42000,0,0.145,0.175,0.719,Low
TAXP04049,47,572200,Salary,0,1,0,2,0.075,0.194,0.758,Low
TAXP04050,23,679200,Salary,0,2,0,0,-0.065,0.621,0.723,Low
TAXP04051,25,1233200,Professional,1,2,0,0,0.041,0.249,0.921,Low
TAXP04052,39,605200,Salary,0,2,13500,1,0.248,0.297,0.574,Medium
TAXP04053,53,866400,Salary,1,0,2700,0,0.338,0.264,0.896,Low
TAXP04054,55,440100,Salary+Investments,1,1,0,0,0.413,0.041,0.887,Low
TAXP04055,61,981300,Multiple,1,1,22200,0,0.184,0.292,0.797,Low
TAXP04056,29,851900,Business,1,1,0,0,0.14,0.124,0.924,Low
TAXP04057,30,1212400,Business,1,0,0,1,0.172,0.394,0.91,Low
TAXP04058,45,1086400,Salary+Business,1,1,0,0,0.409,0.35,0.878,Low
TAXP04059,45,993100,Salary,1,1,0,0,0.183,0.057,0.883,Low
TAXP04060,22,605500,Business,1,0,0,0,0.114,0.313,0.98,Low
TAXP04061,41,775400,Salary,1,1,0,0,0.056,0.218,0.916,Low
TAXP04062,61,1397900,Salary,0,1,0,0,0.074,0.446,0.847,Low
TAXP04063,28,406500,Multiple,1,2,0,0,0.162,0.42,0.873,Low
TAXP04064,57,413400,Salary+Business,1,0,0,0,-0.02,0.338,0.97,Low
TAXP04065,41,740700,Multiple,0,1,0,0,-0.0,0.094,0.816,Low
TAXP04066,44,876500,Salary+Business,1,0,37400,0,0.09,0.281,0.753,Low
TAXP04067,49,359100,Professional,1,0,11400,2,0.028,0.285,0.768,Low
TAXP04068,52,615900,Salary+Business,1,1,0,0,0.195,0.316,0.962,Low
TAXP04069,49,607500,Professional,0,0,86800,0,0.208,0.162,0.376,High
TAXP04070,25,150000,Business,1,1,0,0,0.142,0.064,0.878,Low
TAXP04071,34,554900,Salary,1,0,0,1,0.178,0.417,0.914,Low
TAXP04072,59,580400,Business,1,1,15200,0,0.119,0.268,0.862,Low
TAXP04073,22,579100,Salary,1,0,22600,0,-0.5,0.341,0.815,Low
TAXP04074,53,1801600,Business,1,0,8000,1,-0.04,0.457,0.866,Low
TAXP04075,44,270900,Salary,1,0,0,1,0.213,0.02,0.943,Low
TAXP04076,26,359000,Business,1,0,0,0,-0.034,0.337,0.914,Low
TAXP04077,26,150000,Salary,1,1,66200,0,0.237,0.348,0.479,Medium
TAXP04078,65,459800,Salary,1,1,8900,0,0.246,0.337,0.87,Low
TAXP04079,22,488900,Business,1,0,0,0,0.058,0.17,0.899,Low
TAXP04080,22,450200,Salary,1,2,0,0,0.006,0.242,0.895,Low
TAXP04081,21,1443000,Multiple,1,0,0,0,0.102,0.335,0.934,Low
TAXP04082,49,1207900,Business,1,1,0,1,0.093,0.222,0.912,Low
TAXP04083,62,687500,Salary,0,2,0,0,0.2,0.467,0.759,Low
TAXP04084,28,497800,Salary,0,1,0,1,-0.275,0.091,0.769,Low
TAXP04085,56,1360800,Salary+Investments,1,5,0,1,-0.017,0.184,0.668,Medium
TAXP04086,53,640800,Professional,1,0,0,0,-0.062,0.183,0.971,Low
TAXP04087,31,360600,Salary,1,0,0,0,-0.303,0.282,0.98,Low
TAXP04088,24,188900,Salary,1,1,0,0,0.021,0.255,0.973,Low
TAXP04089,42,473100,Salary+Business,1,1,0,0,-0.14,0.377,0.968,Low
TAXP04090,24,1119100,Multiple,1,1,64300,0,0.038,0.153,0.593,Medium
TAXP04091,26,3347900,Salary,0,0,0,2,0.022,0.296,0.744,Low
TAXP04092,41,679500,Salary,1,1,13000,0,0.173,0.259,0.845,Low
TAXP04093,57,374600,Salary,1,0,0,0,0.06,0.109,0.98,Low
TAXP04094,65,276900,Salary,1,0,0,1,-0.171,0.112,0.955,Low
TAXP04095,49,967200,Salary+Business,0,1,23100,1,0.155,0.457,0.603,Medium
TAXP04096,33,182400,Multiple,1,1,0,0,0.487,0.425,0.831,Low
TAXP04097,35,966100,Multiple,1,0,0,1,0.272,0.121,0.902,Low
TAXP04098,48,1171100,Salary+Business,1,2,11400,0,0.209,0.587,0.818,Low
TAXP04099,28,889900,Salary,1,0,0,1,0.069,0.419,0.916,Low
TAXP04100,44,554900,Multiple,0,3,0,0,0.021,0.196,0.741,Low
TAXP04101,55,976300,Salary,1,0,44800,0,0.01,0.185,0.719,Low
TAXP04102,58,735100,Salary,1,0,0,0,0.139,0.316,0.98,Low
TAXP04103,23,371200,Professional,1,2,0,0,-0.082,0.255,0.87,Low
TAXP04104,33,2463300,Salary,1,0,16000,0,0.135,0.299,0.891,Low
TAXP04105,32,504600,Salary+Investments,1,0,12500,0,-0.006,0.091,0.953,Low
TAXP04106,45,1136300,Multiple,1,0,0,0,-0.174,0.408,0.942,Low
TAXP04107,29,150000,Salary+Business,1,1,0,0,-0.008,0.221,0.939,Low
TAXP04108,63,1629500,Salary+Business,1,0,15900,0,0.3,0.389,0.835,Low
TAXP04109,62,1871500,Salary,1,0,18600,0,0.122,0.528,0.861,Low
TAXP04110,35,664100,Salary,1,0,0,1,-0.468,0.486,0.915,Low
TAXP04111,39,971900,Salary+Business,1,1,0,0,-0.008,0.026,0.958,Low
TAXP04112,40,971800,Business,0,2,0,1,0.245,0.405,0.673,Medium
TAXP04113,22,409200,Salary+Investments,1,1,0,0,0.052,0.487,0.88,Low
TAXP04114,60,963800,Salary,1,1,53500,0,0.184,0.218,0.651,Medium
TAXP04115,56,363100,Salary,1,1,22800,0,0.037,0.425,0.761,Low
TAXP04116,35,419300,Salary,1,0,0,0,0.129,0.4,0.98,Low
TAXP04117,45,1463200,Professional,1,0,47300,1,0.106,0.173,0.648,Medium
TAXP04118,38,1311200,Salary+Business,1,1,7000,1,-0.003,0.494,0.798,Low
TAXP04119,31,390900,Multiple,1,0,19300,0,0.191,0.32,0.872,Low
TAXP04120,34,383300,Salary,1,0,46900,1,0.345,0.146,0.636,Medium
TAXP04121,25,408400,Business,1,0,0,1,0.162,0.08,0.921,Low
TAXP04122,57,1101500,Salary,1,0,63000,0,0.117,0.512,0.572,Medium
TAXP04123,50,316400,Salary,1,1,0,0,-0.035,0.386,0.94,Low
TAXP04124,62,840300,Salary,1,4,0,0,0.25,0.361,0.786,Low
TAXP04125,21,1112900,Business,1,1,0,1,0.018,0.302,0.853,Low
TAXP04126,49,610000,Business,1,0,0,1,0.19,0.358,0.9,Low
TAXP04127,46,1345100,Salary,0,0,13600,1,0.222,0.25,0.772,Low
TAXP04128,49,522100,Professional,0,2,0,0,0.258,0.104,0.695,Medium
TAXP04129,65,557200,Salary+Investments,1,1,0,0,0.261,0.245,0.852,Low
TAXP04130,38,321600,Salary,1,0,0,2,0.255,0.137,0.864,Low
TAXP04131,27,1352000,Salary,1,0,0,1,-0.101,0.106,0.957,Low
TAXP04132,21,374300,Salary+Business,1,1,0,0,-0.037,0.321,0.942,Low
TAXP04133,43,836200,Salary+Business,1,0,0,0,-0.12,0.545,0.925,Low
TAXP04134,28,617500,Salary+Investments,0,0,31200,0,-0.13,0.505,0.61,Medium
TAXP04135,27,304600,Salary,1,2,13000,0,0.344,0.395,0.687,Medium
TAXP04136,27,419200,Business,1,2,0,0,-0.058,0.266,0.887,Low
TAXP04137,33,1759200,Salary+Investments,1,0,0,0,-0.08,0.349,0.973,Low
TAXP04138,26,751600,Salary,1,1,0,0,0.091,0.112,0.943,Low
TAXP04139,42,314300,Business,1,0,0,0,-0.019,0.247,0.96,Low
TAXP04140,50,809800,Multiple,1,3,0,0,0.462,0.632,0.799,Low
TAXP04141,34,585100,Salary,0,0,0,0,0.056,0.397,0.885,Low
TAXP04142,27,7815700,Salary+Business,0,1,0,0,0.171,0.243,0.807,Low
TAXP04143,46,798100,Salary+Investments,1,1,45800,0,-0.025,0.161,0.689,Medium
TAXP04144,24,494200,Salary,1,0,0,0,-0.166,0.19,0.911,Low
TAXP04145,54,1806900,Salary+Business,1,0,0,1,-0.017,0.344,0.952,Low
TAXP04146,38,172700,Business,1,1,0,0,-0.015,0.353,0.878,Low
TAXP04147,39,695700,Salary+Investments,1,1,34700,2,-0.016,0.271,0.65,Medium
TAXP04148,32,2732500,Salary+Investments,1,0,15000,1,-0.156,0.35,0.837,Low
TAXP04149,33,597800,Salary+Investments,1,1,0,0,0.122,0.153,0.98,Low
TAXP04150,27,186600,Salary,1,2,0,0,0.046,0.315,0.859,Low
TAXP04151,46,488800,Salary+Business,1,0,0,0,-0.147,0.262,0.955,Low
TAXP04152,27,1852400,Multiple,0,2,0,1,0.117,0.033,0.647,Medium
TAXP04153,51,852100,Professional,1,1,0,0,0.222,0.269,0.922,Low
TAXP04154,32,355300,Professional,0,1,0,0,0.292,0.414,0.72,Low
TAXP04155,46,396900,Salary,1,3,0,1,-0.287,0.582,0.745,Low
TAXP04156,45,434400,Salary+Investments,0,1,0,0,-0.017,0.322,0.812,Low
TAXP04157,49,843100,Salary,1,1,0,1,-0.119,0.112,0.944,Low
TAXP04158,55,1703600,Salary,1,1,0,0,-0.004,0.14,0.899,Low
TAXP04159,46,1386700,Multiple,0,2,14800,0,0.322,0.24,0.662,Medium
TAXP04160,59,902600,Multiple,1,1,0,0,-0.016,0.263,0.926,Low
TAXP04161,32,249200,Multiple,1,0,0,0,0.024,0.153,0.98,Low
TAXP04162,54,249900,Business,1,0,0,0,-0.033,0.26,0.964,Low
TAXP04163,36,954200,Salary,1,1,31000,0,0.36,0.331,0.763,Low
TAXP04164,49,246700,Business,1,0,0,0,-0.268,0.309,0.937,Low
TAXP04165,43,552600,Salary,1,0,0,1,0.011,0.191,0.964,Low
TAXP04166,61,809100,Salary+Investments,1,3,0,0,-0.038,0.123,0.85,Low
TAXP04167,33,286500,Business,0,2,0,0,-0.175,0.208,0.738,Low
TAXP04168,44,310900,Salary,0,2,0,2,0.276,0.223,0.599,Medium
TAXP04169,28,607400,Salary,1,0,0,1,-0.188,0.06,0.925,Low
TAXP04170,49,934100,Salary,1,2,0,0,0.026,0.239,0.836,Low
TAXP04171,22,1395900,Salary+Investments,1,4,0,0,0.087,0.248,0.784,Low
TAXP04172,39,1006300,Salary+Business,0,1,0,0,-0.02,0.076,0.857,Low
TAXP04173,21,685400,Salary,1,4,0,0,-0.177,0.611,0.669,Medium
TAXP04174,35,379800,Salary,1,0,0,0,0.073,0.256,0.974,Low
TAXP04175,42,300600,Salary,0,0,0,1,-0.022,0.285,0.767,Low
TAXP04176,35,450000,Salary,0,0,38500,1,0.229,0.732,0.566,Medium
TAXP04177,38,873200,Multiple,0,2,28300,0,0.183,0.456,0.566,Medium
TAXP04178,27,828300,Professional,1,0,0,0,0.411,0.436,0.92,Low
TAXP04179,53,150000,Salary,1,1,0,0,0.118,0.464,0.9,Low
TAXP04180,56,369200,Salary+Business,1,3,49800,1,0.194,0.086,0.462,Medium
TAXP04181,41,1547200,Salary,1,0,0,1,0.043,0.24,0.908,Low
TAXP04182,23,688200,Salary,1,0,0,0,0.374,0.088,0.98,Low
TAXP04183,23,234300,Business,1,2,0,0,0.102,0.276,0.818,Low
TAXP04184,51,3544500,Salary,0,0,0,1,0.084,0.107,0.878,Low
TAXP04185,62,636600,Business,1,1,0,0,0.186,0.656,0.928,Low
TAXP04186,59,857200,Salary+Investments,1,0,10000,0,-0.003,0.659,0.852,Low
TAXP04187,39,866600,Multiple,0,1,359900,0,0.02,0.315,0.02,High
TAXP04188,43,498800,Salary,1,0,0,0,0.186,0.197,0.98,Low
TAXP04189,28,385000,Professional,1,0,0,1,0.217,0.271,0.896,Low
TAXP04190,24,2994600,Salary,1,0,4200,0,0.196,0.235,0.906,Low
TAXP04191,55,1338500,Business,1,0,30700,0,0.087,0.259,0.847,Low
TAXP04192,40,1174700,Salary,1,1,0,0,0.143,0.177,0.93,Low
TAXP04193,43,984300,Business,1,0,0,1,0.254,0.268,0.907,Low
TAXP04194,36,315600,Salary,1,2,3000,1,-0.075,0.146,0.811,Low
TAXP04195,35,1630700,Multiple,1,0,0,1,0.1,0.341,0.887,Low
TAXP04196,65,354200,Salary+Investments,1,3,0,1,-0.366,0.259,0.831,Low
TAXP04197,57,797100,Salary,1,1,0,0,0.218,0.217,0.9,Low
TAXP04198,52,199700,Salary+Business,0,0,0,0,-0.025,0.225,0.923,Low
TAXP04199,38,150000,Salary,1,2,0,0,-0.021,0.238,0.883,Low
TAXP04200,53,817400,Salary+Business,1,0,0,1,0.08,0.514,0.931,Low
TAXP04201,36,363000,Salary,1,1,47500,1,0.199,0.555,0.584,Medium
TAXP04202,44,155200,Salary,1,0,0,0,0.483,0.248,0.923,Low
TAXP04203,27,959300,Professional,1,0,25300,0,-0.148,0.31,0.828,Low
TAXP04204,52,2991200,Business,1,0,7600,0,-0.036,0.423,0.939,Low
TAXP04205,23,1767700,Business,0,1,19200,0,0.137,0.118,0.76,Low
TAXP04206,53,540100,Business,1,1,0,1,-0.016,0.271,0.877,Low
TAXP04207,48,654200,Salary,1,0,43800,0,0.234,0.521,0.722,Low
TAXP04208,23,1231700,Salary,1,1,0,0,0.073,0.047,0.932,Low
TAXP04209,43,1458100,Professional,1,3,0,0,0.242,0.28,0.833,Low
TAXP04210,31,507600,Professional,1,2,54000,1,0.06,0.144,0.511,Medium
TAXP04211,42,666200,Salary,1,0,0,0,0.187,0.21,0.966,Low
TAXP04212,21,807100,Salary,1,0,80300,0,-0.053,0.313,0.519,Medium
TAXP04213,53,968500,Professional,1,0,0,0,0.41,0.138,0.979,Low
TAXP04214,43,590600,Professional,1,0,0,0,-0.172,0.237,0.94,Low
TAXP04215,37,596200,Salary+Investments,1,2,5500,0,-0.013,0.134,0.842,Low
TAXP04216,60,1755400,Business,1,2,0,1,-0.127,0.185,0.854,Low
TAXP04217,50,1552800,Business,0,2,0,1,0.228,0.134,0.762,Low
TAXP04218,48,916600,Business,0,0,9500,2,0.186,0.268,0.649,Medium
TAXP04219,27,2241100,Salary,1,0,0,0,-0.095,0.358,0.973,Low
TAXP04220,43,492100,Salary,1,1,0,0,0.26,0.232,0.937,Low
TAXP04221,52,2091200,Salary,0,0,0,0,-0.012,0.049,0.885,Low
TAXP04222,62,960600,Salary+Investments,1,0,0,0,0.162,0.272,0.98,Low
TAXP04223,48,6850700,Salary,1,1,0,0,0.2,0.289,0.89,Low
TAXP04224,28,275400,Professional,0,1,0,1,0.061,0.372,0.743,Low
TAXP04225,51,395700,Business,1,2,0,0,0.246,0.619,0.828,Low
TAXP04226,24,878800,Salary,1,0,30300,0,0.077,0.157,0.783,Low
TAXP04227,35,865200,Salary+Investments,0,0,0,0,0.154,0.103,0.857,Low
TAXP04228,62,2646700,Professional,1,2,46900,0,0.056,0.295,0.577,Medium
TAXP04229,57,401700,Salary,1,2,0,0,-0.199,0.229,0.873,Low
TAXP04230,61,1247000,Salary+Business,0,2,0,0,0.08,0.042,0.83,Low
TAXP04231,36,1501100,Business,1,0,2000,1,-0.04,0.189,0.949,Low
TAXP04232,51,1079600,Salary,1,0,0,1,0.323,0.215,0.935,Low
TAXP04233,52,325400,Salary+Business,1,0,0,0,-0.118,0.233,0.966,Low
TAXP04234,32,1791100,Professional,0,0,26800,2,0.296,0.304,0.54,Medium
TAXP04235,63,1575100,Salary,1,0,9900,0,0.071,0.537,0.884,Low
TAXP04236,64,1000900,Multiple,0,1,0,0,0.165,0.171,0.814,Low
TAXP04237,25,753000,Professional,1,0,11700,0,-0.121,0.423,0.901,Low
TAXP04238,55,764900,Professional,1,1,21800,0,0.051,0.262,0.792,Low
TAXP04239,41,614200,Salary,1,0,0,0,-0.006,0.321,0.953,Low
TAXP04240,51,1031100,Salary,1,2,0,0,0.437,0.031,0.849,Low
TAXP04241,45,664700,Business,1,4,0,2,-0.01,0.062,0.731,Low
TAXP04242,31,352800,Professional,1,0,0,0,0.285,0.323,0.872,Low
TAXP04243,25,305500,Business,1,1,0,0,0.287,0.283,0.92,Low
TAXP04244,44,378200,Salary+Business,1,0,0,0,0.282,0.232,0.98,Low
TAXP04245,58,762700,Salary,1,0,0,0,0.005,0.329,0.925,Low
TAXP04246,58,637500,Salary+Business,1,0,0,1,0.389,0.179,0.877,Low
TAXP04247,33,759000,Salary+Business,1,0,0,0,0.422,0.471,0.95,Low
TAXP04248,59,932200,Salary+Business,1,0,0,1,0.159,0.122,0.905,Low
TAXP04249,37,413800,Salary+Business,1,1,0,2,0.026,0.159,0.851,Low
TAXP04250,46,1867300,Salary+Investments,1,1,0,0,-0.038,0.14,0.922,Low
TAXP04251,35,536000,Salary,0,0,0,0,0.175,0.553,0.806,Low
TAXP04252,44,475800,Professional,1,1,0,0,0.11,0.472,0.81,Low
TAXP04253,44,919900,Multiple,1,0,0,1,0.129,0.429,0.851,Low
TAXP04254,52,173200,Business,0,1,0,2,-0.116,0.379,0.651,Medium
TAXP04255,42,367900,Salary,0,0,0,0,0.105,0.2,0.827,Low
TAXP04256,44,1317300,Multiple,1,1,0,0,0.283,0.23,0.957,Low
TAXP04257,50,186100,Salary,1,1,0,0,0.23,0.098,0.923,Low
TAXP04258,39,1453300,Salary,1,0,0,0,0.034,0.064,0.98,Low
TAXP04259,44,1929500,Salary,0,1,0,0,0.083,0.263,0.804,Low
TAXP04260,24,498200,Business,1,0,0,0,-0.135,0.315,0.957,Low
TAXP04261,60,802000,Salary,1,2,0,0,-0.006,0.556,0.911,Low
TAXP04262,26,1454900,Business,1,1,0,0,0.046,0.06,0.955,Low
TAXP04263,60,464500,Multiple,1,1,0,0,0.201,0.256,0.911,Low
TAXP04264,55,1214100,Business,1,1,50100,0,-0.013,0.108,0.651,Medium
TAXP04265,63,400900,Business,1,2,0,0,-0.066,0.186,0.912,Low
TAXP04266,22,460900,Salary+Investments,1,0,0,0,0.221,0.259,0.98,Low
TAXP04267,30,365600,Salary+Business,1,1,13800,0,0.032,0.302,0.88,Low
TAXP04268,23,831900,Salary,1,1,28600,0,-0.034,0.133,0.802,Low
TAXP04269,39,1496200,Salary,1,3,0,0,0.23,0.323,0.853,Low
TAXP04270,61,569300,Professional,1,1,0,0,0.173,0.281,0.868,Low
TAXP04271,55,260300,Salary+Investments,1,1,0,0,0.067,0.238,0.898,Low
TAXP04272,52,298100,Business,1,1,3900,0,0.044,0.139,0.822,Low
TAXP04273,59,863600,Salary,1,0,0,0,0.161,0.154,0.98,Low
TAXP04274,21,2452200,Salary+Business,1,0,0,1,0.186,0.231,0.886,Low
TAXP04275,56,863000,Professional,1,2,0,0,0.133,0.21,0.92,Low
TAXP04276,35,492000,Business,1,1,0,2,0.119,0.225,0.772,Low
TAXP04277,52,1128500,Salary+Investments,1,0,8100,0,0.003,0.249,0.941,Low
TAXP04278,55,547000,Salary+Business,1,0,0,0,0.013,0.159,0.98,Low
TAXP04279,51,495000,Professional,1,1,0,0,0.073,0.29,0.875,Low
TAXP04280,39,326000,Professional,1,0,0,0,-0.054,0.228,0.931,Low
TAXP04281,48,1791900,Professional,1,3,25400,2,-0.072,0.242,0.635,Medium
TAXP04282,42,150000,Business,1,2,0,2,0.086,0.159,0.789,Low
TAXP04283,49,1154500,Business,1,1,20000,1,0.258,0.15,0.72,Low
TAXP04284,41,465500,Salary+Business,0,2,0,0,-0.232,0.409,0.745,Low
TAXP04285,38,483700,Professional,0,2,0,1,0.037,0.481,0.676,Medium
TAXP04286,30,2198300,Business,1,0,0,1,0.144,0.125,0.91,Low
TAXP04287,38,388700,Salary,0,3,0,1,0.272,0.149,0.609,Medium
TAXP04288,53,398300,Salary+Business,1,1,0,0,0.388,0.508,0.856,Low
TAXP04289,60,591800,Professional,1,1,0,0,0.059,0.216,0.937,Low
TAXP04290,25,875600,Salary,1,0,0,1,0.416,0.386,0.955,Low
TAXP04291,29,472900,Salary,0,2,0,0,0.173,0.2,0.732,Low
TAXP04292,43,209300,Salary,1,1,21300,1,0.23,0.399,0.734,Low
TAXP04293,52,348500,Multiple,1,0,0,0,-0.07,0.201,0.914,Low
TAXP04294,28,1635200,Salary+Investments,1,0,7800,0,0.173,0.284,0.901,Low
TAXP04295,35,686000,Business,1,0,21500,0,0.244,0.264,0.868,Low
TAXP04296,23,899400,Salary,1,1,0,1,-0.01,0.542,0.892,Low
TAXP04297,23,538500,Salary+Business,1,1,0,0,-0.317,0.482,0.892,Low
TAXP04298,27,404300,Business,1,0,0,0,0.124,0.237,0.956,Low
TAXP04299,53,2175100,Multiple,1,0,58100,0,0.066,0.114,0.681,Medium
TAXP04300,60,567600,Salary,1,0,0,0,0.315,0.605,0.965,Low
TAXP04301,43,472400,Salary,1,3,0,1,0.014,0.062,0.901,Low
TAXP04302,28,1431100,Business,1,2,0,0,-0.013,0.317,0.908,Low
TAXP04303,62,386400,Salary,1,1,0,0,-0.087,0.206,0.98,Low
TAXP04304,33,423600,Professional,1,0,0,0,-0.001,0.245,0.98,Low
TAXP04305,27,654800,Salary+Business,1,2,0,1,0.527,0.142,0.802,Low
TAXP04306,27,650100,Salary,1,1,0,0,-0.154,0.244,0.869,Low
TAXP04307,36,783600,Business,0,2,0,0,-0.114,0.298,0.836,Low
TAXP04308,54,2930600,Professional,0,4,0,0,0.091,0.362,0.688,Medium
TAXP04309,38,828000,Salary+Investments,0,1,17800,1,0.416,0.448,0.608,Medium
TAXP04310,41,150000,Business,0,0,0,0,0.219,0.17,0.866,Low
TAXP04311,36,822100,Salary,1,0,0,0,0.348,0.656,0.908,Low
TAXP04312,63,668000,Business,1,0,0,0,0.038,0.373,0.947,Low
TAXP04313,51,670700,Business,0,0,0,1,-0.122,0.183,0.819,Low
TAXP04314,50,775900,Salary+Business,1,3,0,1,0.028,0.344,0.732,Low
TAXP04315,40,636700,Business,1,1,0,0,0.08,0.047,0.859,Low
TAXP04316,44,625800,Salary,1,0,9300,0,0.102,0.281,0.955,Low
TAXP04317,60,1010700,Salary+Business,1,1,9300,0,0.066,0.536,0.815,Low
TAXP04318,50,440000,Business,1,1,0,0,0.195,0.081,0.86,Low
TAXP04319,57,328500,Salary,1,3,7800,1,-0.014,0.216,0.697,Medium
TAXP04320,22,5733600,Business,1,0,0,0,-0.048,0.421,0.979,Low
TAXP04321,59,388200,Multiple,1,1,27000,0,-0.093,0.111,0.809,Low
TAXP04322,63,698600,Salary+Business,1,0,0,0,0.133,0.146,0.98,Low
TAXP04323,51,221400,Salary,1,3,0,0,0.117,0.198,0.853,Low
TAXP04324,64,706900,Salary+Business,1,1,0,0,0.275,0.08,0.948,Low
TAXP04325,46,332000,Salary,1,0,0,0,0.348,0.427,0.92,Low
TAXP04326,33,472700,Business,1,0,7200,1,-0.093,0.15,0.932,Low
TAXP04327,48,1379400,Business,1,0,0,0,0.104,0.272,0.964,Low
TAXP04328,49,913100,Salary,0,1,0,0,0.067,0.062,0.816,Low
TAXP04329,27,978700,Salary,1,1,0,2,-0.146,0.298,0.831,Low
TAXP04330,30,181600,Multiple,1,0,33500,0,0.015,0.112,0.786,Low
TAXP04331,34,2439500,Salary,0,4,0,1,0.351,0.613,0.577,Medium
TAXP04332,45,275600,Salary+Business,1,1,0,0,-0.001,0.16,0.926,Low
TAXP04333,27,1953800,Professional,1,1,0,1,-0.028,0.397,0.907,Low
TAXP04334,55,1356300,Business,1,1,0,0,0.092,0.185,0.957,Low
TAXP04335,25,985000,Salary,1,0,0,2,0.246,0.375,0.814,Low
TAXP04336,63,351200,Salary,0,2,0,0,0.051,0.326,0.809,Low
TAXP04337,51,725000,Salary,1,0,22400,0,0.12,0.08,0.843,Low
TAXP04338,36,463100,Business,0,0,181800,2,-0.266,0.136,0.02,High
TAXP04339,37,663700,Multiple,1,0,0,0,0.192,0.133,0.98,Low
TAXP04340,52,543000,Salary+Investments,1,0,0,0,0.135,0.171,0.98,Low
TAXP04341,24,150000,Salary,1,1,28400,0,0.242,0.238,0.743,Low
TAXP04342,53,1457800,Salary,1,1,0,0,-0.199,0.291,0.832,Low
TAXP04343,45,613100,Salary,1,0,8100,0,0.052,0.386,0.851,Low
TAXP04344,30,458500,Multiple,0,0,0,0,0.254,0.513,0.846,Low
TAXP04345,61,434200,Salary,1,2,18300,1,0.011,0.262,0.707,Low
TAXP04346,49,841400,Salary,1,1,0,1,0.108,0.027,0.91,Low
TAXP04347,28,341500,Professional,0,1,60100,1,0.034,0.218,0.471,Medium
TAXP04348,50,150000,Business,1,1,0,0,0.038,0.447,0.871,Low
TAXP04349,39,871400,Salary,1,1,6600,0,0.287,0.105,0.884,Low
TAXP04350,55,944600,Professional,1,1,0,1,-0.128,0.221,0.866,Low
TAXP04351,43,563000,Salary,1,1,0,1,0.092,0.181,0.938,Low
TAXP04352,65,284400,Salary,1,2,0,0,0.14,0.297,0.902,Low
TAXP04353,62,693000,Salary,1,2,0,1,0.25,0.377,0.836,Low
TAXP04354,22,226400,Salary,1,2,0,0,0.08,0.307,0.853,Low
TAXP04355,39,310200,Multiple,1,1,0,0,0.255,0.527,0.86,Low
TAXP04356,30,378600,Business,1,2,20100,0,0.091,0.163,0.72,Low
TAXP04357,41,1193500,Salary+Business,1,0,29700,2,0.119,0.326,0.74,Low
TAXP04358,27,500600,Salary,1,1,9900,1,0.113,0.074,0.776,Low
TAXP04359,45,470800,Salary+Business,1,0,0,1,0.205,0.175,0.929,Low
TAXP04360,27,2655400,Multiple,1,0,0,0,0.187,0.049,0.98,Low
TAXP04361,49,837800,Salary,1,0,0,0,-0.078,0.175,0.98,Low
TAXP04362,41,829700,Multiple,1,1,0,0,0.135,0.074,0.929,Low
TAXP04363,65,498100,Professional,1,0,0,0,0.187,0.627,0.902,Low
TAXP04364,60,423100,Salary+Business,0,0,85500,2,0.334,0.312,0.251,High
TAXP04365,48,150000,Salary,0,1,0,1,-0.061,0.277,0.761,Low
TAXP04366,41,1305700,Professional,1,0,0,0,0.186,0.09,0.977,Low
TAXP04367,53,897600,Business,1,1,0,0,0.044,0.404,0.942,Low
TAXP04368,51,571300,Multiple,1,0,0,1,0.131,0.303,0.888,Low
TAXP04369,27,588800,Salary+Investments,1,1,0,1,-0.072,0.473,0.842,Low
TAXP04370,37,1104300,Salary,1,0,0,0,0.098,0.286,0.98,Low
TAXP04371,65,212200,Multiple,1,0,0,0,0.151,0.17,0.98,Low
TAXP04372,35,425100,Salary+Investments,1,0,0,0,-0.055,0.294,0.962,Low
TAXP04373,21,286800,Business,1,2,0,1,0.332,0.139,0.777,Low
TAXP04374,58,2327300,Salary,1,2,35500,0,-0.147,0.2,0.639,Medium
TAXP04375,62,1221000,Salary,1,1,0,1,0.186,0.388,0.899,Low
TAXP04376,50,150000,Salary,0,2,0,1,-0.289,0.293,0.657,Medium
TAXP04377,49,218600,Salary,1,1,0,1,0.059,0.222,0.85,Low
TAXP04378,36,590900,Multiple,1,1,23200,2,0.177,0.212,0.653,Medium
TAXP04379,37,462600,Salary,1,0,0,1,0.214,0.174,0.903,Low
TAXP04380,62,250500,Professional,1,0,0,1,0.083,0.386,0.918,Low
TAXP04381,59,2636500,Professional,1,3,0,0,0.061,0.18,0.811,Low
TAXP04382,43,814000,Professional,1,0,39000,0,0.191,0.13,0.864,Low
TAXP04383,35,914900,Salary,0,0,0,1,0.252,0.198,0.83,Low
TAXP04384,29,394900,Business,1,0,0,0,0.321,0.169,0.98,Low
TAXP04385,21,1093400,Professional,1,2,0,0,-0.107,0.352,0.889,Low
TAXP04386,42,494300,Business,1,1,0,1,0.068,0.528,0.9,Low
TAXP04387,45,530000,Salary,0,1,0,0,-0.251,0.132,0.825,Low
TAXP04388,51,1009200,Salary+Business,1,1,1600,0,-0.119,0.275,0.93,Low
TAXP04389,57,201200,Salary,1,0,0,1,-0.013,0.317,0.927,Low
TAXP04390,37,2052500,Business,1,0,3000,1,0.238,0.22,0.888,Low
TAXP04391,28,741200,Business,0,3,66800,0,0.023,0.38,0.4,High
TAXP04392,58,1634800,Salary,0,1,0,0,0.054,0.336,0.812,Low
TAXP04393,55,299700,Salary+Business,1,1,6400,0,0.148,0.252,0.889,Low
TAXP04394,44,334400,Salary,1,1,268000,0,-0.007,0.37,0.02,High
TAXP04395,22,281600,Multiple,1,0,0,0,-0.219,0.668,0.923,Low
TAXP04396,42,778400,Salary+Investments,1,0,0,2,-0.019,0.225,0.868,Low
TAXP04397,48,681600,Salary,0,1,38000,0,0.081,0.22,0.584,Medium
TAXP04398,59,465300,Salary,1,2,40700,1,0.175,0.187,0.664,Medium
TAXP04399,43,313200,Salary,1,1,0,0,0.067,0.025,0.952,Low
TAXP04400,41,261100,Salary+Investments,1,2,0,0,0.172,0.353,0.818,Low
TAXP04401,38,627700,Professional,0,0,30800,0,0.248,0.27,0.74,Low
TAXP04402,39,464900,Salary,1,0,0,0,0.279,0.1,0.973,Low
TAXP04403,21,396800,Business,1,0,0,0,0.128,0.605,0.98,Low
TAXP04404,25,1980000,Salary,1,2,0,0,-0.082,0.4,0.877,Low
TAXP04405,55,612600,Business,1,1,0,0,-0.099,0.104,0.965,Low
TAXP04406,37,1622000,Business,1,0,0,1,-0.084,0.366,0.895,Low
TAXP04407,59,442800,Salary,1,0,0,0,-0.072,0.331,0.973,Low
TAXP04408,38,775300,Salary+Business,1,1,0,0,0.116,0.32,0.959,Low
TAXP04409,65,624500,Salary,1,0,0,0,0.402,0.181,0.904,Low
TAXP04410,29,191500,Business,1,1,0,0,0.134,0.198,0.919,Low
TAXP04411,29,1817800,Professional,1,4,0,1,0.087,0.133,0.71,Low
TAXP04412,47,589700,Multiple,1,0,0,0,0.254,0.075,0.98,Low
TAXP04413,57,1112500,Business,1,1,0,0,-0.033,0.152,0.95,Low
TAXP04414,27,378200,Salary+Investments,1,1,14500,0,0.267,0.379,0.79,Low
TAXP04415,43,577300,Salary,1,1,0,0,0.255,0.238,0.94,Low
TAXP04416,31,348200,Salary+Investments,1,2,21100,1,0.109,0.395,0.702,Low
TAXP04417,54,1582700,Salary,1,0,0,0,0.435,0.293,0.947,Low
TAXP04418,46,813400,Salary+Business,0,1,0,1,0.278,0.14,0.835,Low
TAXP04419,50,846600,Salary,1,1,30500,1,0.107,0.333,0.709,Low
TAXP04420,33,1728300,Multiple,1,0,0,0,0.077,0.229,0.98,Low
TAXP04421,33,1494500,Multiple,1,0,18900,0,0.031,0.152,0.891,Low
TAXP04422,49,1127800,Business,1,1,0,0,0.079,0.263,0.947,Low
TAXP04423,36,233500,Business,1,1,15900,0,0.084,0.266,0.885,Low
TAXP04424,52,393900,Business,1,1,0,1,0.049,0.115,0.917,Low
TAXP04425,27,315500,Salary,0,0,58000,0,0.066,0.392,0.556,Medium
TAXP04426,34,1097500,Professional,1,2,0,0,-0.091,0.552,0.825,Low
TAXP04427,25,735000,Professional,1,0,0,1,0.009,0.119,0.957,Low
TAXP04428,24,238800,Business,1,0,0,0,-0.156,0.369,0.95,Low
TAXP04429,32,567400,Salary,1,4,46700,1,0.166,0.167,0.489,Medium
TAXP04430,43,221700,Salary+Investments,1,1,0,1,0.113,0.246,0.891,Low
TAXP04431,27,625600,Salary,0,2,0,1,0.08,0.256,0.672,Medium
TAXP04432,25,197400,Professional,1,3,0,0,0.242,0.142,0.844,Low
TAXP04433,60,951200,Salary,1,1,0,0,-0.038,0.332,0.937,Low
TAXP04434,44,853300,Salary,1,1,26300,1,-0.014,0.633,0.665,Medium
TAXP04435,53,2567500,Salary,1,0,0,1,-0.137,0.173,0.92,Low
TAXP04436,53,1196800,Salary,1,2,0,1,0.264,0.171,0.907,Low
TAXP04437,25,479400,Professional,1,0,20700,0,0.197,0.29,0.945,Low
TAXP04438,48,1171400,Business,1,1,0,0,0.313,0.211,0.858,Low
TAXP04439,59,237600,Professional,1,0,0,0,0.353,0.196,0.956,Low
TAXP04440,41,325100,Professional,0,1,0,2,0.032,0.262,0.711,Low
TAXP04441,59,826200,Salary,1,0,0,1,-0.014,0.414,0.98,Low
TAXP04442,63,150000,Salary,1,0,12100,0,-0.187,0.159,0.916,Low
TAXP04443,45,632800,Professional,1,2,6000,1,-0.076,0.183,0.84,Low
TAXP04444,25,311800,Professional,1,0,18100,0,0.048,0.351,0.88,Low
TAXP04445,48,699200,Business,0,2,0,1,-0.23,0.045,0.744,Low
TAXP04446,60,299200,Salary,1,1,0,0,-0.072,0.139,0.945,Low
TAXP04447,47,882200,Salary+Business,1,0,0,1,0.087,0.099,0.928,Low
TAXP04448,57,659100,Salary,1,1,0,0,0.243,0.149,0.911,Low
TAXP04449,45,1781500,Professional,1,2,0,1,-0.015,0.399,0.818,Low
TAXP04450,39,653200,Salary,1,0,0,0,0.12,0.349,0.954,Low
TAXP04451,63,373700,Professional,1,0,23100,0,0.398,0.341,0.885,Low
TAXP04452,27,544100,Salary,1,1,0,1,-0.189,0.351,0.86,Low
TAXP04453,41,246900,Salary+Business,1,0,0,0,0.274,0.065,0.97,Low
TAXP04454,28,870800,Salary,0,2,311100,0,0.161,0.518,0.02,High
TAXP04455,50,993900,Business,0,1,0,1,0.303,0.472,0.666,Medium
TAXP04456,62,3846000,Salary,1,1,0,0,0.255,0.162,0.931,Low
TAXP04457,65,415400,Professional,1,0,0,0,-0.006,0.434,0.98,Low
TAXP04458,31,536000,Salary,1,2,29900,0,0.1,0.077,0.739,Low
TAXP04459,53,429400,Salary,1,0,0,0,-0.134,0.349,0.977,Low
TAXP04460,60,757300,Salary+Business,1,0,0,0,0.016,0.221,0.98,Low
TAXP04461,58,855600,Salary,1,1,0,0,0.105,0.492,0.909,Low
TAXP04462,43,625500,Salary,0,1,0,0,0.149,0.301,0.743,Low
TAXP04463,28,1421000,Salary+Investments,0,2,0,0,0.226,0.574,0.729,Low
TAXP04464,41,416900,Salary+Business,1,0,0,1,0.353,0.225,0.868,Low
TAXP04465,55,1322200,Salary+Investments,1,1,0,0,0.03,0.434,0.883,Low
TAXP04466,48,957800,Salary,1,0,10400,0,0.283,0.076,0.839,Low
TAXP04467,38,644400,Business,1,4,0,0,0.143,0.254,0.764,Low
TAXP04468,30,518100,Salary+Business,1,1,0,0,-0.109,0.258,0.918,Low
TAXP04469,50,3730000,Salary,0,2,0,0,0.076,0.206,0.758,Low
TAXP04470,40,360900,Salary+Business,1,2,0,0,0.119,0.195,0.87,Low
TAXP04471,42,805500,Salary,0,1,0,1,-0.034,0.353,0.755,Low
TAXP04472,63,378700,Salary+Investments,1,0,0,0,-0.066,0.398,0.974,Low
TAXP04473,21,2351100,Professional,1,1,0,0,-0.072,0.422,0.891,Low
TAXP04474,31,1230900,Business,1,1,0,0,0.013,0.174,0.957,Low
TAXP04475,62,398800,Business,1,2,0,1,-0.038,0.148,0.905,Low
TAXP04476,62,940200,Salary,1,0,0,1,0.297,0.047,0.973,Low
TAXP04477,34,782500,Salary,1,1,0,0,-0.292,0.473,0.831,Low
TAXP04478,65,448100,Salary+Business,0,1,0,0,0.118,0.388,0.799,Low
TAXP04479,30,1122000,Business,1,0,6200,0,0.185,0.133,0.917,Low
TAXP04480,23,860300,Business,0,3,0,0,-0.054,0.125,0.749,Low
TAXP04481,34,759200,Salary,1,3,17500,0,0.063,0.422,0.693,Medium
TAXP04482,44,630700,Professional,1,0,0,1,0.045,0.244,0.909,Low
TAXP04483,21,886500,Salary,1,2,20000,0,0.088,0.251,0.703,Low
TAXP04484,28,766700,Salary,1,0,0,1,0.206,0.285,0.863,Low
TAXP04485,56,678300,Multiple,0,3,0,2,0.192,0.419,0.561,Medium
TAXP04486,48,409700,Business,1,2,0,1,0.004,0.223,0.855,Low
TAXP04487,48,2200600,Business,1,0,0,0,-0.141,0.117,0.98,Low
TAXP04488,65,305100,Multiple,1,1,0,0,0.126,0.213,0.929,Low
TAXP04489,31,884400,Salary,1,1,0,1,-0.005,0.29,0.873,Low
TAXP04490,61,516200,Multiple,1,2,4700,0,0.016,0.173,0.878,Low
TAXP04491,36,2307300,Professional,1,1,3900,0,0.136,0.234,0.877,Low
TAXP04492,62,339200,Professional,1,0,0,0,0.03,0.261,0.969,Low
TAXP04493,56,382800,Salary,1,0,39800,0,0.149,0.325,0.753,Low
TAXP04494,30,323300,Salary,1,1,0,0,0.502,0.558,0.814,Low
TAXP04495,30,820500,Business,1,2,0,3,0.21,0.246,0.716,Low
TAXP04496,45,241900,Salary,1,2,0,0,0.315,0.099,0.925,Low
TAXP04497,43,460600,Salary,1,0,0,0,0.182,0.559,0.897,Low
TAXP04498,31,150000,Business,1,0,42800,0,0.112,0.102,0.755,Low
TAXP04499,32,772800,Salary+Business,1,1,1900,0,0.184,0.414,0.901,Low
TAXP04500,61,453400,Salary,1,2,50500,0,0.176,0.234,0.646,Medium
TAXP04501,54,222600,Salary+Business,0,0,0,1,0.238,0.369,0.735,Low
TAXP04502,29,1420300,Multiple,1,0,0,0,0.109,0.6,0.874,Low
TAXP04503,53,253500,Salary+Business,0,0,10900,0,-0.109,0.187,0.822,Low
TAXP04504,27,1153700,Salary+Business,1,2,0,0,-0.135,0.196,0.869,Low
TAXP04505,41,392400,Salary+Business,1,1,10900,0,0.174,0.205,0.851,Low
TAXP04506,21,2059300,Salary,1,0,0,1,-0.08,0.63,0.943,Low
TAXP04507,50,1115000,Salary,1,0,8900,0,0.21,0.3,0.913,Low
TAXP04508,29,314600,Multiple,1,0,0,0,0.314,0.115,0.98,Low
TAXP04509,31,335900,Professional,1,0,0,0,0.065,0.243,0.972,Low
TAXP04510,29,1005200,Salary+Business,1,0,0,2,0.294,0.192,0.784,Low
TAXP04511,29,538100,Multiple,1,1,0,1,0.141,0.113,0.934,Low
TAXP04512,24,575400,Salary,0,0,0,1,0.104,0.533,0.705,Low
TAXP04513,45,1624500,Salary,1,0,32400,2,0.112,0.41,0.623,Medium
TAXP04514,60,379100,Professional,1,0,0,0,-0.033,0.051,0.98,Low
TAXP04515,34,694200,Salary,1,0,0,0,-0.053,0.232,0.956,Low
TAXP04516,56,1292500,Business,1,0,0,0,-0.163,0.181,0.98,Low
TAXP04517,45,1163900,Salary+Business,1,0,0,0,-0.017,0.125,0.98,Low
TAXP04518,32,579400,Professional,1,1,0,0,0.442,0.155,0.904,Low
TAXP04519,23,527900,Salary,1,0,27400,0,-0.139,0.044,0.873,Low
TAXP04520,56,185900,Salary+Business,0,1,0,0,-0.088,0.158,0.796,Low
TAXP04521,22,303800,Salary,1,1,4700,1,-0.029,0.106,0.865,Low
TAXP04522,39,817500,Salary+Investments,1,3,0,0,-0.021,0.194,0.877,Low
TAXP04523,22,588600,Salary,1,1,0,0,0.143,0.172,0.903,Low
TAXP04524,55,686000,Salary+Investments,1,1,0,1,0.002,0.314,0.846,Low
TAXP04525,65,1373700,Business,1,1,0,0,0.068,0.468,0.863,Low
TAXP04526,35,276500,Business,1,1,0,0,-0.036,0.178,0.95,Low
TAXP04527,35,548400,Business,1,0,0,0,0.024,0.197,0.943,Low
TAXP04528,46,744600,Salary,1,1,0,1,0.09,0.452,0.777,Low
TAXP04529,43,391500,Business,0,0,0,0,0.078,0.329,0.841,Low
TAXP04530,38,1821900,Salary+Investments,1,0,0,0,0.417,0.346,0.936,Low
TAXP04531,37,1250300,Salary+Business,1,1,0,0,0.095,0.466,0.877,Low
TAXP04532,29,801000,Salary,1,1,31000,0,0.066,0.321,0.833,Low
TAXP04533,32,2365700,Professional,1,1,0,0,-0.3,0.1,0.973,Low
TAXP04534,47,220900,Salary+Investments,1,0,0,1,0.138,0.617,0.899,Low
TAXP04535,54,646400,Salary+Business,1,1,0,0,-0.216,0.365,0.916,Low
TAXP04536,54,846200,Business,1,0,0,0,0.188,0.298,0.955,Low
TAXP04537,44,336500,Salary,0,1,0,1,0.123,0.574,0.709,Low
TAXP04538,54,807100,Multiple,1,0,0,1,0.228,0.289,0.955,Low
TAXP04539,47,293000,Salary,1,2,0,1,-0.002,0.179,0.798,Low
TAXP04540,37,1068700,Salary,1,1,10500,1,0.104,0.093,0.822,Low
TAXP04541,36,1392200,Salary+Business,1,1,17300,0,0.208,0.185,0.831,Low
TAXP04542,44,790800,Salary,1,1,0,0,-0.049,0.164,0.917,Low
TAXP04543,34,171200,Salary+Investments,1,0,0,0,0.198,0.354,0.974,Low
TAXP04544,55,324000,Salary,1,1,0,0,0.19,0.411,0.909,Low
TAXP04545,29,976100,Salary+Business,0,0,20000,2,0.078,0.076,0.702,Low
TAXP04546,23,660000,Multiple,1,0,0,1,0.353,0.138,0.98,Low
TAXP04547,43,150000,Multiple,1,1,0,1,0.182,0.115,0.889,Low
TAXP04548,24,1590500,Multiple,0,1,0,0,-0.168,0.379,0.725,Low
TAXP04549,29,717200,Salary+Investments,1,2,6700,0,0.258,0.13,0.863,Low
TAXP04550,37,360400,Salary,1,1,0,1,-0.005,0.356,0.922,Low
TAXP04551,21,1330500,Multiple,1,0,0,0,0.228,0.272,0.939,Low
TAXP04552,31,399100,Multiple,0,4,0,1,0.147,0.384,0.613,Medium
TAXP04553,45,395900,Business,1,1,0,0,-0.323,0.207,0.898,Low
TAXP04554,37,841300,Salary,1,2,0,0,0.197,0.185,0.853,Low
TAXP04555,61,2343300,Salary,1,2,5400,2,0.065,0.279,0.765,Low
TAXP04556,25,2092200,Business,1,2,11200,0,0.026,0.288,0.804,Low
TAXP04557,53,842200,Salary+Business,1,1,0,0,0.032,0.333,0.919,Low
TAXP04558,47,906800,Salary,1,0,120500,0,0.226,0.137,0.42,High
TAXP04559,49,1149200,Salary,1,0,94000,0,-0.047,0.118,0.519,Medium
TAXP04560,51,262900,Business,0,3,0,0,0.278,0.593,0.693,Medium
TAXP04561,23,1033600,Salary,1,0,4200,0,-0.143,0.467,0.976,Low
TAXP04562,56,383200,Multiple,1,1,0,0,0.147,0.423,0.932,Low
TAXP04563,35,817500,Salary,1,1,0,1,0.224,0.095,0.857,Low
TAXP04564,50,551800,Salary,0,2,0,2,0.22,0.394,0.634,Medium
TAXP04565,34,932500,Salary,1,1,6200,2,0.129,0.424,0.836,Low
TAXP04566,38,707700,Salary+Investments,1,2,37100,0,0.067,0.107,0.739,Low
TAXP04567,52,150000,Salary+Investments,0,0,0,0,0.012,0.217,0.857,Low
TAXP04568,63,739400,Salary,1,0,0,1,-0.096,0.515,0.893,Low
TAXP04569,60,1032100,Salary,1,0,0,0,-0.01,0.453,0.965,Low
TAXP04570,53,896100,Business,1,1,120400,0,-0.054,0.08,0.294,High
TAXP04571,45,603700,Salary,1,1,0,0,-0.08,0.141,0.921,Low
TAXP04572,44,2120300,Salary+Business,1,2,0,1,0.389,0.543,0.799,Low
TAXP04573,64,813300,Salary,1,1,0,0,-0.175,0.292,0.937,Low
TAXP04574,30,890800,Business,1,4,0,0,0.28,0.106,0.793,Low
TAXP04575,63,1378900,Salary,1,0,0,1,-0.098,0.436,0.973,Low
TAXP04576,50,843900,Business,0,2,0,1,-0.064,0.19,0.704,Low
TAXP04577,48,340500,Business,1,1,0,0,-0.066,0.163,0.977,Low
TAXP04578,47,150000,Salary,1,0,15100,0,-0.078,0.199,0.855,Low
TAXP04579,57,461000,Salary,1,1,0,0,0.248,0.42,0.956,Low
TAXP04580,51,1124200,Salary,0,1,0,0,0.194,0.028,0.806,Low
TAXP04581,25,504100,Salary,0,3,62000,0,0.063,0.572,0.429,High
TAXP04582,56,1157300,Multiple,1,0,0,2,0.533,0.426,0.848,Low
TAXP04583,53,723500,Salary,1,0,0,0,0.097,0.292,0.951,Low
TAXP04584,62,1643200,Salary,1,3,3200,0,0.11,0.174,0.787,Low
TAXP04585,63,525500,Salary,1,0,0,0,-0.01,0.065,0.963,Low
TAXP04586,63,910200,Salary+Business,1,0,0,0,-0.029,0.07,0.967,Low
TAXP04587,22,935600,Multiple,1,2,0,0,0.015,0.036,0.874,Low
TAXP04588,49,1916300,Salary+Business,1,3,0,1,0.236,0.608,0.704,Low
TAXP04589,63,190200,Professional,1,1,0,0,0.191,0.492,0.912,Low
TAXP04590,64,467300,Salary+Business,1,0,0,0,0.306,0.264,0.969,Low
TAXP04591,45,1197400,Salary,1,1,0,0,-0.015,0.315,0.898,Low
TAXP04592,62,1978300,Salary+Investments,1,0,0,1,0.194,0.205,0.88,Low
TAXP04593,60,772600,Salary+Business,1,2,0,0,0.149,0.119,0.892,Low
TAXP04594,21,526500,Salary,1,1,0,0,0.169,0.356,0.927,Low
TAXP04595,60,1121100,Business,1,0,0,1,-0.038,0.085,0.96,Low
TAXP04596,49,1214900,Salary,0,1,0,1,-0.066,0.067,0.803,Low
TAXP04597,46,501700,Salary,1,4,0,1,0.186,0.279,0.709,Low
TAXP04598,29,824500,Salary+Investments,0,2,25000,0,0.24,0.287,0.576,Medium
TAXP04599,62,1520700,Salary,1,2,44900,0,0.001,0.073,0.651,Medium
TAXP04600,34,2535400,Salary+Business,1,0,0,0,0.197,0.202,0.969,Low
TAXP04601,39,1109500,Multiple,1,1,0,1,0.292,0.638,0.756,Low
TAXP04602,34,671000,Business,1,1,0,0,0.042,0.152,0.936,Low
TAXP04603,64,625200,Salary,1,2,0,0,-0.13,0.336,0.817,Low
TAXP04604,42,971000,Professional,0,1,35200,2,-0.11,0.673,0.516,Medium
TAXP04605,26,598100,Salary+Business,0,0,0,1,-0.008,0.226,0.8,Low
TAXP04606,21,745100,Salary,1,1,0,0,0.029,0.021,0.98,Low
TAXP04607,65,303500,Salary,1,2,0,1,0.094,0.212,0.862,Low
TAXP04608,31,1653800,Professional,1,0,12100,0,0.097,0.141,0.946,Low
TAXP04609,55,286000,Multiple,1,1,0,0,0.056,0.574,0.89,Low
TAXP04610,22,476200,Salary,0,1,115400,0,0.209,0.466,0.195,High
TAXP04611,61,697300,Salary,1,1,10000,0,-0.022,0.661,0.907,Low
TAXP04612,50,2725700,Multiple,1,1,6400,1,0.302,0.418,0.826,Low
TAXP04613,31,479500,Salary,1,0,0,0,0.25,0.238,0.98,Low
TAXP04614,61,402400,Salary,0,1,11800,1,0.239,0.27,0.742,Low
TAXP04615,34,437200,Business,1,0,83600,0,-0.006,0.21,0.531,Medium
TAXP04616,65,2146000,Salary,1,0,6400,0,0.081,0.493,0.89,Low
TAXP04617,47,150000,Salary,1,2,37800,0,0.216,0.102,0.667,Medium
TAXP04618,41,315800,Professional,0,2,0,0,0.068,0.355,0.688,Medium
TAXP04619,23,4644800,Professional,1,0,40800,0,-0.012,0.486,0.779,Low
TAXP04620,32,994700,Business,1,0,0,2,-0.018,0.47,0.89,Low
TAXP04621,23,293100,Salary,0,0,15300,0,-0.01,0.341,0.768,Low
TAXP04622,59,630700,Business,0,1,114400,0,-0.086,0.16,0.226,High
TAXP04623,25,682300,Professional,1,0,14100,0,0.559,0.35,0.854,Low
TAXP04624,26,1195300,Salary+Business,0,1,0,0,-0.212,0.098,0.782,Low
TAXP04625,26,2444100,Salary+Business,1,2,15400,0,-0.057,0.356,0.797,Low
TAXP04626,64,859800,Professional,1,1,2900,0,0.195,0.165,0.874,Low
TAXP04627,64,440700,Salary+Investments,1,1,0,1,-0.009,0.089,0.921,Low
TAXP04628,53,1145600,Salary+Investments,1,3,0,0,0.044,0.113,0.864,Low
TAXP04629,24,393200,Salary,1,1,15600,2,0.163,0.1,0.792,Low
TAXP04630,43,308900,Multiple,1,1,9300,1,0.265,0.144,0.944,Low
TAXP04631,63,183100,Salary+Investments,1,2,0,0,0.056,0.472,0.917,Low
TAXP04632,25,210600,Salary,1,0,0,0,0.248,0.29,0.925,Low
TAXP04633,56,340900,Salary,1,0,0,1,-0.172,0.357,0.865,Low
TAXP04634,21,278400,Professional,0,0,0,2,0.003,0.013,0.823,Low
TAXP04635,57,814400,Business,1,1,0,0,0.179,0.121,0.898,Low
TAXP04636,45,274100,Salary+Business,1,1,0,1,0.416,0.208,0.943,Low
TAXP04637,60,150000,Business,1,1,71400,0,-0.054,0.303,0.587,Medium
TAXP04638,39,306500,Salary,1,0,71400,1,-0.083,0.195,0.573,Medium
TAXP04639,56,462800,Salary,1,1,0,0,0.155,0.188,0.888,Low
TAXP04640,58,420300,Salary+Investments,0,1,131800,0,0.109,0.187,0.065,High
TAXP04641,35,1941100,Salary,1,0,0,2,-0.015,0.094,0.906,Low
TAXP04642,49,417900,Salary+Business,0,1,0,0,-0.095,0.215,0.809,Low
TAXP04643,41,1225700,Salary,1,0,4600,0,0.018,0.475,0.891,Low
TAXP04644,40,641200,Business,0,1,0,0,0.183,0.537,0.69,Medium
TAXP04645,56,630500,Business,1,0,0,0,0.047,0.202,0.935,Low
TAXP04646,31,356200,Salary,1,1,13900,0,0.287,0.094,0.897,Low
TAXP04647,26,623100,Professional,1,3,0,0,0.078,0.178,0.807,Low
TAXP04648,42,374700,Professional,0,0,0,1,0.196,0.139,0.827,Low
TAXP04649,57,734600,Salary,1,0,0,1,0.145,0.148,0.878,Low
TAXP04650,28,548300,Salary,1,1,0,0,0.035,0.308,0.898,Low
TAXP04651,36,329300,Salary+Business,1,0,0,0,0.233,0.41,0.98,Low
TAXP04652,51,1327600,Salary+Business,1,2,0,0,-0.095,0.25,0.837,Low
TAXP04653,42,883900,Business,1,0,0,1,0.011,0.195,0.911,Low
TAXP04654,48,470800,Salary+Business,1,1,0,1,0.034,0.086,0.879,Low
TAXP04655,44,721800,Salary,1,1,0,0,0.161,0.357,0.907,Low
TAXP04656,57,611900,Salary,0,2,9200,0,0.201,0.087,0.737,Low
TAXP04657,60,348000,Professional,1,1,0,0,-0.03,0.086,0.921,Low
TAXP04658,41,683800,Professional,1,0,14100,0,-0.053,0.122,0.835,Low
TAXP04659,40,415700,Salary+Business,1,0,27200,2,0.113,0.361,0.65,Medium
TAXP04660,33,329200,Salary,0,1,0,1,-0.146,0.137,0.767,Low
TAXP04661,40,202100,Business,1,2,0,0,0.261,0.23,0.942,Low
TAXP04662,58,502100,Professional,1,0,0,0,0.064,0.166,0.98,Low
TAXP04663,43,977700,Salary,1,1,5800,0,-0.087,0.252,0.888,Low
TAXP04664,52,394200,Business,1,0,0,0,-0.09,0.15,0.97,Low
TAXP04665,39,3991300,Professional,1,2,0,0,0.15,0.045,0.862,Low
TAXP04666,52,1229900,Salary,1,0,0,1,0.146,0.195,0.896,Low
TAXP04667,53,1662500,Salary,1,0,40100,0,-0.023,0.296,0.736,Low
TAXP04668,44,1152300,Salary,1,0,0,1,0.082,0.219,0.945,Low
TAXP04669,63,2467700,Salary+Investments,1,0,0,0,-0.081,0.535,0.96,Low
TAXP04670,60,368800,Salary,1,0,0,1,0.059,0.278,0.957,Low
TAXP04671,28,150000,Salary,1,0,2700,1,0.336,0.183,0.888,Low
TAXP04672,31,471400,Salary,1,0,0,0,0.441,0.269,0.916,Low
TAXP04673,63,971500,Salary,1,2,0,1,0.066,0.315,0.784,Low
TAXP04674,39,724900,Salary,1,0,14200,0,0.169,0.096,0.98,Low
TAXP04675,34,792600,Professional,0,1,0,0,0.163,0.298,0.777,Low
TAXP04676,56,1682500,Salary,1,1,11100,0,-0.175,0.055,0.916,Low
TAXP04677,48,855800,Salary,1,1,0,1,-0.084,0.633,0.814,Low
TAXP04678,26,1155400,Salary,1,1,0,0,-0.271,0.05,0.969,Low
TAXP04679,25,330500,Salary,1,2,0,1,0.172,0.086,0.812,Low
TAXP04680,57,295400,Salary,1,1,0,0,0.411,0.28,0.923,Low
TAXP04681,55,2077900,Professional,1,1,10800,0,0.271,0.138,0.89,Low
TAXP04682,36,699000,Professional,1,2,0,1,0.107,0.041,0.818,Low
TAXP04683,59,415000,Salary+Business,0,3,0,0,0.085,0.437,0.711,Low
TAXP04684,26,415500,Salary,1,1,43000,0,0.044,0.303,0.665,Medium
TAXP04685,60,407300,Salary+Investments,1,1,0,0,0.27,0.406,0.871,Low
TAXP04686,24,390100,Professional,1,2,0,1,0.135,0.053,0.847,Low
TAXP04687,49,258000,Salary,1,0,0,0,0.11,0.182,0.98,Low
TAXP04688,58,220700,Business,1,0,8500,1,-0.077,0.143,0.843,Low
TAXP04689,48,564900,Salary+Business,1,1,0,0,0.196,0.556,0.857,Low
TAXP04690,56,424100,Salary,1,2,49600,0,0.076,0.185,0.57,Medium
TAXP04691,36,1442500,Salary,1,2,23600,0,0.164,0.102,0.826,Low
TAXP04692,33,802700,Professional,1,1,0,0,0.26,0.298,0.918,Low
TAXP04693,32,786800,Salary,1,0,0,0,-0.162,0.048,0.98,Low
TAXP04694,26,380700,Multiple,1,0,0,0,0.053,0.208,0.958,Low
TAXP04695,33,595800,Salary,1,2,0,1,0.03,0.147,0.873,Low
TAXP04696,32,842900,Salary,1,2,17900,0,0.015,0.084,0.833,Low
TAXP04697,55,1088600,Salary,1,0,0,0,-0.079,0.276,0.966,Low
TAXP04698,30,607500,Salary,1,0,0,0,-0.016,0.037,0.98,Low
TAXP04699,28,1413700,Salary+Investments,1,0,0,0,-0.076,0.2,0.98,Low
TAXP04700,53,653700,Salary+Business,1,2,0,0,0.232,0.381,0.859,Low
TAXP04701,45,1150400,Salary+Investments,1,1,0,0,0.16,0.291,0.822,Low
TAXP04702,30,456800,Business,1,0,41900,0,0.149,0.205,0.75,Low
TAXP04703,52,176300,Business,1,0,17900,0,-0.208,0.668,0.842,Low
TAXP04704,30,788500,Salary,1,0,26900,0,0.412,0.226,0.799,Low
TAXP04705,56,1095800,Salary,1,0,0,1,0.035,0.113,0.916,Low
TAXP04706,22,983600,Salary+Investments,1,0,0,0,0.379,0.229,0.959,Low
TAXP04707,47,880900,Business,1,0,27800,0,0.22,0.363,0.831,Low
TAXP04708,47,505700,Business,1,1,0,0,0.063,0.397,0.965,Low
TAXP04709,37,363600,Business,1,0,0,0,0.427,0.265,0.916,Low
TAXP04710,52,967000,Salary+Business,1,1,0,0,0.191,0.249,0.933,Low
TAXP04711,38,883600,Salary,1,1,23700,0,0.063,0.446,0.766,Low
TAXP04712,50,434000,Salary+Business,1,1,0,1,0.037,0.189,0.845,Low
TAXP04713,31,1444800,Salary+Business,1,0,0,0,0.265,0.189,0.976,Low
TAXP04714,46,344200,Salary+Investments,1,1,0,0,0.014,0.267,0.977,Low
TAXP04715,55,427000,Salary,1,2,0,1,0.039,0.21,0.841,Low
TAXP04716,64,2111600,Salary,1,1,0,0,0.004,0.289,0.93,Low
TAXP04717,37,1214800,Business,1,1,0,0,-0.021,0.209,0.914,Low
TAXP04718,42,502300,Salary+Investments,1,0,101900,1,-0.011,0.147,0.429,High
TAXP04719,42,799400,Multiple,1,1,43200,0,0.384,0.423,0.687,Medium
TAXP04720,59,726600,Business,1,0,3600,0,0.261,0.103,0.969,Low
TAXP04721,64,150000,Salary,0,1,83400,1,0.138,0.343,0.297,High
TAXP04722,50,338400,Salary,1,0,81100,1,0.012,0.331,0.466,Medium
TAXP04723,57,626600,Professional,1,1,23400,0,0.012,0.197,0.73,Low
TAXP04724,24,502800,Salary,1,0,0,0,0.041,0.148,0.915,Low
TAXP04725,55,776600,Business,1,0,15500,0,0.386,0.46,0.856,Low
TAXP04726,57,1465900,Salary+Investments,1,1,0,1,0.147,0.422,0.877,Low
TAXP04727,53,515700,Salary,1,1,0,0,0.22,0.521,0.91,Low
TAXP04728,47,303500,Salary,1,1,0,1,0.132,0.048,0.937,Low
TAXP04729,61,821300,Salary,1,0,0,0,-0.042,0.112,0.98,Low
TAXP04730,50,513800,Salary,1,2,54000,0,0.116,0.045,0.651,Medium
TAXP04731,59,580900,Professional,1,0,0,1,-0.072,0.343,0.95,Low
TAXP04732,29,526800,Salary,1,1,0,0,0.291,0.324,0.94,Low
TAXP04733,50,3265300,Salary,1,0,0,0,-0.02,0.244,0.943,Low
TAXP04734,40,150000,Salary,1,1,28400,0,0.008,0.335,0.776,Low
TAXP04735,60,491500,Salary,0,1,47200,0,0.23,0.3,0.594,Medium
TAXP04736,60,648300,Professional,0,1,0,0,-0.012,0.083,0.793,Low
TAXP04737,58,370400,Professional,1,1,0,0,0.065,0.28,0.88,Low
TAXP04738,30,1242500,Business,1,1,0,0,-0.322,0.338,0.916,Low
TAXP04739,43,1167400,Business,0,0,37100,0,0.048,0.142,0.699,Medium
TAXP04740,21,628000,Salary,1,2,0,1,0.195,0.336,0.842,Low
TAXP04741,65,534900,Business,1,0,37000,0,-0.0,0.335,0.766,Low
TAXP04742,32,599700,Salary,1,0,0,0,0.189,0.141,0.943,Low
TAXP04743,49,602800,Multiple,1,1,26100,0,0.097,0.225,0.784,Low
TAXP04744,42,614300,Salary,1,0,0,0,0.274,0.204,0.98,Low
TAXP04745,61,567700,Business,1,0,10900,0,-0.018,0.214,0.884,Low
TAXP04746,57,779600,Salary,1,1,26000,1,0.061,0.692,0.698,Medium
TAXP04747,55,1118000,Salary+Business,0,0,38300,3,-0.135,0.337,0.498,Medium
TAXP04748,49,268100,Salary,1,0,53700,0,0.085,0.285,0.674,Medium
TAXP04749,26,305100,Multiple,1,2,0,1,0.033,0.262,0.792,Low
TAXP04750,62,184600,Salary,1,0,0,1,0.254,0.175,0.957,Low
TAXP04751,23,1212900,Salary+Investments,1,1,0,1,0.0,0.278,0.923,Low
TAXP04752,41,778400,Professional,1,1,0,1,0.032,0.073,0.896,Low
TAXP04753,38,935200,Salary,1,3,0,0,-0.008,0.066,0.854,Low
TAXP04754,38,232200,Salary,1,2,0,0,0.104,0.493,0.82,Low
TAXP04755,64,2349900,Salary,1,1,6600,0,0.418,0.217,0.828,Low
TAXP04756,31,419300,Salary+Investments,1,2,0,1,-0.46,0.291,0.818,Low
TAXP04757,47,733700,Salary+Investments,0,1,0,0,0.092,0.456,0.771,Low
TAXP04758,30,1202500,Salary,1,0,0,0,0.288,0.051,0.962,Low
TAXP04759,62,319400,Salary,1,2,6400,1,0.018,0.178,0.785,Low
TAXP04760,54,438600,Salary,1,1,0,1,0.184,0.149,0.934,Low
TAXP04761,39,739500,Salary,1,1,16500,1,0.288,0.398,0.743,Low
TAXP04762,24,5086500,Professional,1,4,0,0,0.056,0.286,0.811,Low
TAXP04763,27,807400,Salary,1,1,0,0,-0.004,0.558,0.877,Low
TAXP04764,31,2066400,Salary,1,0,0,0,0.25,0.09,0.98,Low
TAXP04765,39,1548500,Salary+Investments,1,1,4300,0,0.179,0.256,0.893,Low
TAXP04766,60,847200,Salary+Business,1,2,23300,0,0.09,0.334,0.758,Low
TAXP04767,26,318900,Salary+Business,1,1,0,1,0.198,0.455,0.771,Low
TAXP04768,46,1394100,Salary,1,1,0,0,0.254,0.426,0.927,Low
TAXP04769,36,221000,Salary+Investments,1,0,0,0,0.092,0.296,0.98,Low
TAXP04770,23,2058200,Business,1,0,0,0,0.149,0.375,0.902,Low
TAXP04771,48,750700,Business,1,1,0,0,0.184,0.306,0.882,Low
TAXP04772,52,150000,Salary,1,1,0,0,0.026,0.149,0.929,Low
TAXP04773,64,508700,Salary+Investments,1,0,0,1,0.29,0.18,0.933,Low
TAXP04774,43,1040900,Business,1,2,41300,0,-0.065,0.159,0.715,Low
TAXP04775,35,548000,Salary+Investments,1,0,0,0,0.079,0.084,0.98,Low
TAXP04776,59,1087700,Professional,1,0,0,0,0.223,0.163,0.98,Low
TAXP04777,32,352500,Salary+Business,0,2,46100,0,-0.069,0.303,0.54,Medium
TAXP04778,51,253800,Professional,1,2,0,0,0.239,0.371,0.875,Low
TAXP04779,63,617400,Multiple,1,0,0,0,0.13,0.128,0.98,Low
TAXP04780,21,664900,Salary,1,0,0,1,0.312,0.466,0.852,Low
TAXP04781,62,505800,Salary,1,2,0,0,0.198,0.218,0.923,Low
TAXP04782,30,1572800,Salary+Business,1,1,5000,0,0.074,0.144,0.896,Low
TAXP04783,42,352400,Business,0,0,16300,0,0.137,0.2,0.76,Low
TAXP04784,32,814400,Business,1,2,0,0,0.143,0.371,0.865,Low
TAXP04785,27,682600,Salary+Business,1,1,11900,0,0.424,0.124,0.832,Low
TAXP04786,52,211900,Business,1,1,0,0,0.114,0.163,0.917,Low
TAXP04787,42,251500,Salary+Business,1,0,0,0,0.078,0.151,0.978,Low
TAXP04788,43,655600,Salary,1,0,0,0,0.069,0.231,0.936,Low
TAXP04789,42,2706600,Salary+Investments,1,0,0,0,0.13,0.158,0.98,Low
TAXP04790,54,986400,Salary,1,0,0,0,-0.081,0.43,0.877,Low
TAXP04791,64,187600,Professional,0,3,0,0,0.039,0.158,0.682,Medium
TAXP04792,44,150000,Salary+Investments,1,0,15500,1,-0.062,0.155,0.792,Low
TAXP04793,28,1101900,Salary,1,1,0,1,-0.041,0.164,0.916,Low
TAXP04794,35,606500,Salary,1,0,0,1,0.229,0.043,0.931,Low
TAXP04795,43,1478400,Salary,1,0,0,1,0.104,0.143,0.92,Low
TAXP04796,25,344800,Business,1,0,0,0,-0.019,0.264,0.98,Low
TAXP04797,31,836400,Salary,0,0,0,0,0.076,0.207,0.85,Low
TAXP04798,30,1195400,Salary,1,0,0,0,0.061,0.239,0.964,Low
TAXP04799,64,471000,Salary+Investments,1,1,0,0,0.108,0.091,0.98,Low
TAXP04800,39,478300,Salary,1,1,53800,1,-0.141,0.4,0.552,Medium
TAXP04801,60,661900,Business,1,1,0,0,-0.075,0.036,0.923,Low
TAXP04802,45,960700,Business,1,0,4600,0,-0.131,0.33,0.96,Low
TAXP04803,43,643300,Salary,1,0,700,1,-0.044,0.624,0.928,Low
TAXP04804,63,1310600,Salary,1,2,4800,0,-0.016,0.171,0.86,Low
TAXP04805,52,466100,Multiple,1,2,32600,0,-0.066,0.374,0.727,Low
TAXP04806,31,249800,Professional,1,1,0,2,0.222,0.139,0.817,Low
TAXP04807,33,2698300,Salary,0,2,0,0,0.394,0.367,0.754,Low
TAXP04808,50,420600,Salary+Business,1,1,0,0,0.232,0.332,0.854,Low
TAXP04809,21,431700,Business,1,3,0,1,0.01,0.263,0.807,Low
TAXP04810,27,619900,Salary,0,1,72600,0,0.134,0.44,0.438,High
TAXP04811,24,682200,Professional,1,1,0,0,0.089,0.474,0.9,Low
TAXP04812,53,492000,Business,1,2,0,0,0.003,0.165,0.946,Low
TAXP04813,40,641900,Salary,1,2,0,1,0.312,0.253,0.843,Low
TAXP04814,21,631700,Salary+Investments,1,0,28400,0,0.421,0.038,0.882,Low
TAXP04815,54,737200,Salary,1,0,0,0,-0.135,0.165,0.968,Low
TAXP04816,50,150000,Salary,1,1,0,2,0.33,0.42,0.759,Low
TAXP04817,53,2518000,Salary,1,0,4700,0,0.005,0.374,0.953,Low
TAXP04818,28,584600,Salary+Business,1,0,15700,0,0.058,0.224,0.849,Low
TAXP04819,60,987300,Salary+Business,0,1,0,1,0.145,0.566,0.748,Low
TAXP04820,29,241000,Salary+Investments,1,1,0,0,0.348,0.196,0.929,Low
TAXP04821,46,463100,Salary,0,3,0,0,0.145,0.323,0.668,Medium
TAXP04822,46,400600,Salary+Business,1,2,0,1,0.166,0.256,0.796,Low
TAXP04823,30,1872800,Business,1,0,14800,0,0.237,0.276,0.866,Low
TAXP04824,37,426300,Salary,1,0,48300,0,0.262,0.28,0.668,Medium
TAXP04825,23,1121900,Salary,0,1,0,0,0.182,0.176,0.807,Low
TAXP04826,42,406900,Salary+Business,1,4,0,1,0.263,0.441,0.693,Medium
TAXP04827,51,469200,Salary,1,0,16400,1,0.004,0.359,0.853,Low
TAXP04828,34,544700,Professional,1,0,0,0,-0.178,0.48,0.874,Low
TAXP04829,45,1638200,Business,1,1,0,0,0.392,0.117,0.934,Low
TAXP04830,63,166700,Salary,0,1,67500,0,-0.066,0.446,0.444,High
TAXP04831,31,252100,Multiple,1,0,0,0,0.015,0.6,0.932,Low
TAXP04832,34,160000,Salary+Business,1,3,0,0,0.047,0.167,0.817,Low
TAXP04833,26,297100,Business,1,0,0,0,0.019,0.212,0.955,Low
TAXP04834,45,362400,Professional,1,2,0,1,-0.016,0.446,0.906,Low
TAXP04835,30,203300,Business,1,1,0,0,0.174,0.166,0.864,Low
TAXP04836,59,383100,Salary+Business,0,1,83800,0,0.176,0.31,0.303,High
TAXP04837,34,152400,Salary,0,1,0,0,0.199,0.032,0.774,Low
TAXP04838,50,312300,Business,0,2,0,0,0.189,0.161,0.754,Low
TAXP04839,29,1542700,Salary,1,0,0,0,0.033,0.131,0.941,Low
TAXP04840,35,869200,Business,1,1,0,0,0.033,0.09,0.933,Low
TAXP04841,28,743900,Business,1,1,0,1,0.279,0.268,0.851,Low
TAXP04842,45,315800,Salary,1,0,75900,0,0.017,0.134,0.569,Medium
TAXP04843,22,215100,Multiple,0,1,7200,0,0.013,0.271,0.749,Low
TAXP04844,24,286200,Salary,1,3,0,0,0.249,0.376,0.772,Low
TAXP04845,43,630100,Salary,1,0,0,0,0.097,0.242,0.98,Low
TAXP04846,45,1214500,Salary,1,1,20800,1,0.019,0.336,0.764,Low
TAXP04847,35,1244700,Professional,0,1,13400,0,0.021,0.294,0.776,Low
TAXP04848,40,1023500,Salary,1,0,11500,0,0.28,0.355,0.856,Low
TAXP04849,39,382200,Business,0,0,0,1,0.194,0.203,0.83,Low
TAXP04850,55,661600,Salary+Business,1,2,0,0,0.138,0.483,0.86,Low
TAXP04851,41,515700,Salary,1,0,0,0,-0.087,0.125,0.949,Low
TAXP04852,59,562300,Multiple,0,0,0,0,0.139,0.158,0.81,Low
TAXP04853,30,2817800,Salary,1,2,0,1,0.066,0.082,0.814,Low
TAXP04854,29,182800,Professional,0,2,42600,0,-0.046,0.487,0.489,Medium
TAXP04855,39,548900,Salary,1,0,0,0,0.004,0.197,0.98,Low
TAXP04856,24,1555300,Salary+Business,1,1,0,0,0.211,0.33,0.943,Low
TAXP04857,51,226200,Salary+Investments,1,2,17500,0,0.299,0.402,0.805,Low
TAXP04858,38,408900,Salary,1,3,8800,0,-0.069,0.22,0.825,Low
TAXP04859,37,444100,Salary,1,3,0,0,-0.049,0.165,0.835,Low
TAXP04860,45,553500,Salary,1,2,0,0,0.211,0.048,0.854,Low
TAXP04861,24,206000,Salary,1,1,8100,2,0.035,0.381,0.736,Low
TAXP04862,37,997800,Multiple,1,1,4700,0,0.188,0.258,0.957,Low
TAXP04863,64,1050200,Business,1,1,0,2,0.032,0.132,0.839,Low
TAXP04864,49,937300,Professional,1,0,0,0,0.192,0.135,0.98,Low
TAXP04865,46,347300,Multiple,1,0,0,0,-0.12,0.111,0.98,Low
TAXP04866,43,691800,Salary+Investments,0,0,60000,1,0.188,0.219,0.458,Medium
TAXP04867,42,340100,Salary+Business,1,0,0,0,-0.236,0.388,0.919,Low
TAXP04868,63,511600,Salary,0,1,0,1,0.248,0.28,0.762,Low
TAXP04869,62,3064000,Salary,1,0,18000,0,0.095,0.276,0.885,Low
TAXP04870,39,696400,Salary,1,0,0,1,0.171,0.042,0.93,Low
TAXP04871,62,276400,Salary,1,0,0,0,0.138,0.61,0.916,Low
TAXP04872,24,740100,Salary,1,0,17100,0,-0.173,0.254,0.899,Low
TAXP04873,35,245600,Salary,1,2,0,0,0.319,0.449,0.873,Low
TAXP04874,34,274200,Salary,1,1,0,0,0.154,0.405,0.942,Low
TAXP04875,52,307200,Business,0,2,0,0,0.221,0.119,0.709,Low
TAXP04876,48,472000,Salary,1,0,0,0,-0.028,0.436,0.912,Low
TAXP04877,42,1276100,Salary,1,1,39100,0,0.139,0.234,0.758,Low
TAXP04878,32,985800,Salary,1,0,0,0,-0.11,0.113,0.98,Low
TAXP04879,43,947200,Business,0,1,9200,1,0.124,0.182,0.747,Low
TAXP04880,33,294600,Salary+Business,1,0,0,1,-0.05,0.317,0.967,Low
TAXP04881,43,440200,Salary+Business,1,1,7100,0,0.901,0.292,0.765,Low
TAXP04882,36,790600,Salary,1,0,54400,0,0.197,0.407,0.692,Medium
TAXP04883,60,413500,Salary,1,2,5100,1,0.313,0.107,0.774,Low
TAXP04884,54,531900,Salary,1,1,18000,0,0.06,0.336,0.835,Low
TAXP04885,28,893100,Salary,0,2,0,0,0.164,0.3,0.755,Low
TAXP04886,63,505700,Salary,1,1,0,0,0.245,0.177,0.931,Low
TAXP04887,50,764900,Multiple,1,1,0,0,-0.072,0.068,0.929,Low
TAXP04888,36,2046200,Salary,1,1,0,0,-0.008,0.172,0.942,Low
TAXP04889,44,574300,Salary,1,1,0,0,0.256,0.073,0.905,Low
TAXP04890,29,1519400,Salary+Business,1,0,0,3,0.065,0.557,0.75,Low
TAXP04891,23,972400,Business,1,2,0,0,-0.02,0.222,0.905,Low
TAXP04892,39,226000,Salary,1,0,13100,0,-0.001,0.188,0.906,Low
TAXP04893,56,294000,Salary,1,0,0,1,-0.096,0.658,0.936,Low
TAXP04894,36,356700,Multiple,1,1,0,0,-0.213,0.142,0.945,Low
TAXP04895,38,351200,Salary,0,2,0,0,-0.171,0.34,0.742,Low
TAXP04896,65,609100,Professional,0,0,0,0,0.107,0.588,0.822,Low
TAXP04897,65,1011800,Salary+Business,0,0,59100,0,0.207,0.176,0.549,Medium
TAXP04898,41,1604700,Salary,0,1,0,0,0.503,0.052,0.78,Low
TAXP04899,22,811500,Salary+Business,1,0,31300,0,0.093,0.133,0.794,Low
TAXP04900,51,471600,Salary,0,1,0,0,-0.105,0.06,0.895,Low
TAXP04901,53,150000,Salary,1,2,0,0,0.095,0.355,0.859,Low
TAXP04902,62,683900,Salary,1,0,52500,0,0.212,0.121,0.715,Low
TAXP04903,63,662200,Multiple,0,1,0,3,0.265,0.314,0.653,Medium
TAXP04904,49,741500,Salary,1,0,202700,0,0.249,0.071,0.02,High
TAXP04905,25,2961500,Salary,1,2,4100,0,0.192,0.268,0.909,Low
TAXP04906,32,1588000,Multiple,0,1,0,0,0.115,0.373,0.791,Low
TAXP04907,53,1143900,Salary,1,0,6500,0,0.218,0.064,0.897,Low
TAXP04908,48,325100,Salary+Investments,1,0,0,1,-0.09,0.032,0.939,Low
TAXP04909,40,449300,Professional,1,1,0,1,-0.221,0.251,0.898,Low
TAXP04910,39,607100,Business,1,1,0,0,0.435,0.116,0.923,Low
TAXP04911,52,371900,Salary+Business,1,0,0,1,0.092,0.018,0.881,Low
TAXP04912,40,932000,Salary+Business,1,1,18600,0,0.185,0.197,0.785,Low
TAXP04913,27,840500,Salary,1,0,0,0,-0.348,0.465,0.951,Low
TAXP04914,65,296900,Multiple,1,1,0,0,0.347,0.29,0.85,Low
TAXP04915,36,1538700,Multiple,1,0,0,0,0.285,0.363,0.924,Low
TAXP04916,33,699700,Salary+Investments,1,2,0,1,-0.15,0.137,0.923,Low
TAXP04917,24,187200,Professional,1,0,0,1,0.049,0.349,0.916,Low
TAXP04918,42,626400,Business,0,2,10200,1,0.143,0.285,0.583,Medium
TAXP04919,65,795900,Business,1,0,0,1,-0.102,0.488,0.901,Low
TAXP04920,28,1309500,Salary,1,0,6300,1,0.178,0.149,0.839,Low
TAXP04921,32,509800,Business,1,2,0,0,0.267,0.608,0.88,Low
TAXP04922,29,1179800,Professional,1,0,0,0,0.152,0.278,0.98,Low
TAXP04923,25,743800,Professional,1,0,0,3,-0.151,0.189,0.782,Low
TAXP04924,48,252200,Salary,0,2,6300,0,-0.066,0.275,0.693,Medium
TAXP04925,34,234600,Business,1,1,0,0,0.08,0.218,0.928,Low
TAXP04926,54,1458600,Professional,1,1,0,1,0.06,0.506,0.819,Low
TAXP04927,39,1537800,Business,1,0,8100,0,0.063,0.439,0.931,Low
TAXP04928,49,820100,Multiple,1,1,0,1,0.058,0.424,0.897,Low
TAXP04929,25,1908100,Salary+Business,1,0,0,0,-0.189,0.474,0.928,Low
TAXP04930,35,1390900,Salary,1,1,3000,1,0.229,0.327,0.851,Low
TAXP04931,39,1063400,Salary,0,1,0,0,0.2,0.059,0.801,Low
TAXP04932,23,337300,Professional,1,0,0,2,0.184,0.176,0.864,Low
TAXP04933,39,2261100,Salary,1,1,8700,0,0.169,0.15,0.895,Low
TAXP04934,42,956300,Salary+Investments,1,0,47700,0,0.055,0.589,0.626,Medium
TAXP04935,39,492300,Salary,1,0,0,0,0.003,0.23,0.98,Low
TAXP04936,43,401700,Salary,1,1,10100,0,-0.063,0.121,0.88,Low
TAXP04937,56,782000,Salary,1,1,0,0,0.347,0.14,0.922,Low
TAXP04938,55,195200,Salary+Business,1,2,121100,0,0.097,0.333,0.232,High
TAXP04939,21,1075700,Multiple,1,0,0,0,-0.166,0.508,0.938,Low
TAXP04940,49,327100,Salary+Investments,1,0,0,1,0.095,0.229,0.884,Low
TAXP04941,61,848800,Business,1,1,28700,0,-0.233,0.179,0.762,Low
TAXP04942,60,446500,Salary+Business,0,0,0,1,0.14,0.427,0.802,Low
TAXP04943,35,537300,Salary,0,1,9900,1,0.123,0.423,0.719,Low
TAXP04944,56,376900,Business,1,0,28400,1,0.013,0.129,0.817,Low
TAXP04945,57,578800,Multiple,1,0,17900,1,-0.05,0.251,0.858,Low
TAXP04946,37,2533400,Salary,0,0,0,0,0.19,0.07,0.838,Low
TAXP04947,60,1762000,Multiple,1,0,0,0,0.087,0.161,0.98,Low
TAXP04948,49,839000,Salary,1,2,0,1,-0.211,0.11,0.819,Low
TAXP04949,54,638300,Salary,1,0,0,0,0.293,0.052,0.98,Low
TAXP04950,54,1193700,Business,1,1,0,0,-0.05,0.176,0.944,Low
TAXP04951,56,1466400,Salary+Investments,1,1,0,0,-0.111,0.391,0.891,Low
TAXP04952,64,357600,Salary,1,1,0,0,0.317,0.238,0.874,Low
TAXP04953,59,614800,Salary+Business,1,4,2500,0,0.27,0.082,0.828,Low
TAXP04954,40,175100,Salary,0,0,0,1,0.033,0.229,0.75,Low
TAXP04955,46,1459100,Salary+Business,0,1,0,2,-0.1,0.334,0.643,Medium
TAXP04956,50,2874900,Business,0,1,0,0,-0.046,0.141,0.781,Low
TAXP04957,59,688600,Salary,0,1,0,2,0.03,0.301,0.657,Medium
TAXP04958,38,150000,Salary+Business,1,0,47500,0,0.295,0.183,0.732,Low
TAXP04959,35,1007600,Salary+Business,1,1,0,0,0.307,0.064,0.956,Low
TAXP04960,54,339000,Business,0,0,0,0,0.127,0.034,0.866,Low
TAXP04961,63,403200,Salary,1,1,0,0,0.204,0.193,0.911,Low
TAXP04962,62,1020600,Salary,1,1,16200,0,0.067,0.083,0.879,Low
TAXP04963,27,780700,Multiple,1,0,35600,0,-0.04,0.169,0.776,Low
TAXP04964,62,457400,Professional,1,2,0,0,-0.14,0.46,0.803,Low
TAXP04965,56,407200,Salary+Business,1,3,0,0,0.152,0.366,0.783,Low
TAXP04966,28,711600,Professional,0,0,12800,1,0.244,0.177,0.73,Low
TAXP04967,21,484000,Salary+Investments,0,1,0,0,0.018,0.466,0.871,Low
TAXP04968,30,292500,Salary,1,0,0,2,0.29,0.436,0.893,Low
TAXP04969,62,511600,Business,1,0,0,0,0.038,0.145,0.98,Low
TAXP04970,54,830000,Professional,0,1,0,0,0.113,0.13,0.791,Low
TAXP04971,46,571800,Salary,1,1,0,1,0.065,0.081,0.941,Low
TAXP04972,49,234900,Salary,1,0,1800,0,0.298,0.145,0.955,Low
TAXP04973,39,1324900,Professional,1,1,0,0,0.179,0.255,0.892,Low
TAXP04974,61,150000,Salary+Investments,0,0,0,2,0.091,0.532,0.724,Low
TAXP04975,28,471300,Professional,0,3,12300,0,0.112,0.585,0.633,Medium
TAXP04976,35,415900,Salary,0,2,49800,1,-0.09,0.423,0.484,Medium
TAXP04977,30,723200,Multiple,1,0,0,2,-0.257,0.212,0.836,Low
TAXP04978,59,974000,Salary,1,2,0,0,0.015,0.173,0.911,Low
TAXP04979,45,1463000,Salary,1,0,0,1,0.069,0.075,0.881,Low
TAXP04980,51,389200,Multiple,1,0,5000,0,0.185,0.511,0.906,Low
TAXP04981,62,991600,Salary+Business,1,1,0,0,0.074,0.192,0.917,Low
TAXP04982,29,748400,Multiple,1,1,3800,0,0.025,0.244,0.879,Low
TAXP04983,64,189600,Salary+Business,1,1,12500,0,-0.372,0.454,0.834,Low
TAXP04984,26,2553900,Professional,1,2,0,1,0.184,0.098,0.819,Low
TAXP04985,54,230700,Salary,1,1,0,0,0.134,0.369,0.931,Low
TAXP04986,52,879200,Salary,0,2,18800,0,0.23,0.175,0.686,Medium
TAXP04987,58,860700,Multiple,1,0,6400,0,0.104,0.132,0.979,Low
TAXP04988,28,792700,Salary+Investments,1,3,0,1,0.283,0.04,0.806,Low
TAXP04989,64,455300,Salary,1,1,0,1,0.012,0.275,0.803,Low
TAXP04990,56,1179200,Salary,1,0,0,0,0.094,0.316,0.98,Low
TAXP04991,25,211300,Salary,1,1,0,0,0.138,0.188,0.905,Low
TAXP04992,46,619900,Salary,1,0,0,1,0.206,0.371,0.909,Low
TAXP04993,57,433100,Salary+Investments,1,1,0,1,0.167,0.64,0.869,Low
TAXP04994,42,399100,Salary,1,0,30000,2,0.176,0.243,0.683,Medium
TAXP04995,38,885100,Business,0,0,0,0,0.143,0.196,0.869,Low
TAXP04996,33,1412000,Multiple,1,3,0,0,0.069,0.521,0.819,Low
TAXP04997,44,507700,Business,1,0,0,0,0.244,0.082,0.939,Low
TAXP04998,65,1140300,Business,1,0,0,0,-0.168,0.619,0.937,Low
TAXP04999,48,673700,Salary,0,0,0,1,-0.001,0.111,0.811,Low
TAXP05000,53,341800,Salary,1,0,0,0,0.355,0.092,0.971,Low
